#include <lvgl.h>

#ifndef LV_ATTRIBUTE_MEM_ALIGN
#define LV_ATTRIBUTE_MEM_ALIGN
#endif

LV_ATTRIBUTE_MEM_ALIGN const uint8_t cynexis_wallpaper_map[] = {
  0x5e,0xe7,0x5e,0xe7,0x5e,0xe7,0x5e,0xe7,0x5e,0xe7,0x5e,0xe7,0x5e,0xe7,0x5e,0xe7,0x5e,0xe7,0x5e,0xe7,0x5e,0xe7,0x5e,0xe7,
  0x5e,0xe7,0x7e,0xe7,0x5e,0xe7,0x5e,0xe7,0x5e,0xe7,0x5e,0xe7,0x5e,0xe7,0x5e,0xe7,0x7e,0xe7,0x5e,0xe7,0x7e,0xe7,0x7e,0xe7,
  0x7e,0xe7,0x7e,0xe7,0x7e,0xe7,0x7e,0xe7,0x7e,0xef,0x7e,0xef,0x7e,0xef,0x7e,0xef,0x7e,0xef,0x7e,0xef,0x7e,0xef,0x7e,0xe7,
  0x7e,0xe7,0x7e,0xe7,0x7e,0xef,0x7e,0xe7,0x7e,0xef,0x7e,0xe7,0x5e,0xe7,0x7e,0xe7,0x5e,0xe7,0x7d,0xe7,0x7e,0xef,0x7e,0xef,
  0x7e,0xef,0x7e,0xef,0x7e,0xef,0x7e,0xef,0x7e,0xef,0x7e,0xef,0x7e,0xef,0x7e,0xef,0x7e,0xef,0x7e,0xef,0x7e,0xef,0x7e,0xef,
  0x7e,0xef,0x7e,0xef,0x7e,0xef,0x7e,0xef,0x7e,0xef,0x7e,0xef,0x7e,0xef,0x7e,0xef,0x7e,0xef,0x7e,0xef,0x7e,0xef,0x7e,0xef,
  0x7e,0xef,0x7e,0xef,0x7e,0xef,0x7e,0xef,0x7e,0xef,0x7e,0xef,0x7e,0xef,0x7e,0xef,0x7e,0xef,0x7e,0xef,0x7e,0xef,0x7e,0xef,
  0x7e,0xef,0x7e,0xef,0x7e,0xef,0x7e,0xef,0x7e,0xef,0x7e,0xef,0x7e,0xef,0x7e,0xef,0x7e,0xef,0x7e,0xef,0x7e,0xef,0x7e,0xef,
  0x7e,0xef,0x7e,0xef,0x7e,0xef,0x7e,0xef,0x7e,0xef,0x7e,0xef,0x7e,0xef,0x7e,0xef,0x7e,0xef,0x7e,0xef,0x7e,0xef,0x7e,0xef,
  0x7e,0xef,0x7e,0xef,0x7e,0xef,0x7e,0xef,0x7e,0xef,0x7e,0xef,0x7e,0xef,0x7e,0xef,0x7e,0xef,0x7e,0xef,0x7e,0xef,0x7e,0xef,
  0x7e,0xef,0x7e,0xef,0x7e,0xef,0x7e,0xef,0x7e,0xef,0x7e,0xef,0x7e,0xef,0x7e,0xef,0x7e,0xef,0x7e,0xef,0x7e,0xef,0x7e,0xef,
  0x7e,0xef,0x7e,0xef,0x7e,0xef,0x7e,0xef,0x7e,0xef,0x7e,0xef,0x7e,0xef,0x7e,0xef,0x7e,0xef,0x7e,0xef,0x7e,0xef,0x7e,0xef,
  0x7e,0xef,0x7e,0xef,0x7e,0xef,0x7e,0xef,0x7e,0xef,0x7e,0xef,0x7e,0xef,0x7e,0xef,0x7e,0xef,0x7e,0xef,0x7e,0xef,0x7e,0xef,
  0x7e,0xef,0x7e,0xef,0x7e,0xef,0x7e,0xef,0x7e,0xef,0x7e,0xef,0x7e,0xef,0x7e,0xef,0x7e,0xef,0x7e,0xef,0x7e,0xef,0x7e,0xef,
  0x7e,0xef,0x7e,0xef,0x7e,0xe7,0x5d,0xe7,0x5d,0xe7,0x5d,0xe7,0x5e,0xe7,0x5d,0xe7,0x7e,0xe7,0x7e,0xef,0x7e,0xef,0x7e,0xef,
  0x7e,0xef,0x7e,0xef,0x7e,0xef,0x7e,0xef,0x7e,0xef,0x7e,0xef,0x7e,0xef,0x7e,0xe7,0x7e,0xe7,0x7e,0xe7,0x5e,0xe7,0x5e,0xe7,
  0x5d,0xe7,0x5e,0xe7,0x5e,0xe7,0x5d,0xe7,0x5d,0xe7,0x5d,0xe7,0x5d,0xe7,0x5e,0xe7,0x5e,0xe7,0x5d,0xe7,0x5e,0xe7,0x5e,0xe7,
  0x5e,0xe7,0x5e,0xe7,0x5e,0xe7,0x5e,0xe7,0x5e,0xe7,0x5e,0xe7,0x5e,0xe7,0x5e,0xe7,0x5e,0xe7,0x5e,0xe7,0x5e,0xe7,0x5e,0xe7,
  0x5e,0xe7,0x5e,0xe7,0x5e,0xe7,0x5e,0xe7,0x5e,0xe7,0x5e,0xe7,0x5e,0xe7,0x5e,0xe7,0x5e,0xe7,0x5e,0xe7,0x5e,0xe7,0x5e,0xe7,
  0x5e,0xe7,0x5e,0xe7,0x5e,0xe7,0x5e,0xe7,0x5d,0xe7,0x5e,0xe7,0x5e,0xe7,0x5d,0xe7,0x5d,0xe7,0x5d,0xe7,0x5d,0xe7,0x5d,0xe7,
  0x5d,0xe7,0x5d,0xe7,0x5e,0xe7,0x5e,0xe7,0x5e,0xe7,0x5e,0xe7,0x5d,0xe7,0x5d,0xe7,0x5d,0xe7,0x5d,0xe7,0x5e,0xe7,0x5e,0xe7,
  0x5d,0xe7,0x5e,0xe7,0x5e,0xe7,0x5e,0xe7,0x5e,0xe7,0x5e,0xe7,0x5e,0xe7,0x5e,0xe7,0x5e,0xe7,0x5e,0xe7,0x5d,0xe7,0x5e,0xe7,
  0x5e,0xe7,0x5e,0xe7,0x5e,0xe7,0x5e,0xe7,0x5d,0xe7,0x5e,0xe7,0x5d,0xe7,0x5e,0xe7,0x5e,0xe7,0x7e,0xe7,0x5d,0xe7,0x3d,0xdf,
  0x3e,0xdf,0x3d,0xdf,0x3d,0xdf,0x3d,0xdf,0x3e,0xdf,0x3e,0xdf,0x3d,0xdf,0x5e,0xe7,0x3e,0xdf,0x5e,0xe7,0x1e,0xd7,0xde,0xc6,
  0xde,0xc6,0xde,0xc6,0xde,0xc6,0xde,0xc6,0xde,0xc6,0xfe,0xc6,0x5e,0xe7,0x5e,0xe7,0x5e,0xe7,0x5e,0xe7,0x5e,0xe7,0x5e,0xe7,
  0x5e,0xe7,0x5e,0xe7,0x5e,0xe7,0x5e,0xe7,0x3e,0xdf,0x3e,0xdf,0x3e,0xdf,0x3e,0xdf,0x3d,0xdf,0x3d,0xdf,0x3d,0xdf,0x3d,0xdf,
  0x3d,0xdf,0x3d,0xdf,0x3d,0xdf,0x3d,0xdf,0x3d,0xdf,0x3d,0xdf,0x3d,0xdf,0x3e,0xdf,0x5e,0xe7,0x5e,0xe7,0x5e,0xe7,0x5e,0xe7,
  0x5e,0xe7,0x5e,0xe7,0x5e,0xe7,0x5e,0xe7,0x5e,0xe7,0x5e,0xe7,0x5e,0xe7,0x5e,0xe7,0x5e,0xe7,0x7e,0xe7,0x7e,0xe7,0x5e,0xe7,
  0x5e,0xe7,0x5e,0xe7,0x5e,0xe7,0x5e,0xe7,0x5e,0xe7,0x7e,0xe7,0x7e,0xe7,0x7e,0xe7,0x7e,0xe7,0x7e,0xe7,0x7e,0xe7,0x7e,0xe7,
  0x7e,0xef,0x7e,0xef,0x7e,0xef,0x7e,0xef,0x7e,0xef,0x7e,0xef,0x7e,0xe7,0x7e,0xef,0x7e,0xef,0x7e,0xef,0x7e,0xef,0x7e,0xef,
  0x7e,0xef,0x7e,0xef,0x7e,0xef,0x7e,0xef,0x5d,0xef,0x7d,0xe7,0x5e,0xef,0x5e,0xef,0x7e,0xef,0x7e,0xef,0x7e,0xef,0x7e,0xef,
  0x7e,0xef,0x7e,0xef,0x7e,0xef,0x7e,0xef,0x7e,0xef,0x7e,0xef,0x7e,0xef,0x7e,0xef,0x7e,0xef,0x7e,0xef,0x7e,0xef,0x7e,0xef,
  0x7e,0xef,0x7e,0xef,0x7e,0xef,0x7e,0xef,0x7e,0xef,0x7e,0xef,0x7e,0xef,0x7e,0xef,0x7e,0xef,0x7e,0xef,0x7e,0xef,0x7e,0xef,
  0x7e,0xef,0x7e,0xef,0x7e,0xef,0x7e,0xef,0x7e,0xef,0x7e,0xef,0x7e,0xef,0x7e,0xef,0x7e,0xef,0x7e,0xef,0x7e,0xef,0x7e,0xef,
  0x7e,0xef,0x7e,0xef,0x7e,0xef,0x7e,0xef,0x7e,0xef,0x7e,0xef,0x7e,0xef,0x7e,0xef,0x7e,0xef,0x7e,0xef,0x7e,0xef,0x7e,0xef,
  0x7e,0xef,0x7e,0xef,0x7e,0xef,0x7e,0xef,0x7e,0xef,0x7e,0xef,0x7e,0xef,0x7e,0xef,0x7e,0xef,0x7e,0xef,0x7e,0xef,0x7e,0xef,
  0x7e,0xef,0x7e,0xef,0x7e,0xef,0x7e,0xef,0x7e,0xef,0x7e,0xef,0x7e,0xef,0x7e,0xef,0x7e,0xef,0x7e,0xef,0x7e,0xef,0x7e,0xef,
  0x7e,0xef,0x7e,0xef,0x7e,0xef,0x7e,0xef,0x7e,0xef,0x7e,0xef,0x7e,0xef,0x7e,0xef,0x7e,0xef,0x7e,0xef,0x7e,0xef,0x7e,0xef,
  0x7e,0xef,0x7e,0xef,0x7e,0xef,0x7e,0xef,0x7e,0xef,0x7e,0xef,0x7e,0xef,0x7e,0xef,0x7e,0xef,0x7e,0xef,0x7e,0xef,0x7e,0xe7,
  0x7e,0xef,0x7e,0xef,0x7e,0xef,0x7e,0xef,0x7e,0xef,0x7e,0xef,0x7e,0xef,0x7e,0xef,0x7e,0xef,0x7e,0xef,0x7e,0xef,0x7e,0xef,
  0x7e,0xef,0x7e,0xef,0x7e,0xef,0x7e,0xef,0x7e,0xef,0x7e,0xef,0x7e,0xef,0x7e,0xef,0x7e,0xef,0x5e,0xef,0x7e,0xef,0x7d,0xe7,
  0x7e,0xe7,0x5d,0xe7,0x5e,0xe7,0x5e,0xe7,0x7e,0xef,0x7e,0xef,0x7e,0xef,0x7e,0xef,0x7e,0xef,0x7e,0xef,0x7e,0xef,0x7e,0xef,
  0x7e,0xef,0x7e,0xef,0x7e,0xef,0x7e,0xef,0x5e,0xe7,0x7e,0xef,0x5e,0xe7,0x5e,0xe7,0x5e,0xe7,0x5e,0xe7,0x5e,0xe7,0x5d,0xe7,
  0x5e,0xe7,0x5e,0xe7,0x5e,0xe7,0x5d,0xe7,0x5e,0xe7,0x5d,0xe7,0x5d,0xe7,0x5e,0xe7,0x5e,0xe7,0x5e,0xe7,0x5e,0xe7,0x5e,0xe7,
  0x5e,0xe7,0x5e,0xe7,0x5e,0xe7,0x5e,0xe7,0x5e,0xe7,0x5e,0xe7,0x5e,0xe7,0x5e,0xe7,0x5e,0xe7,0x5e,0xe7,0x5e,0xe7,0x5e,0xe7,
  0x5e,0xe7,0x5e,0xe7,0x5e,0xe7,0x5e,0xe7,0x5e,0xe7,0x5e,0xe7,0x5e,0xe7,0x5e,0xe7,0x5e,0xe7,0x5e,0xe7,0x5e,0xe7,0x5e,0xe7,
  0x5e,0xe7,0x5e,0xe7,0x5e,0xe7,0x5e,0xe7,0x5d,0xe7,0x5d,0xe7,0x5d,0xe7,0x5d,0xe7,0x5e,0xe7,0x5d,0xe7,0x5e,0xe7,0x5e,0xe7,
  0x5e,0xe7,0x5e,0xe7,0x5d,0xe7,0x5d,0xe7,0x5d,0xe7,0x5e,0xe7,0x5e,0xe7,0x5e,0xe7,0x5e,0xe7,0x5d,0xe7,0x5e,0xe7,0x5e,0xe7,
  0x5e,0xe7,0x5e,0xe7,0x5e,0xe7,0x5e,0xe7,0x5e,0xe7,0x5e,0xe7,0x5e,0xe7,0x5e,0xe7,0x5e,0xe7,0x5e,0xe7,0x5e,0xe7,0x5e,0xe7,
  0x5e,0xe7,0x5d,0xe7,0x5e,0xe7,0x5d,0xe7,0x5d,0xe7,0x5e,0xe7,0x5d,0xe7,0x3d,0xdf,0x3e,0xdf,0x3e,0xdf,0x3e,0xdf,0x3d,0xdf,
  0x3e,0xdf,0x5e,0xdf,0x5e,0xe7,0x5e,0xdf,0x3e,0xdf,0x5e,0xe7,0xfe,0xce,0xde,0xc6,0xde,0xc6,0xde,0xc6,0xde,0xc6,0xde,0xc6,
  0xde,0xbe,0x1e,0xcf,0x5e,0xe7,0x5e,0xe7,0x5e,0xe7,0x5e,0xe7,0x5e,0xe7,0x5e,0xe7,0x5e,0xe7,0x5e,0xe7,0x3e,0xe7,0x5e,0xe7,
  0x3d,0xdf,0x3e,0xdf,0x3e,0xdf,0x3e,0xdf,0x3e,0xdf,0x3d,0xdf,0x3d,0xdf,0x3d,0xdf,0x3d,0xdf,0x3d,0xdf,0x3d,0xdf,0x3d,0xdf,
  0x3d,0xdf,0x3e,0xdf,0x3e,0xdf,0x3d,0xdf,0x5e,0xe7,0x5e,0xe7,0x5e,0xe7,0x5e,0xe7,0x5e,0xe7,0x5e,0xe7,0x5e,0xe7,0x5e,0xe7,
  0x5e,0xe7,0x5e,0xe7,0x5e,0xe7,0x5e,0xe7,0x5e,0xe7,0x5e,0xe7,0x7e,0xe7,0x7e,0xe7,0x5e,0xe7,0x5e,0xe7,0x5e,0xe7,0x7e,0xe7,
  0x7e,0xef,0x7e,0xef,0x7e,0xe7,0x5e,0xe7,0x5e,0xe7,0x7e,0xe7,0x7e,0xe7,0x7e,0xef,0x7e,0xef,0x7e,0xef,0x7e,0xef,0x5e,0xef,
  0x7e,0xef,0x7e,0xef,0x7e,0xef,0x7e,0xef,0x7e,0xef,0x7e,0xef,0x7e,0xef,0x7e,0xef,0x7e,0xef,0x7e,0xef,0x7e,0xef,0x7e,0xef,
  0x7e,0xef,0x7e,0xef,0x7e,0xef,0x7e,0xef,0x7e,0xef,0x7e,0xef,0x7e,0xef,0x7e,0xef,0x7e,0xef,0x7e,0xef,0x7e,0xef,0x7e,0xef,
  0x7e,0xef,0x7e,0xef,0x7e,0xef,0x7e,0xef,0x7e,0xef,0x7e,0xef,0x7e,0xef,0x7e,0xef,0x7e,0xef,0x7e,0xef,0x7e,0xef,0x7e,0xef,
  0x7e,0xef,0x7e,0xef,0x7e,0xef,0x7e,0xef,0x7e,0xef,0x7e,0xef,0x7e,0xef,0x7e,0xef,0x7e,0xef,0x7e,0xef,0x7e,0xef,0x7e,0xef,
  0x7e,0xef,0x7e,0xef,0x7e,0xef,0x7e,0xef,0x7e,0xef,0x7e,0xef,0x7e,0xef,0x7e,0xef,0x7e,0xef,0x7e,0xef,0x7e,0xef,0x7e,0xef,
  0x7e,0xef,0x7e,0xef,0x7e,0xef,0x7e,0xef,0x7e,0xef,0x7e,0xef,0x7e,0xef,0x7e,0xef,0x7e,0xef,0x7e,0xef,0x7e,0xef,0x7e,0xef,
  0x7e,0xef,0x7e,0xef,0x7e,0xef,0x7e,0xef,0x7e,0xef,0x7e,0xef,0x7e,0xef,0x7e,0xef,0x7e,0xef,0x7e,0xef,0x7e,0xef,0x7e,0xef,
  0x7e,0xef,0x7e,0xef,0x7e,0xef,0x7e,0xef,0x7e,0xef,0x7e,0xef,0x7e,0xef,0x7e,0xef,0x7e,0xef,0x7e,0xef,0x7e,0xef,0x7e,0xef,
  0x7e,0xef,0x7e,0xef,0x7e,0xef,0x7e,0xef,0x7e,0xef,0x7e,0xef,0x7e,0xef,0x7e,0xef,0x7e,0xef,0x7e,0xef,0x7e,0xef,0x7e,0xef,
  0x7e,0xef,0x7e,0xef,0x7e,0xef,0x7e,0xef,0x7e,0xef,0x7e,0xef,0x7e,0xe7,0x7e,0xef,0x7e,0xef,0x7e,0xef,0x7e,0xef,0x7e,0xef,
  0x7e,0xef,0x7e,0xef,0x7e,0xef,0x7e,0xef,0x7e,0xef,0x7e,0xef,0x7e,0xef,0x7e,0xef,0x7e,0xef,0x7e,0xef,0x7e,0xef,0x7e,0xef,
  0x7e,0xef,0x7e,0xef,0x7e,0xef,0x7e,0xef,0x7e,0xef,0x7e,0xef,0x7e,0xe7,0x7e,0xef,0x5e,0xe7,0x5e,0xe7,0x7e,0xef,0x5e,0xef,
  0x7e,0xe7,0x7e,0xef,0x7e,0xef,0x7e,0xef,0x7e,0xef,0x7e,0xef,0x7e,0xef,0x7e,0xef,0x7e,0xef,0x7e,0xef,0x7e,0xef,0x7e,0xef,
  0x7e,0xe7,0x5e,0xe7,0x7e,0xe7,0x5e,0xe7,0x5e,0xe7,0x5e,0xe7,0x5d,0xe7,0x5e,0xe7,0x5e,0xe7,0x5e,0xe7,0x5e,0xe7,0x5d,0xe7,
  0x5e,0xe7,0x5e,0xe7,0x5e,0xe7,0x5e,0xe7,0x5e,0xe7,0x5e,0xe7,0x5e,0xe7,0x5e,0xe7,0x5e,0xe7,0x5e,0xe7,0x5e,0xe7,0x5e,0xe7,
  0x5e,0xe7,0x5e,0xe7,0x5e,0xe7,0x5e,0xe7,0x5e,0xe7,0x5e,0xe7,0x5e,0xe7,0x5e,0xe7,0x5e,0xe7,0x5e,0xe7,0x5e,0xe7,0x5e,0xe7,
  0x5e,0xe7,0x5e,0xe7,0x5e,0xe7,0x5e,0xe7,0x5e,0xe7,0x5e,0xe7,0x5e,0xe7,0x5e,0xe7,0x5e,0xe7,0x5e,0xe7,0x5d,0xe7,0x5e,0xe7,
  0x5d,0xe7,0x5d,0xe7,0x5e,0xe7,0x5d,0xe7,0x5e,0xe7,0x5e,0xe7,0x5e,0xe7,0x5e,0xe7,0x5e,0xe7,0x5d,0xe7,0x5e,0xe7,0x5d,0xe7,
  0x5e,0xe7,0x5e,0xe7,0x5e,0xe7,0x5e,0xe7,0x5e,0xe7,0x5e,0xe7,0x5e,0xe7,0x5e,0xe7,0x5e,0xe7,0x5e,0xe7,0x5e,0xe7,0x5e,0xe7,
  0x5e,0xe7,0x5e,0xe7,0x5e,0xe7,0x5e,0xe7,0x5e,0xe7,0x5e,0xe7,0x5e,0xe7,0x5e,0xe7,0x5e,0xe7,0x5e,0xe7,0x5e,0xe7,0x5e,0xe7,
  0x5d,0xe7,0x5d,0xe7,0x5e,0xe7,0x5e,0xdf,0x3e,0xdf,0x3d,0xdf,0x3e,0xdf,0x3e,0xdf,0x3e,0xdf,0x3e,0xdf,0x3e,0xdf,0x5e,0xdf,
  0x5e,0xe7,0x3e,0xdf,0xde,0xc6,0xde,0xc6,0xde,0xc6,0xde,0xc6,0xde,0xc6,0xde,0xc6,0xde,0xbe,0x3e,0xdf,0x5e,0xe7,0x5e,0xe7,
  0x5e,0xe7,0x5e,0xe7,0x5e,0xe7,0x5e,0xe7,0x5e,0xe7,0x5e,0xe7,0x3e,0xe7,0x3e,0xe7,0x3d,0xdf,0x3e,0xdf,0x3e,0xdf,0x3d,0xdf,
  0x3e,0xdf,0x3d,0xdf,0x3e,0xdf,0x3d,0xdf,0x3d,0xdf,0x3d,0xdf,0x3d,0xdf,0x3d,0xdf,0x3d,0xdf,0x3d,0xdf,0x3e,0xdf,0x3e,0xdf,
  0x5e,0xe7,0x5e,0xe7,0x5e,0xe7,0x5e,0xe7,0x5e,0xe7,0x5e,0xe7,0x5e,0xe7,0x5e,0xe7,0x5e,0xe7,0x5e,0xe7,0x5e,0xe7,0x5e,0xe7,
  0x7e,0xe7,0x7e,0xe7,0x7e,0xe7,0x5e,0xe7,0x5e,0xe7,0x7e,0xe7,0x7e,0xe7,0x7e,0xe7,0x7e,0xe7,0x7e,0xef,0x7e,0xef,0x7e,0xef,
  0x7e,0xef,0x7e,0xef,0x7e,0xef,0x7e,0xef,0x7e,0xef,0x7e,0xef,0x7e,0xef,0x7e,0xef,0x7e,0xef,0x7e,0xef,0x7e,0xef,0x7e,0xef,
  0x7e,0xef,0x7e,0xef,0x7e,0xef,0x7e,0xef,0x7e,0xef,0x7e,0xef,0x7e,0xef,0x7e,0xef,0x7e,0xef,0x7e,0xef,0x7e,0xef,0x7e,0xef,
  0x7e,0xef,0x7e,0xef,0x7e,0xef,0x7e,0xef,0x7e,0xef,0x7e,0xef,0x7e,0xef,0x7e,0xef,0x7e,0xef,0x7e,0xef,0x7e,0xef,0x7e,0xef,
  0x7e,0xef,0x7e,0xef,0x7e,0xef,0x7e,0xef,0x7e,0xef,0x7e,0xef,0x7e,0xef,0x7e,0xef,0x7e,0xef,0x7e,0xef,0x7e,0xef,0x7e,0xef,
  0x7e,0xef,0x7e,0xef,0x7e,0xef,0x7e,0xef,0x7e,0xef,0x7e,0xef,0x7e,0xef,0x7e,0xef,0x7e,0xef,0x7e,0xef,0x7e,0xef,0x7e,0xef,
  0x7e,0xef,0x7e,0xef,0x7e,0xef,0x7e,0xef,0x7e,0xef,0x7e,0xef,0x7e,0xef,0x7e,0xef,0x7e,0xef,0x7e,0xef,0x7e,0xef,0x7e,0xef,
  0x7e,0xef,0x7e,0xef,0x7e,0xef,0x7e,0xef,0x7e,0xef,0x7e,0xef,0x7e,0xef,0x7e,0xef,0x7e,0xef,0x7e,0xef,0x7e,0xef,0x7e,0xef,
  0x7e,0xef,0x7e,0xef,0x7e,0xef,0x7e,0xef,0x7e,0xef,0x7e,0xef,0x7e,0xef,0x7e,0xef,0x7e,0xef,0x7e,0xef,0x7e,0xef,0x7e,0xef,
  0x7e,0xef,0x7e,0xef,0x7e,0xef,0x7e,0xef,0x7e,0xef,0x7e,0xef,0x7e,0xef,0x7e,0xef,0x7e,0xef,0x7e,0xef,0x7e,0xef,0x7e,0xef,
  0x7e,0xef,0x7e,0xef,0x7e,0xef,0x7e,0xef,0x7e,0xef,0x7e,0xef,0x7e,0xef,0x7e,0xef,0x7e,0xef,0x7e,0xef,0x7e,0xef,0x7e,0xef,
  0x7e,0xef,0x7e,0xef,0x7e,0xef,0x7e,0xef,0x7e,0xef,0x7e,0xef,0x7e,0xef,0x7e,0xef,0x7e,0xef,0x7e,0xef,0x7e,0xef,0x7e,0xef,
  0x7e,0xef,0x7e,0xef,0x7e,0xef,0x7e,0xef,0x7e,0xef,0x7e,0xef,0x7e,0xef,0x7e,0xef,0x7e,0xef,0x7e,0xef,0x7e,0xef,0x7e,0xef,
  0x7e,0xef,0x7e,0xef,0x7e,0xef,0x5e,0xe7,0x5e,0xe7,0x7e,0xe7,0x5e,0xe7,0x7e,0xef,0x7e,0xef,0x5e,0xef,0x7e,0xef,0x7e,0xef,
  0x7e,0xef,0x7e,0xef,0x7e,0xef,0x7e,0xef,0x7e,0xef,0x7e,0xef,0x7e,0xef,0x7e,0xef,0x7e,0xef,0x5e,0xe7,0x5e,0xe7,0x7e,0xe7,
  0x5e,0xe7,0x5e,0xe7,0x5d,0xe7,0x5e,0xe7,0x5e,0xe7,0x5d,0xe7,0x5e,0xe7,0x5e,0xe7,0x5e,0xe7,0x5d,0xe7,0x5e,0xe7,0x5e,0xe7,
  0x5e,0xe7,0x5e,0xe7,0x5e,0xe7,0x5e,0xe7,0x5e,0xe7,0x5e,0xe7,0x5e,0xe7,0x5e,0xe7,0x5e,0xe7,0x5e,0xe7,0x5e,0xe7,0x5e,0xe7,
  0x5e,0xe7,0x5e,0xe7,0x5e,0xe7,0x5e,0xe7,0x5e,0xe7,0x5e,0xe7,0x5e,0xe7,0x5e,0xe7,0x5e,0xe7,0x5e,0xe7,0x5e,0xe7,0x5e,0xe7,
  0x5e,0xe7,0x5e,0xe7,0x5e,0xe7,0x5e,0xe7,0x5e,0xe7,0x5e,0xe7,0x5e,0xe7,0x5e,0xe7,0x5d,0xe7,0x5e,0xe7,0x5e,0xe7,0x5e,0xe7,
  0x5e,0xe7,0x5e,0xe7,0x5e,0xe7,0x5e,0xe7,0x5e,0xe7,0x5e,0xe7,0x5e,0xe7,0x5e,0xe7,0x5e,0xe7,0x5e,0xe7,0x5e,0xe7,0x5e,0xe7,
  0x5e,0xe7,0x5e,0xe7,0x5d,0xe7,0x5e,0xe7,0x5e,0xe7,0x5e,0xe7,0x5e,0xe7,0x5e,0xe7,0x5e,0xe7,0x5e,0xe7,0x5e,0xe7,0x5e,0xe7,
  0x5e,0xe7,0x5e,0xe7,0x5e,0xe7,0x5e,0xe7,0x5e,0xe7,0x7e,0xe7,0x5e,0xe7,0x5e,0xe7,0x5e,0xe7,0x5d,0xe7,0x3e,0xdf,0x3e,0xdf,
  0x3e,0xdf,0x3e,0xdf,0x3e,0xdf,0x3d,0xdf,0x3e,0xdf,0x3e,0xdf,0x3e,0xdf,0x5e,0xdf,0x5e,0xe7,0x3e,0xdf,0xde,0xc6,0xde,0xc6,
  0xde,0xc6,0xde,0xc6,0xde,0xc6,0xde,0xc6,0xde,0xc6,0x5e,0xdf,0x5e,0xe7,0x5e,0xe7,0x5e,0xe7,0x5e,0xe7,0x5e,0xe7,0x5e,0xe7,
  0x5e,0xe7,0x5e,0xe7,0x5e,0xe7,0x5e,0xe7,0x5e,0xe7,0x3e,0xdf,0x3e,0xdf,0x3d,0xdf,0x3d,0xdf,0x3d,0xdf,0x3d,0xdf,0x3d,0xdf,
  0x3d,0xdf,0x3d,0xdf,0x3d,0xdf,0x3d,0xdf,0x3d,0xdf,0x3e,0xdf,0x3e,0xdf,0x3d,0xdf,0x5e,0xe7,0x5e,0xe7,0x5e,0xe7,0x5e,0xe7,
  0x7e,0xe7,0x5e,0xe7,0x5e,0xe7,0x5e,0xe7,0x5e,0xe7,0x7e,0xe7,0x7e,0xe7,0x7e,0xe7,0x7e,0xe7,0x7e,0xe7,0x7e,0xe7,0x7e,0xe7,
  0x7e,0xef,0x7e,0xe7,0x7e,0xef,0x7e,0xef,0x7e,0xef,0x7e,0xef,0x7e,0xef,0x7e,0xef,0x7e,0xef,0x7e,0xef,0x7e,0xef,0x7e,0xef,
  0x7e,0xef,0x7e,0xef,0x7e,0xef,0x7e,0xef,0x7e,0xef,0x7e,0xef,0x7e,0xef,0x7e,0xef,0x7e,0xef,0x7e,0xef,0x7e,0xef,0x7e,0xef,
  0x7e,0xef,0x7e,0xef,0x7e,0xef,0x7e,0xef,0x7e,0xef,0x7e,0xef,0x7e,0xef,0x7e,0xef,0x7e,0xef,0x7e,0xef,0x7e,0xef,0x7e,0xef,
  0x7e,0xef,0x7e,0xef,0x7e,0xef,0x7e,0xef,0x7e,0xef,0x7e,0xef,0x7e,0xef,0x7e,0xef,0x7e,0xef,0x7e,0xef,0x7e,0xef,0x7e,0xef,
  0x7e,0xef,0x7e,0xef,0x7e,0xef,0x7e,0xef,0x7e,0xef,0x7e,0xef,0x7e,0xef,0x7e,0xef,0x7e,0xef,0x7e,0xef,0x7e,0xef,0x7e,0xef,
  0x7e,0xef,0x7e,0xef,0x7e,0xef,0x7e,0xef,0x7e,0xef,0x7e,0xef,0x7e,0xef,0x7e,0xef,0x7e,0xef,0x7e,0xef,0x7e,0xef,0x7e,0xef,
  0x7e,0xef,0x7e,0xef,0x7e,0xef,0x7e,0xef,0x7e,0xef,0x7e,0xef,0x7e,0xef,0x7e,0xef,0x7e,0xef,0x7e,0xef,0x7e,0xef,0x7e,0xef,
  0x7e,0xef,0x7e,0xef,0x7e,0xef,0x7e,0xef,0x7e,0xef,0x7e,0xef,0x7e,0xef,0x7e,0xef,0x7e,0xef,0x7e,0xef,0x7e,0xef,0x7e,0xef,
  0x7e,0xef,0x7e,0xef,0x7e,0xef,0x7e,0xef,0x7e,0xef,0x7e,0xef,0x7e,0xef,0x7e,0xef,0x7e,0xef,0x7e,0xef,0x7e,0xef,0x7e,0xef,
  0x7e,0xef,0x7e,0xef,0x7e,0xef,0x7e,0xef,0x7e,0xef,0x7e,0xef,0x7e,0xef,0x7e,0xef,0x7e,0xef,0x7e,0xef,0x7e,0xef,0x7e,0xef,
  0x7e,0xef,0x7e,0xef,0x7e,0xef,0x7e,0xef,0x7e,0xef,0x7e,0xef,0x7e,0xef,0x7e,0xef,0x7e,0xef,0x7e,0xef,0x7e,0xef,0x7e,0xef,
  0x7e,0xef,0x7e,0xef,0x7e,0xef,0x7e,0xef,0x7e,0xef,0x7e,0xef,0x7e,0xef,0x7e,0xef,0x7e,0xef,0x7e,0xef,0x7e,0xef,0x7e,0xef,
  0x7e,0xef,0x7e,0xef,0x7e,0xef,0x7e,0xef,0x7e,0xef,0x7e,0xef,0x7e,0xef,0x7e,0xef,0x7e,0xef,0x7e,0xef,0x7e,0xef,0x7e,0xef,
  0x7e,0xef,0x7e,0xef,0x7e,0xef,0x7e,0xef,0x7e,0xef,0x7e,0xef,0x7e,0xef,0x7e,0xef,0x7e,0xef,0x7e,0xef,0x7e,0xef,0x7e,0xef,
  0x7e,0xef,0x7e,0xef,0x7e,0xef,0x7e,0xef,0x7e,0xef,0x7e,0xe7,0x7e,0xe7,0x7e,0xe7,0x7e,0xe7,0x5e,0xe7,0x5e,0xe7,0x5e,0xe7,
  0x5e,0xe7,0x5e,0xe7,0x5e,0xe7,0x5e,0xe7,0x7e,0xe7,0x5e,0xe7,0x5d,0xe7,0x5e,0xe7,0x5e,0xe7,0x5e,0xe7,0x5e,0xe7,0x5e,0xe7,
  0x5e,0xe7,0x5e,0xe7,0x5e,0xe7,0x5e,0xe7,0x5e,0xe7,0x5e,0xe7,0x5e,0xe7,0x5e,0xe7,0x5e,0xe7,0x5e,0xe7,0x5e,0xe7,0x5e,0xe7,
  0x5e,0xe7,0x5e,0xe7,0x5e,0xe7,0x5e,0xe7,0x5e,0xe7,0x5e,0xe7,0x5e,0xe7,0x5e,0xe7,0x5e,0xe7,0x5e,0xe7,0x5e,0xe7,0x5e,0xe7,
  0x5e,0xe7,0x5e,0xe7,0x5e,0xe7,0x5e,0xe7,0x5e,0xe7,0x5e,0xe7,0x5e,0xe7,0x5e,0xe7,0x5e,0xe7,0x5e,0xe7,0x5e,0xe7,0x5e,0xe7,
  0x5e,0xe7,0x5e,0xe7,0x5e,0xe7,0x5e,0xe7,0x5e,0xe7,0x5e,0xe7,0x5e,0xe7,0x5e,0xe7,0x5e,0xe7,0x5e,0xe7,0x5e,0xe7,0x5e,0xe7,
  0x5e,0xe7,0x5e,0xe7,0x5e,0xe7,0x5e,0xe7,0x5e,0xe7,0x5e,0xe7,0x5e,0xe7,0x5e,0xe7,0x5e,0xe7,0x5e,0xe7,0x5e,0xe7,0x5e,0xe7,
  0x5e,0xe7,0x5e,0xe7,0x5d,0xe7,0x5e,0xe7,0x5e,0xe7,0x5d,0xe7,0x3e,0xdf,0x3e,0xe7,0x3e,0xdf,0x5e,0xdf,0x3e,0xdf,0x3e,0xdf,
  0x3e,0xdf,0x3e,0xdf,0x3e,0xdf,0x5e,0xdf,0x5e,0xe7,0x1e,0xd7,0xde,0xc6,0xde,0xc6,0xde,0xc6,0xde,0xc6,0xde,0xc6,0xde,0xc6,
  0xde,0xc6,0x5e,0xe7,0x5e,0xe7,0x5e,0xe7,0x5e,0xe7,0x5e,0xe7,0x5e,0xe7,0x5e,0xe7,0x5e,0xe7,0x5e,0xe7,0x5e,0xe7,0x5e,0xe7,
  0x3e,0xe7,0x3e,0xe7,0x5e,0xe7,0x3e,0xe7,0x3e,0xdf,0x3d,0xdf,0x3d,0xdf,0x3d,0xdf,0x3d,0xdf,0x3d,0xdf,0x3d,0xdf,0x3d,0xdf,
  0x3d,0xdf,0x3e,0xdf,0x3d,0xdf,0x3d,0xdf,0x5e,0xe7,0x5e,0xe7,0x5e,0xe7,0x5e,0xe7,0x5e,0xe7,0x5e,0xe7,0x5e,0xe7,0x5e,0xe7,
  0x5e,0xe7,0x5e,0xe7,0x5e,0xe7,0x7e,0xe7,0x7e,0xe7,0x7e,0xe7,0x7e,0xe7,0x7e,0xe7,0x7e,0xef,0x7e,0xe7,0x7e,0xef,0x7e,0xef,
  0x7e,0xef,0x7e,0xef,0x7e,0xef,0x5d,0xef,0x5d,0xef,0x7e,0xef,0x7e,0xef,0x7e,0xef,0x7e,0xef,0x7e,0xef,0x7e,0xef,0x7e,0xef,
  0x7e,0xef,0x7e,0xef,0x7e,0xef,0x7e,0xef,0x7e,0xef,0x5e,0xef,0x5d,0xef,0x5d,0xef,0x7d,0xef,0x7d,0xef,0x5d,0xef,0x7e,0xef,
  0x7e,0xef,0x7e,0xef,0x7e,0xef,0x7e,0xef,0x7e,0xef,0x7e,0xef,0x7e,0xef,0x7e,0xef,0x7e,0xef,0x7e,0xef,0x5d,0xef,0x7e,0xef,
  0x7e,0xef,0x7e,0xef,0x7e,0xef,0x7e,0xef,0x5e,0xef,0x5d,0xef,0x7e,0xef,0x7d,0xef,0x7e,0xef,0x7e,0xef,0x7e,0xef,0x7e,0xef,
  0x7e,0xef,0x7e,0xef,0x7e,0xef,0x7e,0xef,0x7e,0xef,0x7e,0xef,0x7e,0xef,0x7e,0xef,0x7e,0xef,0x7e,0xef,0x7e,0xef,0x7e,0xef,
  0x7e,0xef,0x7e,0xef,0x7e,0xef,0x7e,0xef,0x7e,0xef,0x7e,0xef,0x7e,0xef,0x7e,0xef,0x7e,0xef,0x7e,0xef,0x7e,0xef,0x7e,0xef,
  0x7e,0xef,0x7e,0xef,0x7e,0xef,0x7e,0xef,0x7e,0xef,0x7e,0xef,0x7e,0xef,0x7e,0xef,0x7e,0xef,0x7e,0xef,0x7e,0xef,0x7e,0xef,
  0x5e,0xef,0x7e,0xef,0x7e,0xef,0x7e,0xef,0x7e,0xef,0x7e,0xef,0x7e,0xef,0x7e,0xef,0x7e,0xef,0x7e,0xef,0x7e,0xef,0x7e,0xef,
  0x7e,0xef,0x7e,0xef,0x7e,0xef,0x7e,0xef,0x7e,0xef,0x7e,0xef,0x7e,0xef,0x7e,0xef,0x7e,0xef,0x7e,0xef,0x7e,0xef,0x7e,0xef,
  0x7e,0xef,0x7d,0xef,0x7e,0xef,0x7e,0xef,0x7d,0xef,0x7d,0xef,0x7d,0xef,0x7e,0xef,0x5e,0xef,0x7e,0xef,0x7d,0xef,0x5d,0xef,
  0x7d,0xef,0x7e,0xef,0x7e,0xef,0x7e,0xef,0x7e,0xef,0x7e,0xef,0x7e,0xef,0x7e,0xef,0x7e,0xef,0x7e,0xef,0x7e,0xef,0x7e,0xef,
  0x7e,0xef,0x7e,0xef,0x7e,0xef,0x7e,0xef,0x7e,0xef,0x7e,0xef,0x7e,0xef,0x7e,0xef,0x7e,0xef,0x7e,0xef,0x7e,0xef,0x7e,0xef,
  0x7e,0xef,0x7e,0xef,0x7e,0xef,0x7e,0xef,0x7d,0xef,0x5e,0xef,0x5d,0xef,0x5e,0xef,0x5e,0xef,0x5d,0xef,0x7e,0xef,0x7e,0xef,
  0x7e,0xef,0x7e,0xef,0x7e,0xef,0x7e,0xef,0x7e,0xef,0x7e,0xef,0x7e,0xef,0x7e,0xef,0x7e,0xef,0x7e,0xef,0x7e,0xef,0x7e,0xef,
  0x5e,0xef,0x7e,0xe7,0x5d,0xe7,0x5d,0xe7,0x5d,0xe7,0x5d,0xe7,0x5d,0xe7,0x5e,0xe7,0x5e,0xe7,0x5d,0xe7,0x5d,0xe7,0x5d,0xe7,
  0x5e,0xe7,0x5e,0xe7,0x5e,0xe7,0x5d,0xe7,0x5d,0xe7,0x5d,0xe7,0x5e,0xe7,0x5d,0xe7,0x5e,0xe7,0x5e,0xe7,0x5e,0xe7,0x5e,0xe7,
  0x5e,0xe7,0x5d,0xe7,0x5d,0xe7,0x5d,0xe7,0x5d,0xe7,0x5d,0xe7,0x5e,0xe7,0x5d,0xe7,0x5d,0xe7,0x5d,0xe7,0x5e,0xe7,0x5e,0xe7,
  0x5e,0xe7,0x5e,0xe7,0x5e,0xe7,0x5d,0xe7,0x5d,0xe7,0x5e,0xe7,0x5d,0xe7,0x5e,0xe7,0x5d,0xe7,0x5d,0xe7,0x5d,0xe7,0x5d,0xe7,
  0x5d,0xe7,0x5d,0xe7,0x5d,0xe7,0x5e,0xe7,0x5d,0xe7,0x5d,0xe7,0x5d,0xe7,0x5e,0xe7,0x5e,0xe7,0x5e,0xe7,0x5e,0xe7,0x5e,0xe7,
  0x5e,0xe7,0x5e,0xe7,0x5d,0xe7,0x5e,0xe7,0x5e,0xe7,0x5e,0xe7,0x5e,0xe7,0x5d,0xe7,0x5d,0xe7,0x5e,0xe7,0x5e,0xe7,0x5e,0xe7,
  0x5e,0xe7,0x5e,0xe7,0x5e,0xe7,0x5e,0xe7,0x5e,0xe7,0x5e,0xe7,0x5d,0xe7,0x5d,0xe7,0x5e,0xe7,0x5d,0xe7,0x5e,0xe7,0x5d,0xe7,
  0x5d,0xe7,0x5d,0xe7,0x3d,0xdf,0x3e,0xe7,0x3d,0xdf,0x3d,0xe7,0x5e,0xe7,0x5e,0xdf,0x3e,0xdf,0x5e,0xdf,0x5e,0xdf,0x3e,0xdf,
  0x5e,0xe7,0x1e,0xd7,0xde,0xc6,0xde,0xc6,0xde,0xc6,0xde,0xc6,0xde,0xc6,0xbe,0xbe,0xdd,0xce,0x5d,0xe7,0x5e,0xe7,0x5e,0xe7,
  0x5e,0xe7,0x5e,0xe7,0x5e,0xe7,0x5e,0xe7,0x5e,0xe7,0x5e,0xe7,0x3e,0xe7,0x3d,0xe7,0x3d,0xe7,0x3d,0xdf,0x3d,0xdf,0x3d,0xdf,
  0x3d,0xdf,0x3d,0xdf,0x3d,0xdf,0x3d,0xdf,0x3d,0xdf,0x3d,0xdf,0x3d,0xdf,0x3d,0xdf,0x3d,0xdf,0x3d,0xdf,0x3d,0xdf,0x3d,0xdf,
  0xbf,0xf7,0xbf,0xf7,0xbf,0xf7,0xbf,0xf7,0xbf,0xf7,0xbf,0xf7,0xbf,0xf7,0xbf,0xf7,0xbf,0xf7,0xbf,0xf7,0xbf,0xf7,0xbf,0xf7,
  0xbf,0xf7,0xbf,0xf7,0xbf,0xf7,0xbf,0xf7,0xbf,0xf7,0xbf,0xf7,0xbf,0xf7,0xdf,0xf7,0xdf,0xf7,0xdf,0xf7,0xdf,0xf7,0xbf,0xf7,
  0xdf,0xf7,0xdf,0xf7,0xdf,0xf7,0xdf,0xf7,0xdf,0xf7,0xdf,0xf7,0xdf,0xf7,0xdf,0xf7,0xdf,0xf7,0xdf,0xff,0xdf,0xff,0xdf,0xff,
  0xdf,0xff,0xdf,0xff,0xdf,0xff,0xdf,0xff,0xdf,0xff,0xdf,0xff,0xdf,0xff,0xdf,0xff,0xdf,0xff,0xdf,0xff,0xdf,0xff,0xdf,0xff,
  0xdf,0xff,0xdf,0xff,0xdf,0xff,0xdf,0xff,0xdf,0xff,0xdf,0xff,0xdf,0xff,0xdf,0xff,0xdf,0xff,0xdf,0xff,0xdf,0xff,0xdf,0xff,
  0xdf,0xff,0xdf,0xff,0xdf,0xff,0xdf,0xff,0xdf,0xff,0xdf,0xff,0xdf,0xff,0xdf,0xff,0xdf,0xff,0xdf,0xff,0xdf,0xff,0xdf,0xff,
  0xdf,0xff,0xdf,0xff,0xdf,0xff,0xdf,0xff,0xdf,0xff,0xdf,0xff,0xdf,0xff,0xdf,0xff,0xdf,0xff,0xdf,0xff,0xdf,0xff,0xdf,0xff,
  0xdf,0xff,0xdf,0xff,0xdf,0xff,0xdf,0xff,0xdf,0xff,0xdf,0xff,0xdf,0xff,0xdf,0xff,0xdf,0xff,0xdf,0xff,0xdf,0xff,0xdf,0xff,
  0xdf,0xff,0xdf,0xff,0xdf,0xff,0xdf,0xff,0xdf,0xff,0xdf,0xff,0xdf,0xff,0xdf,0xff,0xdf,0xff,0xdf,0xff,0xdf,0xff,0xdf,0xff,
  0xdf,0xff,0xdf,0xff,0xdf,0xff,0xdf,0xff,0xdf,0xff,0xdf,0xff,0xdf,0xff,0xdf,0xff,0xdf,0xff,0xdf,0xff,0xdf,0xff,0xdf,0xff,
  0xdf,0xff,0xdf,0xff,0xdf,0xff,0xdf,0xff,0xdf,0xff,0xdf,0xf7,0xdf,0xf7,0xdf,0xff,0xdf,0xff,0xdf,0xf7,0xdf,0xf7,0xdf,0xf7,
  0xdf,0xf7,0xdf,0xf7,0xdf,0xf7,0xdf,0xf7,0xdf,0xf7,0xdf,0xf7,0xdf,0xf7,0xdf,0xf7,0xdf,0xf7,0xdf,0xff,0xdf,0xf7,0xdf,0xff,
  0xdf,0xf7,0xdf,0xf7,0xdf,0xff,0xdf,0xf7,0xdf,0xf7,0xdf,0xff,0xdf,0xff,0xdf,0xff,0xdf,0xff,0xdf,0xff,0xdf,0xff,0xdf,0xf7,
  0xdf,0xff,0xdf,0xff,0xdf,0xff,0xdf,0xff,0xdf,0xf7,0xdf,0xf7,0xdf,0xf7,0xdf,0xf7,0xdf,0xf7,0xdf,0xf7,0xdf,0xf7,0xdf,0xf7,
  0xdf,0xf7,0xdf,0xf7,0xdf,0xf7,0xdf,0xf7,0xdf,0xf7,0xdf,0xf7,0xdf,0xf7,0xdf,0xf7,0xdf,0xf7,0xdf,0xf7,0xdf,0xf7,0xdf,0xf7,
  0xdf,0xf7,0xdf,0xf7,0xdf,0xf7,0xdf,0xf7,0xbf,0xf7,0xdf,0xf7,0xbf,0xf7,0xbf,0xf7,0xbf,0xf7,0xdf,0xf7,0xbf,0xf7,0xbf,0xf7,
  0xbf,0xf7,0xbf,0xf7,0xbf,0xf7,0xbf,0xf7,0xbf,0xf7,0xbf,0xf7,0xbf,0xf7,0xbf,0xf7,0xbf,0xf7,0xbf,0xf7,0xbf,0xf7,0xbf,0xf7,
  0xbf,0xf7,0xbf,0xf7,0xbf,0xf7,0xbf,0xf7,0xbf,0xf7,0xbf,0xf7,0xbf,0xf7,0xbf,0xf7,0xbf,0xf7,0xbf,0xf7,0xbf,0xf7,0xbf,0xf7,
  0xbf,0xf7,0xbf,0xf7,0xbf,0xf7,0xbf,0xf7,0xbf,0xf7,0xbf,0xf7,0xbf,0xf7,0xbf,0xf7,0xbf,0xf7,0xbf,0xf7,0xbf,0xf7,0xbf,0xf7,
  0xbf,0xf7,0xbf,0xf7,0xbf,0xf7,0xbf,0xf7,0xbf,0xf7,0xbf,0xf7,0xbf,0xf7,0xbf,0xf7,0xbf,0xf7,0xbf,0xf7,0xbf,0xf7,0xbf,0xf7,
  0xbf,0xef,0xbf,0xf7,0xbf,0xef,0xbf,0xf7,0xbf,0xf7,0xbf,0xef,0x9f,0xef,0x9f,0xef,0xbf,0xef,0x9f,0xef,0x9f,0xef,0x9f,0xef,
  0x9f,0xef,0xbf,0xef,0xbf,0xef,0x9f,0xef,0x9f,0xef,0x9f,0xef,0x9f,0xef,0x9f,0xef,0x9f,0xef,0xbf,0xef,0xbf,0xef,0xbf,0xf7,
  0xbf,0xf7,0xbf,0xf7,0xbf,0xf7,0x9f,0xef,0xbf,0xef,0xbf,0xf7,0xbf,0xf7,0xbf,0xf7,0xbf,0xf7,0x7e,0xe7,0x5e,0xe7,0x5e,0xe7,
  0x5e,0xe7,0x7e,0xe7,0x7e,0xe7,0x7e,0xe7,0x7e,0xe7,0x7e,0xe7,0x7e,0xe7,0x5e,0xe7,0x7f,0xe7,0x1f,0xcf,0xdf,0xbe,0xff,0xc6,
  0xdf,0xbe,0xdf,0xbe,0xff,0xbe,0xde,0xbe,0x1f,0xd7,0x9f,0xef,0x9f,0xef,0x9f,0xef,0x9e,0xef,0x9e,0xef,0x7e,0xef,0x7e,0xef,
  0x7e,0xef,0x7e,0xef,0x7e,0xef,0x7e,0xef,0x7e,0xe7,0x7e,0xe7,0x7e,0xe7,0x7e,0xe7,0x7e,0xe7,0x7e,0xe7,0x7e,0xe7,0x7e,0xe7,
  0x7e,0xe7,0x7e,0xe7,0x7e,0xe7,0x7e,0xe7,0x7e,0xe7,0x7e,0xe7,0x7e,0xe7,0x7e,0xe7,0xdf,0xf7,0xdf,0xf7,0xdf,0xf7,0xdf,0xf7,
  0xdf,0xf7,0xdf,0xf7,0xdf,0xff,0xdf,0xff,0xdf,0xff,0xdf,0xff,0xdf,0xff,0xdf,0xff,0xdf,0xff,0xff,0xff,0xff,0xff,0xff,0xff,
  0xff,0xff,0xdf,0xff,0xff,0xff,0xff,0xff,0xff,0xff,0xff,0xff,0xdf,0xff,0xdf,0xff,0xff,0xff,0xff,0xff,0xff,0xff,0xff,0xff,
  0xff,0xff,0xff,0xff,0xff,0xff,0xff,0xff,0xff,0xff,0xff,0xff,0xff,0xff,0xff,0xff,0xff,0xff,0xff,0xff,0xff,0xff,0xff,0xff,
  0xff,0xff,0xff,0xff,0xff,0xff,0xff,0xff,0xff,0xff,0xff,0xff,0xff,0xff,0xff,0xff,0xff,0xff,0xff,0xff,0xff,0xff,0xff,0xff,
  0xff,0xff,0xff,0xff,0xff,0xff,0xff,0xff,0xff,0xff,0xff,0xff,0xff,0xff,0xff,0xff,0xff,0xff,0xff,0xff,0xff,0xff,0xff,0xff,
  0xff,0xff,0xff,0xff,0xff,0xff,0xff,0xff,0xff,0xff,0xff,0xff,0xff,0xff,0xff,0xff,0xff,0xff,0xff,0xff,0xff,0xff,0xff,0xff,
  0xff,0xff,0xff,0xff,0xff,0xff,0xff,0xff,0xff,0xff,0xff,0xff,0xff,0xff,0xff,0xff,0xff,0xff,0xff,0xff,0xff,0xff,0xff,0xff,
  0xff,0xff,0xff,0xff,0xff,0xff,0xff,0xff,0xff,0xff,0xff,0xff,0xff,0xff,0xff,0xff,0xff,0xff,0xff,0xff,0xff,0xff,0xff,0xff,
  0xff,0xff,0xff,0xff,0xff,0xff,0xff,0xff,0xff,0xff,0xff,0xff,0xff,0xff,0xff,0xff,0xff,0xff,0xff,0xff,0xff,0xff,0xff,0xff,
  0xff,0xff,0xff,0xff,0xff,0xff,0xff,0xff,0xff,0xff,0xff,0xff,0xff,0xff,0xff,0xff,0xff,0xff,0xff,0xff,0xff,0xff,0xff,0xff,
  0xff,0xff,0xff,0xff,0xff,0xff,0xff,0xff,0xff,0xff,0xff,0xff,0xff,0xff,0xff,0xff,0xff,0xff,0xff,0xff,0xff,0xff,0xff,0xff,
  0xff,0xff,0xff,0xff,0xff,0xff,0xff,0xff,0xff,0xff,0xff,0xff,0xff,0xff,0xff,0xff,0xff,0xff,0xff,0xff,0xff,0xff,0xff,0xff,
  0xff,0xff,0xff,0xff,0xff,0xff,0xff,0xff,0xff,0xff,0xff,0xff,0xff,0xff,0xff,0xff,0xff,0xff,0xff,0xff,0xff,0xff,0xff,0xff,
  0xff,0xff,0xff,0xff,0xff,0xff,0xff,0xff,0xff,0xff,0xff,0xff,0xff,0xff,0xff,0xff,0xff,0xff,0xff,0xff,0xff,0xff,0xff,0xff,
  0xff,0xff,0xff,0xff,0xff,0xff,0xff,0xff,0xff,0xff,0xff,0xff,0xff,0xff,0xff,0xff,0xff,0xff,0xff,0xff,0xff,0xff,0xff,0xff,
  0xff,0xff,0xff,0xff,0xdf,0xff,0xff,0xff,0xdf,0xff,0xdf,0xff,0xdf,0xff,0xdf,0xff,0xdf,0xff,0xdf,0xff,0xdf,0xff,0xdf,0xf7,
  0xdf,0xf7,0xdf,0xf7,0xdf,0xf7,0xdf,0xf7,0xdf,0xf7,0xdf,0xf7,0xdf,0xf7,0xdf,0xf7,0xdf,0xf7,0xdf,0xf7,0xdf,0xf7,0xdf,0xf7,
  0xdf,0xf7,0xdf,0xf7,0xdf,0xf7,0xdf,0xf7,0xdf,0xf7,0xdf,0xf7,0xdf,0xf7,0xdf,0xf7,0xdf,0xf7,0xdf,0xf7,0xdf,0xf7,0xdf,0xf7,
  0xdf,0xf7,0xdf,0xf7,0xdf,0xf7,0xdf,0xf7,0xdf,0xf7,0xdf,0xf7,0xdf,0xf7,0xdf,0xf7,0xdf,0xf7,0xdf,0xf7,0xdf,0xf7,0xdf,0xf7,
  0xdf,0xf7,0xdf,0xf7,0xdf,0xf7,0xdf,0xf7,0xdf,0xf7,0xdf,0xf7,0xdf,0xf7,0xdf,0xf7,0xdf,0xf7,0xdf,0xf7,0xdf,0xf7,0xdf,0xf7,
  0xdf,0xf7,0xdf,0xf7,0xdf,0xf7,0xbf,0xf7,0xdf,0xf7,0xdf,0xf7,0xdf,0xf7,0xdf,0xf7,0xbf,0xf7,0xbf,0xf7,0xbf,0xf7,0xbf,0xf7,
  0xbf,0xf7,0xbf,0xf7,0xbf,0xf7,0xbf,0xf7,0xdf,0xf7,0xdf,0xf7,0xdf,0xf7,0xdf,0xf7,0xdf,0xf7,0xdf,0xf7,0xdf,0xf7,0xbf,0xef,
  0xdf,0xf7,0xdf,0xf7,0xdf,0xf7,0xdf,0xf7,0xdf,0xf7,0x9f,0xe7,0x7f,0xe7,0x7f,0xe7,0x7f,0xe7,0x7f,0xe7,0x7f,0xe7,0x7f,0xe7,
  0x7f,0xe7,0x7f,0xe7,0x7f,0xe7,0x7f,0xe7,0x9f,0xef,0xff,0xc6,0xdf,0xbe,0xff,0xbe,0xdf,0xbe,0xff,0xbe,0xff,0xc6,0xff,0xbe,
  0x5f,0xd7,0xbf,0xf7,0x9f,0xef,0x9f,0xef,0x9f,0xef,0x9f,0xef,0x9f,0xef,0x9f,0xef,0x9f,0xef,0x9f,0xef,0x9f,0xef,0x9f,0xef,
  0x9f,0xef,0x9f,0xef,0x9f,0xef,0x9f,0xef,0x9f,0xef,0x9f,0xef,0x9f,0xef,0x9f,0xef,0x9f,0xef,0x9f,0xef,0x9f,0xef,0x9f,0xef,
  0x9f,0xef,0x9f,0xef,0x9f,0xef,0x9f,0xef,0xdf,0xf7,0xdf,0xf7,0xdf,0xf7,0xdf,0xf7,0xdf,0xf7,0xdf,0xf7,0xdf,0xf7,0xdf,0xf7,
  0xdf,0xf7,0xdf,0xf7,0xdf,0xff,0xdf,0xff,0xdf,0xff,0xdf,0xff,0xdf,0xff,0xdf,0xff,0xdf,0xff,0xdf,0xff,0xdf,0xff,0xff,0xff,
  0xff,0xff,0xdf,0xff,0xdf,0xff,0xff,0xff,0xdf,0xff,0xff,0xff,0xff,0xff,0xff,0xff,0xff,0xff,0xff,0xff,0xff,0xff,0xff,0xff,
  0xff,0xff,0xff,0xff,0xff,0xff,0xff,0xff,0xff,0xff,0xff,0xff,0xff,0xff,0xff,0xff,0xff,0xff,0xff,0xff,0xff,0xff,0xff,0xff,
  0xff,0xff,0xff,0xff,0xff,0xff,0xff,0xff,0xff,0xff,0xff,0xff,0xff,0xff,0xff,0xff,0xff,0xff,0xff,0xff,0xff,0xff,0xff,0xff,
  0xff,0xff,0xff,0xff,0xff,0xff,0xff,0xff,0xff,0xff,0xff,0xff,0xff,0xff,0xff,0xff,0xff,0xff,0xff,0xff,0xff,0xff,0xff,0xff,
  0xff,0xff,0xff,0xff,0xff,0xff,0xff,0xff,0xff,0xff,0xff,0xff,0xff,0xff,0xff,0xff,0xff,0xff,0xff,0xff,0xff,0xff,0xff,0xff,
  0xff,0xff,0xff,0xff,0xff,0xff,0xff,0xff,0xff,0xff,0xff,0xff,0xff,0xff,0xff,0xff,0xff,0xff,0xff,0xff,0xff,0xff,0xff,0xff,
  0xff,0xff,0xff,0xff,0xff,0xff,0xff,0xff,0xff,0xff,0xff,0xff,0xff,0xff,0xff,0xff,0xff,0xff,0xff,0xff,0xff,0xff,0xff,0xff,
  0xff,0xff,0xff,0xff,0xff,0xff,0xff,0xff,0xff,0xff,0xff,0xff,0xff,0xff,0xff,0xff,0xff,0xff,0xff,0xff,0xff,0xff,0xff,0xff,
  0xff,0xff,0xff,0xff,0xff,0xff,0xff,0xff,0xff,0xff,0xff,0xff,0xff,0xff,0xff,0xff,0xff,0xff,0xff,0xff,0xff,0xff,0xff,0xff,
  0xff,0xff,0xff,0xff,0xff,0xff,0xff,0xff,0xff,0xff,0xdf,0xff,0xff,0xff,0xff,0xff,0xff,0xff,0xff,0xff,0xff,0xff,0xdf,0xff,
  0xff,0xff,0xff,0xff,0xff,0xff,0xff,0xff,0xff,0xff,0xff,0xff,0xff,0xff,0xff,0xff,0xff,0xff,0xff,0xff,0xff,0xff,0xff,0xff,
  0xff,0xff,0xff,0xff,0xff,0xff,0xff,0xff,0xff,0xff,0xff,0xff,0xff,0xff,0xff,0xff,0xff,0xff,0xdf,0xff,0xff,0xff,0xff,0xff,
  0xff,0xff,0xff,0xff,0xdf,0xff,0xff,0xff,0xff,0xff,0xff,0xff,0xff,0xff,0xff,0xff,0xff,0xff,0xff,0xff,0xff,0xff,0xff,0xff,
  0xdf,0xff,0xff,0xff,0xff,0xff,0xdf,0xff,0xdf,0xff,0xdf,0xff,0xdf,0xff,0xdf,0xff,0xdf,0xff,0xdf,0xff,0xdf,0xff,0xdf,0xff,
  0xdf,0xff,0xdf,0xff,0xdf,0xff,0xdf,0xff,0xdf,0xff,0xdf,0xf7,0xdf,0xf7,0xdf,0xf7,0xdf,0xf7,0xdf,0xf7,0xdf,0xf7,0xdf,0xf7,
  0xdf,0xf7,0xdf,0xf7,0xdf,0xf7,0xdf,0xf7,0xdf,0xf7,0xdf,0xf7,0xdf,0xf7,0xdf,0xf7,0xdf,0xf7,0xdf,0xf7,0xdf,0xf7,0xdf,0xf7,
  0xdf,0xf7,0xdf,0xf7,0xdf,0xf7,0xdf,0xf7,0xdf,0xf7,0xdf,0xf7,0xdf,0xf7,0xdf,0xf7,0xdf,0xf7,0xdf,0xf7,0xdf,0xf7,0xdf,0xf7,
  0xdf,0xf7,0xdf,0xf7,0xdf,0xf7,0xdf,0xf7,0xdf,0xf7,0xdf,0xf7,0xdf,0xf7,0xdf,0xf7,0xdf,0xf7,0xdf,0xf7,0xdf,0xf7,0xdf,0xf7,
  0xdf,0xf7,0xdf,0xf7,0xdf,0xf7,0xdf,0xf7,0xbf,0xf7,0xdf,0xf7,0xdf,0xf7,0xdf,0xf7,0xdf,0xf7,0xbf,0xf7,0xbf,0xf7,0xbf,0xf7,
  0xbf,0xf7,0xdf,0xf7,0xbf,0xf7,0xbf,0xf7,0xbf,0xf7,0xbf,0xf7,0xdf,0xf7,0xbf,0xf7,0xbf,0xf7,0xbf,0xf7,0xbf,0xf7,0xbf,0xf7,
  0xbf,0xf7,0xbf,0xf7,0xbf,0xf7,0xdf,0xf7,0xdf,0xf7,0xdf,0xf7,0xdf,0xf7,0xbf,0xef,0xdf,0xf7,0xdf,0xf7,0xdf,0xf7,0xdf,0xf7,
  0xdf,0xf7,0x7f,0xe7,0x7f,0xe7,0x7f,0xe7,0x7f,0xe7,0x7f,0xe7,0x7f,0xe7,0x7f,0xe7,0x7f,0xe7,0x7f,0xe7,0x7f,0xe7,0x7f,0xe7,
  0x9f,0xe7,0xff,0xc6,0xdf,0xbe,0xff,0xbe,0xff,0xbe,0xff,0xbe,0xff,0xc6,0xdf,0xbe,0x5f,0xdf,0xbf,0xef,0x9f,0xef,0x9f,0xef,
  0x9f,0xef,0x9f,0xef,0x9f,0xef,0x9f,0xef,0x9f,0xef,0x9f,0xef,0x9f,0xef,0x9f,0xef,0x9f,0xef,0x9f,0xef,0x9f,0xef,0x9f,0xef,
  0x9f,0xef,0x9f,0xef,0x9f,0xef,0x9f,0xef,0x9f,0xef,0x9f,0xef,0x9f,0xef,0x9f,0xef,0x9f,0xef,0x9f,0xef,0x9f,0xef,0x9e,0xef,
  0xdf,0xf7,0xdf,0xf7,0xdf,0xf7,0xdf,0xf7,0xdf,0xf7,0xdf,0xf7,0xdf,0xf7,0xdf,0xff,0xdf,0xf7,0xdf,0xf7,0xdf,0xff,0xdf,0xff,
  0xdf,0xff,0xdf,0xff,0xdf,0xff,0xdf,0xff,0xdf,0xff,0xff,0xff,0xdf,0xff,0xff,0xff,0xff,0xff,0xdf,0xff,0xff,0xff,0xff,0xff,
  0xff,0xff,0xff,0xff,0xff,0xff,0xff,0xff,0xff,0xff,0xff,0xff,0xff,0xff,0xff,0xff,0xff,0xff,0xff,0xff,0xff,0xff,0xff,0xff,
  0xff,0xff,0xff,0xff,0xff,0xff,0xff,0xff,0xff,0xff,0xff,0xff,0xff,0xff,0xff,0xff,0xff,0xff,0xff,0xff,0xff,0xff,0xff,0xff,
  0xff,0xff,0xff,0xff,0xff,0xff,0xff,0xff,0xff,0xff,0xff,0xff,0xff,0xff,0xff,0xff,0xff,0xff,0xff,0xff,0xff,0xff,0xff,0xff,
  0xff,0xff,0xff,0xff,0xff,0xff,0xff,0xff,0xff,0xff,0xff,0xff,0xff,0xff,0xff,0xff,0xff,0xff,0xff,0xff,0xff,0xff,0xff,0xff,
  0xff,0xff,0xff,0xff,0xff,0xff,0xff,0xff,0xff,0xff,0xff,0xff,0xff,0xff,0xff,0xff,0xff,0xff,0xff,0xff,0xff,0xff,0xff,0xff,
  0xff,0xff,0xff,0xff,0xff,0xff,0xff,0xff,0xff,0xff,0xff,0xff,0xff,0xff,0xff,0xff,0xff,0xff,0xff,0xff,0xff,0xff,0xff,0xff,
  0xff,0xff,0xff,0xff,0xff,0xff,0xff,0xff,0xff,0xff,0xff,0xff,0xff,0xff,0xff,0xff,0xff,0xff,0xff,0xff,0xff,0xff,0xff,0xff,
  0xff,0xff,0xff,0xff,0xff,0xff,0xff,0xff,0xff,0xff,0xff,0xff,0xff,0xff,0xff,0xff,0xff,0xff,0xff,0xff,0xff,0xff,0xff,0xff,
  0xff,0xff,0xff,0xff,0xff,0xff,0xff,0xff,0xff,0xff,0xff,0xff,0xff,0xff,0xff,0xff,0xff,0xff,0xff,0xff,0xff,0xff,0xff,0xff,
  0xff,0xff,0xff,0xff,0xff,0xff,0xff,0xff,0xff,0xff,0xff,0xff,0xff,0xff,0xff,0xff,0xff,0xff,0xff,0xff,0xff,0xff,0xff,0xff,
  0xff,0xff,0xff,0xff,0xff,0xff,0xff,0xff,0xff,0xff,0xff,0xff,0xff,0xff,0xff,0xff,0xff,0xff,0xff,0xff,0xff,0xff,0xff,0xff,
  0xff,0xff,0xff,0xff,0xff,0xff,0xff,0xff,0xff,0xff,0xff,0xff,0xff,0xff,0xff,0xff,0xff,0xff,0xff,0xff,0xff,0xff,0xff,0xff,
  0xff,0xff,0xff,0xff,0xff,0xff,0xff,0xff,0xff,0xff,0xff,0xff,0xff,0xff,0xff,0xff,0xdf,0xff,0xdf,0xff,0xff,0xff,0xff,0xff,
  0xff,0xff,0xff,0xff,0xdf,0xff,0xdf,0xff,0xdf,0xff,0xdf,0xff,0xdf,0xff,0xdf,0xff,0xdf,0xff,0xdf,0xff,0xdf,0xff,0xdf,0xff,
  0xdf,0xff,0xdf,0xff,0xdf,0xf7,0xdf,0xf7,0xdf,0xf7,0xdf,0xf7,0xdf,0xf7,0xdf,0xf7,0xdf,0xf7,0xdf,0xf7,0xdf,0xf7,0xdf,0xf7,
  0xdf,0xf7,0xdf,0xf7,0xdf,0xf7,0xdf,0xf7,0xdf,0xf7,0xdf,0xf7,0xdf,0xf7,0xdf,0xf7,0xdf,0xf7,0xdf,0xf7,0xdf,0xf7,0xdf,0xf7,
  0xdf,0xf7,0xdf,0xf7,0xdf,0xf7,0xdf,0xf7,0xdf,0xf7,0xdf,0xf7,0xdf,0xf7,0xdf,0xf7,0xdf,0xf7,0xdf,0xf7,0xdf,0xf7,0xdf,0xf7,
  0xdf,0xf7,0xdf,0xf7,0xdf,0xf7,0xdf,0xf7,0xdf,0xf7,0xdf,0xf7,0xdf,0xf7,0xdf,0xf7,0xdf,0xf7,0xdf,0xf7,0xdf,0xf7,0xdf,0xf7,
  0xdf,0xf7,0xdf,0xf7,0xdf,0xf7,0xdf,0xf7,0xbf,0xf7,0xdf,0xf7,0xbf,0xf7,0xbf,0xf7,0xbf,0xf7,0xbf,0xf7,0xdf,0xf7,0xbf,0xf7,
  0xbf,0xf7,0xdf,0xf7,0xdf,0xf7,0xdf,0xf7,0xdf,0xf7,0xdf,0xf7,0xdf,0xf7,0xdf,0xf7,0xdf,0xf7,0xdf,0xf7,0xdf,0xf7,0xdf,0xf7,
  0xdf,0xf7,0xdf,0xf7,0xdf,0xf7,0xbf,0xef,0xdf,0xf7,0xdf,0xf7,0xdf,0xf7,0xdf,0xf7,0xbf,0xf7,0x7f,0xe7,0x7f,0xe7,0x7f,0xe7,
  0x7f,0xe7,0x7f,0xe7,0x7f,0xe7,0x7f,0xe7,0x7f,0xe7,0x7f,0xe7,0x7f,0xe7,0x7f,0xe7,0x9f,0xe7,0xff,0xc6,0xff,0xbe,0xff,0xbe,
  0xff,0xbe,0xff,0xbe,0xff,0xbe,0xdf,0xbe,0x7f,0xdf,0xbf,0xef,0x9f,0xef,0xbf,0xef,0xbf,0xef,0x9f,0xef,0x9f,0xef,0x9f,0xef,
  0x9f,0xef,0x9f,0xef,0x9f,0xef,0x9f,0xef,0x9f,0xef,0x9f,0xef,0x9f,0xef,0x9f,0xef,0x9f,0xef,0x9f,0xef,0x9f,0xef,0x9f,0xef,
  0x9f,0xef,0x9f,0xef,0x9f,0xef,0x9e,0xef,0x9e,0xef,0x9f,0xef,0x9f,0xef,0x9f,0xef,0xdf,0xf7,0xdf,0xf7,0xdf,0xf7,0xdf,0xf7,
  0xdf,0xf7,0xdf,0xf7,0xdf,0xff,0xdf,0xff,0xdf,0xff,0xdf,0xff,0xdf,0xff,0xdf,0xff,0xdf,0xff,0xdf,0xff,0xdf,0xff,0xff,0xff,
  0xdf,0xff,0xff,0xff,0xff,0xff,0xdf,0xff,0xdf,0xff,0xff,0xff,0xff,0xff,0xff,0xff,0xff,0xff,0xff,0xff,0xff,0xff,0xff,0xff,
  0xff,0xff,0xff,0xff,0xff,0xff,0xff,0xff,0xff,0xff,0xff,0xff,0xff,0xff,0xff,0xff,0xff,0xff,0xff,0xff,0xff,0xff,0xff,0xff,
  0xff,0xff,0xff,0xff,0xff,0xff,0xff,0xff,0xff,0xff,0xff,0xff,0xff,0xff,0xff,0xff,0xff,0xff,0xff,0xff,0xff,0xff,0xff,0xff,
  0xff,0xff,0xff,0xff,0xff,0xff,0xff,0xff,0xff,0xff,0xff,0xff,0xff,0xff,0xff,0xff,0xff,0xff,0xff,0xff,0xff,0xff,0xff,0xff,
  0xff,0xff,0xff,0xff,0xff,0xff,0xff,0xff,0xff,0xff,0xff,0xff,0xff,0xff,0xff,0xff,0xff,0xff,0xff,0xff,0xff,0xff,0xff,0xff,
  0xff,0xff,0xff,0xff,0xff,0xff,0xff,0xff,0xff,0xff,0xff,0xff,0xff,0xff,0xff,0xff,0xff,0xff,0xff,0xff,0xff,0xff,0xff,0xff,
  0xff,0xff,0xff,0xff,0xff,0xff,0xff,0xff,0xff,0xff,0xff,0xff,0xff,0xff,0xff,0xff,0xff,0xff,0xff,0xff,0xff,0xff,0xff,0xff,
  0xff,0xff,0xff,0xff,0xff,0xff,0xff,0xff,0xff,0xff,0xff,0xff,0xff,0xff,0xff,0xff,0xff,0xff,0xff,0xff,0xff,0xff,0xff,0xff,
  0xff,0xff,0xff,0xff,0xff,0xff,0xff,0xff,0xff,0xff,0xff,0xff,0xff,0xff,0xff,0xff,0xff,0xff,0xff,0xff,0xff,0xff,0xff,0xff,
  0xff,0xff,0xff,0xff,0xff,0xff,0xff,0xff,0xff,0xff,0xff,0xff,0xff,0xff,0xff,0xff,0xff,0xff,0xff,0xff,0xff,0xff,0xff,0xff,
  0xff,0xff,0xff,0xff,0xff,0xff,0xff,0xff,0xff,0xff,0xff,0xff,0xff,0xff,0xff,0xff,0xff,0xff,0xff,0xff,0xff,0xff,0xff,0xff,
  0xff,0xff,0xff,0xff,0xff,0xff,0xff,0xff,0xff,0xff,0xff,0xff,0xff,0xff,0xff,0xff,0xff,0xff,0xff,0xff,0xff,0xff,0xff,0xff,
  0xff,0xff,0xff,0xff,0xff,0xff,0xff,0xff,0xff,0xff,0xff,0xff,0xff,0xff,0xff,0xff,0xff,0xff,0xff,0xff,0xff,0xff,0xff,0xff,
  0xff,0xff,0xdf,0xff,0xff,0xff,0xff,0xff,0xdf,0xff,0xdf,0xff,0xff,0xff,0xff,0xff,0xff,0xff,0xdf,0xff,0xdf,0xff,0xdf,0xff,
  0xdf,0xff,0xdf,0xff,0xdf,0xff,0xdf,0xff,0xdf,0xff,0xdf,0xff,0xdf,0xff,0xdf,0xff,0xdf,0xff,0xdf,0xff,0xdf,0xf7,0xdf,0xf7,
  0xdf,0xf7,0xdf,0xf7,0xdf,0xf7,0xdf,0xf7,0xdf,0xf7,0xdf,0xf7,0xdf,0xf7,0xdf,0xf7,0xdf,0xf7,0xdf,0xf7,0xdf,0xf7,0xdf,0xf7,
  0xdf,0xf7,0xdf,0xf7,0xdf,0xf7,0xdf,0xf7,0xdf,0xf7,0xdf,0xf7,0xdf,0xf7,0xdf,0xf7,0xdf,0xf7,0xdf,0xf7,0xdf,0xf7,0xdf,0xf7,
  0xdf,0xf7,0xdf,0xf7,0xdf,0xf7,0xdf,0xf7,0xdf,0xf7,0xdf,0xf7,0xdf,0xf7,0xdf,0xf7,0xdf,0xf7,0xdf,0xf7,0xdf,0xf7,0xdf,0xf7,
  0xdf,0xf7,0xdf,0xf7,0xdf,0xf7,0xdf,0xf7,0xdf,0xf7,0xdf,0xf7,0xdf,0xf7,0xdf,0xf7,0xdf,0xf7,0xdf,0xf7,0xdf,0xf7,0xdf,0xf7,
  0xdf,0xf7,0xdf,0xf7,0xdf,0xf7,0xdf,0xf7,0xbf,0xf7,0xbf,0xf7,0xbf,0xf7,0xdf,0xf7,0xdf,0xf7,0xbf,0xf7,0xdf,0xf7,0xdf,0xf7,
  0xdf,0xf7,0xdf,0xf7,0xdf,0xf7,0xdf,0xf7,0xdf,0xf7,0xdf,0xf7,0xdf,0xf7,0xdf,0xf7,0xdf,0xf7,0xdf,0xf7,0xdf,0xf7,0x9f,0xe7,
  0xdf,0xf7,0xdf,0xf7,0xdf,0xf7,0xdf,0xf7,0xbf,0xf7,0x7f,0xe7,0x7f,0xe7,0x7f,0xe7,0x7f,0xe7,0x7f,0xe7,0x7f,0xe7,0x7f,0xe7,
  0x7f,0xe7,0x7f,0xe7,0x7f,0xe7,0x7f,0xe7,0x9f,0xe7,0xff,0xbe,0xdf,0xbe,0xff,0xbe,0xff,0xc6,0xff,0xbe,0xff,0xbe,0xdf,0xbe,
  0x7f,0xdf,0xbf,0xf7,0x9f,0xef,0x9f,0xef,0xbf,0xef,0xbf,0xef,0x9f,0xef,0x9f,0xef,0x9f,0xef,0x9f,0xef,0x9f,0xef,0x9f,0xef,
  0x9f,0xef,0x9f,0xef,0x9f,0xef,0x9f,0xef,0x9f,0xef,0x9f,0xef,0x9f,0xef,0x9f,0xef,0x9f,0xef,0x9f,0xef,0x9f,0xef,0x9f,0xef,
  0x9f,0xef,0x9f,0xef,0x9f,0xef,0x9f,0xef,0xdf,0xf7,0xdf,0xf7,0xdf,0xf7,0xdf,0xf7,0xdf,0xf7,0xdf,0xf7,0xdf,0xff,0xdf,0xff,
  0xdf,0xff,0xdf,0xff,0xdf,0xff,0xdf,0xff,0xdf,0xff,0xdf,0xff,0xdf,0xff,0xdf,0xff,0xff,0xff,0xff,0xff,0xff,0xff,0xff,0xff,
  0xff,0xff,0xff,0xff,0xff,0xff,0xdf,0xff,0xff,0xff,0xff,0xff,0xff,0xff,0xff,0xff,0xff,0xff,0xff,0xff,0xff,0xff,0xff,0xff,
  0xff,0xff,0xff,0xff,0xff,0xff,0xff,0xff,0xff,0xff,0xff,0xff,0xff,0xff,0xff,0xff,0xff,0xff,0xff,0xff,0xff,0xff,0xff,0xff,
  0xff,0xff,0xff,0xff,0xff,0xff,0xff,0xff,0xff,0xff,0xff,0xff,0xff,0xff,0xff,0xff,0xff,0xff,0xff,0xff,0xff,0xff,0xff,0xff,
  0xff,0xff,0xff,0xff,0xff,0xff,0xff,0xff,0xff,0xff,0xff,0xff,0xff,0xff,0xff,0xff,0xff,0xff,0xff,0xff,0xff,0xff,0xff,0xff,
  0xff,0xff,0xff,0xff,0xff,0xff,0xff,0xff,0xff,0xff,0xff,0xff,0xff,0xff,0xff,0xff,0xff,0xff,0xff,0xff,0xff,0xff,0xff,0xff,
  0xff,0xff,0xff,0xff,0xff,0xff,0xff,0xff,0xff,0xff,0xff,0xff,0xff,0xff,0xff,0xff,0xff,0xff,0xff,0xff,0xff,0xff,0xff,0xff,
  0xff,0xff,0xff,0xff,0xff,0xff,0xff,0xff,0xff,0xff,0xff,0xff,0xff,0xff,0xff,0xff,0xff,0xff,0xff,0xff,0xff,0xff,0xff,0xff,
  0xff,0xff,0xff,0xff,0xff,0xff,0xff,0xff,0xff,0xff,0xff,0xff,0xff,0xff,0xff,0xff,0xff,0xff,0xff,0xff,0xff,0xff,0xff,0xff,
  0xff,0xff,0xff,0xff,0xff,0xff,0xff,0xff,0xff,0xff,0xff,0xff,0xff,0xff,0xff,0xff,0xff,0xff,0xff,0xff,0xff,0xff,0xff,0xff,
  0xff,0xff,0xff,0xff,0xff,0xff,0xff,0xff,0xff,0xff,0xff,0xff,0xff,0xff,0xff,0xff,0xff,0xff,0xdf,0xff,0xff,0xff,0xff,0xff,
  0xdf,0xff,0xff,0xff,0xff,0xff,0xff,0xff,0xff,0xff,0xff,0xff,0xff,0xff,0xff,0xff,0xff,0xff,0xdf,0xff,0xff,0xff,0xff,0xff,
  0xff,0xff,0xff,0xff,0xff,0xff,0xff,0xff,0xff,0xff,0xff,0xff,0xff,0xff,0xff,0xff,0xff,0xff,0xff,0xff,0xff,0xff,0xff,0xff,
  0xff,0xff,0xff,0xff,0xff,0xff,0xff,0xff,0xff,0xff,0xff,0xff,0xff,0xff,0xff,0xff,0xff,0xff,0xdf,0xff,0xff,0xff,0xff,0xff,
  0xdf,0xff,0xdf,0xff,0xff,0xff,0xff,0xff,0xff,0xff,0xdf,0xff,0xdf,0xff,0xdf,0xff,0xdf,0xff,0xdf,0xff,0xdf,0xff,0xdf,0xff,
  0xdf,0xff,0xdf,0xff,0xdf,0xf7,0xdf,0xff,0xdf,0xff,0xdf,0xff,0xdf,0xf7,0xdf,0xf7,0xdf,0xf7,0xdf,0xf7,0xdf,0xf7,0xdf,0xf7,
  0xdf,0xf7,0xdf,0xf7,0xdf,0xf7,0xdf,0xf7,0xdf,0xf7,0xdf,0xf7,0xdf,0xf7,0xdf,0xf7,0xdf,0xf7,0xdf,0xf7,0xdf,0xf7,0xdf,0xf7,
  0xdf,0xf7,0xdf,0xf7,0xdf,0xf7,0xdf,0xf7,0xdf,0xf7,0xdf,0xf7,0xdf,0xf7,0xdf,0xf7,0xdf,0xf7,0xdf,0xf7,0xdf,0xf7,0xdf,0xf7,
  0xdf,0xf7,0xdf,0xf7,0xdf,0xf7,0xdf,0xf7,0xdf,0xf7,0xdf,0xf7,0xdf,0xf7,0xdf,0xf7,0xdf,0xf7,0xdf,0xf7,0xdf,0xf7,0xdf,0xf7,
  0xdf,0xf7,0xdf,0xf7,0xdf,0xf7,0xdf,0xf7,0xdf,0xf7,0xdf,0xf7,0xdf,0xf7,0xdf,0xf7,0xdf,0xf7,0xdf,0xf7,0xdf,0xf7,0xdf,0xf7,
  0xdf,0xf7,0xdf,0xf7,0xdf,0xf7,0xdf,0xf7,0xdf,0xf7,0xbf,0xf7,0xdf,0xf7,0xdf,0xf7,0xdf,0xf7,0xdf,0xf7,0xdf,0xf7,0xdf,0xf7,
  0xbf,0xf7,0xdf,0xf7,0xdf,0xf7,0xdf,0xf7,0xdf,0xf7,0xdf,0xf7,0xdf,0xf7,0x9f,0xe7,0xdf,0xf7,0xdf,0xf7,0xdf,0xf7,0xdf,0xf7,
  0xbf,0xf7,0x7f,0xe7,0x7f,0xe7,0x7f,0xe7,0x7f,0xe7,0x7f,0xe7,0x7f,0xe7,0x7f,0xe7,0x7f,0xe7,0x7f,0xe7,0x7f,0xe7,0x7f,0xe7,
  0x9f,0xe7,0xff,0xbe,0xdf,0xbe,0xff,0xbe,0xff,0xbe,0xff,0xbe,0xdf,0xbe,0xdf,0xbe,0x7f,0xe7,0xbf,0xf7,0xbf,0xef,0xbf,0xef,
  0xbf,0xef,0xbf,0xef,0xbf,0xef,0xbf,0xef,0x9f,0xef,0x9f,0xef,0x9f,0xef,0x9f,0xef,0x9f,0xef,0x9f,0xef,0x9f,0xef,0x9f,0xef,
  0x9f,0xef,0x9f,0xef,0x9f,0xef,0x9e,0xef,0x9f,0xef,0x9f,0xef,0x9f,0xef,0x9f,0xef,0x9f,0xef,0x9f,0xef,0x9f,0xef,0x9f,0xef,
  0xdf,0xf7,0xdf,0xf7,0xdf,0xf7,0xdf,0xf7,0xdf,0xf7,0xdf,0xf7,0xdf,0xff,0xdf,0xff,0xdf,0xff,0xdf,0xff,0xdf,0xff,0xdf,0xff,
  0xdf,0xff,0xdf,0xff,0xdf,0xff,0xdf,0xff,0xff,0xff,0xdf,0xff,0xdf,0xff,0xff,0xff,0xff,0xff,0xff,0xff,0xff,0xff,0xff,0xff,
  0xff,0xff,0xff,0xff,0xff,0xff,0xff,0xff,0xff,0xff,0xff,0xff,0xff,0xff,0xff,0xff,0xff,0xff,0xff,0xff,0xff,0xff,0xff,0xff,
  0xff,0xff,0xff,0xff,0xff,0xff,0xff,0xff,0xff,0xff,0xff,0xff,0xff,0xff,0xff,0xff,0xff,0xff,0xff,0xff,0xff,0xff,0xff,0xff,
  0xff,0xff,0xff,0xff,0xff,0xff,0xff,0xff,0xff,0xff,0xff,0xff,0xff,0xff,0xff,0xff,0xff,0xff,0xff,0xff,0xff,0xff,0xff,0xff,
  0xff,0xff,0xff,0xff,0xff,0xff,0xff,0xff,0xff,0xff,0xff,0xff,0xff,0xff,0xff,0xff,0xff,0xff,0xff,0xff,0xff,0xff,0xff,0xff,
  0xff,0xff,0xff,0xff,0xff,0xff,0xff,0xff,0xff,0xff,0xff,0xff,0xff,0xff,0xff,0xff,0xff,0xff,0xff,0xff,0xff,0xff,0xff,0xff,
  0xff,0xff,0xff,0xff,0xff,0xff,0xff,0xff,0xff,0xff,0xff,0xff,0xff,0xff,0xff,0xff,0xff,0xff,0xff,0xff,0xff,0xff,0xff,0xff,
  0xff,0xff,0xff,0xff,0xff,0xff,0xff,0xff,0xff,0xff,0xff,0xff,0xff,0xff,0xff,0xff,0xff,0xff,0xff,0xff,0xff,0xff,0xff,0xff,
  0xff,0xff,0xff,0xff,0xff,0xff,0xff,0xff,0xff,0xff,0xff,0xff,0xff,0xff,0xff,0xff,0xff,0xff,0xff,0xff,0xff,0xff,0xff,0xff,
  0xff,0xff,0xff,0xff,0xff,0xff,0xff,0xff,0xff,0xff,0xff,0xff,0xff,0xff,0xff,0xff,0xff,0xff,0xff,0xff,0xff,0xff,0xff,0xff,
  0xdf,0xff,0xdf,0xff,0xff,0xff,0xdf,0xff,0xff,0xff,0xff,0xff,0xdf,0xff,0xff,0xff,0xdf,0xff,0xdf,0xff,0xdf,0xff,0xdf,0xff,
  0xdf,0xff,0xdf,0xff,0xff,0xff,0xff,0xff,0xff,0xff,0xdf,0xff,0xdf,0xff,0xff,0xff,0xff,0xff,0xff,0xff,0xff,0xff,0xff,0xff,
  0xff,0xff,0xff,0xff,0xff,0xff,0xff,0xff,0xff,0xff,0xff,0xff,0xff,0xff,0xff,0xff,0xff,0xff,0xff,0xff,0xff,0xff,0xff,0xff,
  0xff,0xff,0xff,0xff,0xff,0xff,0xff,0xff,0xff,0xff,0xff,0xff,0xff,0xff,0xff,0xff,0xdf,0xff,0xff,0xff,0xff,0xff,0xff,0xff,
  0xff,0xff,0xdf,0xff,0xdf,0xff,0xdf,0xff,0xdf,0xff,0xff,0xff,0xff,0xff,0xdf,0xff,0xdf,0xff,0xdf,0xff,0xdf,0xf7,0xdf,0xff,
  0xdf,0xff,0xdf,0xff,0xdf,0xff,0xdf,0xf7,0xdf,0xf7,0xdf,0xf7,0xdf,0xf7,0xdf,0xf7,0xdf,0xf7,0xdf,0xf7,0xdf,0xf7,0xdf,0xf7,
  0xdf,0xf7,0xdf,0xf7,0xdf,0xf7,0xdf,0xf7,0xdf,0xf7,0xdf,0xf7,0xdf,0xf7,0xdf,0xf7,0xdf,0xf7,0xdf,0xf7,0xdf,0xf7,0xdf,0xf7,
  0xdf,0xf7,0xdf,0xf7,0xdf,0xf7,0xdf,0xf7,0xdf,0xf7,0xdf,0xf7,0xdf,0xf7,0xdf,0xf7,0xdf,0xf7,0xdf,0xf7,0xdf,0xf7,0xdf,0xf7,
  0xdf,0xf7,0xdf,0xf7,0xdf,0xf7,0xdf,0xf7,0xdf,0xf7,0xdf,0xf7,0xdf,0xf7,0xdf,0xf7,0xdf,0xf7,0xdf,0xf7,0xdf,0xf7,0xdf,0xf7,
  0xdf,0xf7,0xdf,0xf7,0xdf,0xf7,0xdf,0xf7,0xdf,0xf7,0xdf,0xf7,0xdf,0xf7,0xdf,0xf7,0xdf,0xf7,0xdf,0xf7,0xdf,0xf7,0xdf,0xf7,
  0xdf,0xf7,0xdf,0xf7,0xdf,0xf7,0xdf,0xf7,0xdf,0xf7,0xdf,0xf7,0xdf,0xf7,0xdf,0xf7,0xdf,0xf7,0xdf,0xf7,0xdf,0xf7,0xdf,0xf7,
  0xdf,0xf7,0xdf,0xf7,0xbf,0xf7,0x9f,0xe7,0xdf,0xf7,0xdf,0xf7,0xdf,0xf7,0xdf,0xf7,0xbf,0xf7,0x7f,0xe7,0x7f,0xe7,0x7f,0xe7,
  0x7f,0xe7,0x7f,0xe7,0x7f,0xe7,0x7f,0xe7,0x7f,0xe7,0x7f,0xe7,0x7f,0xe7,0x9f,0xe7,0x9f,0xe7,0xff,0xc6,0xdf,0xbe,0xff,0xbe,
  0xdf,0xbe,0xdf,0xbe,0xdf,0xbe,0xdf,0xbe,0x7f,0xe7,0xbf,0xf7,0xbf,0xef,0xbf,0xef,0xbf,0xef,0xbf,0xef,0x9f,0xef,0x9f,0xef,
  0x9f,0xef,0x9f,0xef,0x9f,0xef,0x9f,0xef,0x9f,0xef,0x9f,0xef,0x9f,0xef,0x9f,0xef,0x9f,0xef,0x9f,0xef,0x9f,0xef,0x9f,0xef,
  0x9f,0xef,0x9f,0xef,0x9f,0xef,0x9f,0xef,0x9f,0xef,0x9f,0xef,0x9f,0xef,0x9f,0xef,0xdf,0xf7,0xdf,0xf7,0xdf,0xf7,0xdf,0xf7,
  0xdf,0xff,0xdf,0xff,0xdf,0xff,0xdf,0xff,0xdf,0xff,0xdf,0xff,0xdf,0xff,0xff,0xff,0xdf,0xff,0xdf,0xff,0xdf,0xff,0xff,0xff,
  0xff,0xff,0xff,0xff,0xff,0xff,0xff,0xff,0xff,0xff,0xff,0xff,0xff,0xff,0xff,0xff,0xff,0xff,0xff,0xff,0xff,0xff,0xff,0xff,
  0xff,0xff,0xff,0xff,0xff,0xff,0xff,0xff,0xff,0xff,0xff,0xff,0xff,0xff,0xff,0xff,0xff,0xff,0xff,0xff,0xff,0xff,0xff,0xff,
  0xff,0xff,0xff,0xff,0xff,0xff,0xff,0xff,0xff,0xff,0xff,0xff,0xff,0xff,0xff,0xff,0xff,0xff,0xff,0xff,0xff,0xff,0xff,0xff,
  0xff,0xff,0xff,0xff,0xff,0xff,0xff,0xff,0xff,0xff,0xff,0xff,0xff,0xff,0xff,0xff,0xff,0xff,0xff,0xff,0xff,0xff,0xff,0xff,
  0xff,0xff,0xff,0xff,0xff,0xff,0xff,0xff,0xff,0xff,0xff,0xff,0xff,0xff,0xff,0xff,0xff,0xff,0xff,0xff,0xff,0xff,0xff,0xff,
  0xff,0xff,0xff,0xff,0xff,0xff,0xff,0xff,0xff,0xff,0xff,0xff,0xff,0xff,0xff,0xff,0xff,0xff,0xff,0xff,0xff,0xff,0xff,0xff,
  0xff,0xff,0xff,0xff,0xff,0xff,0xff,0xff,0xff,0xff,0xff,0xff,0xff,0xff,0xff,0xff,0xff,0xff,0xff,0xff,0xff,0xff,0xff,0xff,
  0xff,0xff,0xff,0xff,0xff,0xff,0xff,0xff,0xff,0xff,0xff,0xff,0xff,0xff,0xff,0xff,0xff,0xff,0xff,0xff,0xff,0xff,0xff,0xff,
  0xff,0xff,0xff,0xff,0xff,0xff,0xff,0xff,0xff,0xff,0xff,0xff,0xff,0xff,0xff,0xff,0xff,0xff,0xff,0xff,0xff,0xff,0xff,0xff,
  0xff,0xff,0xff,0xff,0xdf,0xff,0xff,0xff,0xff,0xff,0xff,0xff,0xff,0xff,0xff,0xff,0xdf,0xff,0xff,0xff,0xdf,0xff,0xdf,0xff,
  0xdf,0xff,0xff,0xff,0xff,0xff,0xdf,0xff,0xff,0xff,0xdf,0xff,0xdf,0xff,0xdf,0xff,0xdf,0xff,0xdf,0xff,0xff,0xff,0xdf,0xff,
  0xff,0xff,0xff,0xff,0xdf,0xff,0xff,0xff,0xff,0xff,0xff,0xff,0xff,0xff,0xff,0xff,0xff,0xff,0xff,0xff,0xff,0xff,0xff,0xff,
  0xff,0xff,0xff,0xff,0xff,0xff,0xff,0xff,0xff,0xff,0xff,0xff,0xff,0xff,0xff,0xff,0xff,0xff,0xff,0xff,0xff,0xff,0xff,0xff,
  0xff,0xff,0xff,0xff,0xff,0xff,0xff,0xff,0xdf,0xff,0xdf,0xff,0xdf,0xff,0xff,0xff,0xff,0xff,0xdf,0xff,0xdf,0xff,0xdf,0xff,
  0xdf,0xff,0xff,0xff,0xff,0xff,0xdf,0xff,0xdf,0xff,0xdf,0xff,0xdf,0xff,0xdf,0xff,0xdf,0xff,0xdf,0xff,0xdf,0xff,0xdf,0xff,
  0xdf,0xf7,0xdf,0xf7,0xdf,0xf7,0xdf,0xf7,0xdf,0xf7,0xdf,0xf7,0xdf,0xf7,0xdf,0xf7,0xdf,0xf7,0xdf,0xf7,0xdf,0xf7,0xdf,0xf7,
  0xdf,0xf7,0xdf,0xf7,0xdf,0xf7,0xdf,0xf7,0xdf,0xf7,0xdf,0xf7,0xdf,0xf7,0xdf,0xf7,0xdf,0xf7,0xdf,0xf7,0xdf,0xf7,0xdf,0xf7,
  0xdf,0xf7,0xdf,0xf7,0xdf,0xf7,0xdf,0xf7,0xdf,0xf7,0xdf,0xf7,0xdf,0xf7,0xdf,0xf7,0xdf,0xf7,0xdf,0xff,0xdf,0xff,0xdf,0xf7,
  0xdf,0xff,0xdf,0xf7,0xdf,0xf7,0xdf,0xf7,0xdf,0xf7,0xdf,0xf7,0xdf,0xf7,0xdf,0xf7,0xdf,0xf7,0xdf,0xf7,0xdf,0xf7,0xdf,0xf7,
  0xdf,0xf7,0xdf,0xf7,0xdf,0xf7,0xdf,0xf7,0xdf,0xf7,0xdf,0xf7,0xdf,0xf7,0xdf,0xf7,0xdf,0xf7,0xdf,0xf7,0xdf,0xf7,0xdf,0xf7,
  0xdf,0xf7,0xdf,0xf7,0xdf,0xf7,0xdf,0xf7,0xdf,0xf7,0xdf,0xf7,0xdf,0xf7,0xdf,0xf7,0xdf,0xf7,0xdf,0xf7,0xbf,0xf7,0x9f,0xe7,
  0xdf,0xf7,0xdf,0xf7,0xdf,0xf7,0xdf,0xf7,0xbf,0xf7,0x7f,0xe7,0x7f,0xe7,0x7f,0xe7,0x7f,0xe7,0x7f,0xe7,0x7f,0xe7,0x7f,0xe7,
  0x7f,0xe7,0x7f,0xe7,0x7f,0xe7,0x7f,0xe7,0x9f,0xef,0xff,0xc6,0xdf,0xbe,0xff,0xbe,0xdf,0xbe,0xdf,0xbe,0xdf,0xbe,0xdf,0xbe,
  0x7f,0xdf,0xbf,0xf7,0xbf,0xef,0xbf,0xef,0xbf,0xef,0xbf,0xef,0xbf,0xef,0x9f,0xef,0xbf,0xef,0x9f,0xef,0x9f,0xef,0x9f,0xef,
  0x9f,0xef,0x9f,0xef,0x9f,0xef,0x9f,0xef,0x9f,0xef,0x9f,0xef,0x9f,0xef,0x9f,0xef,0x9f,0xef,0x9f,0xef,0x9f,0xef,0x9f,0xef,
  0x9f,0xef,0x9f,0xef,0x9f,0xef,0x9f,0xef,0xdf,0xf7,0xdf,0xff,0xdf,0xf7,0xdf,0xff,0xdf,0xff,0xdf,0xff,0xdf,0xff,0xdf,0xff,
  0xdf,0xff,0xdf,0xff,0xdf,0xff,0xdf,0xff,0xdf,0xff,0xdf,0xff,0xdf,0xff,0xff,0xff,0xff,0xff,0xdf,0xff,0xff,0xff,0xff,0xff,
  0xff,0xff,0xff,0xff,0xff,0xff,0xff,0xff,0xff,0xff,0xff,0xff,0xff,0xff,0xff,0xff,0xff,0xff,0xff,0xff,0xff,0xff,0xff,0xff,
  0xff,0xff,0xff,0xff,0xff,0xff,0xff,0xff,0xff,0xff,0xff,0xff,0xff,0xff,0xff,0xff,0xff,0xff,0xff,0xff,0xff,0xff,0xff,0xff,
  0xff,0xff,0xff,0xff,0xff,0xff,0xff,0xff,0xff,0xff,0xff,0xff,0xff,0xff,0xff,0xff,0xff,0xff,0xff,0xff,0xff,0xff,0xff,0xff,
  0xff,0xff,0xff,0xff,0xff,0xff,0xff,0xff,0xff,0xff,0xff,0xff,0xff,0xff,0xff,0xff,0xff,0xff,0xff,0xff,0xff,0xff,0xff,0xff,
  0xff,0xff,0xff,0xff,0xff,0xff,0xff,0xff,0xff,0xff,0xff,0xff,0xff,0xff,0xff,0xff,0xff,0xff,0xff,0xff,0xff,0xff,0xff,0xff,
  0xff,0xff,0xff,0xff,0xff,0xff,0xff,0xff,0xff,0xff,0xff,0xff,0xff,0xff,0xff,0xff,0xff,0xff,0xff,0xff,0xff,0xff,0xff,0xff,
  0xff,0xff,0xff,0xff,0xff,0xff,0xff,0xff,0xff,0xff,0xff,0xff,0xff,0xff,0xff,0xff,0xff,0xff,0xff,0xff,0xff,0xff,0xff,0xff,
  0xff,0xff,0xff,0xff,0xff,0xff,0xff,0xff,0xff,0xff,0xff,0xff,0xff,0xff,0xff,0xff,0xff,0xff,0xff,0xff,0xff,0xff,0xff,0xff,
  0xff,0xff,0xff,0xff,0xff,0xff,0xff,0xff,0xff,0xff,0xff,0xff,0xff,0xff,0xff,0xff,0xff,0xff,0xff,0xff,0xff,0xff,0xff,0xff,
  0xff,0xff,0xff,0xff,0xff,0xff,0xff,0xff,0xff,0xff,0xff,0xff,0xff,0xff,0xff,0xff,0xdf,0xff,0xff,0xff,0xff,0xff,0xdf,0xff,
  0xff,0xff,0xff,0xff,0xdf,0xff,0xdf,0xff,0xdf,0xff,0xdf,0xff,0xff,0xff,0xdf,0xff,0xff,0xff,0xdf,0xff,0xdf,0xff,0xff,0xff,
  0xff,0xff,0xff,0xff,0xff,0xff,0xff,0xff,0xff,0xff,0xff,0xff,0xff,0xff,0xff,0xff,0xff,0xff,0xff,0xff,0xff,0xff,0xff,0xff,
  0xff,0xff,0xff,0xff,0xff,0xff,0xff,0xff,0xff,0xff,0xff,0xff,0xff,0xff,0xff,0xff,0xff,0xff,0xff,0xff,0xff,0xff,0xff,0xff,
  0xff,0xff,0xff,0xff,0xdf,0xff,0xdf,0xff,0xff,0xff,0xdf,0xff,0xff,0xff,0xff,0xff,0xdf,0xff,0xdf,0xff,0xff,0xff,0xff,0xff,
  0xdf,0xff,0xdf,0xff,0xdf,0xff,0xdf,0xff,0xff,0xff,0xdf,0xff,0xdf,0xff,0xdf,0xff,0xdf,0xff,0xdf,0xf7,0xdf,0xf7,0xdf,0xf7,
  0xdf,0xf7,0xdf,0xf7,0xdf,0xf7,0xdf,0xf7,0xdf,0xf7,0xdf,0xf7,0xdf,0xf7,0xdf,0xf7,0xdf,0xf7,0xdf,0xf7,0xdf,0xf7,0xdf,0xf7,
  0xdf,0xf7,0xdf,0xf7,0xdf,0xf7,0xdf,0xf7,0xdf,0xf7,0xdf,0xf7,0xdf,0xf7,0xdf,0xf7,0xdf,0xf7,0xdf,0xf7,0xdf,0xf7,0xdf,0xf7,
  0xdf,0xf7,0xdf,0xf7,0xdf,0xf7,0xdf,0xf7,0xdf,0xf7,0xdf,0xff,0xdf,0xff,0xdf,0xff,0xdf,0xff,0xdf,0xf7,0xdf,0xf7,0xdf,0xf7,
  0xdf,0xf7,0xdf,0xf7,0xdf,0xf7,0xdf,0xf7,0xdf,0xf7,0xdf,0xf7,0xdf,0xf7,0xdf,0xf7,0xdf,0xf7,0xdf,0xf7,0xdf,0xf7,0xdf,0xf7,
  0xdf,0xf7,0xdf,0xf7,0xdf,0xf7,0xdf,0xf7,0xdf,0xf7,0xdf,0xf7,0xdf,0xf7,0xdf,0xf7,0xdf,0xf7,0xdf,0xf7,0xdf,0xf7,0xdf,0xf7,
  0xdf,0xf7,0xdf,0xf7,0xdf,0xf7,0xdf,0xf7,0xdf,0xf7,0xdf,0xf7,0xbf,0xf7,0x9f,0xe7,0xdf,0xf7,0xdf,0xf7,0xdf,0xf7,0xdf,0xf7,
  0xbf,0xf7,0x7f,0xe7,0x7f,0xe7,0x7f,0xe7,0x7f,0xe7,0x7f,0xe7,0x7f,0xe7,0x7f,0xe7,0x7f,0xe7,0x9f,0xe7,0x9f,0xe7,0x7f,0xe7,
  0x9f,0xef,0xff,0xc6,0xdf,0xbe,0xdf,0xbe,0xdf,0xbe,0xdf,0xbe,0xdf,0xbe,0xdf,0xbe,0x5f,0xdf,0xbf,0xf7,0xbf,0xef,0xbf,0xef,
  0xbf,0xef,0xbf,0xef,0xbf,0xef,0xbf,0xef,0xbf,0xef,0xbf,0xef,0xbf,0xef,0x9f,0xef,0x9f,0xef,0x9f,0xef,0x9f,0xef,0x9f,0xef,
  0x9f,0xef,0x9f,0xef,0x9f,0xef,0x9f,0xef,0x9f,0xef,0x9f,0xef,0x9f,0xef,0x9f,0xef,0x9f,0xef,0x9f,0xef,0x9f,0xef,0x9f,0xef,
  0xdf,0xff,0xdf,0xff,0xdf,0xff,0xdf,0xff,0xdf,0xff,0xdf,0xff,0xdf,0xff,0xff,0xff,0xdf,0xff,0xdf,0xff,0xff,0xff,0xff,0xff,
  0xff,0xff,0xff,0xff,0xff,0xff,0xdf,0xff,0xff,0xff,0xff,0xff,0xff,0xff,0xff,0xff,0xff,0xff,0xff,0xff,0xff,0xff,0xff,0xff,
  0xff,0xff,0xff,0xff,0xff,0xff,0xff,0xff,0xff,0xff,0xff,0xff,0xff,0xff,0xff,0xff,0xff,0xff,0xff,0xff,0xff,0xff,0xff,0xff,
  0xff,0xff,0xff,0xff,0xff,0xff,0xff,0xff,0xff,0xff,0xff,0xff,0xff,0xff,0xff,0xff,0xff,0xff,0xff,0xff,0xff,0xff,0xff,0xff,
  0xff,0xff,0xff,0xff,0xff,0xff,0xff,0xff,0xff,0xff,0xff,0xff,0xff,0xff,0xff,0xff,0xff,0xff,0xff,0xff,0xff,0xff,0xff,0xff,
  0xff,0xff,0xff,0xff,0xff,0xff,0xff,0xff,0xff,0xff,0xff,0xff,0xff,0xff,0xff,0xff,0xff,0xff,0xff,0xff,0xff,0xff,0xff,0xff,
  0xff,0xff,0xff,0xff,0xff,0xff,0xff,0xff,0xff,0xff,0xff,0xff,0xff,0xff,0xff,0xff,0xff,0xff,0xff,0xff,0xff,0xff,0xff,0xff,
  0xff,0xff,0xff,0xff,0xff,0xff,0xff,0xff,0xff,0xff,0xff,0xff,0xff,0xff,0xff,0xff,0xff,0xff,0xff,0xff,0xff,0xff,0xff,0xff,
  0xff,0xff,0xff,0xff,0xff,0xff,0xff,0xff,0xff,0xff,0xff,0xff,0xff,0xff,0xff,0xff,0xff,0xff,0xff,0xff,0xff,0xff,0xff,0xff,
  0xff,0xff,0xff,0xff,0xff,0xff,0xff,0xff,0xff,0xff,0xff,0xff,0xff,0xff,0xff,0xff,0xff,0xff,0xff,0xff,0xff,0xff,0xff,0xff,
  0xff,0xff,0xff,0xff,0xff,0xff,0xff,0xff,0xff,0xff,0xdf,0xff,0xff,0xff,0xdf,0xff,0xff,0xff,0xff,0xff,0xff,0xff,0xff,0xff,
  0xff,0xff,0xff,0xff,0xff,0xff,0xdf,0xff,0xff,0xff,0xdf,0xff,0xdf,0xff,0xdf,0xff,0xff,0xff,0xdf,0xff,0xdf,0xff,0xff,0xff,
  0xdf,0xff,0xdf,0xff,0xff,0xff,0xdf,0xff,0xdf,0xff,0xff,0xff,0xff,0xff,0xff,0xff,0xff,0xff,0xff,0xff,0xdf,0xff,0xff,0xff,
  0xff,0xff,0xff,0xff,0xff,0xff,0xff,0xff,0xff,0xff,0xff,0xff,0xff,0xff,0xff,0xff,0xff,0xff,0xff,0xff,0xff,0xff,0xff,0xff,
  0xff,0xff,0xff,0xff,0xff,0xff,0xff,0xff,0xff,0xff,0xff,0xff,0xff,0xff,0xff,0xff,0xff,0xff,0xff,0xff,0xff,0xff,0xff,0xff,
  0xdf,0xff,0xff,0xff,0xff,0xff,0xdf,0xff,0xdf,0xff,0xff,0xff,0xdf,0xff,0xdf,0xff,0xdf,0xff,0xff,0xff,0xdf,0xff,0xdf,0xff,
  0xdf,0xff,0xdf,0xff,0xdf,0xff,0xdf,0xff,0xdf,0xf7,0xdf,0xff,0xdf,0xff,0xdf,0xf7,0xdf,0xf7,0xdf,0xf7,0xdf,0xf7,0xdf,0xf7,
  0xdf,0xf7,0xdf,0xf7,0xdf,0xf7,0xdf,0xf7,0xdf,0xf7,0xdf,0xf7,0xdf,0xf7,0xdf,0xf7,0xdf,0xf7,0xdf,0xf7,0xdf,0xf7,0xdf,0xf7,
  0xdf,0xf7,0xdf,0xf7,0xdf,0xf7,0xdf,0xf7,0xdf,0xf7,0xdf,0xf7,0xdf,0xf7,0xdf,0xf7,0xdf,0xf7,0xdf,0xf7,0xdf,0xf7,0xdf,0xf7,
  0xdf,0xf7,0xdf,0xff,0xdf,0xff,0xdf,0xff,0xdf,0xff,0xdf,0xff,0xdf,0xf7,0xdf,0xff,0xdf,0xf7,0xdf,0xf7,0xdf,0xf7,0xdf,0xf7,
  0xdf,0xf7,0xdf,0xf7,0xdf,0xf7,0xdf,0xf7,0xdf,0xf7,0xdf,0xf7,0xdf,0xf7,0xdf,0xf7,0xdf,0xf7,0xdf,0xf7,0xdf,0xf7,0xdf,0xf7,
  0xdf,0xf7,0xdf,0xf7,0xdf,0xf7,0xdf,0xf7,0xdf,0xf7,0xdf,0xf7,0xdf,0xf7,0xdf,0xf7,0xdf,0xf7,0xdf,0xf7,0xdf,0xf7,0xdf,0xf7,
  0xdf,0xf7,0xdf,0xff,0xbf,0xef,0x7f,0xdf,0xdf,0xff,0xdf,0xf7,0xdf,0xf7,0xdf,0xf7,0xbf,0xf7,0x7f,0xe7,0x7f,0xe7,0x7f,0xe7,
  0x7f,0xe7,0x7f,0xe7,0x7f,0xe7,0x7f,0xe7,0x9f,0xe7,0x7f,0xe7,0x7f,0xe7,0x7f,0xe7,0xbf,0xef,0xff,0xc6,0xdf,0xbe,0xdf,0xbe,
  0xdf,0xbe,0xdf,0xbe,0xdf,0xbe,0xdf,0xb6,0x5f,0xd7,0xbf,0xf7,0xbf,0xef,0xbf,0xef,0xbf,0xef,0xbf,0xef,0xbf,0xef,0xbf,0xef,
  0xbf,0xef,0xbf,0xef,0xbf,0xef,0xbf,0xef,0x9f,0xef,0x9f,0xef,0x9f,0xef,0x9f,0xef,0x9f,0xef,0x9f,0xef,0x9f,0xef,0x9f,0xef,
  0x9f,0xef,0x9f,0xef,0x9f,0xef,0x9f,0xef,0x9f,0xef,0x9f,0xef,0x9f,0xef,0x9f,0xef,0xdf,0xff,0xdf,0xff,0xdf,0xff,0xdf,0xff,
  0xdf,0xff,0xdf,0xff,0xdf,0xff,0xdf,0xff,0xff,0xff,0xdf,0xff,0xdf,0xf7,0xdf,0xf7,0xdf,0xf7,0xdf,0xf7,0xdf,0xf7,0xdf,0xf7,
  0xdf,0xf7,0xdf,0xff,0xdf,0xff,0xdf,0xff,0xdf,0xff,0xff,0xff,0xff,0xff,0xdf,0xff,0xdf,0xff,0xdf,0xff,0xff,0xff,0xff,0xff,
  0xff,0xff,0xff,0xff,0xff,0xff,0xff,0xff,0xff,0xff,0xff,0xff,0xff,0xff,0xdf,0xff,0xdf,0xff,0xff,0xff,0xff,0xff,0xff,0xff,
  0xff,0xff,0xdf,0xff,0xdf,0xff,0xff,0xff,0xff,0xff,0xff,0xff,0xff,0xff,0xff,0xff,0xff,0xff,0xff,0xff,0xff,0xff,0xff,0xff,
  0xdf,0xff,0xff,0xff,0xff,0xff,0xff,0xff,0xff,0xff,0xdf,0xff,0xdf,0xff,0xdf,0xff,0xdf,0xff,0xdf,0xff,0xdf,0xff,0xdf,0xff,
  0xdf,0xff,0xdf,0xff,0xdf,0xff,0xdf,0xff,0xdf,0xff,0xdf,0xff,0xff,0xff,0xff,0xff,0xff,0xff,0xff,0xff,0xdf,0xff,0xff,0xff,
  0xff,0xff,0xff,0xff,0xff,0xff,0xff,0xff,0xff,0xff,0xff,0xff,0xff,0xff,0xff,0xff,0xff,0xff,0xff,0xff,0xff,0xff,0xff,0xff,
  0xff,0xff,0xff,0xff,0xdf,0xff,0xdf,0xff,0xff,0xff,0xff,0xff,0xff,0xff,0xff,0xff,0xff,0xff,0xdf,0xff,0xdf,0xff,0xdf,0xff,
  0xdf,0xff,0xdf,0xff,0xdf,0xff,0xdf,0xff,0xdf,0xff,0xdf,0xff,0xdf,0xff,0xdf,0xff,0xdf,0xff,0xff,0xff,0xff,0xff,0xff,0xff,
  0xff,0xff,0xff,0xff,0xff,0xff,0xff,0xff,0xff,0xff,0xff,0xff,0xff,0xff,0xff,0xff,0xff,0xff,0xff,0xff,0xff,0xff,0xff,0xff,
  0xdf,0xff,0xdf,0xff,0xff,0xff,0xff,0xff,0xdf,0xff,0xff,0xff,0xff,0xff,0xff,0xff,0xff,0xff,0xff,0xff,0xff,0xff,0xdf,0xff,
  0xdf,0xff,0xff,0xff,0xdf,0xff,0xff,0xff,0xdf,0xff,0xdf,0xff,0xdf,0xff,0xdf,0xff,0xff,0xff,0xdf,0xff,0xdf,0xff,0xff,0xff,
  0xff,0xff,0xff,0xff,0xff,0xff,0xff,0xff,0xff,0xff,0xdf,0xff,0xff,0xff,0xff,0xff,0xff,0xff,0xff,0xff,0xff,0xff,0xff,0xff,
  0xff,0xff,0xff,0xff,0xff,0xff,0xff,0xff,0xff,0xff,0xff,0xff,0xff,0xff,0xff,0xff,0xff,0xff,0xff,0xff,0xff,0xff,0xdf,0xff,
  0xff,0xff,0xff,0xff,0xff,0xff,0xff,0xff,0xff,0xff,0xff,0xff,0xff,0xff,0xff,0xff,0xff,0xff,0xff,0xff,0xff,0xff,0xdf,0xff,
  0xff,0xff,0xff,0xff,0xdf,0xff,0xdf,0xff,0xff,0xff,0xff,0xff,0xdf,0xff,0xdf,0xff,0xdf,0xff,0xdf,0xff,0xdf,0xff,0xdf,0xff,
  0xdf,0xff,0xdf,0xff,0xdf,0xff,0xdf,0xff,0xdf,0xf7,0xdf,0xf7,0xdf,0xf7,0xdf,0xf7,0xdf,0xf7,0xdf,0xf7,0xdf,0xf7,0xdf,0xf7,
  0xdf,0xf7,0xdf,0xf7,0xdf,0xf7,0xdf,0xf7,0xdf,0xf7,0xdf,0xf7,0xdf,0xf7,0xdf,0xf7,0xdf,0xf7,0xdf,0xf7,0xdf,0xf7,0xdf,0xf7,
  0xdf,0xf7,0xdf,0xf7,0xdf,0xf7,0xdf,0xf7,0xdf,0xf7,0xdf,0xf7,0xdf,0xf7,0xdf,0xf7,0xdf,0xff,0xdf,0xff,0xdf,0xff,0xdf,0xff,
  0xdf,0xff,0xdf,0xff,0xdf,0xff,0xdf,0xff,0xdf,0xff,0xdf,0xf7,0xdf,0xf7,0xdf,0xff,0xdf,0xf7,0xdf,0xf7,0xdf,0xf7,0xdf,0xf7,
  0xdf,0xf7,0xdf,0xf7,0xdf,0xf7,0xdf,0xf7,0xdf,0xf7,0xdf,0xf7,0xdf,0xf7,0xdf,0xf7,0xdf,0xf7,0xdf,0xf7,0xdf,0xf7,0xdf,0xf7,
  0xdf,0xf7,0xdf,0xf7,0xdf,0xf7,0xdf,0xf7,0xdf,0xf7,0xdf,0xf7,0xdf,0xf7,0xdf,0xf7,0xdf,0xf7,0xdf,0xff,0xbf,0xef,0x7f,0xdf,
  0xdf,0xff,0xdf,0xf7,0xdf,0xf7,0xdf,0xf7,0xbf,0xf7,0x7f,0xe7,0x7f,0xe7,0x9f,0xe7,0x7f,0xe7,0x7f,0xe7,0x9f,0xe7,0x9f,0xe7,
  0x7f,0xe7,0x9f,0xe7,0x9f,0xe7,0x7f,0xe7,0xbf,0xef,0x1f,0xcf,0xdf,0xb6,0xdf,0xbe,0xdf,0xbe,0xdf,0xbe,0xdf,0xbe,0xdf,0xb6,
  0x1f,0xcf,0xbf,0xf7,0xbf,0xef,0xbf,0xef,0xbf,0xef,0xbf,0xef,0xbf,0xef,0xbf,0xef,0xbf,0xef,0xbf,0xef,0xbf,0xef,0xbf,0xef,
  0x9f,0xef,0x9f,0xef,0x9f,0xef,0x9f,0xef,0x9f,0xef,0x9f,0xef,0x9f,0xef,0x9f,0xef,0x9f,0xef,0x9f,0xef,0x9f,0xef,0x9f,0xef,
  0x9f,0xef,0x9f,0xef,0x9f,0xef,0x9f,0xef,0xdf,0xff,0xdf,0xff,0xdf,0xff,0xdf,0xff,0xff,0xff,0xdf,0xff,0xdf,0xff,0xff,0xff,
  0xdf,0xff,0xff,0xff,0xff,0xff,0xff,0xff,0xff,0xff,0xff,0xff,0xff,0xff,0xff,0xff,0xff,0xff,0xff,0xff,0xff,0xff,0xff,0xff,
  0xff,0xff,0xff,0xff,0xff,0xff,0xff,0xff,0xff,0xff,0xff,0xff,0xff,0xff,0xff,0xff,0xff,0xff,0xff,0xff,0xff,0xff,0xff,0xff,
  0xff,0xff,0xff,0xff,0xff,0xff,0xff,0xff,0xff,0xff,0xff,0xff,0xff,0xff,0xff,0xff,0xff,0xff,0xff,0xff,0xff,0xff,0xff,0xff,
  0xff,0xff,0xff,0xff,0xff,0xff,0xff,0xff,0xff,0xff,0xff,0xff,0xff,0xff,0xff,0xff,0xff,0xff,0xff,0xff,0xff,0xff,0xff,0xff,
  0xff,0xff,0xff,0xff,0xff,0xff,0xff,0xff,0xff,0xff,0xff,0xff,0xff,0xff,0xff,0xff,0xff,0xff,0xff,0xff,0xff,0xff,0xff,0xff,
  0xff,0xff,0xff,0xff,0xff,0xff,0xff,0xff,0xff,0xff,0xff,0xff,0xff,0xff,0xff,0xff,0xff,0xff,0xff,0xff,0xff,0xff,0xff,0xff,
  0xff,0xff,0xff,0xff,0xff,0xff,0xff,0xff,0xff,0xff,0xff,0xff,0xff,0xff,0xff,0xff,0xff,0xff,0xff,0xff,0xff,0xff,0xff,0xff,
  0xff,0xff,0xff,0xff,0xff,0xff,0xff,0xff,0xff,0xff,0xff,0xff,0xff,0xff,0xff,0xff,0xff,0xff,0xff,0xff,0xff,0xff,0xff,0xff,
  0xff,0xff,0xff,0xff,0xff,0xff,0xff,0xff,0xff,0xff,0xff,0xff,0xff,0xff,0xff,0xff,0xff,0xff,0xff,0xff,0xff,0xff,0xff,0xff,
  0xff,0xff,0xff,0xff,0xff,0xff,0xff,0xff,0xff,0xff,0xff,0xff,0xff,0xff,0xff,0xff,0xff,0xff,0xdf,0xff,0xff,0xff,0xff,0xff,
  0xff,0xff,0xff,0xff,0xff,0xff,0xff,0xff,0xdf,0xff,0xff,0xff,0xff,0xff,0xdf,0xff,0xdf,0xff,0xff,0xff,0xdf,0xff,0xdf,0xff,
  0xff,0xff,0xdf,0xff,0xdf,0xff,0xdf,0xff,0xdf,0xff,0xdf,0xff,0xff,0xff,0xff,0xff,0xff,0xff,0xdf,0xff,0xdf,0xff,0xdf,0xff,
  0xff,0xff,0xff,0xff,0xff,0xff,0xff,0xff,0xff,0xff,0xff,0xff,0xff,0xff,0xff,0xff,0xff,0xff,0xff,0xff,0xff,0xff,0xff,0xff,
  0xff,0xff,0xff,0xff,0xff,0xff,0xff,0xff,0xff,0xff,0xff,0xff,0xff,0xff,0xff,0xff,0xff,0xff,0xff,0xff,0xff,0xff,0xff,0xff,
  0xff,0xff,0xff,0xff,0xff,0xff,0xff,0xff,0xff,0xff,0xdf,0xff,0xff,0xff,0xdf,0xff,0xdf,0xff,0xdf,0xff,0xff,0xff,0xdf,0xff,
  0xdf,0xff,0xff,0xff,0xdf,0xff,0xdf,0xff,0xdf,0xff,0xdf,0xff,0xdf,0xff,0xdf,0xff,0xdf,0xff,0xdf,0xff,0xdf,0xff,0xdf,0xff,
  0xdf,0xf7,0xdf,0xf7,0xdf,0xf7,0xdf,0xf7,0xdf,0xf7,0xdf,0xf7,0xdf,0xf7,0xdf,0xf7,0xdf,0xf7,0xdf,0xf7,0xdf,0xf7,0xdf,0xf7,
  0xdf,0xf7,0xdf,0xf7,0xdf,0xf7,0xdf,0xf7,0xdf,0xf7,0xdf,0xf7,0xdf,0xff,0xdf,0xf7,0xdf,0xff,0xdf,0xff,0xdf,0xf7,0xdf,0xff,
  0xdf,0xff,0xdf,0xf7,0xdf,0xff,0xdf,0xff,0xdf,0xff,0xdf,0xff,0xff,0xff,0xdf,0xff,0xdf,0xff,0xdf,0xff,0xdf,0xff,0xdf,0xff,
  0xdf,0xff,0xdf,0xf7,0xdf,0xf7,0xdf,0xf7,0xdf,0xf7,0xdf,0xff,0xdf,0xff,0xdf,0xff,0xdf,0xf7,0xdf,0xf7,0xdf,0xf7,0xdf,0xf7,
  0xdf,0xf7,0xdf,0xf7,0xdf,0xf7,0xdf,0xf7,0xdf,0xf7,0xdf,0xf7,0xdf,0xf7,0xdf,0xf7,0xdf,0xf7,0xdf,0xf7,0xdf,0xf7,0xdf,0xf7,
  0xdf,0xf7,0xdf,0xf7,0xdf,0xf7,0xdf,0xf7,0xdf,0xf7,0xdf,0xff,0xbf,0xef,0x7f,0xdf,0xff,0xff,0xdf,0xf7,0xdf,0xf7,0xdf,0xf7,
  0xbf,0xf7,0x7f,0xe7,0x7f,0xe7,0x7f,0xe7,0x7f,0xe7,0x7f,0xe7,0x7f,0xe7,0x7f,0xe7,0x9f,0xe7,0x9f,0xe7,0x9f,0xe7,0x9f,0xe7,
  0xbf,0xf7,0x3f,0xcf,0xbf,0xb6,0xdf,0xbe,0xdf,0xbe,0xdf,0xbe,0xdf,0xbe,0xdf,0xb6,0xff,0xc6,0xbf,0xf7,0xbf,0xef,0xbf,0xef,
  0xbf,0xef,0xbf,0xef,0xbf,0xef,0xbf,0xef,0xbf,0xef,0xbf,0xef,0xbf,0xef,0xbf,0xef,0xbf,0xef,0xbf,0xef,0xbf,0xef,0xbf,0xef,
  0x9f,0xef,0x9f,0xef,0x9f,0xef,0x9f,0xef,0x9f,0xef,0x9f,0xef,0x9f,0xef,0x9f,0xef,0x9f,0xef,0x9f,0xef,0x9f,0xef,0x9f,0xef,
  0xdf,0xff,0xdf,0xff,0xdf,0xff,0xff,0xff,0xff,0xff,0xff,0xff,0xff,0xff,0xdf,0xff,0xff,0xff,0xbe,0xf7,0x76,0xad,0xef,0x7b,
  0xaf,0x73,0xaf,0x73,0xaf,0x73,0x8e,0x73,0x8f,0x73,0xaf,0x73,0xaf,0x73,0x8e,0x73,0x8e,0x73,0x3c,0xe7,0xbe,0xf7,0x31,0x84,
  0x6e,0x6b,0xf0,0x7b,0x5d,0xef,0xff,0xff,0xdf,0xff,0xff,0xff,0xff,0xff,0xff,0xff,0xdf,0xff,0xff,0xff,0xfc,0xde,0xaf,0x73,
  0x4d,0x63,0x10,0x84,0xbe,0xf7,0xff,0xff,0x14,0xa5,0x0c,0x63,0x75,0xad,0xff,0xff,0xff,0xff,0xff,0xff,0xff,0xff,0xff,0xff,
  0xff,0xff,0xff,0xff,0xff,0xff,0x96,0xb5,0x4d,0x6b,0xb2,0x94,0xff,0xff,0xff,0xff,0xdf,0xff,0x92,0x8c,0xaf,0x73,0xcf,0x73,
  0xaf,0x73,0xaf,0x73,0xaf,0x73,0x8f,0x73,0x8e,0x73,0x8e,0x73,0xaf,0x73,0xaf,0x73,0xaf,0x73,0xae,0x73,0x1c,0xe7,0xff,0xff,
  0xff,0xff,0xbc,0x9d,0x79,0x6c,0xb8,0x7c,0x3e,0xe7,0xff,0xff,0xdf,0xff,0xff,0xff,0xff,0xff,0xff,0xff,0xff,0xff,0xdf,0xf7,
  0x3f,0x86,0xff,0x75,0x3f,0x86,0xbf,0xef,0xff,0xff,0x1c,0xe7,0xaf,0x73,0x6e,0x6b,0xdb,0xde,0xff,0xff,0xdf,0xff,0xff,0xff,
  0xdf,0xff,0x55,0xad,0xf0,0x7b,0xd0,0x73,0xd0,0x73,0xcf,0x73,0xaf,0x73,0xaf,0x73,0xaf,0x73,0xcf,0x73,0xd0,0x73,0xaf,0x73,
  0x10,0x84,0x9e,0xf7,0xff,0xff,0xff,0xff,0xff,0xff,0xff,0xff,0xff,0xff,0xff,0xff,0xff,0xff,0xff,0xff,0xff,0xff,0xff,0xff,
  0xff,0xff,0xff,0xff,0xff,0xff,0xff,0xff,0xff,0xff,0xff,0xff,0xdf,0xff,0xdf,0xff,0xdf,0xff,0xff,0xff,0xdf,0xff,0xff,0xff,
  0xdf,0xff,0xdf,0xff,0xff,0xff,0xdf,0xff,0xdf,0xff,0xff,0xff,0xdf,0xff,0xdf,0xff,0xdf,0xff,0xdf,0xff,0xdf,0xff,0xdf,0xff,
  0xdf,0xff,0xdf,0xff,0xdf,0xff,0xdf,0xff,0xdf,0xff,0xff,0xff,0xff,0xff,0xff,0xff,0xdf,0xff,0xff,0xff,0xff,0xff,0xdf,0xff,
  0xff,0xff,0xff,0xff,0xff,0xff,0xff,0xff,0xff,0xff,0xff,0xff,0xff,0xff,0xff,0xff,0xff,0xff,0xff,0xff,0xff,0xff,0xff,0xff,
  0xff,0xff,0xff,0xff,0xff,0xff,0xff,0xff,0xff,0xff,0xff,0xff,0xff,0xff,0xff,0xff,0xff,0xff,0xff,0xff,0xff,0xff,0xff,0xff,
  0xff,0xff,0xff,0xff,0xff,0xff,0xdf,0xff,0xff,0xff,0xff,0xff,0xdf,0xff,0xdf,0xff,0xdf,0xff,0xdf,0xff,0xdf,0xff,0xdf,0xff,
  0xdf,0xff,0xdf,0xff,0xdf,0xff,0xdf,0xff,0xdf,0xff,0xdf,0xff,0xdf,0xff,0xdf,0xff,0xdf,0xf7,0xdf,0xf7,0xdf,0xf7,0xdf,0xf7,
  0xdf,0xf7,0xdf,0xf7,0xdf,0xf7,0xdf,0xf7,0xdf,0xf7,0xdf,0xf7,0xdf,0xf7,0xdf,0xf7,0xdf,0xf7,0xdf,0xf7,0xdf,0xf7,0xdf,0xf7,
  0xdf,0xff,0xdf,0xf7,0xdf,0xff,0xdf,0xff,0xdf,0xff,0xff,0xff,0xdf,0xf7,0xdf,0xff,0xdf,0xff,0xdf,0xff,0xdf,0xff,0xdf,0xff,
  0xdf,0xff,0xdf,0xff,0xdf,0xff,0xdf,0xff,0xdf,0xff,0xff,0xff,0xdf,0xff,0xdf,0xff,0xdf,0xff,0xdf,0xff,0xdf,0xff,0xdf,0xff,
  0xdf,0xff,0xdf,0xff,0xdf,0xff,0xdf,0xff,0xdf,0xff,0xdf,0xff,0xdf,0xff,0xdf,0xff,0xdf,0xf7,0xdf,0xf7,0xdf,0xf7,0xdf,0xf7,
  0xdf,0xf7,0xdf,0xf7,0xdf,0xf7,0xdf,0xf7,0xdf,0xf7,0xdf,0xf7,0xdf,0xf7,0xdf,0xf7,0xdf,0xf7,0xdf,0xf7,0xdf,0xf7,0xdf,0xf7,
  0xdf,0xf7,0xdf,0xff,0xdf,0xf7,0x7f,0xd7,0xff,0xff,0xdf,0xf7,0xdf,0xf7,0xdf,0xff,0xdf,0xf7,0x9f,0xe7,0x7f,0xe7,0x7f,0xe7,
  0x9f,0xe7,0x7f,0xe7,0x9f,0xe7,0x9f,0xe7,0x9f,0xe7,0x9f,0xe7,0x9f,0xe7,0x9f,0xe7,0xbf,0xef,0x5f,0xd7,0xbf,0xb6,0xdf,0xbe,
  0xdf,0xbe,0xdf,0xbe,0xdf,0xbe,0xdf,0xb6,0xdf,0xbe,0xbf,0xef,0xbf,0xf7,0xbf,0xef,0xbf,0xef,0xbf,0xef,0xbf,0xef,0xbf,0xef,
  0xbf,0xef,0xbf,0xef,0xbf,0xef,0xbf,0xef,0xbf,0xef,0xbf,0xef,0xbf,0xef,0xbf,0xef,0xbf,0xef,0xbf,0xef,0x9f,0xef,0x9f,0xef,
  0x9f,0xef,0x9f,0xef,0x9f,0xef,0x9f,0xef,0x9f,0xef,0x9f,0xef,0x9f,0xef,0x9f,0xef,0xdf,0xff,0xff,0xff,0xdf,0xff,0xdf,0xff,
  0xff,0xff,0xff,0xff,0xdf,0xff,0xff,0xff,0xf7,0xbd,0x66,0x29,0x01,0x00,0x00,0x00,0x00,0x00,0x00,0x00,0x00,0x00,0x00,0x00,
  0x00,0x00,0x00,0x00,0x00,0x00,0x00,0x00,0x00,0x00,0x9a,0xd6,0xff,0xff,0xd7,0xb5,0x42,0x00,0x00,0x00,0xc7,0x39,0x5d,0xef,
  0xff,0xff,0xdf,0xff,0xff,0xff,0xdf,0xff,0xff,0xff,0xfb,0xde,0x46,0x29,0x00,0x00,0x63,0x00,0xd7,0xbd,0xff,0xff,0xdf,0xf7,
  0x05,0x21,0x00,0x00,0x01,0x00,0x10,0x7c,0xff,0xff,0xff,0xff,0xff,0xff,0xff,0xff,0xff,0xff,0xdf,0xff,0xff,0xff,0x6e,0x6b,
  0x00,0x00,0xc8,0x39,0xff,0xff,0xff,0xff,0xdf,0xff,0x26,0x21,0x00,0x00,0x00,0x00,0x00,0x00,0x00,0x00,0x00,0x00,0x00,0x00,
  0x00,0x00,0x00,0x00,0x00,0x00,0x00,0x00,0x00,0x00,0x00,0x00,0x59,0xce,0xff,0xff,0xff,0xff,0xfe,0xce,0x94,0x1a,0x10,0x01,
  0xb3,0x2a,0x1d,0xdf,0xff,0xff,0xff,0xff,0xff,0xff,0xff,0xff,0x9f,0xe7,0x5f,0x3d,0x3f,0x04,0x9f,0x14,0xff,0xbe,0xff,0xff,
  0xff,0xff,0x39,0xc6,0x01,0x00,0x00,0x00,0x18,0xc6,0xff,0xff,0xdf,0xff,0x5d,0xef,0xe8,0x39,0x00,0x00,0x00,0x00,0x00,0x00,
  0x00,0x00,0x00,0x00,0x00,0x00,0x00,0x00,0x00,0x00,0x00,0x00,0x00,0x00,0x00,0x00,0x21,0x00,0x5d,0xef,0xff,0xff,0xff,0xff,
  0xff,0xff,0xff,0xff,0xff,0xff,0xff,0xff,0xff,0xff,0xff,0xff,0xff,0xff,0xff,0xff,0xff,0xff,0xff,0xff,0xff,0xff,0xff,0xff,
  0xff,0xff,0xdf,0xff,0xdf,0xff,0xdf,0xff,0xdf,0xff,0xdf,0xff,0xdf,0xff,0xdf,0xff,0xdf,0xff,0xdf,0xff,0xff,0xff,0xdf,0xff,
  0xdf,0xff,0xff,0xff,0xdf,0xff,0xff,0xff,0xdf,0xff,0xff,0xff,0xdf,0xff,0xdf,0xff,0xdf,0xff,0xdf,0xff,0xdf,0xff,0xdf,0xff,
  0xdf,0xff,0xff,0xff,0xdf,0xff,0xff,0xff,0xdf,0xff,0xdf,0xff,0xdf,0xff,0xff,0xff,0xff,0xff,0xff,0xff,0xff,0xff,0xff,0xff,
  0xff,0xff,0xff,0xff,0xff,0xff,0xff,0xff,0xff,0xff,0xff,0xff,0xff,0xff,0xff,0xff,0xff,0xff,0xff,0xff,0xff,0xff,0xff,0xff,
  0xff,0xff,0xff,0xff,0xff,0xff,0xff,0xff,0xff,0xff,0xff,0xff,0xff,0xff,0xff,0xff,0xff,0xff,0xff,0xff,0xff,0xff,0xdf,0xff,
  0xdf,0xff,0xdf,0xff,0xff,0xff,0xdf,0xff,0xdf,0xff,0xdf,0xff,0xdf,0xff,0xdf,0xff,0xdf,0xff,0xdf,0xff,0xdf,0xff,0xdf,0xff,
  0xdf,0xff,0xdf,0xff,0xdf,0xff,0xdf,0xff,0xdf,0xf7,0xdf,0xf7,0xdf,0xf7,0xdf,0xf7,0xdf,0xf7,0xdf,0xf7,0xdf,0xf7,0xdf,0xf7,
  0xdf,0xf7,0xdf,0xf7,0xdf,0xf7,0xdf,0xf7,0xdf,0xf7,0xdf,0xf7,0xdf,0xf7,0xdf,0xf7,0xdf,0xf7,0xdf,0xff,0xdf,0xff,0xdf,0xff,
  0xdf,0xff,0xff,0xff,0xdf,0xff,0xdf,0xff,0xdf,0xff,0xdf,0xff,0xdf,0xff,0xdf,0xff,0xdf,0xff,0xdf,0xff,0xdf,0xff,0xdf,0xff,
  0xdf,0xff,0xdf,0xff,0xdf,0xff,0xdf,0xff,0xdf,0xff,0xdf,0xff,0xdf,0xff,0xdf,0xff,0xdf,0xff,0xdf,0xff,0xdf,0xff,0xdf,0xff,
  0xdf,0xff,0xdf,0xff,0xdf,0xff,0xdf,0xff,0xdf,0xff,0xdf,0xff,0xdf,0xff,0xdf,0xff,0xdf,0xf7,0xdf,0xf7,0xdf,0xf7,0xdf,0xf7,
  0xdf,0xf7,0xdf,0xf7,0xdf,0xf7,0xdf,0xf7,0xdf,0xf7,0xdf,0xf7,0xdf,0xf7,0xdf,0xf7,0xdf,0xf7,0xdf,0xff,0xdf,0xf7,0x7f,0xd7,
  0xdf,0xf7,0xdf,0xff,0xdf,0xf7,0xdf,0xff,0xdf,0xf7,0x9f,0xe7,0x9f,0xe7,0x9f,0xe7,0x9f,0xe7,0x9f,0xe7,0x9f,0xe7,0x9f,0xe7,
  0x9f,0xe7,0x9f,0xe7,0x9f,0xe7,0x9f,0xe7,0x9f,0xef,0x7f,0xe7,0xbf,0xb6,0xdf,0xbe,0xdf,0xbe,0xdf,0xbe,0xdf,0xb6,0xdf,0xb6,
  0xbf,0xb6,0x9f,0xe7,0xdf,0xf7,0xbf,0xf7,0xbf,0xf7,0xbf,0xef,0xbf,0xef,0xbf,0xef,0xbf,0xef,0xbf,0xef,0xbf,0xef,0xbf,0xef,
  0xbf,0xef,0xbf,0xef,0xbf,0xef,0xbf,0xef,0xbf,0xef,0xbf,0xef,0xbf,0xef,0x9f,0xef,0x9f,0xef,0x9f,0xef,0x9f,0xef,0x9f,0xef,
  0x9f,0xef,0x9f,0xef,0x9f,0xef,0x9f,0xef,0xdf,0xff,0xff,0xff,0xff,0xff,0xff,0xff,0xff,0xff,0xdf,0xff,0xff,0xff,0x18,0xc6,
  0x41,0x08,0x00,0x00,0xe5,0x18,0x8f,0x73,0x92,0x94,0x92,0x94,0x92,0x94,0x92,0x94,0x72,0x8c,0x71,0x8c,0x92,0x8c,0x92,0x94,
  0xb2,0x94,0x7d,0xef,0xff,0xff,0xff,0xff,0x79,0xce,0xc3,0x18,0x00,0x00,0xa8,0x31,0x3d,0xe7,0xff,0xff,0xbe,0xf7,0xff,0xff,
  0xdb,0xde,0x46,0x21,0x00,0x00,0x05,0x21,0xba,0xd6,0xff,0xff,0xff,0xff,0xdf,0xff,0x87,0x29,0x22,0x00,0x23,0x00,0x00,0x00,
  0xab,0x52,0x9e,0xf7,0xff,0xff,0xdf,0xff,0xff,0xff,0xdf,0xff,0xff,0xff,0xaf,0x73,0x20,0x00,0x49,0x42,0xff,0xff,0xff,0xff,
  0xdf,0xff,0x46,0x21,0x00,0x00,0x8a,0x52,0xb3,0x94,0x72,0x8c,0x72,0x8c,0x71,0x8c,0x72,0x8c,0x92,0x94,0x92,0x94,0x92,0x94,
  0x92,0x94,0xb2,0x94,0x7d,0xef,0xff,0xff,0xdf,0xff,0xff,0xff,0x5e,0xe7,0x15,0x3b,0x51,0x01,0x73,0x22,0xbc,0xce,0xff,0xff,
  0xff,0xff,0x7f,0xd7,0x1f,0x35,0x5f,0x04,0x1f,0x2d,0x7f,0xd7,0xff,0xff,0xdf,0xff,0xff,0xff,0x59,0xce,0x63,0x08,0x43,0x00,
  0x59,0xce,0xff,0xff,0xff,0xff,0x10,0x84,0x00,0x00,0xa3,0x10,0xcf,0x73,0x93,0x94,0x72,0x8c,0x72,0x8c,0x71,0x8c,0x72,0x8c,
  0x72,0x8c,0x72,0x8c,0x71,0x8c,0x92,0x94,0x14,0x9d,0xdf,0xff,0xff,0xff,0xff,0xff,0xff,0xff,0xff,0xff,0xff,0xff,0xff,0xff,
  0xff,0xff,0xff,0xff,0xff,0xff,0xff,0xff,0xff,0xff,0xff,0xff,0xdf,0xff,0xdf,0xff,0xff,0xff,0xdf,0xff,0xdf,0xff,0xdf,0xff,
  0xff,0xff,0xdf,0xff,0xff,0xff,0xff,0xff,0xdf,0xff,0xff,0xff,0xff,0xff,0xdf,0xff,0xdf,0xff,0xff,0xff,0xdf,0xff,0xdf,0xff,
  0xdf,0xff,0xff,0xff,0xff,0xff,0xdf,0xff,0xdf,0xff,0xdf,0xff,0xdf,0xff,0xdf,0xff,0xdf,0xff,0xff,0xff,0xdf,0xff,0xff,0xff,
  0xff,0xff,0xdf,0xff,0xdf,0xff,0xff,0xff,0xff,0xff,0xff,0xff,0xff,0xff,0xff,0xff,0xff,0xff,0xff,0xff,0xff,0xff,0xff,0xff,
  0xff,0xff,0xff,0xff,0xff,0xff,0xff,0xff,0xff,0xff,0xff,0xff,0xff,0xff,0xff,0xff,0xff,0xff,0xff,0xff,0xff,0xff,0xff,0xff,
  0xff,0xff,0xff,0xff,0xff,0xff,0xff,0xff,0xff,0xff,0xff,0xff,0xff,0xff,0xdf,0xff,0xdf,0xff,0xff,0xff,0xff,0xff,0xff,0xff,
  0xdf,0xff,0xdf,0xff,0xdf,0xff,0xdf,0xff,0xdf,0xff,0xdf,0xff,0xdf,0xff,0xdf,0xff,0xdf,0xff,0xdf,0xff,0xdf,0xff,0xdf,0xf7,
  0xdf,0xf7,0xdf,0xf7,0xdf,0xf7,0xdf,0xf7,0xdf,0xf7,0xdf,0xf7,0xdf,0xf7,0xdf,0xf7,0xdf,0xf7,0xdf,0xf7,0xdf,0xf7,0xdf,0xf7,
  0xdf,0xf7,0xdf,0xf7,0xdf,0xf7,0xdf,0xff,0xdf,0xff,0xdf,0xff,0xff,0xff,0xdf,0xff,0xdf,0xff,0xff,0xff,0xdf,0xff,0xdf,0xff,
  0xdf,0xff,0xdf,0xff,0xdf,0xff,0xdf,0xff,0xdf,0xff,0xdf,0xff,0xdf,0xff,0xdf,0xff,0xdf,0xff,0xdf,0xff,0xdf,0xff,0xdf,0xff,
  0xdf,0xff,0xdf,0xff,0xdf,0xff,0xdf,0xff,0xdf,0xff,0xdf,0xff,0xdf,0xff,0xdf,0xff,0xdf,0xff,0xdf,0xff,0xdf,0xff,0xdf,0xff,
  0xdf,0xff,0xdf,0xff,0xdf,0xff,0xdf,0xff,0xdf,0xf7,0xdf,0xf7,0xdf,0xf7,0xdf,0xf7,0xdf,0xf7,0xdf,0xff,0xdf,0xf7,0xdf,0xf7,
  0xdf,0xf7,0xdf,0xf7,0xdf,0xf7,0xdf,0xf7,0xdf,0xff,0xdf,0xff,0xff,0xff,0x5f,0xcf,0xdf,0xf7,0xdf,0xff,0xdf,0xff,0xff,0xff,
  0xdf,0xff,0x9f,0xef,0x7f,0xe7,0x7f,0xe7,0x9f,0xe7,0x9f,0xe7,0x9f,0xe7,0x9f,0xe7,0x9f,0xe7,0x9f,0xe7,0x9f,0xe7,0x9f,0xe7,
  0x9f,0xef,0xbf,0xef,0xdf,0xbe,0xdf,0xbe,0xdf,0xbe,0xdf,0xb6,0xdf,0xb6,0xdf,0xb6,0xbf,0xb6,0x5f,0xd7,0xdf,0xf7,0xbf,0xef,
  0xbf,0xf7,0xbf,0xef,0xbf,0xef,0xbf,0xef,0xbf,0xef,0xbf,0xef,0xbf,0xef,0xbf,0xef,0xbf,0xef,0xbf,0xef,0xbf,0xef,0xbf,0xef,
  0xbf,0xef,0xbf,0xef,0xbf,0xef,0x9f,0xef,0x9f,0xef,0x9f,0xef,0x9f,0xef,0x9f,0xef,0x9f,0xef,0x9f,0xef,0x9f,0xef,0x9f,0xef,
  0xff,0xff,0xff,0xff,0xdf,0xff,0xff,0xff,0xff,0xff,0xdf,0xff,0xff,0xff,0x09,0x3a,0x00,0x00,0x45,0x29,0xdb,0xde,0xff,0xff,
  0xff,0xff,0xff,0xff,0xff,0xff,0xff,0xff,0xff,0xff,0xff,0xff,0xff,0xff,0xff,0xff,0xff,0xff,0xff,0xff,0xff,0xff,0xdf,0xff,
  0xff,0xff,0x79,0xce,0x05,0x19,0x01,0x00,0xa8,0x31,0x1c,0xe7,0xff,0xff,0xba,0xd6,0x25,0x21,0x00,0x00,0x26,0x21,0xbb,0xd6,
  0xff,0xff,0xdf,0xff,0xff,0xff,0xdf,0xff,0x87,0x29,0x01,0x00,0xe9,0x39,0xe5,0x10,0x00,0x00,0xc8,0x31,0xdb,0xde,0xff,0xff,
  0xdf,0xff,0xdf,0xff,0xff,0xff,0x8e,0x6b,0x00,0x00,0x4a,0x42,0xff,0xff,0xff,0xff,0xff,0xff,0x35,0xa5,0x10,0x7c,0x1c,0xe7,
  0xff,0xff,0xff,0xff,0xff,0xff,0xff,0xff,0xff,0xff,0xff,0xff,0xff,0xff,0xff,0xff,0xff,0xff,0xff,0xff,0xff,0xff,0xff,0xff,
  0xff,0xff,0xff,0xff,0xff,0xff,0x9e,0xef,0x75,0x43,0x50,0x01,0x11,0x12,0x3b,0xbe,0x3f,0xc7,0xdf,0x1c,0x7f,0x04,0x7f,0x4d,
  0x9f,0xe7,0xff,0xff,0xff,0xff,0xff,0xff,0xff,0xff,0x59,0xce,0x42,0x00,0x01,0x00,0x38,0xc6,0xff,0xff,0xff,0xff,0x0d,0x5b,
  0x20,0x00,0x8b,0x52,0xff,0xff,0xff,0xff,0xff,0xff,0xff,0xff,0xff,0xff,0xff,0xff,0xff,0xff,0xff,0xff,0xff,0xff,0xff,0xff,
  0xff,0xff,0xff,0xff,0xff,0xff,0xff,0xff,0xff,0xff,0xff,0xff,0xff,0xff,0xff,0xff,0xff,0xff,0xff,0xff,0xff,0xff,0xff,0xff,
  0xff,0xff,0xff,0xff,0xff,0xff,0xff,0xff,0xff,0xff,0xff,0xff,0xff,0xff,0xdf,0xff,0xff,0xff,0xdf,0xff,0xff,0xff,0xff,0xff,
  0xdf,0xff,0xdf,0xff,0xdf,0xff,0xdf,0xff,0xff,0xff,0xdf,0xff,0xdf,0xff,0xdf,0xff,0xdf,0xff,0xff,0xff,0xdf,0xff,0xdf,0xff,
  0xff,0xff,0xdf,0xff,0xdf,0xff,0xdf,0xff,0xdf,0xff,0xdf,0xff,0xdf,0xff,0xdf,0xff,0xdf,0xff,0xdf,0xff,0xdf,0xff,0xff,0xff,
  0xff,0xff,0xff,0xff,0xff,0xff,0xff,0xff,0xff,0xff,0xff,0xff,0xff,0xff,0xff,0xff,0xff,0xff,0xff,0xff,0xff,0xff,0xff,0xff,
  0xff,0xff,0xff,0xff,0xff,0xff,0xff,0xff,0xff,0xff,0xff,0xff,0xff,0xff,0xff,0xff,0xff,0xff,0xff,0xff,0xff,0xff,0xdf,0xff,
  0xff,0xff,0xff,0xff,0xff,0xff,0xdf,0xff,0xdf,0xff,0xdf,0xff,0xdf,0xff,0xdf,0xff,0xdf,0xff,0xdf,0xff,0xdf,0xff,0xdf,0xff,
  0xdf,0xff,0xdf,0xff,0xdf,0xff,0xdf,0xff,0xdf,0xff,0xdf,0xff,0xdf,0xff,0xdf,0xff,0xdf,0xf7,0xdf,0xf7,0xdf,0xf7,0xdf,0xf7,
  0xdf,0xf7,0xdf,0xf7,0xdf,0xf7,0xdf,0xf7,0xdf,0xf7,0xdf,0xf7,0xdf,0xff,0xdf,0xf7,0xdf,0xf7,0xdf,0xf7,0xdf,0xff,0xdf,0xff,
  0xdf,0xff,0xdf,0xff,0xdf,0xff,0xdf,0xff,0xdf,0xff,0xdf,0xff,0xff,0xff,0xff,0xff,0xdf,0xff,0xdf,0xff,0xdf,0xff,0xff,0xff,
  0xdf,0xff,0xdf,0xff,0xdf,0xff,0xff,0xff,0xdf,0xff,0xff,0xff,0xff,0xff,0xff,0xff,0xff,0xff,0xdf,0xff,0xdf,0xff,0xdf,0xff,
  0xdf,0xff,0xdf,0xff,0xdf,0xff,0xdf,0xff,0xff,0xff,0xdf,0xff,0xdf,0xff,0xdf,0xff,0xff,0xff,0xdf,0xff,0xdf,0xff,0xdf,0xff,
  0xdf,0xff,0xdf,0xff,0xdf,0xf7,0xdf,0xf7,0xdf,0xf7,0xdf,0xf7,0xdf,0xf7,0xdf,0xf7,0xdf,0xf7,0xdf,0xf7,0xdf,0xff,0xdf,0xff,
  0xdf,0xff,0xdf,0xff,0xff,0xff,0x5f,0xcf,0xdf,0xef,0xff,0xff,0xff,0xff,0xff,0xff,0xff,0xff,0x9f,0xef,0x7f,0xe7,0x9f,0xe7,
  0x9f,0xe7,0x7f,0xe7,0x9f,0xe7,0x9f,0xe7,0x9f,0xe7,0x9f,0xe7,0x9f,0xe7,0x9f,0xef,0x9f,0xe7,0xbf,0xf7,0xff,0xc6,0xdf,0xb6,
  0xdf,0xbe,0xdf,0xb6,0xdf,0xb6,0xdf,0xb6,0xdf,0xb6,0x1f,0xc7,0xdf,0xf7,0xbf,0xf7,0xbf,0xf7,0xbf,0xef,0xbf,0xef,0xbf,0xef,
  0xbf,0xef,0xbf,0xef,0xbf,0xef,0xbf,0xef,0xbf,0xef,0xbf,0xef,0xbf,0xef,0xbf,0xef,0xbf,0xef,0xbf,0xef,0xbf,0xef,0xbf,0xef,
  0x9f,0xef,0x9f,0xef,0xbf,0xef,0x9f,0xef,0x9f,0xef,0x9f,0xef,0x9f,0xef,0x9f,0xef,0xdf,0xff,0xdf,0xff,0xdf,0xff,0xff,0xff,
  0xdf,0xff,0xff,0xff,0xdb,0xde,0x84,0x08,0x01,0x00,0x55,0xad,0xff,0xff,0xbe,0xf7,0xff,0xff,0xdf,0xff,0xdf,0xff,0xdf,0xff,
  0xdf,0xff,0xdf,0xff,0xdf,0xff,0xdf,0xff,0xdf,0xff,0xff,0xff,0xff,0xff,0xff,0xff,0xdf,0xff,0xff,0xff,0xba,0xd6,0x26,0x21,
  0x00,0x00,0x87,0x31,0xf7,0xbd,0x45,0x29,0x00,0x00,0x25,0x21,0xdb,0xde,0xff,0xff,0xdf,0xff,0xff,0xff,0xff,0xff,0xdf,0xff,
  0x87,0x31,0x00,0x00,0x92,0x8c,0x7a,0xce,0x06,0x19,0x01,0x00,0xc4,0x18,0x96,0xb5,0xff,0xff,0xbe,0xf7,0xff,0xff,0xaf,0x73,
  0x00,0x00,0x6b,0x4a,0xff,0xff,0xff,0xff,0xdf,0xff,0xf7,0xbd,0x76,0xad,0x35,0xa5,0x14,0xa5,0x14,0xa5,0x14,0x9d,0x14,0x9d,
  0x14,0xa5,0x14,0x9d,0xf4,0x9c,0xf3,0x9c,0xf3,0x9c,0x9a,0xce,0xff,0xff,0xff,0xff,0xff,0xff,0xff,0xff,0xff,0xff,0xff,0xff,
  0xbf,0xf7,0xb5,0x5b,0x6f,0x01,0xf6,0x12,0xdf,0x0c,0x5f,0x04,0x9f,0x5d,0xdf,0xf7,0xff,0xff,0xff,0xff,0xff,0xff,0xff,0xff,
  0xff,0xff,0x59,0xce,0x42,0x00,0x01,0x00,0x18,0xc6,0xff,0xff,0xff,0xff,0x72,0x8c,0x00,0x00,0xe5,0x18,0x31,0x84,0x14,0x9d,
  0xf3,0x9c,0xf4,0x9c,0xf4,0x9c,0x14,0x9d,0xf4,0x9c,0xf4,0x9c,0x96,0xb5,0x3c,0xe7,0xff,0xff,0xff,0xff,0xff,0xff,0xff,0xff,
  0xff,0xff,0xff,0xff,0xff,0xff,0xff,0xff,0xff,0xff,0xff,0xff,0xff,0xff,0xff,0xff,0xff,0xff,0xff,0xff,0xff,0xff,0xff,0xff,
  0xff,0xff,0xdf,0xff,0xdf,0xff,0xff,0xff,0xff,0xff,0xdf,0xff,0xdf,0xff,0xdf,0xff,0xdf,0xff,0xdf,0xff,0xdf,0xff,0xdf,0xff,
  0xdf,0xff,0xdf,0xff,0xdf,0xff,0xdf,0xff,0xdf,0xff,0xff,0xff,0xdf,0xff,0xff,0xff,0xff,0xff,0xdf,0xff,0xff,0xff,0xdf,0xff,
  0xff,0xff,0xdf,0xff,0xdf,0xff,0xff,0xff,0xdf,0xff,0xdf,0xff,0xdf,0xff,0xff,0xff,0xff,0xff,0xff,0xff,0xff,0xff,0xff,0xff,
  0xff,0xff,0xff,0xff,0xff,0xff,0xff,0xff,0xff,0xff,0xff,0xff,0xff,0xff,0xff,0xff,0xff,0xff,0xff,0xff,0xff,0xff,0xff,0xff,
  0xff,0xff,0xff,0xff,0xff,0xff,0xff,0xff,0xff,0xff,0xff,0xff,0xff,0xff,0xff,0xff,0xff,0xff,0xdf,0xff,0xff,0xff,0xff,0xff,
  0xdf,0xff,0xdf,0xff,0xdf,0xff,0xdf,0xff,0xdf,0xff,0xdf,0xff,0xdf,0xff,0xdf,0xff,0xdf,0xff,0xdf,0xff,0xdf,0xff,0xdf,0xff,
  0xdf,0xff,0xdf,0xff,0xdf,0xff,0xdf,0xff,0xdf,0xf7,0xdf,0xf7,0xdf,0xf7,0xdf,0xf7,0xdf,0xf7,0xdf,0xf7,0xdf,0xf7,0xdf,0xf7,
  0xdf,0xf7,0xdf,0xff,0xdf,0xff,0xdf,0xf7,0xdf,0xff,0xdf,0xff,0xdf,0xff,0xdf,0xff,0xdf,0xff,0xdf,0xff,0xff,0xff,0xdf,0xff,
  0xff,0xff,0xff,0xff,0xff,0xff,0xff,0xff,0xff,0xff,0xff,0xff,0xff,0xff,0xff,0xff,0xff,0xff,0xff,0xff,0xff,0xff,0xff,0xff,
  0xdf,0xff,0xff,0xff,0xff,0xff,0xff,0xff,0xff,0xff,0xdf,0xff,0xff,0xff,0xff,0xff,0xff,0xff,0xff,0xff,0xff,0xff,0xdf,0xff,
  0xff,0xff,0xdf,0xff,0xdf,0xff,0xdf,0xff,0xdf,0xff,0xdf,0xff,0xff,0xff,0xdf,0xff,0xdf,0xff,0xdf,0xff,0xdf,0xff,0xdf,0xff,
  0xdf,0xf7,0xdf,0xff,0xdf,0xff,0xdf,0xf7,0xdf,0xff,0xdf,0xf7,0xdf,0xff,0xdf,0xff,0xdf,0xff,0xff,0xff,0xff,0xff,0x5f,0xcf,
  0xbf,0xe7,0xff,0xff,0xff,0xff,0xff,0xff,0xff,0xff,0x9f,0xef,0x7f,0xe7,0x9f,0xe7,0x9f,0xe7,0x9f,0xe7,0x9f,0xe7,0x9f,0xe7,
  0x9f,0xe7,0x9f,0xe7,0x9f,0xe7,0x9f,0xef,0x9f,0xe7,0xbf,0xf7,0x3f,0xcf,0xbf,0xb6,0xdf,0xbe,0xdf,0xb6,0xdf,0xb6,0xdf,0xb6,
  0xdf,0xb6,0xff,0xbe,0xbf,0xef,0xbf,0xf7,0xbf,0xf7,0xbf,0xf7,0xbf,0xef,0xbf,0xef,0xbf,0xef,0xbf,0xef,0xbf,0xef,0xbf,0xef,
  0xbf,0xef,0xbf,0xef,0xbf,0xef,0xbf,0xef,0xbf,0xef,0xbf,0xef,0xbf,0xef,0xbf,0xef,0xbf,0xef,0xbf,0xef,0xbf,0xef,0xbf,0xef,
  0xbf,0xef,0x9f,0xef,0x9f,0xef,0x9f,0xef,0xff,0xff,0xff,0xff,0xff,0xff,0xff,0xff,0xdf,0xff,0xff,0xff,0x39,0xc6,0x22,0x00,
  0x83,0x08,0xdb,0xde,0xff,0xff,0xff,0xff,0xff,0xff,0xff,0xff,0xff,0xff,0xff,0xff,0xff,0xff,0xff,0xff,0xff,0xff,0xff,0xff,
  0xff,0xff,0xff,0xff,0xff,0xff,0xff,0xff,0xff,0xff,0xdf,0xff,0xff,0xff,0xdb,0xde,0x24,0x21,0x00,0x00,0x63,0x08,0x01,0x00,
  0x66,0x29,0xfb,0xde,0xff,0xff,0xdf,0xff,0xff,0xff,0xff,0xff,0xff,0xff,0xdf,0xff,0x66,0x29,0x00,0x00,0x11,0x84,0xff,0xff,
  0xfb,0xde,0xe8,0x39,0x00,0x00,0x21,0x00,0x71,0x8c,0xff,0xff,0xff,0xff,0xaf,0x73,0x01,0x00,0x4a,0x42,0xff,0xff,0xdf,0xff,
  0xbe,0xf7,0xe4,0x18,0x00,0x00,0x01,0x00,0x00,0x00,0x00,0x00,0x00,0x00,0x00,0x00,0x00,0x00,0x00,0x00,0x00,0x00,0x00,0x00,
  0x00,0x00,0xaf,0x73,0xff,0xff,0xdf,0xff,0xff,0xff,0xff,0xff,0xff,0xff,0xff,0xff,0xff,0xff,0xff,0xff,0xf8,0x3b,0x3e,0x04,
  0x9f,0x04,0xdf,0x65,0xff,0xff,0xff,0xff,0xff,0xff,0xff,0xff,0xff,0xff,0xff,0xff,0xff,0xff,0x59,0xce,0x43,0x00,0x22,0x00,
  0x39,0xc6,0xff,0xff,0xff,0xff,0x9e,0xf7,0x4a,0x4a,0x00,0x00,0x00,0x00,0x00,0x00,0x00,0x00,0x00,0x00,0x00,0x00,0x00,0x00,
  0x00,0x00,0x00,0x00,0x01,0x00,0xc4,0x18,0xf4,0x9c,0xff,0xff,0xdf,0xff,0xff,0xff,0xff,0xff,0xff,0xff,0xff,0xff,0xff,0xff,
  0xff,0xff,0xff,0xff,0xdf,0xff,0xff,0xff,0xff,0xff,0xff,0xff,0xff,0xff,0xff,0xff,0xff,0xff,0xff,0xff,0xff,0xff,0xdf,0xff,
  0xff,0xff,0xdf,0xff,0xdf,0xff,0xdf,0xff,0xdf,0xff,0xff,0xff,0xdf,0xff,0xdf,0xff,0xff,0xff,0xdf,0xff,0xdf,0xff,0xdf,0xff,
  0xdf,0xff,0xdf,0xff,0xdf,0xff,0xdf,0xff,0xdf,0xff,0xdf,0xff,0xff,0xff,0xdf,0xff,0xdf,0xff,0xdf,0xff,0xdf,0xff,0xdf,0xff,
  0xdf,0xff,0xdf,0xff,0xdf,0xff,0xff,0xff,0xff,0xff,0xff,0xff,0xff,0xff,0xff,0xff,0xff,0xff,0xff,0xff,0xff,0xff,0xff,0xff,
  0xff,0xff,0xff,0xff,0xff,0xff,0xff,0xff,0xff,0xff,0xff,0xff,0xff,0xff,0xff,0xff,0xff,0xff,0xff,0xff,0xff,0xff,0xff,0xff,
  0xff,0xff,0xff,0xff,0xff,0xff,0xff,0xff,0xff,0xff,0xdf,0xff,0xff,0xff,0xff,0xff,0xff,0xff,0xdf,0xff,0xdf,0xff,0xff,0xff,
  0xdf,0xff,0xdf,0xff,0xdf,0xff,0xdf,0xff,0xdf,0xff,0xdf,0xff,0xdf,0xff,0xdf,0xff,0xdf,0xff,0xdf,0xff,0xdf,0xff,0xdf,0xff,
  0xdf,0xff,0xdf,0xff,0xdf,0xff,0xdf,0xf7,0xdf,0xf7,0xdf,0xf7,0xdf,0xff,0xdf,0xf7,0xdf,0xf7,0xdf,0xf7,0xdf,0xff,0xdf,0xff,
  0xdf,0xff,0xdf,0xff,0xdf,0xff,0xdf,0xff,0xdf,0xff,0xdf,0xff,0xff,0xff,0xdf,0xff,0xdf,0xff,0xff,0xff,0xff,0xff,0xff,0xff,
  0xdf,0xff,0xdf,0xff,0xff,0xff,0xff,0xff,0xff,0xff,0xff,0xff,0xff,0xff,0xff,0xff,0xff,0xff,0xff,0xff,0xff,0xff,0xff,0xff,
  0xff,0xff,0xff,0xff,0xff,0xff,0xff,0xff,0xff,0xff,0xff,0xff,0xff,0xff,0xff,0xff,0xff,0xff,0xff,0xff,0xdf,0xff,0xff,0xff,
  0xdf,0xff,0xdf,0xff,0xdf,0xff,0xff,0xff,0xdf,0xff,0xdf,0xff,0xdf,0xff,0xdf,0xff,0xdf,0xff,0xdf,0xff,0xdf,0xff,0xdf,0xff,
  0xdf,0xff,0xdf,0xff,0xdf,0xff,0xdf,0xff,0xff,0xff,0xdf,0xff,0xff,0xff,0x7f,0xd7,0x9f,0xdf,0xff,0xff,0xff,0xff,0xdf,0xff,
  0xff,0xff,0xbf,0xf7,0x7f,0xe7,0x7f,0xe7,0x9f,0xe7,0x9f,0xe7,0x9f,0xe7,0x9f,0xe7,0x9f,0xe7,0x9f,0xe7,0x9f,0xef,0x9f,0xef,
  0x9f,0xe7,0xbf,0xef,0x7f,0xe7,0xdf,0xb6,0xdf,0xbe,0xdf,0xb6,0xdf,0xb6,0xdf,0xb6,0xdf,0xb6,0xbf,0xb6,0x7f,0xdf,0xdf,0xf7,
  0xbf,0xef,0xbf,0xf7,0xbf,0xf7,0xbf,0xef,0xbf,0xef,0xbf,0xef,0xbf,0xef,0xbf,0xef,0xbf,0xef,0xbf,0xef,0xbf,0xef,0xbf,0xef,
  0xbf,0xef,0xbf,0xef,0xbf,0xef,0xbf,0xef,0xbf,0xef,0x9f,0xef,0xbf,0xef,0xbf,0xef,0xbf,0xef,0xbf,0xef,0xbf,0xef,0x9f,0xef,
  0xff,0xff,0xff,0xff,0xff,0xff,0xff,0xff,0xdf,0xff,0xff,0xff,0x59,0xce,0x22,0x00,0x41,0x08,0x9a,0xd6,0xff,0xff,0xdf,0xff,
  0xff,0xff,0xff,0xff,0xff,0xff,0xff,0xff,0xff,0xff,0xff,0xff,0xff,0xff,0xff,0xff,0xff,0xff,0xff,0xff,0xff,0xff,0xff,0xff,
  0xff,0xff,0xff,0xff,0xdf,0xff,0xff,0xff,0xdb,0xd6,0x25,0x21,0x22,0x00,0x67,0x29,0x1c,0xe7,0xff,0xff,0xdf,0xff,0xff,0xff,
  0xff,0xff,0xff,0xff,0xff,0xff,0xdf,0xff,0x87,0x29,0x00,0x00,0x11,0x84,0xff,0xff,0xff,0xff,0xbe,0xf7,0xeb,0x5a,0x00,0x00,
  0x00,0x00,0xec,0x5a,0xdf,0xff,0x10,0x7c,0x00,0x00,0x2a,0x42,0xff,0xff,0xdf,0xff,0xbe,0xf7,0x87,0x31,0x22,0x00,0xab,0x52,
  0x51,0x8c,0x10,0x7c,0x31,0x84,0x31,0x84,0x31,0x84,0x10,0x84,0x10,0x84,0x11,0x84,0xf0,0x7b,0x18,0xc6,0xff,0xff,0xff,0xff,
  0xff,0xff,0xff,0xff,0xff,0xff,0xff,0xff,0xff,0xff,0x35,0x74,0x4d,0x01,0xf6,0x0a,0x1d,0x4d,0x57,0x2b,0x1a,0x85,0xff,0xff,
  0xff,0xff,0xff,0xff,0xff,0xff,0xff,0xff,0xff,0xff,0x59,0xce,0x43,0x00,0x43,0x00,0x39,0xc6,0xff,0xff,0xdf,0xff,0xff,0xff,
  0xdf,0xff,0x75,0xad,0x51,0x84,0x10,0x7c,0x11,0x7c,0x11,0x84,0x30,0x84,0x10,0x84,0x31,0x84,0x31,0x84,0x09,0x3a,0x01,0x00,
  0x01,0x00,0x7a,0xce,0xff,0xff,0xff,0xff,0xff,0xff,0xff,0xff,0xff,0xff,0xff,0xff,0xff,0xff,0xff,0xff,0xff,0xff,0xff,0xff,
  0xff,0xff,0xff,0xff,0xdf,0xff,0xff,0xff,0xff,0xff,0xdf,0xff,0xff,0xff,0xff,0xff,0xff,0xff,0xdf,0xff,0xdf,0xff,0xdf,0xff,
  0xdf,0xff,0xff,0xff,0xdf,0xff,0xdf,0xff,0xff,0xff,0xff,0xff,0xdf,0xff,0xdf,0xff,0xff,0xff,0xff,0xff,0xdf,0xff,0xdf,0xff,
  0xdf,0xff,0xdf,0xff,0xdf,0xff,0xdf,0xff,0xdf,0xff,0xdf,0xff,0xdf,0xff,0xdf,0xff,0xdf,0xff,0xff,0xff,0xff,0xff,0xff,0xff,
  0xff,0xff,0xff,0xff,0xff,0xff,0xff,0xff,0xff,0xff,0xff,0xff,0xff,0xff,0xff,0xff,0xff,0xff,0xff,0xff,0xff,0xff,0xff,0xff,
  0xff,0xff,0xff,0xff,0xff,0xff,0xff,0xff,0xff,0xff,0xff,0xff,0xff,0xff,0xff,0xff,0xff,0xff,0xff,0xff,0xdf,0xff,0xff,0xff,
  0xff,0xff,0xdf,0xff,0xdf,0xff,0xdf,0xff,0xdf,0xff,0xdf,0xff,0xdf,0xff,0xdf,0xff,0xdf,0xff,0xdf,0xff,0xdf,0xff,0xdf,0xff,
  0xdf,0xff,0xdf,0xff,0xdf,0xff,0xdf,0xff,0xdf,0xff,0xdf,0xff,0xdf,0xff,0xdf,0xf7,0xdf,0xf7,0xdf,0xf7,0xdf,0xf7,0xdf,0xff,
  0xdf,0xff,0xdf,0xf7,0xdf,0xf7,0xdf,0xf7,0xdf,0xf7,0xdf,0xff,0xdf,0xff,0xdf,0xff,0xdf,0xff,0xdf,0xff,0xdf,0xff,0xdf,0xff,
  0xdf,0xff,0xff,0xff,0xdf,0xff,0xdf,0xff,0xdf,0xff,0xff,0xff,0xff,0xff,0xff,0xff,0xdf,0xff,0xff,0xff,0xff,0xff,0xff,0xff,
  0xff,0xff,0xff,0xff,0xff,0xff,0xff,0xff,0xff,0xff,0xff,0xff,0xff,0xff,0xff,0xff,0xff,0xff,0xff,0xff,0xff,0xff,0xff,0xff,
  0xff,0xff,0xff,0xff,0xff,0xff,0xff,0xff,0xff,0xff,0xff,0xff,0xff,0xff,0xff,0xff,0xff,0xff,0xdf,0xff,0xdf,0xff,0xdf,0xff,
  0xff,0xff,0xff,0xff,0xdf,0xff,0xdf,0xff,0xdf,0xff,0xdf,0xff,0xdf,0xff,0xdf,0xff,0xdf,0xff,0xdf,0xff,0xdf,0xff,0xdf,0xff,
  0xff,0xff,0xff,0xff,0xff,0xff,0x9f,0xdf,0x7f,0xd7,0xff,0xff,0xdf,0xff,0xdf,0xff,0xff,0xff,0xdf,0xf7,0x7f,0xe7,0x9f,0xe7,
  0x7f,0xe7,0x9f,0xe7,0x9f,0xe7,0x9f,0xe7,0x9f,0xe7,0x9f,0xe7,0x9f,0xef,0x9f,0xef,0x9f,0xef,0x9f,0xef,0xbf,0xef,0xdf,0xbe,
  0xdf,0xb6,0xdf,0xb6,0xdf,0xb6,0xdf,0xb6,0xdf,0xb6,0xbf,0xb6,0x1f,0xc7,0xdf,0xf7,0xbf,0xf7,0xbf,0xf7,0xbf,0xf7,0xbf,0xf7,
  0xbf,0xf7,0xbf,0xef,0xbf,0xef,0xbf,0xef,0xbf,0xef,0xbf,0xef,0xbf,0xef,0xbf,0xef,0xbf,0xef,0xbf,0xef,0xbf,0xef,0xbf,0xef,
  0xbf,0xef,0xbf,0xef,0x9f,0xef,0xbf,0xef,0xbf,0xef,0xbf,0xef,0xbf,0xef,0xbf,0xef,0xff,0xff,0xff,0xff,0xdf,0xff,0xff,0xff,
  0xff,0xff,0xff,0xff,0x5d,0xef,0xc3,0x10,0x00,0x00,0xf0,0x7b,0xff,0xff,0xff,0xff,0xff,0xff,0xff,0xff,0xff,0xff,0xff,0xff,
  0xff,0xff,0xff,0xff,0xff,0xff,0xff,0xff,0xff,0xff,0xff,0xff,0xff,0xff,0xff,0xff,0xff,0xff,0xff,0xff,0xff,0xff,0xdf,0xff,
  0xff,0xff,0xcc,0x5a,0x00,0x00,0xec,0x5a,0xff,0xff,0xdf,0xff,0xff,0xff,0xff,0xff,0xff,0xff,0xff,0xff,0xff,0xff,0xff,0xff,
  0xa8,0x31,0x00,0x00,0x10,0x84,0xff,0xff,0xbe,0xf7,0xff,0xff,0xff,0xff,0x92,0x94,0x63,0x08,0x01,0x00,0x6b,0x4a,0xec,0x5a,
  0x00,0x00,0x09,0x42,0xff,0xff,0xdf,0xff,0xbe,0xf7,0xa8,0x31,0x01,0x00,0x14,0xa5,0xff,0xff,0xff,0xff,0xff,0xff,0xff,0xff,
  0xff,0xff,0xff,0xff,0xff,0xff,0xff,0xff,0xff,0xff,0xff,0xff,0xff,0xff,0xff,0xff,0xff,0xff,0xff,0xff,0xff,0xff,0x9e,0xf7,
  0x12,0x4b,0x8b,0x00,0x4d,0x09,0x1a,0xbe,0x5b,0x8d,0x93,0x01,0xd4,0x01,0x98,0x74,0xff,0xff,0xff,0xff,0xdf,0xff,0xff,0xff,
  0xff,0xff,0x59,0xce,0x43,0x00,0x22,0x00,0x38,0xc6,0xff,0xff,0xdf,0xff,0xff,0xff,0xff,0xff,0xff,0xff,0xff,0xff,0xff,0xff,
  0xff,0xff,0xff,0xff,0xff,0xff,0xff,0xff,0xff,0xff,0xff,0xff,0x7d,0xef,0xa3,0x10,0x00,0x00,0xd3,0x9c,0xff,0xff,0xdf,0xff,
  0xff,0xff,0xff,0xff,0xff,0xff,0xff,0xff,0xff,0xff,0xff,0xff,0xff,0xff,0xff,0xff,0xff,0xff,0xff,0xff,0xff,0xff,0xdf,0xff,
  0xdf,0xff,0xdf,0xff,0xdf,0xff,0xff,0xff,0xdf,0xff,0xdf,0xff,0xdf,0xff,0xdf,0xff,0xdf,0xff,0xdf,0xff,0xdf,0xff,0xdf,0xff,
  0xff,0xff,0xdf,0xff,0xdf,0xff,0xff,0xff,0xff,0xff,0xdf,0xff,0xdf,0xff,0xdf,0xff,0xdf,0xff,0xdf,0xff,0xdf,0xff,0xdf,0xff,
  0xdf,0xff,0xdf,0xff,0xdf,0xff,0xff,0xff,0xdf,0xff,0xff,0xff,0xff,0xff,0xff,0xff,0xff,0xff,0xff,0xff,0xff,0xff,0xff,0xff,
  0xff,0xff,0xff,0xff,0xff,0xff,0xff,0xff,0xff,0xff,0xff,0xff,0xff,0xff,0xff,0xff,0xff,0xff,0xff,0xff,0xff,0xff,0xff,0xff,
  0xff,0xff,0xff,0xff,0xff,0xff,0xff,0xff,0xff,0xff,0xff,0xff,0xff,0xff,0xff,0xff,0xff,0xff,0xdf,0xff,0xdf,0xff,0xdf,0xff,
  0xdf,0xff,0xdf,0xff,0xdf,0xff,0xff,0xff,0xdf,0xff,0xdf,0xff,0xdf,0xff,0xdf,0xff,0xdf,0xff,0xdf,0xff,0xdf,0xff,0xdf,0xff,
  0xdf,0xff,0xdf,0xff,0xdf,0xff,0xdf,0xff,0xdf,0xf7,0xdf,0xf7,0xdf,0xf7,0xdf,0xf7,0xdf,0xff,0xdf,0xf7,0xdf,0xf7,0xdf,0xf7,
  0xdf,0xf7,0xdf,0xff,0xdf,0xff,0xdf,0xff,0xdf,0xff,0xdf,0xff,0xff,0xff,0xff,0xff,0xdf,0xff,0xdf,0xff,0xdf,0xff,0xdf,0xff,
  0xdf,0xff,0xdf,0xff,0xff,0xff,0xff,0xff,0xff,0xff,0xff,0xff,0xff,0xff,0xff,0xff,0xff,0xff,0xff,0xff,0xff,0xff,0xff,0xff,
  0xff,0xff,0xff,0xff,0xff,0xff,0xff,0xff,0xff,0xff,0xff,0xff,0xff,0xff,0xff,0xff,0xff,0xff,0xff,0xff,0xff,0xff,0xff,0xff,
  0xff,0xff,0xff,0xff,0xff,0xff,0xff,0xff,0xff,0xff,0xff,0xff,0xdf,0xff,0xdf,0xff,0xff,0xff,0xff,0xff,0xff,0xff,0xdf,0xff,
  0xdf,0xff,0xdf,0xff,0xff,0xff,0xdf,0xff,0xdf,0xff,0xff,0xff,0xdf,0xff,0xdf,0xff,0xff,0xff,0xdf,0xff,0xff,0xff,0xbf,0xef,
  0x5f,0xc7,0xff,0xff,0xdf,0xff,0xff,0xff,0xff,0xff,0xdf,0xff,0x9f,0xe7,0x7f,0xe7,0x9f,0xe7,0x9f,0xe7,0x9f,0xe7,0x9f,0xe7,
  0x9f,0xe7,0x9f,0xef,0x9f,0xe7,0x9f,0xef,0x9f,0xef,0x9f,0xe7,0xdf,0xf7,0x1f,0xc7,0xbf,0xb6,0xdf,0xb6,0xdf,0xb6,0xdf,0xb6,
  0xdf,0xb6,0xdf,0xb6,0xdf,0xb6,0xbf,0xef,0xdf,0xf7,0xbf,0xf7,0xbf,0xf7,0xbf,0xf7,0xbf,0xf7,0xbf,0xf7,0xbf,0xef,0xbf,0xef,
  0xbf,0xef,0xbf,0xef,0xbf,0xef,0xbf,0xef,0xbf,0xef,0xbf,0xef,0xbf,0xef,0xbf,0xef,0xbf,0xef,0xbf,0xef,0xbf,0xef,0x9f,0xef,
  0xbf,0xef,0xbf,0xef,0xbf,0xef,0xbf,0xef,0xff,0xff,0xff,0xff,0xff,0xff,0xff,0xff,0xff,0xff,0xdf,0xff,0xff,0xff,0xaf,0x73,
  0x00,0x00,0x63,0x08,0xf0,0x7b,0x9a,0xd6,0xdb,0xde,0xdb,0xde,0xfb,0xde,0xfb,0xde,0xdb,0xde,0xdb,0xde,0xdb,0xde,0xdb,0xde,
  0xdb,0xde,0xdf,0xff,0xff,0xff,0xff,0xff,0xff,0xff,0xff,0xff,0xff,0xff,0xff,0xff,0xff,0xff,0x8b,0x52,0x00,0x00,0xab,0x52,
  0xff,0xff,0xff,0xff,0xff,0xff,0xff,0xff,0xff,0xff,0xff,0xff,0xff,0xff,0xdf,0xff,0xa8,0x31,0x00,0x00,0x31,0x84,0xff,0xff,
  0xdf,0xff,0xff,0xff,0xff,0xff,0xff,0xff,0xf8,0xbd,0xe5,0x18,0x00,0x00,0x42,0x00,0x00,0x00,0x08,0x42,0xff,0xff,0xff,0xff,
  0xdf,0xff,0xa8,0x31,0x01,0x00,0xf0,0x7b,0xfb,0xde,0xba,0xd6,0xba,0xd6,0xbb,0xd6,0xba,0xd6,0xba,0xd6,0xdb,0xd6,0xdb,0xde,
  0xbb,0xd6,0xdb,0xd6,0xbe,0xf7,0xff,0xff,0xdf,0xff,0xff,0xff,0x5e,0xef,0xb1,0x3a,0x8b,0x00,0xae,0x19,0x5b,0xc6,0xff,0xff,
  0xff,0xff,0x3a,0x8d,0xb3,0x01,0x71,0x01,0xf7,0x63,0xff,0xff,0xff,0xff,0xdf,0xff,0xff,0xff,0x59,0xce,0x43,0x00,0x43,0x00,
  0x39,0xc6,0xff,0xff,0xdf,0xff,0x5d,0xef,0xdb,0xde,0xdb,0xde,0xdb,0xde,0xdb,0xd6,0xdb,0xde,0xdb,0xde,0xdb,0xde,0xbb,0xd6,
  0xba,0xd6,0xdb,0xde,0xd4,0x94,0x63,0x08,0x00,0x00,0x96,0xb5,0xff,0xff,0xdf,0xff,0xff,0xff,0xff,0xff,0xff,0xff,0xff,0xff,
  0xff,0xff,0xff,0xff,0xff,0xff,0xff,0xff,0xff,0xff,0xdf,0xff,0xdf,0xff,0xff,0xff,0xff,0xff,0xff,0xff,0xdf,0xff,0xdf,0xff,
  0xdf,0xff,0xdf,0xff,0xdf,0xff,0xdf,0xff,0xdf,0xff,0xff,0xff,0xdf,0xff,0xdf,0xff,0xff,0xff,0xdf,0xff,0xdf,0xff,0xff,0xff,
  0xdf,0xff,0xdf,0xff,0xdf,0xff,0xff,0xff,0xdf,0xff,0xdf,0xff,0xdf,0xff,0xdf,0xff,0xdf,0xff,0xdf,0xff,0xdf,0xff,0xff,0xff,
  0xff,0xff,0xff,0xff,0xff,0xff,0xdf,0xff,0xff,0xff,0xff,0xff,0xff,0xff,0xff,0xff,0xff,0xff,0xff,0xff,0xff,0xff,0xff,0xff,
  0xff,0xff,0xff,0xff,0xff,0xff,0xff,0xff,0xff,0xff,0xff,0xff,0xff,0xff,0xdf,0xff,0xff,0xff,0xff,0xff,0xff,0xff,0xff,0xff,
  0xff,0xff,0xff,0xff,0xff,0xff,0xff,0xff,0xff,0xff,0xdf,0xff,0xdf,0xff,0xdf,0xff,0xdf,0xff,0xff,0xff,0xdf,0xff,0xdf,0xff,
  0xdf,0xff,0xdf,0xff,0xdf,0xff,0xdf,0xff,0xdf,0xff,0xdf,0xff,0xdf,0xff,0xdf,0xff,0xdf,0xff,0xdf,0xf7,0xdf,0xf7,0xdf,0xf7,
  0xdf,0xff,0xdf,0xff,0xdf,0xf7,0xdf,0xf7,0xdf,0xf7,0xdf,0xf7,0xdf,0xf7,0xdf,0xff,0xdf,0xf7,0xdf,0xff,0xdf,0xff,0xdf,0xff,
  0xdf,0xff,0xdf,0xff,0xdf,0xff,0xdf,0xff,0xdf,0xff,0xff,0xff,0xdf,0xff,0xff,0xff,0xff,0xff,0xdf,0xff,0xff,0xff,0xff,0xff,
  0xff,0xff,0xff,0xff,0xff,0xff,0xff,0xff,0xff,0xff,0xff,0xff,0xff,0xff,0xff,0xff,0xff,0xff,0xff,0xff,0xff,0xff,0xff,0xff,
  0xff,0xff,0xff,0xff,0xff,0xff,0xff,0xff,0xff,0xff,0xff,0xff,0xff,0xff,0xff,0xff,0xff,0xff,0xff,0xff,0xff,0xff,0xff,0xff,
  0xff,0xff,0xff,0xff,0xff,0xff,0xff,0xff,0xff,0xff,0xff,0xff,0xff,0xff,0xff,0xff,0xff,0xff,0xff,0xff,0xff,0xff,0xdf,0xff,
  0xdf,0xff,0xdf,0xff,0xdf,0xff,0xdf,0xff,0xdf,0xff,0xff,0xff,0xff,0xff,0xff,0xff,0x3f,0xbf,0xdf,0xf7,0xff,0xff,0xff,0xff,
  0xff,0xff,0xff,0xff,0x9f,0xef,0x7f,0xe7,0x9f,0xe7,0x7f,0xe7,0x9f,0xe7,0x9f,0xe7,0x9f,0xe7,0x9f,0xe7,0x9f,0xef,0x9f,0xef,
  0x9f,0xef,0x9f,0xe7,0xbf,0xf7,0x7f,0xdf,0xbf,0xb6,0xdf,0xbe,0xdf,0xbe,0xdf,0xb6,0xdf,0xb6,0xdf,0xb6,0xbf,0xb6,0x5f,0xd7,
  0xdf,0xf7,0xbf,0xf7,0xbf,0xf7,0xbf,0xf7,0xbf,0xf7,0xbf,0xef,0xbf,0xf7,0xbf,0xef,0xbf,0xef,0xbf,0xef,0xbf,0xef,0xbf,0xef,
  0xbf,0xef,0xbf,0xef,0xbf,0xef,0xbf,0xef,0xbf,0xef,0xbf,0xef,0xbf,0xef,0x9f,0xef,0xbf,0xef,0xbf,0xef,0xbf,0xef,0xbf,0xef,
  0xff,0xff,0xff,0xff,0xff,0xff,0xff,0xff,0xff,0xff,0xff,0xff,0xff,0xff,0xbe,0xf7,0xab,0x52,0x00,0x00,0x00,0x00,0x01,0x00,
  0x21,0x00,0x22,0x00,0x42,0x00,0x43,0x00,0x42,0x00,0x22,0x00,0x22,0x00,0x21,0x00,0x83,0x10,0xfc,0xde,0xff,0xff,0xff,0xff,
  0xff,0xff,0xff,0xff,0xff,0xff,0xdf,0xff,0xff,0xff,0x6a,0x4a,0x00,0x00,0xab,0x52,0xff,0xff,0xff,0xff,0xff,0xff,0xff,0xff,
  0xff,0xff,0xff,0xff,0xff,0xff,0xdf,0xf7,0x45,0x21,0x00,0x00,0x11,0x84,0xff,0xff,0xdf,0xff,0xff,0xff,0xff,0xff,0xdf,0xff,
  0xff,0xff,0xdb,0xde,0x86,0x31,0x00,0x00,0x00,0x00,0xc8,0x31,0xff,0xff,0xff,0xff,0xdf,0xff,0x46,0x29,0x00,0x00,0x22,0x00,
  0x42,0x00,0x22,0x00,0x22,0x00,0x22,0x00,0x22,0x00,0x22,0x00,0x42,0x00,0x42,0x00,0x22,0x00,0x42,0x00,0x9a,0xd6,0xff,0xff,
  0xff,0xff,0xdc,0xd6,0xef,0x21,0x6a,0x00,0xef,0x21,0xbc,0xd6,0xff,0xff,0xdf,0xff,0xff,0xff,0xff,0xff,0x7a,0x9d,0xb1,0x01,
  0x31,0x01,0x76,0x43,0x5e,0xe7,0xdf,0xff,0xff,0xff,0x59,0xce,0x02,0x00,0x02,0x00,0x39,0xc6,0xff,0xff,0xff,0xff,0xcf,0x7b,
  0x01,0x00,0x63,0x08,0x42,0x00,0x42,0x00,0x42,0x00,0x43,0x00,0x42,0x00,0x22,0x00,0x21,0x00,0x22,0x00,0x01,0x00,0x00,0x00,
  0x2a,0x42,0xbe,0xf7,0xff,0xff,0xff,0xff,0xff,0xff,0xff,0xff,0xff,0xff,0xff,0xff,0xff,0xff,0xff,0xff,0xff,0xff,0xff,0xff,
  0xff,0xff,0xff,0xff,0xff,0xff,0xff,0xff,0xdf,0xff,0xdf,0xff,0xdf,0xff,0xdf,0xff,0xdf,0xff,0xdf,0xff,0xdf,0xff,0xdf,0xff,
  0xdf,0xff,0xdf,0xff,0xff,0xff,0xff,0xff,0xdf,0xff,0xdf,0xff,0xdf,0xff,0xff,0xff,0xdf,0xff,0xdf,0xff,0xdf,0xff,0xdf,0xff,
  0xff,0xff,0xdf,0xff,0xdf,0xff,0xdf,0xff,0xff,0xff,0xff,0xff,0xff,0xff,0xff,0xff,0xff,0xff,0xff,0xff,0xdf,0xff,0xdf,0xff,
  0xff,0xff,0xff,0xff,0xff,0xff,0xff,0xff,0xdf,0xff,0xff,0xff,0xff,0xff,0xff,0xff,0xff,0xff,0xff,0xff,0xff,0xff,0xff,0xff,
  0xff,0xff,0xdf,0xff,0xff,0xff,0xff,0xff,0xff,0xff,0xff,0xff,0xff,0xff,0xff,0xff,0xff,0xff,0xff,0xff,0xff,0xff,0xff,0xff,
  0xff,0xff,0xdf,0xff,0xdf,0xff,0xdf,0xff,0xff,0xff,0xdf,0xff,0xdf,0xff,0xdf,0xff,0xdf,0xff,0xdf,0xff,0xdf,0xff,0xdf,0xff,
  0xdf,0xff,0xdf,0xff,0xdf,0xff,0xdf,0xf7,0xdf,0xf7,0xdf,0xff,0xdf,0xf7,0xdf,0xf7,0xdf,0xf7,0xdf,0xf7,0xdf,0xf7,0xdf,0xf7,
  0xdf,0xff,0xdf,0xf7,0xdf,0xff,0xdf,0xff,0xdf,0xff,0xdf,0xff,0xdf,0xff,0xdf,0xff,0xdf,0xff,0xdf,0xff,0xdf,0xff,0xdf,0xff,
  0xdf,0xff,0xff,0xff,0xff,0xff,0xff,0xff,0xff,0xff,0xff,0xff,0xdf,0xff,0xff,0xff,0xff,0xff,0xff,0xff,0xff,0xff,0xff,0xff,
  0xff,0xff,0xff,0xff,0xff,0xff,0xff,0xff,0xff,0xff,0xff,0xff,0xff,0xff,0xff,0xff,0xff,0xff,0xff,0xff,0xff,0xff,0xff,0xff,
  0xff,0xff,0xff,0xff,0xff,0xff,0xff,0xff,0xff,0xff,0xff,0xff,0xff,0xff,0xff,0xff,0xff,0xff,0xff,0xff,0xff,0xff,0xff,0xff,
  0xff,0xff,0xff,0xff,0xff,0xff,0xff,0xff,0xff,0xff,0xdf,0xff,0xff,0xff,0xff,0xff,0xdf,0xff,0xdf,0xff,0xdf,0xff,0xdf,0xff,
  0xff,0xff,0xff,0xff,0xff,0xff,0xff,0xff,0x3f,0xbf,0xbf,0xe7,0xff,0xff,0xff,0xff,0xff,0xff,0xff,0xff,0xbf,0xef,0x7f,0xe7,
  0x7f,0xe7,0x7f,0xe7,0x9f,0xe7,0x9f,0xe7,0x9f,0xe7,0x9f,0xe7,0x9f,0xef,0x9f,0xef,0x9f,0xef,0x9f,0xef,0x9f,0xef,0xbf,0xef,
  0xdf,0xbe,0xdf,0xb6,0xdf,0xb6,0xdf,0xb6,0xdf,0xb6,0xdf,0xb6,0xdf,0xb6,0xff,0xbe,0xbf,0xf7,0xdf,0xf7,0xbf,0xf7,0xbf,0xf7,
  0xbf,0xf7,0xbf,0xf7,0xbf,0xf7,0xbf,0xf7,0xbf,0xef,0xbf,0xf7,0xbf,0xef,0xbf,0xef,0xbf,0xef,0xbf,0xef,0xbf,0xef,0xbf,0xef,
  0xbf,0xef,0xbf,0xef,0xbf,0xef,0xbf,0xef,0xbf,0xef,0x9f,0xef,0xbf,0xef,0xbf,0xef,0xff,0xff,0xff,0xff,0xff,0xff,0xff,0xff,
  0xff,0xff,0xff,0xff,0xff,0xff,0xff,0xff,0xff,0xff,0x34,0xa5,0x8a,0x4a,0x66,0x29,0x46,0x29,0x66,0x29,0x66,0x29,0x66,0x29,
  0x46,0x29,0x46,0x29,0x66,0x29,0x66,0x29,0xc7,0x31,0x3c,0xe7,0xff,0xff,0xff,0xff,0xff,0xff,0xff,0xff,0xff,0xff,0xdf,0xff,
  0xff,0xff,0x6e,0x6b,0x24,0x21,0xcf,0x7b,0xff,0xff,0xff,0xff,0xff,0xff,0xff,0xff,0xff,0xff,0xff,0xff,0xff,0xff,0xdf,0xff,
  0x8a,0x52,0x04,0x21,0xb3,0x94,0xff,0xff,0xff,0xff,0xff,0xff,0xff,0xff,0xff,0xff,0xdf,0xff,0xff,0xff,0x7d,0xef,0xec,0x5a,
  0x04,0x21,0xf0,0x7b,0xff,0xff,0xff,0xff,0xdf,0xff,0x6a,0x4a,0x25,0x21,0x45,0x29,0x45,0x21,0x45,0x29,0x46,0x29,0x66,0x29,
  0x46,0x29,0x46,0x29,0x46,0x29,0x66,0x29,0x66,0x29,0x66,0x29,0xba,0xd6,0xff,0xff,0x3d,0xdf,0x34,0x43,0x10,0x22,0xd1,0x42,
  0xfd,0xde,0xff,0xff,0xdf,0xff,0xff,0xff,0xff,0xff,0xdf,0xff,0xff,0xff,0xfb,0xad,0x15,0x2b,0xb5,0x1a,0x38,0x5c,0x9f,0xef,
  0xff,0xff,0xba,0xd6,0x66,0x29,0x45,0x29,0x7a,0xce,0xff,0xff,0xff,0xff,0x92,0x8c,0x25,0x21,0x66,0x29,0x45,0x29,0x46,0x29,
  0x66,0x29,0x66,0x29,0x67,0x29,0x66,0x29,0x45,0x29,0x45,0x21,0xe8,0x39,0x10,0x7c,0x9e,0xf7,0xff,0xff,0xff,0xff,0xff,0xff,
  0xff,0xff,0xff,0xff,0xff,0xff,0xff,0xff,0xff,0xff,0xff,0xff,0xff,0xff,0xff,0xff,0xff,0xff,0xff,0xff,0xff,0xff,0xff,0xff,
  0xdf,0xff,0xff,0xff,0xdf,0xff,0xdf,0xff,0xdf,0xff,0xdf,0xff,0xdf,0xff,0xff,0xff,0xdf,0xff,0xdf,0xff,0xdf,0xff,0xdf,0xff,
  0xff,0xff,0xdf,0xff,0xdf,0xff,0xdf,0xff,0xdf,0xff,0xdf,0xff,0xdf,0xff,0xdf,0xff,0xdf,0xff,0xdf,0xff,0xdf,0xff,0xdf,0xff,
  0xdf,0xff,0xff,0xff,0xdf,0xff,0xff,0xff,0xff,0xff,0xff,0xff,0xff,0xff,0xdf,0xff,0xff,0xff,0xff,0xff,0xff,0xff,0xff,0xff,
  0xff,0xff,0xff,0xff,0xff,0xff,0xff,0xff,0xff,0xff,0xff,0xff,0xff,0xff,0xff,0xff,0xff,0xff,0xff,0xff,0xff,0xff,0xff,0xff,
  0xdf,0xff,0xdf,0xff,0xff,0xff,0xff,0xff,0xff,0xff,0xff,0xff,0xdf,0xff,0xff,0xff,0xff,0xff,0xdf,0xff,0xdf,0xff,0xdf,0xff,
  0xdf,0xff,0xff,0xff,0xdf,0xff,0xdf,0xff,0xdf,0xff,0xdf,0xff,0xdf,0xff,0xdf,0xff,0xdf,0xff,0xdf,0xff,0xdf,0xff,0xdf,0xff,
  0xdf,0xff,0xdf,0xff,0xdf,0xf7,0xdf,0xff,0xdf,0xff,0xdf,0xff,0xdf,0xf7,0xdf,0xff,0xdf,0xff,0xdf,0xff,0xdf,0xff,0xdf,0xff,
  0xdf,0xff,0xdf,0xff,0xdf,0xff,0xdf,0xff,0xff,0xff,0xff,0xff,0xdf,0xff,0xdf,0xff,0xdf,0xff,0xff,0xff,0xdf,0xff,0xff,0xff,
  0xff,0xff,0xff,0xff,0xff,0xff,0xff,0xff,0xff,0xff,0xff,0xff,0xff,0xff,0xff,0xff,0xff,0xff,0xff,0xff,0xff,0xff,0xff,0xff,
  0xff,0xff,0xff,0xff,0xff,0xff,0xff,0xff,0xff,0xff,0xff,0xff,0xff,0xff,0xff,0xff,0xff,0xff,0xff,0xff,0xff,0xff,0xff,0xff,
  0xff,0xff,0xff,0xff,0xff,0xff,0xff,0xff,0xff,0xff,0xff,0xff,0xff,0xff,0xff,0xff,0xff,0xff,0xff,0xff,0xff,0xff,0xff,0xff,
  0xff,0xff,0xff,0xff,0xff,0xff,0xff,0xff,0xff,0xff,0xff,0xff,0xff,0xff,0xff,0xff,0xff,0xff,0xff,0xff,0xff,0xff,0xff,0xff,
  0x5f,0xcf,0x7f,0xcf,0xff,0xff,0xff,0xff,0xff,0xff,0xff,0xff,0xdf,0xf7,0x7f,0xe7,0x9f,0xe7,0x7f,0xe7,0x7f,0xe7,0x9f,0xe7,
  0x9f,0xe7,0x9f,0xe7,0x9f,0xe7,0x9f,0xef,0x9f,0xef,0x9f,0xef,0x9f,0xe7,0xdf,0xf7,0x3f,0xcf,0xbf,0xb6,0xdf,0xb6,0xdf,0xb6,
  0xdf,0xb6,0xdf,0xb6,0xdf,0xbe,0xdf,0xb6,0x5f,0xdf,0xdf,0xf7,0xbf,0xf7,0xbf,0xf7,0xbf,0xf7,0xbf,0xf7,0xbf,0xf7,0xbf,0xf7,
  0xbf,0xf7,0xbf,0xf7,0xbf,0xf7,0xbf,0xf7,0xbf,0xef,0xbf,0xef,0xbf,0xef,0xbf,0xef,0xbf,0xef,0xbf,0xef,0xbf,0xef,0xbf,0xef,
  0xbf,0xef,0xbf,0xef,0xbf,0xef,0xbf,0xef,0xff,0xff,0xff,0xff,0xff,0xff,0xff,0xff,0xff,0xff,0xff,0xff,0xff,0xff,0xff,0xff,
  0xff,0xff,0xff,0xff,0xff,0xff,0xbe,0xf7,0xbe,0xf7,0xbe,0xf7,0xbe,0xf7,0xbe,0xf7,0xbe,0xf7,0xbe,0xf7,0xbe,0xf7,0xbe,0xf7,
  0xdf,0xff,0xff,0xff,0xff,0xff,0xff,0xff,0xff,0xff,0xff,0xff,0xff,0xff,0xff,0xff,0xff,0xff,0xdf,0xff,0xbe,0xf7,0xdf,0xff,
  0xff,0xff,0xff,0xff,0xff,0xff,0xff,0xff,0xff,0xff,0xff,0xff,0xff,0xff,0xff,0xff,0xdf,0xff,0xbe,0xf7,0xdf,0xff,0xff,0xff,
  0xff,0xff,0xff,0xff,0xff,0xff,0xff,0xff,0xff,0xff,0xdf,0xff,0xff,0xff,0xff,0xff,0xbe,0xf7,0xff,0xff,0xff,0xff,0xff,0xff,
  0xff,0xff,0xbe,0xf7,0xbe,0xf7,0xbe,0xf7,0xbe,0xf7,0xbe,0xf7,0xbe,0xf7,0xbe,0xf7,0xbe,0xf7,0xbe,0xf7,0xbe,0xf7,0xbe,0xf7,
  0xbe,0xf7,0xbe,0xf7,0xdf,0xff,0xff,0xff,0xbf,0xf7,0xbf,0xf7,0xdf,0xff,0xff,0xff,0xff,0xff,0xdf,0xff,0xff,0xff,0xff,0xff,
  0xff,0xff,0xff,0xff,0xff,0xff,0xff,0xff,0xdf,0xff,0xdf,0xff,0xbf,0xef,0xdf,0xf7,0xff,0xff,0xff,0xff,0xbe,0xf7,0xbe,0xf7,
  0xdf,0xff,0xff,0xff,0xff,0xff,0xdf,0xff,0xbe,0xf7,0xbe,0xf7,0xbe,0xf7,0xbe,0xf7,0xbe,0xf7,0xbe,0xf7,0xbe,0xf7,0xbe,0xf7,
  0xbe,0xf7,0xbe,0xf7,0xff,0xff,0xff,0xff,0xff,0xff,0xff,0xff,0xff,0xff,0xff,0xff,0xff,0xff,0xff,0xff,0xff,0xff,0xff,0xff,
  0xff,0xff,0xff,0xff,0xff,0xff,0xff,0xff,0xff,0xff,0xff,0xff,0xff,0xff,0xff,0xff,0xdf,0xff,0xff,0xff,0xdf,0xff,0xdf,0xff,
  0xff,0xff,0xff,0xff,0xdf,0xff,0xff,0xff,0xdf,0xff,0xdf,0xff,0xdf,0xff,0xdf,0xff,0xdf,0xff,0xdf,0xff,0xdf,0xff,0xff,0xff,
  0xff,0xff,0xff,0xff,0xff,0xff,0xff,0xff,0xdf,0xff,0xdf,0xff,0xdf,0xff,0xdf,0xff,0xdf,0xff,0xdf,0xff,0xdf,0xff,0xff,0xff,
  0xdf,0xff,0xdf,0xff,0xff,0xff,0xff,0xff,0xff,0xff,0xff,0xff,0xff,0xff,0xff,0xff,0xff,0xff,0xff,0xff,0xff,0xff,0xff,0xff,
  0xff,0xff,0xff,0xff,0xff,0xff,0xff,0xff,0xff,0xff,0xff,0xff,0xff,0xff,0xff,0xff,0xff,0xff,0xff,0xff,0xff,0xff,0xff,0xff,
  0xdf,0xff,0xff,0xff,0xff,0xff,0xff,0xff,0xff,0xff,0xdf,0xff,0xdf,0xff,0xdf,0xff,0xdf,0xff,0xdf,0xff,0xdf,0xff,0xdf,0xff,
  0xdf,0xff,0xdf,0xff,0xdf,0xff,0xdf,0xff,0xdf,0xff,0xdf,0xff,0xdf,0xf7,0xdf,0xff,0xdf,0xff,0xdf,0xff,0xdf,0xff,0xdf,0xff,
  0xdf,0xff,0xdf,0xf7,0xdf,0xff,0xdf,0xff,0xdf,0xff,0xdf,0xff,0xdf,0xff,0xdf,0xff,0xdf,0xff,0xdf,0xff,0xdf,0xff,0xff,0xff,
  0xdf,0xff,0xdf,0xff,0xff,0xff,0xff,0xff,0xff,0xff,0xdf,0xff,0xff,0xff,0xff,0xff,0xff,0xff,0xff,0xff,0xff,0xff,0xff,0xff,
  0xff,0xff,0xff,0xff,0xff,0xff,0xff,0xff,0xff,0xff,0xff,0xff,0xff,0xff,0xff,0xff,0xff,0xff,0xff,0xff,0xff,0xff,0xff,0xff,
  0xff,0xff,0xff,0xff,0xff,0xff,0xff,0xff,0xff,0xff,0xff,0xff,0xff,0xff,0xff,0xff,0xff,0xff,0xff,0xff,0xff,0xff,0xff,0xff,
  0xff,0xff,0xff,0xff,0xff,0xff,0xff,0xff,0xff,0xff,0xff,0xff,0xff,0xff,0xff,0xff,0xff,0xff,0xff,0xff,0xff,0xff,0xff,0xff,
  0xff,0xff,0xff,0xff,0xff,0xff,0xff,0xff,0xff,0xff,0xff,0xff,0xff,0xff,0xff,0xff,0xbf,0xe7,0x3f,0xbf,0xff,0xff,0xff,0xff,
  0xff,0xff,0xff,0xff,0xff,0xff,0x9f,0xef,0x9f,0xe7,0x9f,0xe7,0x9f,0xe7,0x9f,0xe7,0x9f,0xe7,0x9f,0xe7,0x9f,0xe7,0x9f,0xef,
  0x9f,0xef,0x9f,0xef,0x9f,0xef,0xbf,0xf7,0x9f,0xe7,0xdf,0xb6,0xdf,0xb6,0xdf,0xb6,0xdf,0xb6,0xdf,0xbe,0xdf,0xbe,0xdf,0xb6,
  0xff,0xbe,0xbf,0xf7,0xbf,0xf7,0xbf,0xf7,0xbf,0xf7,0xbf,0xf7,0xbf,0xf7,0xbf,0xf7,0xbf,0xf7,0xbf,0xf7,0xbf,0xf7,0xbf,0xf7,
  0xbf,0xef,0xbf,0xf7,0xbf,0xef,0xbf,0xef,0xbf,0xef,0xbf,0xef,0xbf,0xef,0xbf,0xef,0xbf,0xef,0xbf,0xef,0xbf,0xef,0xbf,0xef,
  0xff,0xff,0xff,0xff,0xff,0xff,0xff,0xff,0xff,0xff,0xff,0xff,0xff,0xff,0xff,0xff,0xff,0xff,0xdf,0xff,0xff,0xff,0xff,0xff,
  0xff,0xff,0xff,0xff,0xff,0xff,0xff,0xff,0xff,0xff,0xff,0xff,0xff,0xff,0xff,0xff,0xff,0xff,0xff,0xff,0xff,0xff,0xff,0xff,
  0xff,0xff,0xff,0xff,0xff,0xff,0xff,0xff,0xff,0xff,0xff,0xff,0xff,0xff,0xff,0xff,0xff,0xff,0xff,0xff,0xff,0xff,0xff,0xff,
  0xff,0xff,0xff,0xff,0xff,0xff,0xff,0xff,0xff,0xff,0xff,0xff,0xff,0xff,0xff,0xff,0xff,0xff,0xff,0xff,0xff,0xff,0xff,0xff,
  0xff,0xff,0xff,0xff,0xff,0xff,0xff,0xff,0xff,0xff,0xff,0xff,0xff,0xff,0xff,0xff,0xff,0xff,0xff,0xff,0xff,0xff,0xff,0xff,
  0xff,0xff,0xff,0xff,0xff,0xff,0xff,0xff,0xff,0xff,0xff,0xff,0xff,0xff,0xff,0xff,0xff,0xff,0xff,0xff,0xff,0xff,0xff,0xff,
  0xff,0xff,0xff,0xff,0xff,0xff,0xff,0xff,0xff,0xff,0xff,0xff,0xff,0xff,0xff,0xff,0xff,0xff,0xff,0xff,0xff,0xff,0xff,0xff,
  0xff,0xff,0xff,0xff,0xff,0xff,0xff,0xff,0xff,0xff,0xff,0xff,0xff,0xff,0xff,0xff,0xff,0xff,0xff,0xff,0xff,0xff,0xff,0xff,
  0xff,0xff,0xff,0xff,0xff,0xff,0xff,0xff,0xff,0xff,0xff,0xff,0xff,0xff,0xff,0xff,0xff,0xff,0xff,0xff,0xff,0xff,0xdf,0xff,
  0xff,0xff,0xff,0xff,0xff,0xff,0xff,0xff,0xff,0xff,0xff,0xff,0xff,0xff,0xff,0xff,0xff,0xff,0xdf,0xff,0xff,0xff,0xff,0xff,
  0xff,0xff,0xdf,0xff,0xdf,0xff,0xff,0xff,0xff,0xff,0xdf,0xff,0xdf,0xff,0xdf,0xff,0xff,0xff,0xdf,0xff,0xdf,0xff,0xdf,0xff,
  0xdf,0xff,0xdf,0xff,0xdf,0xff,0xdf,0xff,0xdf,0xff,0xdf,0xff,0xdf,0xff,0xff,0xff,0xff,0xff,0xdf,0xff,0xff,0xff,0xdf,0xff,
  0xdf,0xff,0xdf,0xff,0xff,0xff,0xdf,0xff,0xdf,0xff,0xdf,0xff,0xdf,0xff,0xff,0xff,0xff,0xff,0xff,0xff,0xff,0xff,0xff,0xff,
  0xff,0xff,0xff,0xff,0xff,0xff,0xff,0xff,0xff,0xff,0xff,0xff,0xff,0xff,0xff,0xff,0xff,0xff,0xff,0xff,0xff,0xff,0xff,0xff,
  0xff,0xff,0xff,0xff,0xff,0xff,0xdf,0xff,0xff,0xff,0xff,0xff,0xff,0xff,0xff,0xff,0xff,0xff,0xff,0xff,0xdf,0xff,0xff,0xff,
  0xdf,0xff,0xdf,0xff,0xdf,0xff,0xdf,0xff,0xdf,0xff,0xdf,0xff,0xdf,0xff,0xdf,0xff,0xdf,0xff,0xdf,0xff,0xdf,0xff,0xdf,0xff,
  0xdf,0xff,0xdf,0xff,0xdf,0xff,0xdf,0xff,0xdf,0xff,0xdf,0xff,0xdf,0xff,0xdf,0xff,0xdf,0xff,0xdf,0xff,0xdf,0xff,0xdf,0xff,
  0xdf,0xff,0xdf,0xff,0xdf,0xff,0xdf,0xff,0xdf,0xff,0xdf,0xff,0xdf,0xff,0xdf,0xff,0xff,0xff,0xff,0xff,0xff,0xff,0xff,0xff,
  0xdf,0xff,0xff,0xff,0xff,0xff,0xdf,0xff,0xff,0xff,0xff,0xff,0xff,0xff,0xff,0xff,0xff,0xff,0xff,0xff,0xff,0xff,0xff,0xff,
  0xff,0xff,0xff,0xff,0xff,0xff,0xff,0xff,0xff,0xff,0xff,0xff,0xff,0xff,0xff,0xff,0xff,0xff,0xff,0xff,0xff,0xff,0xff,0xff,
  0xff,0xff,0xff,0xff,0xff,0xff,0xff,0xff,0xff,0xff,0xff,0xff,0xff,0xff,0xff,0xff,0xff,0xff,0xff,0xff,0xff,0xff,0xff,0xff,
  0xff,0xff,0xff,0xff,0xff,0xff,0xff,0xff,0xff,0xff,0xff,0xff,0xff,0xff,0xff,0xff,0xff,0xff,0xff,0xff,0xff,0xff,0xff,0xff,
  0xff,0xff,0xff,0xff,0xff,0xff,0xff,0xff,0xff,0xff,0x1f,0xbf,0xdf,0xf7,0xff,0xff,0xff,0xff,0xff,0xff,0xff,0xff,0xbf,0xef,
  0x9f,0xe7,0x9f,0xef,0x9f,0xe7,0x9f,0xe7,0x9f,0xe7,0x9f,0xe7,0x9f,0xe7,0x9f,0xef,0x9f,0xef,0x9f,0xef,0x9f,0xef,0x9f,0xef,
  0xdf,0xf7,0xff,0xc6,0xbf,0xb6,0xdf,0xb6,0xdf,0xb6,0xdf,0xbe,0xdf,0xb6,0xdf,0xb6,0xbf,0xb6,0x5f,0xd7,0xdf,0xf7,0xbf,0xf7,
  0xdf,0xf7,0xbf,0xf7,0xbf,0xf7,0xbf,0xf7,0xbf,0xf7,0xbf,0xf7,0xbf,0xf7,0xbf,0xf7,0xbf,0xf7,0xbf,0xf7,0xbf,0xf7,0xbf,0xef,
  0xbf,0xef,0xbf,0xef,0xbf,0xef,0xbf,0xef,0xbf,0xef,0xbf,0xef,0xbf,0xef,0xbf,0xef,0xff,0xff,0xff,0xff,0xff,0xff,0xff,0xff,
  0xff,0xff,0xff,0xff,0xff,0xff,0xff,0xff,0xff,0xff,0xff,0xff,0xff,0xff,0xff,0xff,0xff,0xff,0xff,0xff,0xff,0xff,0xff,0xff,
  0xff,0xff,0xff,0xff,0xff,0xff,0xff,0xff,0xff,0xff,0xff,0xff,0xff,0xff,0xff,0xff,0xff,0xff,0xff,0xff,0xff,0xff,0xff,0xff,
  0xff,0xff,0xff,0xff,0xff,0xff,0xff,0xff,0xff,0xff,0xff,0xff,0xff,0xff,0xff,0xff,0xff,0xff,0xff,0xff,0xff,0xff,0xff,0xff,
  0xff,0xff,0xff,0xff,0xff,0xff,0xff,0xff,0xff,0xff,0xff,0xff,0xff,0xff,0xff,0xff,0xff,0xff,0xff,0xff,0xff,0xff,0xff,0xff,
  0xff,0xff,0xff,0xff,0xff,0xff,0xff,0xff,0xff,0xff,0xff,0xff,0xff,0xff,0xff,0xff,0xff,0xff,0xff,0xff,0xff,0xff,0xff,0xff,
  0xff,0xff,0xff,0xff,0xff,0xff,0xff,0xff,0xff,0xff,0xff,0xff,0xff,0xff,0xff,0xff,0xff,0xff,0xff,0xff,0xff,0xff,0xff,0xff,
  0xff,0xff,0xff,0xff,0xff,0xff,0xff,0xff,0xff,0xff,0xff,0xff,0xff,0xff,0xff,0xff,0xff,0xff,0xff,0xff,0xff,0xff,0xff,0xff,
  0xff,0xff,0xff,0xff,0xff,0xff,0xff,0xff,0xff,0xff,0xff,0xff,0xff,0xff,0xff,0xff,0xff,0xff,0xff,0xff,0xff,0xff,0xff,0xff,
  0xff,0xff,0xff,0xff,0xff,0xff,0xff,0xff,0xff,0xff,0xff,0xff,0xff,0xff,0xff,0xff,0xff,0xff,0xff,0xff,0xff,0xff,0xff,0xff,
  0xff,0xff,0xff,0xff,0xff,0xff,0xff,0xff,0xff,0xff,0xff,0xff,0xff,0xff,0xff,0xff,0xff,0xff,0xff,0xff,0xff,0xff,0xdf,0xff,
  0xdf,0xff,0xdf,0xff,0xdf,0xff,0xdf,0xff,0xff,0xff,0xdf,0xff,0xdf,0xff,0xdf,0xff,0xdf,0xff,0xdf,0xff,0xdf,0xff,0xff,0xff,
  0xdf,0xff,0xdf,0xff,0xdf,0xff,0xff,0xff,0xdf,0xff,0xdf,0xff,0xdf,0xff,0xdf,0xff,0xdf,0xff,0xdf,0xff,0xff,0xff,0xdf,0xff,
  0xff,0xff,0xff,0xff,0xdf,0xff,0xff,0xff,0xff,0xff,0xdf,0xff,0xff,0xff,0xff,0xff,0xff,0xff,0xff,0xff,0xff,0xff,0xff,0xff,
  0xff,0xff,0xff,0xff,0xff,0xff,0xff,0xff,0xff,0xff,0xff,0xff,0xff,0xff,0xff,0xff,0xff,0xff,0xff,0xff,0xff,0xff,0xff,0xff,
  0xff,0xff,0xff,0xff,0xdf,0xff,0xff,0xff,0xff,0xff,0xff,0xff,0xff,0xff,0xff,0xff,0xdf,0xff,0xdf,0xff,0xdf,0xff,0xff,0xff,
  0xdf,0xff,0xdf,0xff,0xdf,0xff,0xdf,0xff,0xdf,0xff,0xdf,0xff,0xdf,0xff,0xdf,0xff,0xdf,0xff,0xdf,0xff,0xdf,0xff,0xdf,0xff,
  0xdf,0xff,0xdf,0xff,0xdf,0xff,0xdf,0xff,0xdf,0xff,0xdf,0xff,0xdf,0xff,0xdf,0xff,0xdf,0xff,0xdf,0xff,0xdf,0xff,0xdf,0xff,
  0xdf,0xff,0xdf,0xff,0xdf,0xff,0xff,0xff,0xff,0xff,0xff,0xff,0xff,0xff,0xff,0xff,0xff,0xff,0xff,0xff,0xff,0xff,0xff,0xff,
  0xff,0xff,0xff,0xff,0xff,0xff,0xff,0xff,0xff,0xff,0xff,0xff,0xff,0xff,0xff,0xff,0xff,0xff,0xff,0xff,0xff,0xff,0xff,0xff,
  0xff,0xff,0xff,0xff,0xff,0xff,0xff,0xff,0xff,0xff,0xff,0xff,0xff,0xff,0xff,0xff,0xff,0xff,0xff,0xff,0xff,0xff,0xff,0xff,
  0xff,0xff,0xff,0xff,0xff,0xff,0xff,0xff,0xff,0xff,0xff,0xff,0xff,0xff,0xff,0xff,0xff,0xff,0xff,0xff,0xff,0xff,0xff,0xff,
  0xff,0xff,0xff,0xff,0xff,0xff,0xff,0xff,0xff,0xff,0xff,0xff,0xff,0xff,0xff,0xff,0xff,0xff,0xff,0xff,0xff,0xff,0xff,0xff,
  0xff,0xff,0x3f,0xc7,0x9f,0xdf,0xff,0xff,0xff,0xff,0xff,0xff,0xff,0xff,0xdf,0xf7,0x7f,0xe7,0x9f,0xef,0x9f,0xe7,0x9f,0xe7,
  0x9f,0xef,0x9f,0xef,0x9f,0xe7,0x9f,0xef,0x9f,0xef,0x9f,0xef,0x9f,0xef,0x9f,0xef,0xbf,0xf7,0x7f,0xe7,0xbf,0xb6,0xdf,0xbe,
  0xdf,0xbe,0xdf,0xb6,0xdf,0xb6,0xdf,0xb6,0xdf,0xb6,0xdf,0xb6,0xbf,0xef,0xdf,0xf7,0xbf,0xf7,0xbf,0xf7,0xbf,0xf7,0xbf,0xf7,
  0xbf,0xf7,0xbf,0xf7,0xbf,0xf7,0xbf,0xf7,0xbf,0xf7,0xbf,0xf7,0xbf,0xef,0xbf,0xf7,0xbf,0xef,0xbf,0xef,0xbf,0xef,0xbf,0xef,
  0xbf,0xef,0xbf,0xef,0xbf,0xef,0xbf,0xef,0xff,0xff,0xff,0xff,0xff,0xff,0xff,0xff,0xff,0xff,0xff,0xff,0xff,0xff,0xff,0xff,
  0xff,0xff,0xff,0xff,0xff,0xff,0xff,0xff,0xff,0xff,0xff,0xff,0xff,0xff,0xff,0xff,0xff,0xff,0xff,0xff,0xff,0xff,0xff,0xff,
  0xff,0xff,0xff,0xff,0xff,0xff,0xff,0xff,0xff,0xff,0xff,0xff,0xff,0xff,0xff,0xff,0xff,0xff,0xff,0xff,0xff,0xff,0xff,0xff,
  0xff,0xff,0xff,0xff,0xff,0xff,0xff,0xff,0xff,0xff,0xff,0xff,0xff,0xff,0xff,0xff,0xff,0xff,0xff,0xff,0xff,0xff,0xff,0xff,
  0xff,0xff,0xff,0xff,0xff,0xff,0xff,0xff,0xff,0xff,0xff,0xff,0xff,0xff,0xff,0xff,0xff,0xff,0xff,0xff,0xff,0xff,0xff,0xff,
  0xff,0xff,0xff,0xff,0xff,0xff,0xff,0xff,0xff,0xff,0xff,0xff,0xff,0xff,0xff,0xff,0xff,0xff,0xff,0xff,0xff,0xff,0xff,0xff,
  0xff,0xff,0xff,0xff,0xff,0xff,0xff,0xff,0xff,0xff,0xff,0xff,0xff,0xff,0xff,0xff,0xff,0xff,0xff,0xff,0xff,0xff,0xff,0xff,
  0xff,0xff,0xff,0xff,0xff,0xff,0xff,0xff,0xff,0xff,0xff,0xff,0xff,0xff,0xff,0xff,0xff,0xff,0xff,0xff,0xff,0xff,0xff,0xff,
  0xff,0xff,0xff,0xff,0xff,0xff,0xff,0xff,0xff,0xff,0xff,0xff,0xff,0xff,0xff,0xff,0xff,0xff,0xff,0xff,0xff,0xff,0xff,0xff,
  0xff,0xff,0xff,0xff,0xff,0xff,0xff,0xff,0xff,0xff,0xff,0xff,0xff,0xff,0xff,0xff,0xff,0xff,0xff,0xff,0xff,0xff,0xff,0xff,
  0xff,0xff,0xff,0xff,0xff,0xff,0xff,0xff,0xff,0xff,0xff,0xff,0xff,0xff,0xff,0xff,0xff,0xff,0xff,0xff,0xdf,0xff,0xdf,0xff,
  0xff,0xff,0xdf,0xff,0xdf,0xff,0xdf,0xff,0xff,0xff,0xff,0xff,0xdf,0xff,0xff,0xff,0xdf,0xff,0xdf,0xff,0xdf,0xff,0xff,0xff,
  0xff,0xff,0xdf,0xff,0xff,0xff,0xdf,0xff,0xdf,0xff,0xff,0xff,0xff,0xff,0xff,0xff,0xff,0xff,0xff,0xff,0xdf,0xff,0xff,0xff,
  0xff,0xff,0xdf,0xff,0xff,0xff,0xff,0xff,0xff,0xff,0xff,0xff,0xff,0xff,0xdf,0xff,0xff,0xff,0xff,0xff,0xff,0xff,0xff,0xff,
  0xff,0xff,0xff,0xff,0xff,0xff,0xff,0xff,0xff,0xff,0xff,0xff,0xff,0xff,0xff,0xff,0xff,0xff,0xdf,0xff,0xdf,0xff,0xff,0xff,
  0xff,0xff,0xff,0xff,0xdf,0xff,0xff,0xff,0xff,0xff,0xdf,0xff,0xdf,0xff,0xdf,0xff,0xdf,0xff,0xdf,0xff,0xdf,0xff,0xdf,0xff,
  0xdf,0xff,0xdf,0xff,0xdf,0xff,0xdf,0xff,0xdf,0xff,0xdf,0xff,0xdf,0xff,0xdf,0xff,0xdf,0xff,0xdf,0xff,0xdf,0xff,0xdf,0xff,
  0xdf,0xff,0xdf,0xff,0xdf,0xff,0xdf,0xff,0xdf,0xff,0xdf,0xff,0xdf,0xff,0xdf,0xff,0xdf,0xff,0xdf,0xff,0xff,0xff,0xff,0xff,
  0xff,0xff,0xdf,0xff,0xff,0xff,0xff,0xff,0xff,0xff,0xff,0xff,0xdf,0xff,0xff,0xff,0xff,0xff,0xff,0xff,0xff,0xff,0xff,0xff,
  0xff,0xff,0xff,0xff,0xff,0xff,0xff,0xff,0xff,0xff,0xff,0xff,0xff,0xff,0xff,0xff,0xff,0xff,0xff,0xff,0xff,0xff,0xff,0xff,
  0xff,0xff,0xff,0xff,0xff,0xff,0xff,0xff,0xff,0xff,0xff,0xff,0xff,0xff,0xff,0xff,0xff,0xff,0xff,0xff,0xff,0xff,0xff,0xff,
  0xff,0xff,0xff,0xff,0xff,0xff,0xff,0xff,0xff,0xff,0xff,0xff,0xff,0xff,0xff,0xff,0xff,0xff,0xff,0xff,0xff,0xff,0xff,0xff,
  0xff,0xff,0xff,0xff,0xff,0xff,0xff,0xff,0xff,0xff,0xff,0xff,0xff,0xff,0xff,0xff,0xff,0xff,0x9f,0xdf,0x3f,0xbf,0xff,0xff,
  0xff,0xff,0xff,0xff,0xff,0xff,0xff,0xff,0x9f,0xef,0x9f,0xe7,0x9f,0xe7,0x9f,0xe7,0x9f,0xef,0x9f,0xef,0x9f,0xef,0x9f,0xef,
  0x9f,0xef,0x9f,0xef,0x9f,0xef,0x9f,0xef,0x9f,0xef,0xdf,0xf7,0xff,0xc6,0xdf,0xb6,0xdf,0xbe,0xdf,0xb6,0xdf,0xb6,0xdf,0xb6,
  0xdf,0xb6,0xbf,0xb6,0x3f,0xcf,0xdf,0xff,0xbf,0xf7,0xbf,0xf7,0xbf,0xf7,0xbf,0xf7,0xbf,0xf7,0xbf,0xf7,0xbf,0xf7,0xbf,0xf7,
  0xbf,0xf7,0xbf,0xf7,0xbf,0xf7,0xbf,0xf7,0xbf,0xef,0xbf,0xef,0xbf,0xef,0xbf,0xef,0xbf,0xef,0xbf,0xef,0xbf,0xef,0xbf,0xef,
  0xff,0xff,0xff,0xff,0xff,0xff,0xff,0xff,0xff,0xff,0xff,0xff,0xff,0xff,0xff,0xff,0xdf,0xff,0xdf,0xf7,0xff,0xff,0xff,0xff,
  0xff,0xff,0xff,0xff,0xff,0xff,0xff,0xff,0xdf,0xff,0xff,0xff,0xff,0xff,0xdf,0xff,0xff,0xff,0xff,0xff,0xff,0xff,0xff,0xff,
  0xff,0xff,0xdf,0xff,0xff,0xff,0xff,0xff,0xff,0xff,0xbe,0xf7,0xff,0xff,0xff,0xff,0xff,0xff,0xdf,0xff,0xdf,0xff,0xff,0xff,
  0xff,0xff,0xff,0xff,0xff,0xff,0xff,0xff,0xff,0xff,0xff,0xff,0xff,0xff,0xff,0xff,0xff,0xff,0xff,0xff,0xff,0xff,0xff,0xff,
  0xff,0xff,0xff,0xff,0xff,0xff,0xff,0xff,0xbf,0xf7,0xff,0xff,0xff,0xff,0xff,0xff,0xff,0xff,0xdf,0xff,0xff,0xff,0xff,0xff,
  0xbf,0xf7,0xff,0xff,0xff,0xff,0xff,0xff,0xff,0xff,0xdf,0xff,0xff,0xff,0xdf,0xff,0xff,0xff,0xbf,0xf7,0xdf,0xff,0xff,0xff,
  0xff,0xff,0xff,0xff,0xff,0xff,0xff,0xff,0xff,0xff,0xff,0xff,0xff,0xff,0xff,0xff,0xbe,0xf7,0xff,0xff,0xff,0xff,0xff,0xff,
  0xff,0xff,0xff,0xff,0xff,0xff,0xff,0xff,0xff,0xff,0xff,0xff,0xff,0xff,0xff,0xff,0xff,0xff,0xff,0xff,0xff,0xff,0xff,0xff,
  0xff,0xff,0xff,0xff,0xff,0xff,0xff,0xff,0xff,0xff,0xff,0xff,0xff,0xff,0xdf,0xff,0xff,0xff,0xff,0xff,0xdf,0xff,0xdf,0xff,
  0xdf,0xff,0xff,0xff,0xff,0xff,0xff,0xff,0xff,0xff,0xff,0xff,0xff,0xff,0xff,0xff,0xff,0xff,0xff,0xff,0xff,0xff,0xff,0xff,
  0xff,0xff,0xff,0xff,0xff,0xff,0xff,0xff,0xff,0xff,0xff,0xff,0xff,0xff,0xff,0xff,0xdf,0xff,0xff,0xff,0xdf,0xff,0xdf,0xff,
  0xff,0xff,0xff,0xff,0xff,0xff,0xff,0xff,0xff,0xff,0xdf,0xff,0xdf,0xff,0xff,0xff,0xff,0xff,0xff,0xff,0xff,0xff,0xff,0xff,
  0xff,0xff,0xff,0xff,0xff,0xff,0xff,0xff,0xff,0xff,0xff,0xff,0xff,0xff,0xff,0xff,0xff,0xff,0xff,0xff,0xff,0xff,0xff,0xff,
  0xff,0xff,0xff,0xff,0xff,0xff,0xff,0xff,0xff,0xff,0xff,0xff,0xff,0xff,0xff,0xff,0xff,0xff,0xff,0xff,0xff,0xff,0xff,0xff,
  0xff,0xff,0xff,0xff,0xff,0xff,0xff,0xff,0xdf,0xff,0xdf,0xff,0xdf,0xff,0xff,0xff,0xff,0xff,0xdf,0xff,0xdf,0xff,0xdf,0xff,
  0xdf,0xff,0xdf,0xff,0xff,0xff,0xdf,0xff,0xdf,0xff,0xdf,0xff,0xdf,0xff,0xdf,0xff,0xdf,0xff,0xdf,0xff,0xdf,0xff,0xdf,0xff,
  0xdf,0xff,0xdf,0xff,0xdf,0xff,0xdf,0xff,0xdf,0xf7,0xdf,0xff,0xdf,0xff,0xdf,0xff,0xdf,0xff,0xdf,0xff,0xdf,0xff,0xdf,0xff,
  0xdf,0xff,0xdf,0xff,0xdf,0xff,0xdf,0xff,0xdf,0xff,0xdf,0xff,0xff,0xff,0xff,0xff,0xff,0xff,0xdf,0xff,0xff,0xff,0xff,0xff,
  0xff,0xff,0xff,0xff,0xff,0xff,0xff,0xff,0xff,0xff,0xff,0xff,0xff,0xff,0xff,0xff,0xff,0xff,0xff,0xff,0xff,0xff,0xff,0xff,
  0xff,0xff,0xff,0xff,0xff,0xff,0xff,0xff,0xff,0xff,0xff,0xff,0xff,0xff,0xff,0xff,0xff,0xff,0xff,0xff,0xff,0xff,0xff,0xff,
  0xff,0xff,0xff,0xff,0xff,0xff,0xff,0xff,0xff,0xff,0xff,0xff,0xff,0xff,0xff,0xff,0xff,0xff,0xff,0xff,0xff,0xff,0xff,0xff,
  0xff,0xff,0xff,0xff,0xff,0xff,0xff,0xff,0xff,0xff,0xff,0xff,0xff,0xff,0xff,0xff,0xff,0xff,0xff,0xff,0xff,0xff,0xff,0xff,
  0xff,0xff,0xff,0xff,0xff,0xff,0xff,0xff,0xff,0xff,0xff,0xf7,0xff,0xae,0xdf,0xf7,0xff,0xff,0xff,0xff,0xff,0xff,0xff,0xff,
  0xbf,0xf7,0x9f,0xe7,0x9f,0xe7,0x9f,0xe7,0x9f,0xe7,0x9f,0xef,0x9f,0xef,0x9f,0xef,0x9f,0xef,0x9f,0xef,0x9f,0xef,0x9f,0xef,
  0x9f,0xef,0xbf,0xf7,0x9f,0xe7,0xdf,0xb6,0xdf,0xbe,0xdf,0xb6,0xdf,0xb6,0xdf,0xb6,0xdf,0xb6,0xdf,0xb6,0xdf,0xb6,0x9f,0xe7,
  0xdf,0xf7,0xbf,0xf7,0xdf,0xf7,0xbf,0xf7,0xbf,0xf7,0xbf,0xf7,0xbf,0xf7,0xbf,0xf7,0xbf,0xf7,0xbf,0xf7,0xbf,0xf7,0xbf,0xf7,
  0xbf,0xef,0xbf,0xef,0xbf,0xef,0xbf,0xef,0xbf,0xef,0xbf,0xef,0xbf,0xef,0xbf,0xef,0xff,0xff,0xff,0xff,0xff,0xff,0xff,0xff,
  0xff,0xff,0xff,0xff,0xff,0xff,0x7e,0xef,0x56,0xa5,0x9a,0xd6,0xff,0xff,0x7d,0xef,0x7a,0xce,0x5a,0xce,0x9e,0xf7,0xbe,0xf7,
  0x97,0xad,0xb7,0xad,0x5d,0xef,0xdf,0xff,0x5a,0xc6,0xff,0xff,0xff,0xff,0xbe,0xf7,0xd8,0xbd,0x76,0xad,0xfc,0xde,0xff,0xff,
  0xdb,0xd6,0x76,0xad,0x18,0xbe,0xff,0xff,0x5d,0xe7,0x76,0xa5,0xdb,0xd6,0xff,0xff,0xff,0xff,0xff,0xff,0xff,0xff,0xff,0xff,
  0xff,0xff,0xff,0xff,0xff,0xff,0xff,0xff,0xff,0xff,0xff,0xff,0xff,0xff,0xff,0xff,0xff,0xff,0xff,0xff,0xff,0xff,0x3d,0xe7,
  0x76,0xa5,0xf8,0xbd,0xdf,0xff,0x9e,0xef,0xb7,0xb5,0x9a,0xce,0xff,0xff,0x7e,0xef,0x77,0xad,0xb7,0xb5,0x7e,0xef,0xff,0xff,
  0x7a,0xce,0x96,0xad,0xbb,0xd6,0xff,0xff,0x5a,0xc6,0x76,0xa5,0x3d,0xe7,0xff,0xff,0xdb,0xd6,0x5d,0xef,0xdf,0xff,0x59,0xce,
  0x7e,0xef,0x7a,0xce,0xff,0xff,0xf8,0xbd,0x97,0xad,0x7e,0xef,0xff,0xff,0xff,0xff,0xff,0xff,0xff,0xff,0xff,0xff,0xff,0xff,
  0xff,0xff,0xff,0xff,0xff,0xff,0xff,0xff,0xff,0xff,0xff,0xff,0xff,0xff,0xff,0xff,0xff,0xff,0xff,0xff,0xbe,0xf7,0x76,0xad,
  0xdf,0xf7,0xff,0xff,0x5d,0xef,0xf8,0xbd,0x39,0xc6,0xdf,0xff,0x9e,0xef,0xf5,0x94,0xd8,0xbd,0xff,0xff,0xff,0xff,0xff,0xff,
  0xff,0xff,0xff,0xff,0xff,0xff,0xdf,0xff,0xff,0xff,0xff,0xff,0xff,0xff,0xff,0xff,0xff,0xff,0xff,0xff,0xff,0xff,0xff,0xff,
  0xff,0xff,0xdf,0xff,0xdf,0xff,0xff,0xff,0xdf,0xff,0xdf,0xff,0xff,0xff,0xff,0xff,0xdf,0xff,0xff,0xff,0xdf,0xff,0xff,0xff,
  0xff,0xff,0xdf,0xff,0xff,0xff,0xff,0xff,0xdf,0xff,0xff,0xff,0xff,0xff,0xff,0xff,0xff,0xff,0xdf,0xff,0xff,0xff,0xff,0xff,
  0xff,0xff,0xff,0xff,0xff,0xff,0xff,0xff,0xff,0xff,0xff,0xff,0xff,0xff,0xff,0xff,0xff,0xff,0xff,0xff,0xff,0xff,0xff,0xff,
  0xff,0xff,0xff,0xff,0xff,0xff,0xdf,0xff,0xff,0xff,0xff,0xff,0xff,0xff,0xff,0xff,0xff,0xff,0xff,0xff,0xdf,0xff,0xdf,0xff,
  0xff,0xff,0xdf,0xff,0xdf,0xff,0xdf,0xff,0xdf,0xff,0xdf,0xff,0xdf,0xff,0xdf,0xff,0xdf,0xff,0xdf,0xff,0xff,0xff,0xdf,0xff,
  0xff,0xff,0xdf,0xff,0xdf,0xff,0xdf,0xff,0xdf,0xff,0xdf,0xff,0xdf,0xff,0xdf,0xff,0xdf,0xff,0xdf,0xff,0xdf,0xff,0xdf,0xff,
  0xdf,0xff,0xdf,0xff,0xdf,0xff,0xdf,0xff,0xdf,0xff,0xdf,0xff,0xdf,0xff,0xdf,0xff,0xdf,0xff,0xdf,0xff,0xdf,0xff,0xdf,0xff,
  0xdf,0xff,0xff,0xff,0xff,0xff,0xff,0xff,0xff,0xff,0xff,0xff,0xff,0xff,0xff,0xff,0xff,0xff,0xff,0xff,0xff,0xff,0xff,0xff,
  0xff,0xff,0xff,0xff,0xff,0xff,0xff,0xff,0xff,0xff,0xff,0xff,0xff,0xff,0xff,0xff,0xff,0xff,0xff,0xff,0xff,0xff,0xff,0xff,
  0xff,0xff,0xff,0xff,0xff,0xff,0xff,0xff,0xff,0xff,0xff,0xff,0xff,0xff,0xff,0xff,0xff,0xff,0xff,0xff,0xff,0xff,0xff,0xff,
  0xff,0xff,0xff,0xff,0xff,0xff,0xff,0xff,0xff,0xff,0xff,0xff,0xff,0xff,0xff,0xff,0xff,0xff,0xff,0xff,0xff,0xff,0xff,0xff,
  0xff,0xff,0xff,0xff,0xff,0xff,0xff,0xff,0xff,0xff,0xff,0xff,0xff,0xff,0xff,0xff,0xff,0xff,0xff,0xff,0xff,0xff,0xff,0xff,
  0xff,0xff,0xff,0xff,0x3f,0xbf,0x7f,0xd7,0xff,0xff,0xff,0xff,0xff,0xff,0xff,0xff,0xdf,0xff,0x9f,0xef,0x9f,0xef,0x9f,0xef,
  0x9f,0xef,0x9f,0xef,0x9f,0xef,0x9f,0xef,0x9f,0xef,0x9f,0xef,0x9f,0xef,0x9f,0xef,0x9f,0xef,0x9f,0xef,0xdf,0xf7,0x1f,0xc7,
  0xbf,0xb6,0xdf,0xb6,0xdf,0xb6,0xdf,0xb6,0xdf,0xb6,0xdf,0xb6,0xdf,0xb6,0xff,0xbe,0xdf,0xf7,0xdf,0xf7,0xbf,0xf7,0xbf,0xf7,
  0xbf,0xf7,0xbf,0xf7,0xbf,0xf7,0xbf,0xf7,0xbf,0xf7,0xbf,0xf7,0xbf,0xf7,0xbf,0xf7,0xbf,0xf7,0xbf,0xef,0xbf,0xef,0xbf,0xef,
  0xbf,0xef,0xbf,0xef,0xbf,0xef,0xbf,0xef,0xff,0xff,0xff,0xff,0xff,0xff,0xff,0xff,0xff,0xff,0xff,0xff,0xff,0xff,0x3d,0xe7,
  0xd4,0x94,0x5d,0xef,0xff,0xff,0xff,0xff,0xf4,0x94,0x56,0xa5,0xff,0xff,0x7d,0xef,0x15,0x9d,0x56,0xa5,0x1c,0xe7,0xff,0xff,
  0xd8,0xb5,0xff,0xff,0xff,0xff,0xbb,0xd6,0x39,0xc6,0xdf,0xff,0x35,0xa5,0xff,0xff,0x59,0xc6,0xd4,0x94,0xb7,0xb5,0xff,0xff,
  0xdb,0xde,0xf4,0x94,0x3d,0xe7,0xff,0xff,0xff,0xff,0xff,0xff,0xff,0xff,0xff,0xff,0xff,0xff,0xff,0xff,0x7d,0xef,0xdb,0xde,
  0xff,0xff,0xff,0xff,0xff,0xff,0xff,0xff,0xff,0xff,0xff,0xff,0xff,0xff,0xfc,0xde,0x35,0x9d,0xb7,0xad,0xdf,0xff,0x3d,0xe7,
  0x35,0x9d,0x3d,0xe7,0xff,0xff,0x5d,0xe7,0xd4,0x94,0x36,0x9d,0x7e,0xef,0x9e,0xf7,0x97,0xad,0xff,0xff,0xbe,0xf7,0xff,0xff,
  0xf8,0xb5,0x76,0xa5,0xbe,0xf7,0xff,0xff,0x59,0xc6,0xfc,0xde,0xff,0xff,0xf8,0xbd,0x76,0xad,0xdb,0xd6,0xff,0xff,0x76,0xa5,
  0xd8,0xb5,0xdf,0xff,0xff,0xff,0xff,0xff,0xff,0xff,0xff,0xff,0xff,0xff,0xff,0xff,0xff,0xff,0xdb,0xde,0x5d,0xef,0xff,0xff,
  0xff,0xff,0xff,0xff,0xff,0xff,0xff,0xff,0xff,0xff,0xff,0xff,0xbb,0xd6,0x52,0x84,0xfb,0xde,0xff,0xff,0x19,0xbe,0x5d,0xe7,
  0xff,0xff,0xdf,0xf7,0xff,0xff,0xf8,0xbd,0xfc,0xde,0xff,0xff,0xff,0xff,0xff,0xff,0xff,0xff,0xff,0xff,0xff,0xff,0xff,0xff,
  0xff,0xff,0xff,0xff,0xff,0xff,0xff,0xff,0xff,0xff,0xff,0xff,0xff,0xff,0xff,0xff,0xdf,0xff,0xdf,0xff,0xff,0xff,0xff,0xff,
  0xff,0xff,0xff,0xff,0xff,0xff,0xff,0xff,0xff,0xff,0xff,0xff,0xff,0xff,0xff,0xff,0xff,0xff,0xff,0xff,0xff,0xff,0xff,0xff,
  0xff,0xff,0xff,0xff,0xff,0xff,0xff,0xff,0xff,0xff,0xdf,0xff,0xff,0xff,0xff,0xff,0xff,0xff,0xff,0xff,0xff,0xff,0xff,0xff,
  0xff,0xff,0xff,0xff,0xff,0xff,0xff,0xff,0xff,0xff,0xff,0xff,0xff,0xff,0xff,0xff,0xff,0xff,0xff,0xff,0xff,0xff,0xff,0xff,
  0xff,0xff,0xff,0xff,0xff,0xff,0xff,0xff,0xff,0xff,0xff,0xff,0xdf,0xff,0xdf,0xff,0xdf,0xff,0xdf,0xff,0xff,0xff,0xdf,0xff,
  0xdf,0xff,0xdf,0xff,0xdf,0xff,0xdf,0xff,0xdf,0xff,0xdf,0xff,0xdf,0xff,0xdf,0xff,0xdf,0xff,0xdf,0xff,0xdf,0xff,0xdf,0xff,
  0xdf,0xff,0xdf,0xff,0xdf,0xff,0xdf,0xff,0xdf,0xff,0xdf,0xff,0xdf,0xff,0xdf,0xff,0xdf,0xff,0xdf,0xff,0xdf,0xff,0xdf,0xff,
  0xdf,0xff,0xdf,0xff,0xdf,0xff,0xdf,0xff,0xdf,0xff,0xff,0xff,0xff,0xff,0xdf,0xff,0xff,0xff,0xdf,0xff,0xff,0xff,0xff,0xff,
  0xdf,0xff,0xff,0xff,0xff,0xff,0xff,0xff,0xff,0xff,0xff,0xff,0xff,0xff,0xff,0xff,0xff,0xff,0xff,0xff,0xff,0xff,0xff,0xff,
  0xff,0xff,0xff,0xff,0xff,0xff,0xff,0xff,0xff,0xff,0xff,0xff,0xff,0xff,0xff,0xff,0xff,0xff,0xff,0xff,0xff,0xff,0xff,0xff,
  0xff,0xff,0xff,0xff,0xff,0xff,0xff,0xff,0xff,0xff,0xff,0xff,0xff,0xff,0xff,0xff,0xff,0xff,0xff,0xff,0xff,0xff,0xff,0xff,
  0xff,0xff,0xff,0xff,0xff,0xff,0xff,0xff,0xff,0xff,0xff,0xff,0xff,0xff,0xff,0xff,0xff,0xff,0xff,0xff,0xff,0xff,0xff,0xff,
  0xff,0xff,0xff,0xff,0xff,0xff,0xff,0xff,0xff,0xff,0xff,0xff,0xff,0xff,0xff,0xff,0xff,0xff,0xff,0xff,0xbf,0xe7,0x1f,0xb7,
  0xff,0xff,0xff,0xff,0xff,0xff,0xff,0xff,0xff,0xff,0xbf,0xef,0x9f,0xef,0x9f,0xef,0x9f,0xef,0x9f,0xef,0x9f,0xef,0x9f,0xef,
  0x9f,0xef,0x9f,0xef,0x9f,0xef,0x9f,0xef,0x9f,0xef,0x9f,0xef,0xbf,0xf7,0x9f,0xef,0xbf,0xb6,0xdf,0xb6,0xdf,0xbe,0xdf,0xbe,
  0xdf,0xb6,0xdf,0xb6,0xdf,0xb6,0xbf,0xae,0x1f,0xcf,0xdf,0xf7,0xbf,0xf7,0xbf,0xf7,0xbf,0xf7,0xbf,0xf7,0xbf,0xf7,0xbf,0xf7,
  0xbf,0xf7,0xbf,0xf7,0xbf,0xf7,0xbf,0xf7,0xbf,0xf7,0xbf,0xf7,0xbf,0xf7,0xbf,0xef,0xbf,0xef,0xbf,0xef,0xbf,0xef,0xbf,0xef,
  0xff,0xff,0xff,0xff,0xff,0xff,0xff,0xff,0xff,0xff,0xff,0xff,0xff,0xff,0x5d,0xef,0xf5,0x94,0xbb,0xd6,0xff,0xff,0x7e,0xef,
  0xb7,0xb5,0x97,0xad,0xbe,0xf7,0x9e,0xf7,0x76,0xa5,0x9e,0xef,0xff,0xff,0xdf,0xff,0x76,0xa5,0xbb,0xd6,0xdf,0xff,0x5d,0xef,
  0x97,0xad,0xb7,0xb5,0x19,0xc6,0xff,0xff,0x5a,0xce,0xb7,0xb5,0x39,0xc6,0xff,0xff,0xfc,0xde,0xd4,0x94,0xdb,0xd6,0xff,0xff,
  0xff,0xff,0xff,0xff,0xff,0xff,0xff,0xff,0xff,0xff,0xff,0xff,0xbe,0xf7,0x5d,0xef,0xff,0xff,0xff,0xff,0xff,0xff,0xff,0xff,
  0xff,0xff,0xff,0xff,0xff,0xff,0x1c,0xdf,0xd8,0xb5,0xdf,0xff,0xff,0xff,0x3d,0xe7,0xf5,0x94,0x9b,0xd6,0xff,0xff,0x7d,0xef,
  0xb7,0xb5,0xb7,0xb5,0x9e,0xf7,0xdf,0xff,0x97,0xad,0xb8,0xb5,0xdb,0xd6,0xff,0xff,0x39,0xc6,0x56,0xa5,0x5d,0xe7,0xff,0xff,
  0x7a,0xce,0x1c,0xe7,0xff,0xff,0xdb,0xde,0x93,0x8c,0xff,0xff,0xff,0xff,0xb7,0xb5,0xb7,0xad,0x9e,0xf7,0xff,0xff,0xff,0xff,
  0xff,0xff,0xff,0xff,0xff,0xff,0xff,0xff,0xff,0xff,0x5d,0xef,0x9e,0xf7,0xff,0xff,0xff,0xff,0xff,0xff,0xff,0xff,0xff,0xff,
  0xff,0xff,0xdf,0xff,0x97,0xad,0xf8,0xbd,0xd7,0xb5,0xff,0xff,0x9b,0xd6,0x76,0xad,0x39,0xc6,0xbe,0xf7,0xff,0xff,0x39,0xc6,
  0xfc,0xde,0xff,0xff,0xff,0xff,0xff,0xff,0xff,0xff,0xff,0xff,0xff,0xff,0xff,0xff,0xff,0xff,0xff,0xff,0xff,0xff,0xff,0xff,
  0xff,0xff,0xff,0xff,0xff,0xff,0xdf,0xff,0xff,0xff,0xdf,0xff,0xff,0xff,0xff,0xff,0xff,0xff,0xff,0xff,0xff,0xff,0xff,0xff,
  0xff,0xff,0xff,0xff,0xff,0xff,0xff,0xff,0xff,0xff,0xff,0xff,0xff,0xff,0xff,0xff,0xff,0xff,0xff,0xff,0xff,0xff,0xff,0xff,
  0xdf,0xff,0xff,0xff,0xff,0xff,0xff,0xff,0xff,0xff,0xff,0xff,0xff,0xff,0xff,0xff,0xff,0xff,0xff,0xff,0xff,0xff,0xff,0xff,
  0xff,0xff,0xff,0xff,0xff,0xff,0xff,0xff,0xff,0xff,0xff,0xff,0xff,0xff,0xff,0xff,0xdf,0xff,0xff,0xff,0xff,0xff,0xff,0xff,
  0xff,0xff,0xff,0xff,0xdf,0xff,0xdf,0xff,0xdf,0xff,0xdf,0xff,0xff,0xff,0xdf,0xff,0xff,0xff,0xdf,0xff,0xdf,0xff,0xdf,0xff,
  0xdf,0xff,0xdf,0xff,0xdf,0xff,0xdf,0xff,0xdf,0xff,0xdf,0xff,0xdf,0xff,0xdf,0xff,0xdf,0xff,0xdf,0xff,0xdf,0xff,0xdf,0xff,
  0xdf,0xff,0xdf,0xff,0xdf,0xff,0xdf,0xff,0xdf,0xff,0xdf,0xff,0xdf,0xff,0xdf,0xff,0xdf,0xff,0xdf,0xff,0xdf,0xff,0xdf,0xff,
  0xff,0xff,0xff,0xff,0xff,0xff,0xff,0xff,0xdf,0xff,0xff,0xff,0xff,0xff,0xff,0xff,0xff,0xff,0xff,0xff,0xff,0xff,0xff,0xff,
  0xff,0xff,0xff,0xff,0xff,0xff,0xff,0xff,0xff,0xff,0xff,0xff,0xff,0xff,0xff,0xff,0xff,0xff,0xff,0xff,0xff,0xff,0xff,0xff,
  0xff,0xff,0xff,0xff,0xff,0xff,0xff,0xff,0xff,0xff,0xff,0xff,0xff,0xff,0xff,0xff,0xff,0xff,0xff,0xff,0xff,0xff,0xff,0xff,
  0xff,0xff,0xff,0xff,0xff,0xff,0xff,0xff,0xff,0xff,0xff,0xff,0xff,0xff,0xff,0xff,0xff,0xff,0xff,0xff,0xff,0xff,0xff,0xff,
  0xff,0xff,0xff,0xff,0xff,0xff,0xff,0xff,0xff,0xff,0xff,0xff,0xff,0xff,0xff,0xff,0xff,0xff,0xff,0xff,0xff,0xff,0xff,0xff,
  0xff,0xff,0xff,0xff,0xff,0xff,0xff,0xff,0xff,0xff,0xff,0xff,0xff,0xff,0xff,0xb6,0xbf,0xef,0xff,0xff,0xff,0xff,0xff,0xff,
  0xff,0xff,0xdf,0xf7,0x9f,0xef,0x9f,0xef,0x9f,0xef,0x9f,0xef,0x9f,0xef,0x9f,0xef,0x9f,0xef,0x9f,0xef,0x9f,0xef,0x9f,0xef,
  0x9f,0xef,0x9f,0xef,0x9f,0xef,0xdf,0xf7,0x3f,0xcf,0xdf,0xb6,0xdf,0xbe,0xdf,0xb6,0xdf,0xbe,0xdf,0xb6,0xbf,0xae,0xbf,0xae,
  0xbf,0xb6,0x9f,0xe7,0xdf,0xf7,0xbf,0xf7,0xdf,0xf7,0xbf,0xf7,0xbf,0xf7,0xbf,0xf7,0xbf,0xf7,0xbf,0xf7,0xbf,0xf7,0xbf,0xf7,
  0xbf,0xf7,0xbf,0xef,0xbf,0xef,0xbf,0xef,0xbf,0xef,0xbf,0xef,0xbf,0xef,0xbf,0xef,0xff,0xff,0xff,0xff,0xff,0xff,0xff,0xff,
  0xff,0xff,0xff,0xff,0xff,0xff,0xff,0xff,0xfc,0xde,0x1c,0xdf,0xff,0xff,0xbe,0xf7,0xdf,0xff,0xbe,0xf7,0xdf,0xf7,0xff,0xff,
  0xdf,0xff,0xff,0xff,0xff,0xff,0xff,0xff,0x3d,0xe7,0xdb,0xde,0xdf,0xff,0xff,0xff,0x7d,0xef,0xdb,0xde,0xff,0xff,0xff,0xff,
  0xbe,0xf7,0xff,0xff,0x9e,0xf7,0xff,0xff,0xdf,0xff,0xfc,0xde,0x3d,0xe7,0xff,0xff,0xff,0xff,0xff,0xff,0xff,0xff,0xff,0xff,
  0xff,0xff,0xff,0xff,0xff,0xff,0xff,0xff,0xff,0xff,0xff,0xff,0xff,0xff,0xff,0xff,0xff,0xff,0xff,0xff,0xff,0xff,0xdf,0xff,
  0xdf,0xff,0xff,0xff,0xff,0xff,0xdf,0xff,0xfc,0xde,0xfc,0xde,0xff,0xff,0xdf,0xff,0xff,0xff,0xdf,0xff,0xbe,0xf7,0xff,0xff,
  0xbe,0xf7,0x9b,0xd6,0xbe,0xf7,0xff,0xff,0xbf,0xf7,0xdc,0xd6,0x7e,0xef,0xff,0xff,0xdf,0xff,0xdf,0xff,0xff,0xff,0xdf,0xff,
  0x9e,0xf7,0xff,0xff,0xff,0xff,0x9e,0xf7,0xdb,0xd6,0xbe,0xf7,0xff,0xff,0xff,0xff,0xff,0xff,0xff,0xff,0xff,0xff,0xff,0xff,
  0xff,0xff,0xff,0xff,0xff,0xff,0xff,0xff,0xff,0xff,0xff,0xff,0xff,0xff,0xff,0xff,0xff,0xff,0xff,0xff,0xbe,0xf7,0xff,0xff,
  0xbe,0xf7,0xff,0xff,0xff,0xff,0xdb,0xde,0x1c,0xe7,0xff,0xff,0xff,0xff,0xbf,0xf7,0xdf,0xff,0xff,0xff,0xff,0xff,0xff,0xff,
  0xff,0xff,0xff,0xff,0xff,0xff,0xff,0xff,0xff,0xff,0xff,0xff,0xff,0xff,0xff,0xff,0xff,0xff,0xdf,0xff,0xff,0xff,0xff,0xff,
  0xff,0xff,0xdf,0xff,0xff,0xff,0xff,0xff,0xff,0xff,0xff,0xff,0xff,0xff,0xff,0xff,0xff,0xff,0xff,0xff,0xff,0xff,0xff,0xff,
  0xff,0xff,0xff,0xff,0xff,0xff,0xff,0xff,0xff,0xff,0xff,0xff,0xff,0xff,0xff,0xff,0xff,0xff,0xff,0xff,0xff,0xff,0xff,0xff,
  0xff,0xff,0xff,0xff,0xff,0xff,0xff,0xff,0xff,0xff,0xff,0xff,0xff,0xff,0xff,0xff,0xff,0xff,0xff,0xff,0xff,0xff,0xff,0xff,
  0xff,0xff,0xff,0xff,0xff,0xff,0xff,0xff,0xff,0xff,0xff,0xff,0xff,0xff,0xdf,0xff,0xff,0xff,0xff,0xff,0xff,0xff,0xff,0xff,
  0xdf,0xff,0xff,0xff,0xff,0xff,0xff,0xff,0xdf,0xff,0xdf,0xff,0xdf,0xff,0xdf,0xff,0xdf,0xff,0xdf,0xff,0xdf,0xff,0xdf,0xff,
  0xdf,0xff,0xdf,0xff,0xdf,0xff,0xdf,0xff,0xdf,0xff,0xff,0xff,0xdf,0xff,0xdf,0xff,0xdf,0xff,0xdf,0xff,0xdf,0xff,0xdf,0xff,
  0xdf,0xff,0xdf,0xff,0xdf,0xff,0xdf,0xff,0xdf,0xff,0xdf,0xff,0xdf,0xff,0xff,0xff,0xdf,0xff,0xff,0xff,0xdf,0xff,0xff,0xff,
  0xff,0xff,0xff,0xff,0xff,0xff,0xdf,0xff,0xff,0xff,0xff,0xff,0xff,0xff,0xff,0xff,0xff,0xff,0xff,0xff,0xff,0xff,0xff,0xff,
  0xff,0xff,0xff,0xff,0xff,0xff,0xff,0xff,0xff,0xff,0xff,0xff,0xff,0xff,0xff,0xff,0xff,0xff,0xff,0xff,0xff,0xff,0xff,0xff,
  0xff,0xff,0xff,0xff,0xff,0xff,0xff,0xff,0xff,0xff,0xff,0xff,0xff,0xff,0xff,0xff,0xff,0xff,0xff,0xff,0xff,0xff,0xff,0xff,
  0xff,0xff,0xff,0xff,0xff,0xff,0xff,0xff,0xff,0xff,0xff,0xff,0xff,0xff,0xff,0xff,0xff,0xff,0xff,0xff,0xff,0xff,0xff,0xff,
  0xff,0xff,0xff,0xff,0xff,0xff,0xff,0xff,0xff,0xff,0xff,0xff,0xff,0xff,0xff,0xff,0xff,0xff,0xff,0xff,0xff,0xff,0xff,0xff,
  0xff,0xff,0xff,0xff,0xff,0xff,0x7f,0xd7,0x3f,0xbf,0xff,0xff,0xff,0xff,0xff,0xff,0xff,0xff,0xff,0xff,0xbf,0xef,0x9f,0xef,
  0x9f,0xef,0x9f,0xef,0x9f,0xef,0x9f,0xef,0x9f,0xef,0x9f,0xef,0x9f,0xef,0x9f,0xef,0x9f,0xef,0x9f,0xef,0x9f,0xef,0xbf,0xef,
  0xbf,0xf7,0xdf,0xbe,0xdf,0xb6,0xdf,0xb6,0xdf,0xb6,0xdf,0xb6,0xff,0xbe,0x3f,0xcf,0x7f,0xe7,0x9f,0xe7,0xbf,0xef,0xbf,0xf7,
  0xbf,0xf7,0xbf,0xf7,0xbf,0xf7,0xbf,0xf7,0xbf,0xf7,0xbf,0xf7,0xbf,0xf7,0xbf,0xf7,0xbf,0xf7,0xbf,0xf7,0xbf,0xef,0xbf,0xef,
  0xbf,0xef,0xbf,0xef,0xbf,0xef,0xbf,0xef,0xff,0xff,0xff,0xff,0xff,0xff,0xff,0xff,0xff,0xff,0xff,0xff,0xff,0xff,0xff,0xff,
  0xff,0xff,0xff,0xff,0xff,0xff,0xff,0xff,0xff,0xff,0xff,0xff,0xff,0xff,0xff,0xff,0xff,0xff,0xff,0xff,0xff,0xff,0xff,0xff,
  0xff,0xff,0xff,0xff,0xff,0xff,0xff,0xff,0xff,0xff,0xff,0xff,0xff,0xff,0xff,0xff,0xff,0xff,0xff,0xff,0xff,0xff,0xff,0xff,
  0xff,0xff,0xff,0xff,0xff,0xff,0xff,0xff,0xff,0xff,0xff,0xff,0xff,0xff,0xff,0xff,0xff,0xff,0xff,0xff,0xff,0xff,0xff,0xff,
  0xff,0xff,0xff,0xff,0xff,0xff,0xff,0xff,0xff,0xff,0xff,0xff,0xff,0xff,0xff,0xff,0xff,0xff,0xff,0xff,0xff,0xff,0xff,0xff,
  0xff,0xff,0xff,0xff,0xff,0xff,0xff,0xff,0xff,0xff,0xff,0xff,0xff,0xff,0xff,0xff,0xff,0xff,0xff,0xff,0xff,0xff,0xff,0xff,
  0xff,0xff,0xff,0xff,0xff,0xff,0xff,0xff,0xff,0xff,0xff,0xff,0xff,0xff,0xff,0xff,0xff,0xff,0xff,0xff,0xff,0xff,0xff,0xff,
  0xff,0xff,0xff,0xff,0xff,0xff,0xff,0xff,0xff,0xff,0xff,0xff,0xff,0xff,0xff,0xff,0xff,0xff,0xff,0xff,0xff,0xff,0xff,0xff,
  0xff,0xff,0xff,0xff,0xff,0xff,0xff,0xff,0xff,0xff,0xff,0xff,0xff,0xff,0xff,0xff,0xff,0xff,0xff,0xff,0xff,0xff,0xff,0xff,
  0xff,0xff,0xff,0xff,0xff,0xff,0xff,0xff,0xff,0xff,0xff,0xff,0xff,0xff,0xff,0xff,0xff,0xff,0xff,0xff,0xff,0xff,0xff,0xff,
  0xff,0xff,0xff,0xff,0xff,0xff,0xff,0xff,0xdf,0xff,0xdf,0xff,0xff,0xff,0xdf,0xff,0xdf,0xff,0xff,0xff,0xff,0xff,0xff,0xff,
  0xff,0xff,0xff,0xff,0xff,0xff,0xff,0xff,0xff,0xff,0xff,0xff,0xff,0xff,0xff,0xff,0xff,0xff,0xff,0xff,0xff,0xff,0xff,0xff,
  0xff,0xff,0xff,0xff,0xff,0xff,0xff,0xff,0xff,0xff,0xff,0xff,0xff,0xff,0xff,0xff,0xff,0xff,0xff,0xff,0xff,0xff,0xff,0xff,
  0xff,0xff,0xff,0xff,0xff,0xff,0xff,0xff,0xff,0xff,0xff,0xff,0xff,0xff,0xff,0xff,0xff,0xff,0xff,0xff,0xff,0xff,0xff,0xff,
  0xdf,0xff,0xff,0xff,0xff,0xff,0xff,0xff,0xff,0xff,0xff,0xff,0xdf,0xff,0xff,0xff,0xff,0xff,0xdf,0xff,0xff,0xff,0xdf,0xff,
  0xdf,0xff,0xff,0xff,0xdf,0xff,0xdf,0xff,0xdf,0xff,0xdf,0xff,0xdf,0xff,0xdf,0xff,0xdf,0xff,0xdf,0xff,0xdf,0xff,0xdf,0xff,
  0xdf,0xff,0xdf,0xff,0xdf,0xff,0xdf,0xff,0xdf,0xff,0xdf,0xff,0xdf,0xff,0xdf,0xff,0xdf,0xff,0xdf,0xff,0xdf,0xff,0xdf,0xff,
  0xdf,0xff,0xdf,0xff,0xdf,0xff,0xff,0xff,0xff,0xff,0xff,0xff,0xdf,0xff,0xdf,0xff,0xff,0xff,0xff,0xff,0xff,0xff,0xff,0xff,
  0xff,0xff,0xff,0xff,0xff,0xff,0xff,0xff,0xff,0xff,0xff,0xff,0xff,0xff,0xff,0xff,0xff,0xff,0xff,0xff,0xff,0xff,0xff,0xff,
  0xff,0xff,0xff,0xff,0xff,0xff,0xff,0xff,0xff,0xff,0xff,0xff,0xff,0xff,0xff,0xff,0xff,0xff,0xff,0xff,0xff,0xff,0xff,0xff,
  0xff,0xff,0xff,0xff,0xff,0xff,0xff,0xff,0xff,0xff,0xff,0xff,0xff,0xff,0xff,0xff,0xff,0xff,0xff,0xff,0xff,0xff,0xff,0xff,
  0xff,0xff,0xff,0xff,0xff,0xff,0xff,0xff,0xff,0xff,0xff,0xff,0xff,0xff,0xff,0xff,0xff,0xff,0xff,0xff,0xff,0xff,0xff,0xff,
  0xff,0xff,0xff,0xff,0xff,0xff,0xff,0xff,0xff,0xff,0xff,0xff,0xff,0xff,0xff,0xff,0xff,0xff,0xff,0xff,0xff,0xff,0xdf,0xf7,
  0xdf,0xa6,0xdf,0xf7,0xff,0xff,0xff,0xff,0xff,0xff,0xff,0xff,0xdf,0xf7,0x9f,0xef,0x9f,0xef,0x9f,0xef,0x9f,0xef,0x9f,0xef,
  0x9f,0xef,0x9f,0xef,0x9f,0xef,0x9f,0xef,0x9f,0xef,0x9f,0xef,0xbf,0xef,0x9f,0xef,0xbf,0xf7,0x7f,0xdf,0xbf,0xb6,0xdf,0xbe,
  0x1f,0xc7,0x7f,0xdf,0x9f,0xe7,0x9f,0xe7,0x9f,0xe7,0x7f,0xe7,0x7f,0xe7,0xbf,0xf7,0xdf,0xf7,0xbf,0xf7,0xbf,0xf7,0xbf,0xf7,
  0xbf,0xf7,0xbf,0xf7,0xbf,0xf7,0xbf,0xf7,0xbf,0xf7,0xbf,0xf7,0xbf,0xf7,0xbf,0xef,0xbf,0xef,0xbf,0xef,0xbf,0xef,0xbf,0xef,
  0xff,0xff,0xff,0xff,0xff,0xff,0xff,0xff,0xff,0xff,0xff,0xff,0xff,0xff,0xff,0xff,0xff,0xff,0xff,0xff,0xff,0xff,0xff,0xff,
  0xff,0xff,0xff,0xff,0xff,0xff,0xff,0xff,0xff,0xff,0xff,0xff,0xff,0xff,0xff,0xff,0xff,0xff,0xff,0xff,0xff,0xff,0xff,0xff,
  0xff,0xff,0xff,0xff,0xff,0xff,0xff,0xff,0xff,0xff,0xff,0xff,0xff,0xff,0xff,0xff,0xff,0xff,0xff,0xff,0xff,0xff,0xff,0xff,
  0xff,0xff,0xff,0xff,0xff,0xff,0xff,0xff,0xff,0xff,0xff,0xff,0xff,0xff,0xff,0xff,0xff,0xff,0xff,0xff,0xff,0xff,0xff,0xff,
  0xff,0xff,0xff,0xff,0xff,0xff,0xff,0xff,0xff,0xff,0xff,0xff,0xff,0xff,0xff,0xff,0xff,0xff,0xff,0xff,0xff,0xff,0xff,0xff,
  0xff,0xff,0xff,0xff,0xff,0xff,0xff,0xff,0xff,0xff,0xff,0xff,0xff,0xff,0xff,0xff,0xff,0xff,0xff,0xff,0xff,0xff,0xff,0xff,
  0xff,0xff,0xff,0xff,0xff,0xff,0xff,0xff,0xff,0xff,0xff,0xff,0xff,0xff,0xff,0xff,0xff,0xff,0xff,0xff,0xff,0xff,0xff,0xff,
  0xff,0xff,0xff,0xff,0xff,0xff,0xff,0xff,0xff,0xff,0xff,0xff,0xff,0xff,0xff,0xff,0xff,0xff,0xff,0xff,0xff,0xff,0xff,0xff,
  0xff,0xff,0xff,0xff,0xff,0xff,0xff,0xff,0xff,0xff,0xff,0xff,0xff,0xff,0xff,0xff,0xff,0xff,0xff,0xff,0xff,0xff,0xff,0xff,
  0xff,0xff,0xff,0xff,0xff,0xff,0xff,0xff,0xff,0xff,0xff,0xff,0xff,0xff,0xff,0xff,0xff,0xff,0xff,0xff,0xff,0xff,0xff,0xff,
  0xff,0xff,0xff,0xff,0xff,0xff,0xff,0xff,0xff,0xff,0xff,0xff,0xff,0xff,0xff,0xff,0xff,0xff,0xff,0xff,0xff,0xff,0xff,0xff,
  0xff,0xff,0xff,0xff,0xff,0xff,0xff,0xff,0xff,0xff,0xff,0xff,0xff,0xff,0xff,0xff,0xff,0xff,0xff,0xff,0xff,0xff,0xff,0xff,
  0xff,0xff,0xff,0xff,0xff,0xff,0xff,0xff,0xff,0xff,0xff,0xff,0xff,0xff,0xff,0xff,0xff,0xff,0xff,0xff,0xff,0xff,0xff,0xff,
  0xff,0xff,0xff,0xff,0xff,0xff,0xff,0xff,0xff,0xff,0xff,0xff,0xff,0xff,0xff,0xff,0xff,0xff,0xff,0xff,0xff,0xff,0xff,0xff,
  0xff,0xff,0xff,0xff,0xdf,0xff,0xdf,0xff,0xdf,0xff,0xdf,0xff,0xdf,0xff,0xdf,0xff,0xdf,0xff,0xdf,0xff,0xdf,0xff,0xdf,0xff,
  0xdf,0xff,0xdf,0xff,0xdf,0xff,0xdf,0xff,0xdf,0xff,0xdf,0xff,0xdf,0xff,0xdf,0xff,0xdf,0xff,0xdf,0xff,0xdf,0xff,0xdf,0xff,
  0xdf,0xff,0xff,0xff,0xdf,0xff,0xdf,0xff,0xdf,0xff,0xdf,0xff,0xdf,0xff,0xdf,0xff,0xdf,0xff,0xdf,0xff,0xdf,0xff,0xff,0xff,
  0xff,0xff,0xff,0xff,0xff,0xff,0xff,0xff,0xff,0xff,0xff,0xff,0xdf,0xff,0xff,0xff,0xff,0xff,0xff,0xff,0xff,0xff,0xff,0xff,
  0xff,0xff,0xff,0xff,0xff,0xff,0xff,0xff,0xff,0xff,0xff,0xff,0xff,0xff,0xff,0xff,0xff,0xff,0xff,0xff,0xff,0xff,0xff,0xff,
  0xff,0xff,0xff,0xff,0xff,0xff,0xff,0xff,0xff,0xff,0xff,0xff,0xff,0xff,0xff,0xff,0xff,0xff,0xff,0xff,0xff,0xff,0xff,0xff,
  0xff,0xff,0xff,0xff,0xff,0xff,0xff,0xff,0xff,0xff,0xff,0xff,0xff,0xff,0xff,0xff,0xff,0xff,0xff,0xff,0xff,0xff,0xff,0xff,
  0xff,0xff,0xff,0xff,0xff,0xff,0xff,0xff,0xff,0xff,0xff,0xff,0xff,0xff,0xff,0xff,0xff,0xff,0xff,0xff,0xff,0xff,0xff,0xff,
  0xff,0xff,0xff,0xff,0xff,0xff,0xff,0xff,0xff,0xff,0xff,0xff,0xff,0xff,0xff,0xff,0x3f,0xc7,0x5f,0xcf,0xff,0xff,0xff,0xff,
  0xff,0xff,0xff,0xff,0xff,0xff,0xbf,0xef,0x9f,0xef,0x9f,0xef,0x9f,0xef,0x9f,0xef,0x9f,0xef,0x9f,0xef,0x9f,0xef,0x9f,0xef,
  0x9f,0xef,0x9f,0xef,0x9f,0xef,0x9f,0xef,0x9f,0xef,0xdf,0xf7,0x7f,0xdf,0x7f,0xdf,0x9f,0xef,0x9f,0xe7,0x7f,0xe7,0x7f,0xe7,
  0x7f,0xe7,0x7f,0xe7,0x7f,0xe7,0x9f,0xe7,0xdf,0xf7,0xdf,0xf7,0xbf,0xf7,0xbf,0xf7,0xbf,0xf7,0xbf,0xf7,0xbf,0xf7,0xbf,0xf7,
  0xbf,0xf7,0xbf,0xf7,0xbf,0xef,0xbf,0xef,0xbf,0xef,0xbf,0xef,0xbf,0xef,0xbf,0xef,0xff,0xff,0xff,0xff,0xff,0xff,0xff,0xff,
  0xff,0xff,0xff,0xff,0xff,0xff,0xff,0xff,0xff,0xff,0xff,0xff,0xff,0xff,0xff,0xff,0xff,0xff,0xff,0xff,0xff,0xff,0xff,0xff,
  0xff,0xff,0xff,0xff,0xff,0xff,0xff,0xff,0xff,0xff,0xff,0xff,0xff,0xff,0xff,0xff,0xff,0xff,0xff,0xff,0xff,0xff,0xff,0xff,
  0xff,0xff,0xff,0xff,0xff,0xff,0xff,0xff,0xff,0xff,0xff,0xff,0xff,0xff,0xff,0xff,0xff,0xff,0xff,0xff,0xff,0xff,0xff,0xff,
  0xff,0xff,0xff,0xff,0xff,0xff,0xff,0xff,0xff,0xff,0xff,0xff,0xff,0xff,0xff,0xff,0xff,0xff,0xff,0xff,0xff,0xff,0xff,0xff,
  0xff,0xff,0xff,0xff,0xff,0xff,0xff,0xff,0xff,0xff,0xff,0xff,0xff,0xff,0xff,0xff,0xff,0xff,0xff,0xff,0xff,0xff,0xff,0xff,
  0xff,0xff,0xff,0xff,0xff,0xff,0xff,0xff,0xff,0xff,0xff,0xff,0xff,0xff,0xff,0xff,0xff,0xff,0xff,0xff,0xff,0xff,0xff,0xff,
  0xff,0xff,0xff,0xff,0xff,0xff,0xff,0xff,0xff,0xff,0xff,0xff,0xff,0xff,0xff,0xff,0xff,0xff,0xff,0xff,0xff,0xff,0xff,0xff,
  0xff,0xff,0xff,0xff,0xff,0xff,0xff,0xff,0xff,0xff,0xff,0xff,0xff,0xff,0xff,0xff,0xff,0xff,0xff,0xff,0xff,0xff,0xff,0xff,
  0xff,0xff,0xff,0xff,0xff,0xff,0xff,0xff,0xff,0xff,0xff,0xff,0xff,0xff,0xff,0xff,0xff,0xff,0xff,0xff,0xff,0xff,0xff,0xff,
  0xff,0xff,0xff,0xff,0xff,0xff,0xff,0xff,0xff,0xff,0xff,0xff,0xff,0xff,0xff,0xff,0xff,0xff,0xff,0xff,0xff,0xff,0xff,0xff,
  0xff,0xff,0xff,0xff,0xff,0xff,0xff,0xff,0xff,0xff,0xff,0xff,0xff,0xff,0xff,0xff,0xff,0xff,0xff,0xff,0xff,0xff,0xff,0xff,
  0xff,0xff,0xff,0xff,0xff,0xff,0xff,0xff,0xff,0xff,0xff,0xff,0xff,0xff,0xff,0xff,0xff,0xff,0xdf,0xff,0xbf,0xef,0xbf,0xef,
  0xbf,0xef,0xdf,0xf7,0xdf,0xff,0xff,0xff,0xff,0xff,0xff,0xff,0xff,0xff,0xff,0xff,0xff,0xff,0xff,0xff,0xff,0xff,0xff,0xff,
  0xff,0xff,0xff,0xff,0xff,0xff,0xff,0xff,0xff,0xff,0xff,0xff,0xff,0xff,0xff,0xff,0xff,0xff,0xff,0xff,0xff,0xff,0xff,0xff,
  0xff,0xff,0xdf,0xff,0xff,0xff,0xff,0xff,0xdf,0xff,0xdf,0xff,0xdf,0xff,0xdf,0xff,0xdf,0xff,0xdf,0xff,0xdf,0xff,0xdf,0xff,
  0xdf,0xff,0xdf,0xff,0xff,0xff,0xff,0xff,0xdf,0xff,0xdf,0xff,0xdf,0xff,0xdf,0xff,0xff,0xff,0xff,0xff,0xff,0xff,0xff,0xff,
  0xff,0xff,0xff,0xff,0xdf,0xff,0xff,0xff,0xdf,0xff,0xff,0xff,0xff,0xff,0xff,0xff,0xdf,0xff,0xff,0xff,0xff,0xff,0xff,0xff,
  0xff,0xff,0xff,0xff,0xdf,0xff,0xff,0xff,0xff,0xff,0xff,0xff,0xff,0xff,0xff,0xff,0xff,0xff,0xff,0xff,0xff,0xff,0xff,0xff,
  0xff,0xff,0xff,0xff,0xff,0xff,0xff,0xff,0xff,0xff,0xff,0xff,0xff,0xff,0xff,0xff,0xff,0xff,0xff,0xff,0xff,0xff,0xff,0xff,
  0xff,0xff,0xff,0xff,0xff,0xff,0xff,0xff,0xff,0xff,0xff,0xff,0xff,0xff,0xff,0xff,0xff,0xff,0xff,0xff,0xff,0xff,0xff,0xff,
  0xff,0xff,0xff,0xff,0xff,0xff,0xff,0xff,0xff,0xff,0xff,0xff,0xff,0xff,0xff,0xff,0xff,0xff,0xff,0xff,0xff,0xff,0xff,0xff,
  0xff,0xff,0xff,0xff,0xff,0xff,0xff,0xff,0xff,0xff,0xff,0xff,0xff,0xff,0xff,0xff,0xff,0xff,0xff,0xff,0xff,0xff,0xff,0xff,
  0xff,0xff,0xff,0xff,0xff,0xff,0xff,0xff,0xdf,0xf7,0xff,0xb6,0xff,0xff,0xff,0xff,0xff,0xff,0xff,0xff,0xff,0xff,0xdf,0xf7,
  0x9f,0xef,0x9f,0xef,0x9f,0xef,0x9f,0xef,0x9f,0xef,0x9f,0xef,0x9f,0xef,0x9f,0xef,0x9f,0xef,0x9f,0xef,0x9f,0xef,0x9f,0xef,
  0x9f,0xef,0x9f,0xef,0xdf,0xff,0x9f,0xef,0x9f,0xe7,0x9f,0xe7,0x9f,0xe7,0x7f,0xe7,0x7f,0xe7,0x7f,0xe7,0x7f,0xe7,0x7f,0xe7,
  0x9f,0xe7,0xbf,0xf7,0xdf,0xf7,0xbf,0xf7,0xbf,0xf7,0xbf,0xf7,0xbf,0xf7,0xbf,0xf7,0xbf,0xf7,0xbf,0xf7,0xbf,0xf7,0xbf,0xef,
  0xbf,0xef,0xbf,0xef,0xbf,0xef,0xbf,0xef,0xff,0xff,0xff,0xff,0xff,0xff,0xff,0xff,0xff,0xff,0xff,0xff,0xff,0xff,0xff,0xff,
  0xff,0xff,0xff,0xff,0xff,0xff,0xff,0xff,0xff,0xff,0xff,0xff,0xff,0xff,0xff,0xff,0xff,0xff,0xff,0xff,0xff,0xff,0xff,0xff,
  0xff,0xff,0xff,0xff,0xff,0xff,0xff,0xff,0xff,0xff,0xff,0xff,0xff,0xff,0xff,0xff,0xff,0xff,0xff,0xff,0xff,0xff,0xff,0xff,
  0xff,0xff,0xff,0xff,0xff,0xff,0xff,0xff,0xff,0xff,0xff,0xff,0xff,0xff,0xff,0xff,0xff,0xff,0xff,0xff,0xff,0xff,0xff,0xff,
  0xff,0xff,0xff,0xff,0xff,0xff,0xff,0xff,0xff,0xff,0xff,0xff,0xff,0xff,0xff,0xff,0xff,0xff,0xff,0xff,0xff,0xff,0xff,0xff,
  0xff,0xff,0xff,0xff,0xff,0xff,0xff,0xff,0xff,0xff,0xff,0xff,0xff,0xff,0xff,0xff,0xff,0xff,0xff,0xff,0xff,0xff,0xff,0xff,
  0xff,0xff,0xff,0xff,0xff,0xff,0xff,0xff,0xff,0xff,0xff,0xff,0xff,0xff,0xff,0xff,0xff,0xff,0xff,0xff,0xff,0xff,0xff,0xff,
  0xff,0xff,0xff,0xff,0xff,0xff,0xff,0xff,0xff,0xff,0xff,0xff,0xff,0xff,0xff,0xff,0xff,0xff,0xff,0xff,0xff,0xff,0xff,0xff,
  0xff,0xff,0xff,0xff,0xff,0xff,0xff,0xff,0xff,0xff,0xff,0xff,0xff,0xff,0xff,0xff,0xff,0xff,0xff,0xff,0xff,0xff,0xff,0xff,
  0xff,0xff,0xff,0xff,0xff,0xff,0xff,0xff,0xff,0xff,0xff,0xff,0xff,0xff,0xff,0xff,0xff,0xff,0xff,0xff,0xff,0xff,0xff,0xff,
  0xff,0xff,0xff,0xff,0xff,0xff,0xff,0xff,0xff,0xff,0xff,0xff,0xff,0xff,0xff,0xff,0xff,0xff,0xff,0xff,0xff,0xff,0xff,0xff,
  0xff,0xff,0xdf,0xf7,0xdf,0xf7,0xdf,0xf7,0xbf,0xf7,0xbf,0xef,0xbf,0xef,0xbf,0xef,0x9f,0xe7,0x9f,0xe7,0x9f,0xe7,0x9f,0xe7,
  0x9f,0xe7,0x9f,0xe7,0x9f,0xe7,0xbf,0xef,0xbf,0xef,0x7f,0xdf,0x7f,0xdf,0x9f,0xdf,0x9f,0xdf,0x9f,0xe7,0x9f,0xe7,0x9f,0xe7,
  0x9f,0xe7,0xbf,0xef,0xdf,0xf7,0xff,0xff,0xff,0xff,0xff,0xff,0xff,0xff,0xff,0xff,0xff,0xff,0xff,0xff,0xff,0xff,0xff,0xff,
  0xff,0xff,0xff,0xff,0xff,0xff,0xff,0xff,0xdf,0xff,0xff,0xff,0xff,0xff,0xff,0xff,0xff,0xff,0xdf,0xff,0xff,0xff,0xdf,0xff,
  0xdf,0xff,0xdf,0xff,0xff,0xff,0xdf,0xff,0xdf,0xff,0xdf,0xff,0xdf,0xff,0xdf,0xff,0xdf,0xff,0xdf,0xff,0xdf,0xff,0xff,0xff,
  0xdf,0xff,0xdf,0xff,0xdf,0xff,0xff,0xff,0xff,0xff,0xdf,0xff,0xdf,0xff,0xdf,0xff,0xff,0xff,0xff,0xff,0xff,0xff,0xdf,0xff,
  0xdf,0xff,0xdf,0xff,0xdf,0xff,0xff,0xff,0xdf,0xff,0xff,0xff,0xdf,0xff,0xdf,0xff,0xff,0xff,0xff,0xff,0xff,0xff,0xff,0xff,
  0xff,0xff,0xff,0xff,0xff,0xff,0xff,0xff,0xff,0xff,0xff,0xff,0xff,0xff,0xff,0xff,0xff,0xff,0xff,0xff,0xff,0xff,0xff,0xff,
  0xff,0xff,0xff,0xff,0xff,0xff,0xff,0xff,0xff,0xff,0xff,0xff,0xff,0xff,0xff,0xff,0xff,0xff,0xff,0xff,0xff,0xff,0xff,0xff,
  0xff,0xff,0xff,0xff,0xff,0xff,0xff,0xff,0xff,0xff,0xff,0xff,0xff,0xff,0xff,0xff,0xff,0xff,0xff,0xff,0xff,0xff,0xff,0xff,
  0xff,0xff,0xff,0xff,0xff,0xff,0xff,0xff,0xff,0xff,0xff,0xff,0xff,0xff,0xff,0xff,0xff,0xff,0xff,0xff,0xff,0xff,0xff,0xff,
  0xff,0xff,0xff,0xff,0xff,0xff,0xff,0xff,0xff,0xff,0xff,0xff,0xff,0xff,0xff,0xff,0xff,0xff,0xff,0xff,0xff,0xff,0xff,0xff,
  0xff,0xff,0x5f,0xc7,0x5f,0xc7,0xff,0xff,0xff,0xff,0xff,0xff,0xff,0xff,0xff,0xff,0xbf,0xf7,0x9f,0xef,0x9f,0xef,0x9f,0xef,
  0x9f,0xef,0x9f,0xef,0x9f,0xef,0x9f,0xef,0x9f,0xef,0x9f,0xef,0x9f,0xef,0x9f,0xef,0x9f,0xef,0x9f,0xef,0xbf,0xef,0xdf,0xf7,
  0x9f,0xe7,0x9f,0xe7,0x9f,0xe7,0x7f,0xe7,0x7f,0xe7,0x9f,0xe7,0x7f,0xe7,0x7f,0xe7,0x7f,0xdf,0x7f,0xe7,0xbf,0xf7,0xdf,0xf7,
  0xbf,0xf7,0xbf,0xf7,0xbf,0xf7,0xbf,0xf7,0xbf,0xf7,0xbf,0xef,0xbf,0xf7,0xbf,0xef,0xbf,0xef,0xbf,0xef,0xbf,0xef,0xbf,0xef,
  0xff,0xff,0xff,0xff,0xff,0xff,0xff,0xff,0xff,0xff,0xff,0xff,0xff,0xff,0xff,0xff,0xff,0xff,0xff,0xff,0xff,0xff,0xff,0xff,
  0xff,0xff,0xff,0xff,0xff,0xff,0xff,0xff,0xff,0xff,0xff,0xff,0xff,0xff,0xff,0xff,0xff,0xff,0xff,0xff,0xff,0xff,0xff,0xff,
  0xff,0xff,0xff,0xff,0xff,0xff,0xff,0xff,0xff,0xff,0xff,0xff,0xff,0xff,0xff,0xff,0xff,0xff,0xff,0xff,0xff,0xff,0xff,0xff,
  0xff,0xff,0xff,0xff,0xff,0xff,0xff,0xff,0xff,0xff,0xff,0xff,0xff,0xff,0xff,0xff,0xff,0xff,0xff,0xff,0xff,0xff,0xff,0xff,
  0xff,0xff,0xff,0xff,0xff,0xff,0xff,0xff,0xff,0xff,0xff,0xff,0xff,0xff,0xff,0xff,0xff,0xff,0xff,0xff,0xff,0xff,0xff,0xff,
  0xff,0xff,0xff,0xff,0xff,0xff,0xff,0xff,0xff,0xff,0xff,0xff,0xff,0xff,0xff,0xff,0xff,0xff,0xff,0xff,0xff,0xff,0xff,0xff,
  0xff,0xff,0xff,0xff,0xff,0xff,0xff,0xff,0xff,0xff,0xff,0xff,0xff,0xff,0xff,0xff,0xff,0xff,0xff,0xff,0xff,0xff,0xff,0xff,
  0xff,0xff,0xff,0xff,0xff,0xff,0xff,0xff,0xff,0xff,0xff,0xff,0xff,0xff,0xff,0xff,0xff,0xff,0xff,0xff,0xff,0xff,0xff,0xff,
  0xff,0xff,0xff,0xff,0xff,0xff,0xff,0xff,0xff,0xff,0xff,0xff,0xff,0xff,0xff,0xff,0xff,0xff,0xff,0xff,0xff,0xff,0xff,0xff,
  0xff,0xff,0xff,0xff,0xff,0xff,0xff,0xff,0xff,0xff,0xff,0xff,0xff,0xff,0xff,0xff,0xff,0xff,0xff,0xff,0xff,0xff,0xff,0xff,
  0xff,0xff,0xff,0xff,0xff,0xff,0xff,0xff,0xff,0xff,0xff,0xff,0xdf,0xff,0xdf,0xff,0xdf,0xff,0xdf,0xff,0xdf,0xff,0xdf,0xff,
  0xdf,0xff,0xff,0xff,0xdf,0xff,0xdf,0xff,0xdf,0xf7,0xdf,0xf7,0xdf,0xf7,0xdf,0xf7,0xdf,0xf7,0xbf,0xef,0x9f,0xef,0x7f,0xe7,
  0x7f,0xdf,0x7f,0xdf,0x9f,0xe7,0x9f,0xe7,0x9f,0xe7,0x9f,0xe7,0x7f,0xdf,0x7f,0xdf,0x7f,0xdf,0x7f,0xdf,0x7f,0xdf,0x9f,0xe7,
  0xbf,0xef,0xdf,0xf7,0xff,0xff,0xff,0xff,0xff,0xff,0xff,0xff,0xff,0xff,0xff,0xff,0xff,0xff,0xff,0xff,0xff,0xff,0xff,0xff,
  0xff,0xff,0xff,0xff,0xff,0xff,0xff,0xff,0xff,0xff,0xff,0xff,0xff,0xff,0xff,0xff,0xff,0xff,0xff,0xff,0xff,0xff,0xff,0xff,
  0xdf,0xff,0xdf,0xff,0xdf,0xff,0xdf,0xff,0xdf,0xff,0xdf,0xff,0xff,0xff,0xff,0xff,0xff,0xff,0xff,0xff,0xff,0xff,0xdf,0xff,
  0xff,0xff,0xff,0xff,0xff,0xff,0xff,0xff,0xff,0xff,0xff,0xff,0xff,0xff,0xff,0xff,0xff,0xff,0xff,0xff,0xff,0xff,0xff,0xff,
  0xff,0xff,0xff,0xff,0xff,0xff,0xff,0xff,0xff,0xff,0xff,0xff,0xff,0xff,0xff,0xff,0xff,0xff,0xff,0xff,0xff,0xff,0xff,0xff,
  0xff,0xff,0xff,0xff,0xff,0xff,0xff,0xff,0xff,0xff,0xff,0xff,0xff,0xff,0xff,0xff,0xff,0xff,0xff,0xff,0xff,0xff,0xff,0xff,
  0xff,0xff,0xff,0xff,0xff,0xff,0xff,0xff,0xff,0xff,0xff,0xff,0xff,0xff,0xff,0xff,0xff,0xff,0xff,0xff,0xff,0xff,0xff,0xff,
  0xff,0xff,0xff,0xff,0xff,0xff,0xff,0xff,0xff,0xff,0xff,0xff,0xff,0xff,0xff,0xff,0xff,0xff,0xff,0xff,0xff,0xff,0xff,0xff,
  0xff,0xff,0xff,0xff,0xff,0xff,0xff,0xff,0xff,0xff,0xff,0xff,0xff,0xff,0xff,0xff,0xff,0xff,0xff,0xff,0xff,0xff,0xff,0xff,
  0xff,0xff,0xff,0xff,0xff,0xff,0xff,0xff,0xff,0xff,0xff,0xff,0xff,0xff,0xff,0xff,0xff,0xff,0xdf,0xf7,0xbf,0xe7,0xff,0xff,
  0xdf,0xf7,0xdf,0xef,0xff,0xff,0xff,0xff,0xdf,0xff,0xbf,0xef,0x9f,0xef,0x9f,0xef,0x9f,0xef,0x9f,0xef,0x9f,0xef,0x9f,0xef,
  0x9f,0xef,0x9f,0xef,0x9f,0xef,0x9f,0xef,0x9f,0xef,0x9f,0xef,0x9f,0xef,0xbf,0xf7,0xdf,0xf7,0x7f,0xe7,0x9f,0xe7,0x9f,0xe7,
  0x9f,0xe7,0x9f,0xe7,0x7f,0xe7,0x7f,0xe7,0x7f,0xe7,0x7f,0xdf,0x7f,0xe7,0xbf,0xef,0xdf,0xf7,0xbf,0xf7,0xbf,0xf7,0xbf,0xf7,
  0xbf,0xf7,0xbf,0xef,0xbf,0xef,0xbf,0xf7,0xbf,0xef,0xbf,0xef,0xbf,0xef,0xbf,0xef,0xff,0xff,0xff,0xff,0xff,0xff,0xff,0xff,
  0xff,0xff,0xff,0xff,0xff,0xff,0xff,0xff,0xff,0xff,0xff,0xff,0xff,0xff,0xff,0xff,0xff,0xff,0xff,0xff,0xff,0xff,0xff,0xff,
  0xff,0xff,0xff,0xff,0xff,0xff,0xff,0xff,0xff,0xff,0xff,0xff,0xff,0xff,0xff,0xff,0xff,0xff,0xff,0xff,0xff,0xff,0xff,0xff,
  0xff,0xff,0xff,0xff,0xff,0xff,0xff,0xff,0xff,0xff,0xff,0xff,0xff,0xff,0xff,0xff,0xff,0xff,0xff,0xff,0xff,0xff,0xff,0xff,
  0xff,0xff,0xff,0xff,0xff,0xff,0xff,0xff,0xff,0xff,0xff,0xff,0xff,0xff,0xff,0xff,0xff,0xff,0xff,0xff,0xff,0xff,0xff,0xff,
  0xff,0xff,0xff,0xff,0xff,0xff,0xff,0xff,0xff,0xff,0xff,0xff,0xff,0xff,0xff,0xff,0xff,0xff,0xff,0xff,0xff,0xff,0xff,0xff,
  0xff,0xff,0xff,0xff,0xff,0xff,0xff,0xff,0xff,0xff,0xff,0xff,0xff,0xff,0xff,0xff,0xff,0xff,0xff,0xff,0xff,0xff,0xff,0xff,
  0xff,0xff,0xff,0xff,0xff,0xff,0xff,0xff,0xff,0xff,0xff,0xff,0xff,0xff,0xff,0xff,0xff,0xff,0xff,0xff,0xff,0xff,0xff,0xff,
  0xff,0xff,0xff,0xff,0xff,0xff,0xff,0xff,0xff,0xff,0xff,0xff,0xff,0xff,0xff,0xff,0xff,0xff,0xff,0xff,0xff,0xff,0xff,0xff,
  0xff,0xff,0xff,0xff,0xff,0xff,0xff,0xff,0xff,0xff,0xff,0xff,0xff,0xff,0xff,0xff,0xff,0xff,0xff,0xff,0xff,0xff,0xff,0xff,
  0xff,0xff,0xff,0xff,0xff,0xff,0xff,0xff,0xff,0xff,0xff,0xff,0xff,0xff,0xff,0xff,0xff,0xff,0xff,0xff,0xff,0xff,0xff,0xff,
  0xff,0xff,0xff,0xff,0xff,0xff,0xff,0xff,0xff,0xff,0xff,0xff,0xff,0xff,0xff,0xff,0xff,0xff,0xff,0xff,0xff,0xff,0xff,0xff,
  0xff,0xff,0xff,0xff,0xff,0xff,0xff,0xff,0xff,0xff,0xff,0xff,0xff,0xff,0xff,0xff,0x9f,0xef,0x9f,0xe7,0x9f,0xe7,0x7f,0xdf,
  0x7f,0xdf,0x7f,0xdf,0x7f,0xdf,0x7f,0xdf,0x7f,0xdf,0x7f,0xdf,0x7f,0xdf,0x7f,0xdf,0x7f,0xdf,0x7f,0xdf,0x7f,0xdf,0xbf,0xef,
  0xdf,0xf7,0xff,0xff,0xff,0xff,0xff,0xff,0xff,0xff,0xff,0xff,0xff,0xff,0xff,0xff,0xff,0xff,0xff,0xff,0xff,0xff,0xff,0xff,
  0xff,0xff,0xff,0xff,0xff,0xff,0xdf,0xff,0xdf,0xff,0xff,0xff,0xff,0xff,0xff,0xff,0xff,0xff,0xdf,0xff,0xdf,0xff,0xdf,0xff,
  0xdf,0xff,0xff,0xff,0xff,0xff,0xff,0xff,0xdf,0xff,0xdf,0xff,0xff,0xff,0xff,0xff,0xff,0xff,0xff,0xff,0xff,0xff,0xff,0xff,
  0xff,0xff,0xff,0xff,0xff,0xff,0xff,0xff,0xff,0xff,0xff,0xff,0xff,0xff,0xff,0xff,0xff,0xff,0xff,0xff,0xff,0xff,0xff,0xff,
  0xff,0xff,0xff,0xff,0xff,0xff,0xff,0xff,0xff,0xff,0xff,0xff,0xff,0xff,0xff,0xff,0xff,0xff,0xff,0xff,0xff,0xff,0xff,0xff,
  0xff,0xff,0xff,0xff,0xff,0xff,0xff,0xff,0xff,0xff,0xff,0xff,0xff,0xff,0xff,0xff,0xff,0xff,0xff,0xff,0xff,0xff,0xff,0xff,
  0xff,0xff,0xff,0xff,0xff,0xff,0xff,0xff,0xff,0xff,0xff,0xff,0xff,0xff,0xff,0xff,0xff,0xff,0xff,0xff,0xff,0xff,0xff,0xff,
  0xff,0xff,0xff,0xff,0xff,0xff,0xff,0xff,0xff,0xff,0xff,0xff,0xff,0xff,0xff,0xff,0xff,0xff,0xff,0xff,0xff,0xff,0xff,0xff,
  0xff,0xff,0xff,0xff,0xff,0xff,0xff,0xff,0xff,0xff,0xff,0xff,0xff,0xff,0xff,0xff,0xff,0xff,0xff,0xff,0xff,0xff,0xff,0xff,
  0xff,0xff,0xff,0xff,0xff,0xff,0xff,0xff,0xff,0xff,0xff,0xff,0xff,0xff,0xff,0xff,0xff,0xff,0xbf,0xe7,0xdf,0xf7,0xff,0xff,
  0xff,0xff,0xdf,0xf7,0x9f,0xef,0x9f,0xef,0x9f,0xef,0x9f,0xef,0x9f,0xef,0x9f,0xef,0x9f,0xef,0x9f,0xef,0x9f,0xef,0x9f,0xef,
  0x9f,0xef,0x9f,0xef,0x9f,0xef,0x9f,0xef,0xdf,0xf7,0xbf,0xef,0x9f,0xe7,0x9f,0xe7,0x9f,0xe7,0x9f,0xe7,0x9f,0xe7,0x7f,0xe7,
  0x7f,0xdf,0x7f,0xe7,0x7f,0xdf,0x7f,0xe7,0xbf,0xef,0xdf,0xf7,0xbf,0xf7,0xbf,0xf7,0xbf,0xf7,0xbf,0xef,0xbf,0xef,0xbf,0xef,
  0xbf,0xef,0xbf,0xef,0xbf,0xef,0xbf,0xef,0xff,0xff,0xff,0xff,0xff,0xff,0xff,0xff,0xff,0xff,0xff,0xff,0xff,0xff,0xff,0xff,
  0xff,0xff,0xff,0xff,0xff,0xff,0xff,0xff,0xff,0xff,0xff,0xff,0xff,0xff,0xff,0xff,0xff,0xff,0xff,0xff,0xff,0xff,0xff,0xff,
  0xff,0xff,0xff,0xff,0xff,0xff,0xff,0xff,0xff,0xff,0xff,0xff,0xff,0xff,0xff,0xff,0xff,0xff,0xff,0xff,0xff,0xff,0xff,0xff,
  0xff,0xff,0xff,0xff,0xff,0xff,0xff,0xff,0xff,0xff,0xff,0xff,0xff,0xff,0xff,0xff,0xff,0xff,0xff,0xff,0xff,0xff,0xff,0xff,
  0xff,0xff,0xff,0xff,0xff,0xff,0xff,0xff,0xff,0xff,0xff,0xff,0xff,0xff,0xff,0xff,0xff,0xff,0xff,0xff,0xff,0xff,0xff,0xff,
  0xff,0xff,0xff,0xff,0xff,0xff,0xff,0xff,0xff,0xff,0xff,0xff,0xff,0xff,0xff,0xff,0xff,0xff,0xff,0xff,0xff,0xff,0xff,0xff,
  0xff,0xff,0xff,0xff,0xff,0xff,0xff,0xff,0xff,0xff,0xff,0xff,0xff,0xff,0xff,0xff,0xff,0xff,0xff,0xff,0xff,0xff,0xff,0xff,
  0xff,0xff,0xff,0xff,0xff,0xff,0xff,0xff,0xff,0xff,0xff,0xff,0xff,0xff,0xff,0xff,0xff,0xff,0xff,0xff,0xff,0xff,0xff,0xff,
  0xff,0xff,0xff,0xff,0xff,0xff,0xff,0xff,0xff,0xff,0xff,0xff,0xff,0xff,0xff,0xff,0xff,0xff,0xff,0xff,0xff,0xff,0xff,0xff,
  0xff,0xff,0xff,0xff,0xff,0xff,0xff,0xff,0xff,0xff,0xff,0xff,0xff,0xff,0xff,0xff,0xff,0xff,0xff,0xff,0xff,0xff,0xff,0xff,
  0xff,0xff,0xff,0xff,0xff,0xff,0xff,0xff,0xff,0xff,0xff,0xff,0xff,0xff,0xff,0xff,0xff,0xff,0xff,0xff,0xff,0xff,0xff,0xff,
  0xff,0xff,0xff,0xff,0xff,0xff,0xff,0xff,0xff,0xff,0xff,0xff,0xff,0xff,0xff,0xff,0xff,0xff,0xff,0xff,0xff,0xff,0xff,0xff,
  0xff,0xff,0xff,0xff,0xff,0xff,0xff,0xff,0xff,0xff,0xff,0xff,0xdf,0xf7,0xbf,0xef,0xbf,0xef,0x9f,0xe7,0x7f,0xdf,0x7f,0xdf,
  0x7f,0xdf,0x7f,0xdf,0x7f,0xdf,0x7f,0xdf,0x7f,0xdf,0x7f,0xdf,0x7f,0xdf,0x5f,0xdf,0x7f,0xdf,0x9f,0xe7,0xdf,0xf7,0xff,0xff,
  0xff,0xff,0xff,0xff,0xff,0xff,0xff,0xff,0xff,0xff,0xff,0xff,0xff,0xff,0xff,0xff,0xff,0xff,0xff,0xff,0xff,0xff,0xff,0xff,
  0xdf,0xff,0xff,0xff,0xff,0xff,0xff,0xff,0xff,0xff,0xdf,0xff,0xff,0xff,0xff,0xff,0xff,0xff,0xff,0xff,0xff,0xff,0xdf,0xff,
  0xff,0xff,0xff,0xff,0xff,0xff,0xff,0xff,0xff,0xff,0xff,0xff,0xff,0xff,0xff,0xff,0xff,0xff,0xff,0xff,0xff,0xff,0xff,0xff,
  0xff,0xff,0xff,0xff,0xff,0xff,0xff,0xff,0xff,0xff,0xff,0xff,0xff,0xff,0xff,0xff,0xff,0xff,0xff,0xff,0xff,0xff,0xff,0xff,
  0xff,0xff,0xff,0xff,0xff,0xff,0xff,0xff,0xff,0xff,0xff,0xff,0xff,0xff,0xff,0xff,0xff,0xff,0xff,0xff,0xff,0xff,0xff,0xff,
  0xff,0xff,0xff,0xff,0xff,0xff,0xff,0xff,0xff,0xff,0xff,0xff,0xff,0xff,0xff,0xff,0xff,0xff,0xff,0xff,0xff,0xff,0xff,0xff,
  0xff,0xff,0xff,0xff,0xff,0xff,0xff,0xff,0xff,0xff,0xff,0xff,0xff,0xff,0xff,0xff,0xff,0xff,0xff,0xff,0xff,0xff,0xff,0xff,
  0xff,0xff,0xff,0xff,0xff,0xff,0xff,0xff,0xff,0xff,0xff,0xff,0xff,0xff,0xff,0xff,0xff,0xff,0xff,0xff,0xff,0xff,0xff,0xff,
  0xff,0xff,0xff,0xff,0xff,0xff,0xff,0xff,0xff,0xff,0xff,0xff,0xff,0xff,0xff,0xff,0xff,0xff,0xff,0xff,0xff,0xff,0xff,0xff,
  0xff,0xff,0xff,0xff,0xff,0xff,0xff,0xff,0xff,0xff,0xbf,0xef,0xbf,0xef,0xff,0xff,0xdf,0xf7,0xff,0xff,0xbf,0xf7,0x9f,0xef,
  0x9f,0xef,0x9f,0xef,0x9f,0xef,0x9f,0xef,0x9f,0xef,0x9f,0xef,0x9f,0xef,0x9f,0xef,0x9f,0xef,0x9f,0xef,0x9f,0xef,0x9f,0xef,
  0x9f,0xef,0xdf,0xf7,0xbf,0xef,0x9f,0xe7,0x9f,0xe7,0x9f,0xe7,0x9f,0xe7,0x7f,0xe7,0x7f,0xe7,0x7f,0xe7,0x7f,0xdf,0x7f,0xdf,
  0x7f,0xdf,0x9f,0xe7,0xbf,0xf7,0xbf,0xf7,0xbf,0xf7,0xbf,0xf7,0xbf,0xf7,0xbf,0xf7,0xbf,0xf7,0xbf,0xef,0xbf,0xef,0xbf,0xef,
  0xff,0xff,0xff,0xff,0xff,0xff,0xff,0xff,0xff,0xff,0xff,0xff,0xff,0xff,0xff,0xff,0xff,0xff,0xff,0xff,0xff,0xff,0xff,0xff,
  0xff,0xff,0xff,0xff,0xff,0xff,0xff,0xff,0xff,0xff,0xff,0xff,0xff,0xff,0xff,0xff,0xff,0xff,0xff,0xff,0xff,0xff,0xff,0xff,
  0xff,0xff,0xff,0xff,0xff,0xff,0xff,0xff,0xff,0xff,0xff,0xff,0xff,0xff,0xff,0xff,0xff,0xff,0xff,0xff,0xff,0xff,0xff,0xff,
  0xff,0xff,0xff,0xff,0xff,0xff,0xff,0xff,0xff,0xff,0xff,0xff,0xff,0xff,0xff,0xff,0xff,0xff,0xff,0xff,0xff,0xff,0xff,0xff,
  0xff,0xff,0xff,0xff,0xff,0xff,0xff,0xff,0xff,0xff,0xff,0xff,0xff,0xff,0xff,0xff,0xff,0xff,0xff,0xff,0xff,0xff,0xff,0xff,
  0xff,0xff,0xff,0xff,0xff,0xff,0xff,0xff,0xff,0xff,0xff,0xff,0xff,0xff,0xff,0xff,0xff,0xff,0xff,0xff,0xdf,0xff,0xff,0xff,
  0xff,0xff,0xff,0xff,0xff,0xff,0xff,0xff,0xff,0xff,0xff,0xff,0xff,0xff,0xff,0xff,0xff,0xff,0xff,0xff,0xff,0xff,0xff,0xff,
  0xff,0xff,0xff,0xff,0xff,0xff,0xff,0xff,0xff,0xff,0xff,0xff,0xff,0xff,0xff,0xff,0xff,0xff,0xff,0xff,0xff,0xff,0xff,0xff,
  0xff,0xff,0xff,0xff,0xff,0xff,0xff,0xff,0xff,0xff,0xff,0xff,0xff,0xff,0xff,0xff,0xff,0xff,0xff,0xff,0xff,0xff,0xff,0xff,
  0xff,0xff,0xff,0xff,0xff,0xff,0xff,0xff,0xff,0xff,0xff,0xff,0xff,0xff,0xff,0xff,0xff,0xff,0xff,0xff,0xff,0xff,0xff,0xff,
  0xff,0xff,0xff,0xff,0xff,0xff,0xff,0xff,0xff,0xff,0xff,0xff,0xff,0xff,0xff,0xff,0xff,0xff,0xff,0xff,0xff,0xff,0xff,0xff,
  0xff,0xff,0xff,0xff,0xff,0xff,0xff,0xff,0xff,0xff,0xff,0xff,0xff,0xff,0xff,0xff,0xff,0xff,0xff,0xff,0xff,0xff,0xff,0xff,
  0xff,0xff,0xff,0xff,0xff,0xff,0xff,0xff,0xff,0xff,0xff,0xff,0xff,0xff,0xdf,0xf7,0xbf,0xef,0x9f,0xe7,0x7f,0xdf,0x5f,0xdf,
  0x7f,0xdf,0x7f,0xdf,0x7f,0xdf,0x7f,0xdf,0x7f,0xdf,0x5f,0xdf,0x5f,0xdf,0x9f,0xe7,0xdf,0xf7,0xff,0xff,0xff,0xff,0xff,0xff,
  0xff,0xff,0xff,0xff,0xff,0xff,0xff,0xff,0xff,0xff,0xff,0xff,0xff,0xff,0xff,0xff,0xff,0xff,0xff,0xff,0xdf,0xff,0xdf,0xff,
  0xdf,0xff,0xdf,0xff,0xdf,0xff,0xdf,0xff,0xdf,0xff,0xff,0xff,0xff,0xff,0xdf,0xff,0xff,0xff,0xff,0xff,0xff,0xff,0xff,0xff,
  0xff,0xff,0xff,0xff,0xff,0xff,0xff,0xff,0xff,0xff,0xff,0xff,0xff,0xff,0xff,0xff,0xff,0xff,0xff,0xff,0xff,0xff,0xff,0xff,
  0xff,0xff,0xff,0xff,0xff,0xff,0xff,0xff,0xff,0xff,0xff,0xff,0xff,0xff,0xff,0xff,0xff,0xff,0xff,0xff,0xff,0xff,0xff,0xff,
  0xff,0xff,0xff,0xff,0xff,0xff,0xff,0xff,0xff,0xff,0xff,0xff,0xff,0xff,0xff,0xff,0xff,0xff,0xff,0xff,0xff,0xff,0xff,0xff,
  0xff,0xff,0xff,0xff,0xff,0xff,0xff,0xff,0xff,0xff,0xff,0xff,0xff,0xff,0xff,0xff,0xff,0xff,0xff,0xff,0xff,0xff,0xff,0xff,
  0xff,0xff,0xff,0xff,0xff,0xff,0xff,0xff,0xff,0xff,0xff,0xff,0xff,0xff,0xff,0xff,0xff,0xff,0xff,0xff,0xff,0xff,0xff,0xff,
  0xff,0xff,0xff,0xff,0xff,0xff,0xff,0xff,0xff,0xff,0xff,0xff,0xff,0xff,0xff,0xff,0xff,0xff,0xff,0xff,0xff,0xff,0xff,0xff,
  0xff,0xff,0xff,0xff,0xff,0xff,0xff,0xff,0xff,0xff,0xff,0xff,0xff,0xff,0xff,0xff,0xff,0xff,0xff,0xff,0xff,0xff,0xff,0xff,
  0xff,0xff,0xff,0xff,0x1f,0xc7,0x9f,0xae,0x7f,0x9e,0xdf,0xb6,0xff,0xff,0xbf,0xef,0x9f,0xef,0x9f,0xef,0x9f,0xef,0x9f,0xef,
  0x9f,0xef,0x9f,0xef,0x9f,0xef,0x9f,0xef,0x9f,0xef,0x9f,0xef,0x9f,0xef,0x9f,0xef,0x9f,0xef,0x9f,0xef,0xdf,0xf7,0xbf,0xef,
  0x7f,0xe7,0x9f,0xe7,0x7f,0xe7,0x7f,0xe7,0x7f,0xe7,0x7f,0xe7,0x7f,0xe7,0x7f,0xe7,0x7f,0xe7,0x7f,0xdf,0x7f,0xe7,0xbf,0xef,
  0xbf,0xf7,0xbf,0xf7,0xbf,0xf7,0xbf,0xf7,0xbf,0xf7,0xbf,0xef,0xbf,0xef,0xbf,0xef,0xff,0xff,0xff,0xff,0xff,0xff,0xff,0xff,
  0xff,0xff,0xff,0xff,0xff,0xff,0xff,0xff,0xff,0xff,0xff,0xff,0xff,0xff,0xff,0xff,0xff,0xff,0xff,0xff,0xff,0xff,0xff,0xff,
  0xff,0xff,0xff,0xff,0xff,0xff,0xff,0xff,0xff,0xff,0xff,0xff,0xff,0xff,0xff,0xff,0xff,0xff,0xff,0xff,0xff,0xff,0xff,0xff,
  0xff,0xff,0xff,0xff,0xff,0xff,0xff,0xff,0xff,0xff,0xff,0xff,0xff,0xff,0xff,0xff,0xff,0xff,0xff,0xff,0xff,0xff,0xff,0xff,
  0xff,0xff,0xff,0xff,0xff,0xff,0xff,0xff,0xff,0xff,0xff,0xff,0xff,0xff,0xff,0xff,0xff,0xff,0xff,0xff,0xff,0xff,0xff,0xff,
  0xff,0xff,0xff,0xff,0xff,0xff,0xff,0xff,0xff,0xff,0xff,0xff,0xff,0xff,0xff,0xff,0xff,0xff,0xff,0xff,0xff,0xff,0xff,0xff,
  0xff,0xff,0xff,0xff,0xff,0xff,0xff,0xff,0xff,0xff,0xff,0xff,0xff,0xff,0xff,0xff,0xff,0xff,0xff,0xff,0xff,0xff,0xff,0xff,
  0xff,0xff,0xff,0xff,0xff,0xff,0xff,0xff,0xff,0xff,0xff,0xff,0xff,0xff,0xff,0xff,0xff,0xff,0xff,0xff,0xff,0xff,0xff,0xff,
  0xff,0xff,0xff,0xff,0xff,0xff,0xff,0xff,0xff,0xff,0xff,0xff,0xff,0xff,0xff,0xff,0xff,0xff,0xff,0xff,0xff,0xff,0xff,0xff,
  0xff,0xff,0xff,0xff,0xff,0xff,0xff,0xff,0xff,0xff,0xff,0xff,0xff,0xff,0xff,0xff,0xff,0xff,0xff,0xff,0xff,0xff,0xff,0xff,
  0xff,0xff,0xff,0xff,0xff,0xff,0xff,0xff,0xff,0xff,0xff,0xff,0xff,0xff,0xff,0xff,0xff,0xff,0xff,0xff,0xff,0xff,0xdf,0xff,
  0xff,0xff,0xff,0xff,0xff,0xff,0xff,0xff,0xff,0xff,0xff,0xff,0xff,0xff,0xff,0xff,0xff,0xff,0xff,0xff,0xff,0xff,0xff,0xff,
  0xff,0xff,0xff,0xff,0xff,0xff,0xff,0xff,0xff,0xff,0xff,0xff,0xff,0xff,0xff,0xff,0xff,0xff,0xff,0xff,0xff,0xff,0xff,0xff,
  0xff,0xff,0xff,0xff,0xff,0xff,0xff,0xff,0xff,0xff,0xff,0xff,0xdf,0xf7,0xbf,0xef,0x7f,0xe7,0x7f,0xdf,0x5f,0xdf,0x7f,0xdf,
  0x7f,0xdf,0x7f,0xdf,0x7f,0xdf,0x7f,0xdf,0x7f,0xdf,0x9f,0xe7,0xdf,0xf7,0xff,0xff,0xff,0xff,0xff,0xff,0xff,0xff,0xff,0xff,
  0xff,0xff,0xff,0xff,0xff,0xff,0xff,0xff,0xff,0xff,0xdf,0xff,0xdf,0xff,0xdf,0xff,0xdf,0xff,0xdf,0xff,0xff,0xff,0xff,0xff,
  0xdf,0xff,0xff,0xff,0xff,0xff,0xff,0xff,0xdf,0xff,0xff,0xff,0xff,0xff,0xff,0xff,0xff,0xff,0xff,0xff,0xff,0xff,0xff,0xff,
  0xff,0xff,0xff,0xff,0xff,0xff,0xff,0xff,0xff,0xff,0xff,0xff,0xff,0xff,0xff,0xff,0xff,0xff,0xff,0xff,0xff,0xff,0xff,0xff,
  0xff,0xff,0xff,0xff,0xff,0xff,0xff,0xff,0xff,0xff,0xff,0xff,0xff,0xff,0xff,0xff,0xff,0xff,0xff,0xff,0xff,0xff,0xff,0xff,
  0xff,0xff,0xff,0xff,0xff,0xff,0xff,0xff,0xff,0xff,0xff,0xff,0xff,0xff,0xff,0xff,0xff,0xff,0xff,0xff,0xff,0xff,0xff,0xff,
  0xff,0xff,0xff,0xff,0xff,0xff,0xff,0xff,0xff,0xff,0xff,0xff,0xff,0xff,0xff,0xff,0xff,0xff,0xff,0xff,0xff,0xff,0xff,0xff,
  0xff,0xff,0xff,0xff,0xff,0xff,0xff,0xff,0xff,0xff,0xff,0xff,0xff,0xff,0xff,0xff,0xff,0xff,0xff,0xff,0xff,0xff,0xff,0xff,
  0xff,0xff,0xff,0xff,0xff,0xff,0xff,0xff,0xff,0xff,0xff,0xff,0xff,0xff,0xff,0xff,0xff,0xff,0xff,0xff,0xff,0xff,0xff,0xff,
  0xff,0xff,0xff,0xff,0xff,0xff,0xff,0xff,0xff,0xff,0xff,0xff,0xff,0xff,0xff,0xff,0xff,0xff,0x5f,0xd7,0x9f,0xa6,0xbf,0xef,
  0xdf,0xf7,0xbf,0xa6,0x1f,0xbf,0xff,0xff,0x9f,0xef,0x9f,0xef,0x9f,0xef,0x9f,0xef,0x9f,0xef,0x9f,0xef,0x9f,0xef,0x9f,0xef,
  0x9f,0xef,0x9f,0xef,0x9f,0xef,0x9f,0xef,0x9f,0xef,0x9f,0xef,0x9f,0xef,0xdf,0xf7,0xbf,0xef,0x7f,0xe7,0x9f,0xe7,0x7f,0xe7,
  0x7f,0xe7,0x7f,0xe7,0x7f,0xe7,0x7f,0xe7,0x7f,0xdf,0x7f,0xdf,0x7f,0xdf,0x7f,0xdf,0x9f,0xe7,0xbf,0xef,0xbf,0xf7,0xbf,0xf7,
  0xbf,0xf7,0xbf,0xf7,0xbf,0xf7,0xbf,0xef,0xff,0xff,0xff,0xff,0xff,0xff,0xff,0xff,0xff,0xff,0xff,0xff,0xff,0xff,0xff,0xff,
  0xff,0xff,0xff,0xff,0xff,0xff,0xff,0xff,0xff,0xff,0xff,0xff,0xff,0xff,0xff,0xff,0xff,0xff,0xff,0xff,0xff,0xff,0xff,0xff,
  0xff,0xff,0xff,0xff,0xff,0xff,0xff,0xff,0xff,0xff,0xff,0xff,0xff,0xff,0xff,0xff,0xff,0xff,0xff,0xff,0xff,0xff,0xff,0xff,
  0xff,0xff,0xff,0xff,0xff,0xff,0xff,0xff,0xff,0xff,0xff,0xff,0xff,0xff,0xff,0xff,0xff,0xff,0xff,0xff,0xff,0xff,0xff,0xff,
  0xff,0xff,0xff,0xff,0xff,0xff,0xff,0xff,0xff,0xff,0xff,0xff,0xff,0xff,0xff,0xff,0xff,0xff,0xff,0xff,0xff,0xff,0xff,0xff,
  0xff,0xff,0xff,0xff,0xff,0xff,0xff,0xff,0xff,0xff,0xff,0xff,0xff,0xff,0xff,0xff,0xff,0xff,0xff,0xff,0xff,0xff,0xff,0xff,
  0xff,0xff,0xff,0xff,0xff,0xff,0xff,0xff,0xff,0xff,0xff,0xff,0xff,0xff,0xff,0xff,0xff,0xff,0xff,0xff,0xff,0xff,0xff,0xff,
  0xff,0xff,0xff,0xff,0xff,0xff,0xff,0xff,0xff,0xff,0xff,0xff,0xff,0xff,0xff,0xff,0xff,0xff,0xff,0xff,0xff,0xff,0xff,0xff,
  0xff,0xff,0xff,0xff,0xff,0xff,0xff,0xff,0xff,0xff,0xff,0xff,0xff,0xff,0xff,0xff,0xff,0xff,0xff,0xff,0xff,0xff,0xff,0xff,
  0xff,0xff,0xff,0xff,0xff,0xff,0xff,0xff,0xff,0xff,0xff,0xff,0xff,0xff,0xff,0xff,0xff,0xff,0xff,0xff,0xff,0xff,0xff,0xff,
  0xff,0xff,0xff,0xff,0xdf,0xff,0xdf,0xff,0xff,0xff,0xff,0xff,0xff,0xff,0xff,0xff,0xff,0xff,0xdf,0xff,0xff,0xff,0xff,0xff,
  0xff,0xff,0xff,0xff,0xff,0xff,0xff,0xff,0xff,0xff,0xff,0xff,0xff,0xff,0xff,0xff,0xff,0xff,0xff,0xff,0xff,0xff,0xff,0xff,
  0xff,0xff,0xff,0xff,0xff,0xff,0xff,0xff,0xff,0xff,0xff,0xff,0xff,0xff,0xff,0xff,0xff,0xff,0xff,0xff,0xff,0xff,0xff,0xff,
  0xff,0xff,0xff,0xff,0xff,0xff,0xff,0xff,0xff,0xff,0xdf,0xf7,0x9f,0xe7,0x7f,0xdf,0x7f,0xdf,0x7f,0xdf,0x7f,0xdf,0x7f,0xdf,
  0x7f,0xdf,0x7f,0xdf,0x7f,0xdf,0x9f,0xe7,0xff,0xff,0xff,0xff,0xff,0xff,0xff,0xff,0xff,0xff,0xff,0xff,0xff,0xff,0xff,0xff,
  0xff,0xff,0xff,0xff,0xff,0xff,0xff,0xff,0xff,0xff,0xff,0xff,0xff,0xff,0xff,0xff,0xff,0xff,0xff,0xff,0xff,0xff,0xff,0xff,
  0xff,0xff,0xff,0xff,0xff,0xff,0xff,0xff,0xff,0xff,0xff,0xff,0xff,0xff,0xff,0xff,0xff,0xff,0xff,0xff,0xff,0xff,0xff,0xff,
  0xff,0xff,0xff,0xff,0xff,0xff,0xff,0xff,0xff,0xff,0xff,0xff,0xff,0xff,0xff,0xff,0xff,0xff,0xff,0xff,0xff,0xff,0xff,0xff,
  0xff,0xff,0xff,0xff,0xff,0xff,0xff,0xff,0xff,0xff,0xff,0xff,0xff,0xff,0xff,0xff,0xff,0xff,0xff,0xff,0xff,0xff,0xff,0xff,
  0xff,0xff,0xff,0xff,0xff,0xff,0xff,0xff,0xff,0xff,0xff,0xff,0xff,0xff,0xff,0xff,0xff,0xff,0xff,0xff,0xff,0xff,0xff,0xff,
  0xff,0xff,0xff,0xff,0xff,0xff,0xff,0xff,0xff,0xff,0xff,0xff,0xff,0xff,0xff,0xff,0xff,0xff,0xff,0xff,0xff,0xff,0xff,0xff,
  0xff,0xff,0xff,0xff,0xff,0xff,0xff,0xff,0xff,0xff,0xff,0xff,0xff,0xff,0xff,0xff,0xff,0xff,0xff,0xff,0xff,0xff,0xff,0xff,
  0xff,0xff,0xff,0xff,0xff,0xff,0xff,0xff,0xff,0xff,0xff,0xff,0xff,0xff,0xff,0xff,0xff,0xff,0xff,0xff,0xff,0xff,0xff,0xff,
  0xff,0xff,0xff,0xff,0xff,0xff,0xff,0xff,0xff,0xff,0xbf,0xa6,0x5f,0xd7,0xff,0xff,0xff,0xff,0xdf,0xf7,0xdf,0xb6,0xff,0xff,
  0xdf,0xf7,0x9f,0xef,0x9f,0xef,0x9f,0xef,0x9f,0xef,0x9f,0xef,0x9f,0xef,0x9f,0xef,0x9f,0xef,0x9f,0xef,0x9f,0xef,0x9f,0xef,
  0x9f,0xef,0x9f,0xef,0x9f,0xef,0x9f,0xef,0xdf,0xf7,0xbf,0xef,0x7f,0xdf,0x9f,0xe7,0x7f,0xe7,0x7f,0xe7,0x7f,0xe7,0x7f,0xe7,
  0x7f,0xdf,0x7f,0xdf,0x7f,0xdf,0x7f,0xdf,0x7f,0xdf,0x7f,0xdf,0x9f,0xe7,0xbf,0xf7,0xbf,0xf7,0xbf,0xf7,0xbf,0xf7,0xbf,0xf7,
  0xff,0xff,0xff,0xff,0xff,0xff,0xff,0xff,0xff,0xff,0xff,0xff,0xff,0xff,0xff,0xff,0xff,0xff,0xff,0xff,0xff,0xff,0xff,0xff,
  0xff,0xff,0xff,0xff,0xff,0xff,0xff,0xff,0xff,0xff,0xff,0xff,0xff,0xff,0xff,0xff,0xff,0xff,0xff,0xff,0xff,0xff,0xff,0xff,
  0xff,0xff,0xff,0xff,0xff,0xff,0xff,0xff,0xff,0xff,0xff,0xff,0xff,0xff,0xff,0xff,0xff,0xff,0xff,0xff,0xff,0xff,0xff,0xff,
  0xff,0xff,0xff,0xff,0xff,0xff,0xff,0xff,0xff,0xff,0xff,0xff,0xff,0xff,0xff,0xff,0xff,0xff,0xff,0xff,0xff,0xff,0xff,0xff,
  0xff,0xff,0xff,0xff,0xff,0xff,0xff,0xff,0xff,0xff,0xff,0xff,0xff,0xff,0xff,0xff,0xff,0xff,0xff,0xff,0xff,0xff,0xff,0xff,
  0xff,0xff,0xff,0xff,0xff,0xff,0xff,0xff,0xff,0xff,0xff,0xff,0xff,0xff,0xff,0xff,0xff,0xff,0xff,0xff,0xff,0xff,0xff,0xff,
  0xff,0xff,0xff,0xff,0xff,0xff,0xff,0xff,0xff,0xff,0xff,0xff,0xff,0xff,0xff,0xff,0xff,0xff,0xff,0xff,0xff,0xff,0xff,0xff,
  0xff,0xff,0xff,0xff,0xff,0xff,0xff,0xff,0xff,0xff,0xff,0xff,0xff,0xff,0xff,0xff,0xff,0xff,0xff,0xff,0xff,0xff,0xff,0xff,
  0xff,0xff,0xff,0xff,0xff,0xff,0xff,0xff,0xff,0xff,0xff,0xff,0xff,0xff,0xff,0xff,0xff,0xff,0xff,0xff,0xff,0xff,0xff,0xff,
  0xff,0xff,0xff,0xff,0xff,0xff,0xff,0xff,0xff,0xff,0xff,0xff,0xff,0xff,0xff,0xff,0xff,0xff,0xdf,0xff,0xff,0xff,0xff,0xff,
  0xff,0xff,0xff,0xff,0xdf,0xff,0xff,0xff,0xff,0xff,0xff,0xff,0xff,0xff,0xff,0xff,0xff,0xff,0xff,0xff,0xff,0xff,0xff,0xff,
  0xff,0xff,0xff,0xff,0xff,0xff,0xff,0xff,0xff,0xff,0xff,0xff,0xff,0xff,0xff,0xff,0xff,0xff,0xff,0xff,0xff,0xff,0xff,0xff,
  0xff,0xff,0xff,0xff,0xff,0xff,0xff,0xff,0xff,0xff,0xff,0xff,0xff,0xff,0xff,0xff,0xff,0xff,0xff,0xff,0xff,0xff,0xff,0xff,
  0xff,0xff,0xff,0xff,0xff,0xff,0xff,0xff,0xbf,0xef,0x7f,0xdf,0x7f,0xdf,0x7f,0xdf,0x7f,0xdf,0x7f,0xdf,0x7f,0xdf,0x7f,0xdf,
  0x7f,0xdf,0xbf,0xef,0xff,0xff,0xff,0xff,0xff,0xff,0xff,0xff,0xff,0xff,0xff,0xff,0xff,0xff,0xff,0xff,0xff,0xff,0xff,0xff,
  0xff,0xff,0xdf,0xff,0xff,0xff,0xff,0xff,0xff,0xff,0xff,0xff,0xff,0xff,0xff,0xff,0xff,0xff,0xff,0xff,0xff,0xff,0xff,0xff,
  0xff,0xff,0xff,0xff,0xff,0xff,0xff,0xff,0xff,0xff,0xff,0xff,0xff,0xff,0xff,0xff,0xff,0xff,0xff,0xff,0xff,0xff,0xff,0xff,
  0xff,0xff,0xff,0xff,0xff,0xff,0xff,0xff,0xff,0xff,0xff,0xff,0xff,0xff,0xff,0xff,0xff,0xff,0xff,0xff,0xff,0xff,0xff,0xff,
  0xff,0xff,0xff,0xff,0xff,0xff,0xff,0xff,0xff,0xff,0xff,0xff,0xff,0xff,0xff,0xff,0xff,0xff,0xff,0xff,0xff,0xff,0xff,0xff,
  0xff,0xff,0xff,0xff,0xff,0xff,0xff,0xff,0xff,0xff,0xff,0xff,0xff,0xff,0xff,0xff,0xff,0xff,0xff,0xff,0xff,0xff,0xff,0xff,
  0xff,0xff,0xff,0xff,0xff,0xff,0xff,0xff,0xff,0xff,0xff,0xff,0xff,0xff,0xff,0xff,0xff,0xff,0xff,0xff,0xff,0xff,0xff,0xff,
  0xff,0xff,0xff,0xff,0xff,0xff,0xff,0xff,0xff,0xff,0xff,0xff,0xff,0xff,0xff,0xff,0xff,0xff,0xff,0xff,0xff,0xff,0xff,0xff,
  0xff,0xff,0xff,0xff,0xff,0xff,0xff,0xff,0xff,0xff,0xff,0xff,0xff,0xff,0xff,0xff,0xff,0xff,0xff,0xff,0xff,0xff,0xdf,0xff,
  0xff,0xff,0xbf,0xae,0x1f,0xc7,0xff,0xff,0xff,0xff,0x9f,0xef,0xdf,0xb6,0xff,0xff,0xff,0xff,0xbf,0xef,0x9f,0xef,0x9f,0xef,
  0x9f,0xef,0x9f,0xef,0x9f,0xef,0x9f,0xef,0x9f,0xef,0x9f,0xef,0x9f,0xef,0x9f,0xef,0x9f,0xef,0x9f,0xef,0x9f,0xef,0x9f,0xef,
  0x9f,0xef,0xdf,0xf7,0xbf,0xef,0x7f,0xe7,0x7f,0xe7,0x7f,0xe7,0x7f,0xe7,0x7f,0xe7,0x7f,0xe7,0x7f,0xdf,0x7f,0xdf,0x7f,0xdf,
  0x7f,0xdf,0x7f,0xdf,0x5f,0xdf,0x7f,0xdf,0x9f,0xe7,0xbf,0xef,0xbf,0xf7,0xbf,0xf7,0xff,0xff,0xff,0xff,0xff,0xff,0xff,0xff,
  0xff,0xff,0xff,0xff,0xff,0xff,0xff,0xff,0xff,0xff,0xff,0xff,0xff,0xff,0xff,0xff,0xff,0xff,0xff,0xff,0xff,0xff,0xff,0xff,
  0xff,0xff,0xff,0xff,0xff,0xff,0xff,0xff,0xff,0xff,0xff,0xff,0xff,0xff,0xff,0xff,0xff,0xff,0xff,0xff,0xff,0xff,0xff,0xff,
  0xff,0xff,0xff,0xff,0xff,0xff,0xff,0xff,0xff,0xff,0xff,0xff,0xff,0xff,0xff,0xff,0xff,0xff,0xff,0xff,0xff,0xff,0xff,0xff,
  0xff,0xff,0xff,0xff,0xff,0xff,0xff,0xff,0xff,0xff,0xff,0xff,0xff,0xff,0xff,0xff,0xff,0xff,0xff,0xff,0xff,0xff,0xff,0xff,
  0xff,0xff,0xff,0xff,0xff,0xff,0xff,0xff,0xff,0xff,0xff,0xff,0xff,0xff,0xff,0xff,0xff,0xff,0xff,0xff,0xff,0xff,0xff,0xff,
  0xff,0xff,0xff,0xff,0xff,0xff,0xff,0xff,0xff,0xff,0xff,0xff,0xff,0xff,0xff,0xff,0xff,0xff,0xff,0xff,0xff,0xff,0xff,0xff,
  0xff,0xff,0xff,0xff,0xff,0xff,0xff,0xff,0xff,0xff,0xff,0xff,0xff,0xff,0xff,0xff,0xff,0xff,0xff,0xff,0xdf,0xff,0xff,0xff,
  0xff,0xff,0xff,0xff,0xff,0xff,0xff,0xff,0xff,0xff,0xff,0xff,0xff,0xff,0xff,0xff,0xff,0xff,0xff,0xff,0xff,0xff,0xff,0xff,
  0xff,0xff,0xff,0xff,0xff,0xff,0xff,0xff,0xff,0xff,0xff,0xff,0xff,0xff,0xff,0xff,0xff,0xff,0xff,0xff,0xff,0xff,0xff,0xff,
  0xff,0xff,0xff,0xff,0xff,0xff,0xff,0xff,0xff,0xff,0xff,0xff,0xff,0xff,0xff,0xff,0xff,0xff,0xff,0xff,0xdf,0xff,0xff,0xff,
  0xff,0xff,0xff,0xff,0xff,0xff,0xff,0xff,0xdf,0xff,0xff,0xff,0xff,0xff,0xdf,0xff,0xdf,0xff,0xdf,0xff,0xdf,0xf7,0xdf,0xff,
  0xdf,0xff,0xff,0xff,0xff,0xff,0xff,0xff,0xff,0xff,0xff,0xff,0xff,0xff,0xff,0xff,0xff,0xff,0xff,0xff,0xff,0xff,0xff,0xff,
  0xff,0xff,0xff,0xff,0xff,0xff,0xff,0xff,0xff,0xff,0xff,0xff,0xff,0xff,0xff,0xff,0xff,0xff,0xff,0xff,0xff,0xff,0xff,0xff,
  0xff,0xff,0xff,0xff,0xbf,0xef,0x7f,0xdf,0x7f,0xdf,0x7f,0xdf,0x7f,0xdf,0x7f,0xdf,0x7f,0xdf,0x7f,0xdf,0x9f,0xe7,0xff,0xff,
  0xff,0xff,0xff,0xff,0xff,0xff,0xff,0xff,0xff,0xff,0xff,0xff,0xff,0xff,0xff,0xff,0xff,0xff,0xff,0xff,0xff,0xff,0xff,0xff,
  0xff,0xff,0xff,0xff,0xff,0xff,0xff,0xff,0xff,0xff,0xff,0xff,0xff,0xff,0xff,0xff,0xff,0xff,0xff,0xff,0xff,0xff,0xff,0xff,
  0xff,0xff,0xff,0xff,0xff,0xff,0xff,0xff,0xff,0xff,0xff,0xff,0xff,0xff,0xff,0xff,0xff,0xff,0xff,0xff,0xff,0xff,0xff,0xff,
  0xff,0xff,0xff,0xff,0xff,0xff,0xff,0xff,0xff,0xff,0xff,0xff,0xff,0xff,0xff,0xff,0xff,0xff,0xff,0xff,0xff,0xff,0xff,0xff,
  0xff,0xff,0xff,0xff,0xff,0xff,0xff,0xff,0xff,0xff,0xff,0xff,0xff,0xff,0xff,0xff,0xff,0xff,0xff,0xff,0xff,0xff,0xff,0xff,
  0xff,0xff,0xff,0xff,0xff,0xff,0xff,0xff,0xff,0xff,0xff,0xff,0xff,0xff,0xff,0xff,0xff,0xff,0xff,0xff,0xff,0xff,0xff,0xff,
  0xff,0xff,0xff,0xff,0xff,0xff,0xff,0xff,0xff,0xff,0xff,0xff,0xff,0xff,0xff,0xff,0xff,0xff,0xff,0xff,0xff,0xff,0xff,0xff,
  0xff,0xff,0xff,0xff,0xff,0xff,0xff,0xff,0xff,0xff,0xff,0xff,0xff,0xff,0xff,0xff,0xff,0xff,0xff,0xff,0xff,0xff,0xff,0xff,
  0xff,0xff,0xff,0xff,0xff,0xff,0xff,0xff,0xff,0xff,0xff,0xff,0xff,0xff,0xff,0xff,0xff,0xff,0x9f,0xe7,0x9f,0x9e,0x5f,0xd7,
  0x7f,0xdf,0x9f,0xa6,0x5f,0xd7,0xdf,0xf7,0x9f,0xef,0x9f,0xef,0x9f,0xef,0x9f,0xef,0x9f,0xef,0x9f,0xef,0x9f,0xef,0x9f,0xef,
  0x9f,0xef,0x9f,0xef,0x9f,0xef,0x9f,0xef,0x9f,0xef,0x9f,0xef,0x9f,0xef,0x9f,0xef,0x9f,0xef,0x9f,0xef,0xdf,0xf7,0xbf,0xf7,
  0x7f,0xe7,0x7f,0xe7,0x7f,0xe7,0x7f,0xe7,0x7f,0xdf,0x7f,0xe7,0x7f,0xdf,0x7f,0xdf,0x7f,0xdf,0x7f,0xdf,0x7f,0xdf,0x7f,0xdf,
  0x7f,0xdf,0x7f,0xdf,0x7f,0xe7,0x9f,0xe7,0xff,0xff,0xff,0xff,0xff,0xff,0xff,0xff,0xff,0xff,0xff,0xff,0xff,0xff,0xff,0xff,
  0xff,0xff,0xff,0xff,0xff,0xff,0xff,0xff,0xff,0xff,0xff,0xff,0xff,0xff,0xff,0xff,0xff,0xff,0xff,0xff,0xff,0xff,0xff,0xff,
  0xff,0xff,0xff,0xff,0xff,0xff,0xff,0xff,0xff,0xff,0xff,0xff,0xff,0xff,0xff,0xff,0xff,0xff,0xff,0xff,0xff,0xff,0xff,0xff,
  0xff,0xff,0xff,0xff,0xff,0xff,0xff,0xff,0xff,0xff,0xff,0xff,0xff,0xff,0xff,0xff,0xff,0xff,0xff,0xff,0xff,0xff,0xff,0xff,
  0xff,0xff,0xff,0xff,0xff,0xff,0xff,0xff,0xff,0xff,0xff,0xff,0xff,0xff,0xff,0xff,0xff,0xff,0xff,0xff,0xff,0xff,0xff,0xff,
  0xff,0xff,0xff,0xff,0xff,0xff,0xff,0xff,0xff,0xff,0xff,0xff,0xff,0xff,0xff,0xff,0xff,0xff,0xff,0xff,0xff,0xff,0xff,0xff,
  0xff,0xff,0xff,0xff,0xff,0xff,0xff,0xff,0xff,0xff,0xff,0xff,0xff,0xff,0xff,0xff,0xff,0xff,0xff,0xff,0xff,0xff,0xff,0xff,
  0xff,0xff,0xff,0xff,0xff,0xff,0xff,0xff,0xff,0xff,0xff,0xff,0xff,0xff,0xff,0xff,0xff,0xff,0xff,0xff,0xff,0xff,0xff,0xff,
  0xff,0xff,0xff,0xff,0xff,0xff,0xff,0xff,0xff,0xff,0xff,0xff,0xff,0xff,0xff,0xff,0xff,0xff,0xff,0xff,0xff,0xff,0xff,0xff,
  0xff,0xff,0xff,0xff,0xff,0xff,0xff,0xff,0xff,0xff,0xff,0xff,0xff,0xff,0xff,0xff,0xff,0xff,0xdf,0xff,0xff,0xff,0xff,0xff,
  0xff,0xff,0xff,0xff,0xff,0xff,0xff,0xff,0xff,0xff,0xdf,0xff,0xdf,0xff,0xdf,0xf7,0xdf,0xf7,0xdf,0xf7,0xdf,0xf7,0xdf,0xf7,
  0xdf,0xf7,0xdf,0xf7,0xdf,0xf7,0xdf,0xf7,0xdf,0xf7,0xdf,0xf7,0xdf,0xf7,0xbf,0xf7,0xbf,0xf7,0xbf,0xf7,0xbf,0xf7,0xbf,0xf7,
  0xbf,0xf7,0xbf,0xf7,0xdf,0xf7,0xdf,0xf7,0xdf,0xf7,0xff,0xff,0xff,0xff,0xff,0xff,0xff,0xff,0xff,0xff,0xff,0xff,0xff,0xff,
  0xff,0xff,0xff,0xff,0xff,0xff,0xff,0xff,0xff,0xff,0xff,0xff,0xff,0xff,0xff,0xff,0xff,0xff,0xff,0xff,0xff,0xff,0xff,0xff,
  0xbf,0xef,0x7f,0xdf,0x7f,0xdf,0x7f,0xdf,0x7f,0xdf,0x7f,0xdf,0x7f,0xdf,0x7f,0xdf,0xdf,0xf7,0xff,0xff,0xff,0xff,0xff,0xff,
  0xff,0xff,0xff,0xff,0xff,0xff,0xff,0xff,0xff,0xff,0xff,0xff,0xff,0xff,0xff,0xff,0xff,0xff,0xff,0xff,0xff,0xff,0xff,0xff,
  0xff,0xff,0xff,0xff,0xff,0xff,0xff,0xff,0xff,0xff,0xff,0xff,0xff,0xff,0xff,0xff,0xff,0xff,0xff,0xff,0xff,0xff,0xff,0xff,
  0xff,0xff,0xff,0xff,0xff,0xff,0xff,0xff,0xff,0xff,0xff,0xff,0xff,0xff,0xff,0xff,0xff,0xff,0xff,0xff,0xff,0xff,0xff,0xff,
  0xff,0xff,0xff,0xff,0xff,0xff,0xff,0xff,0xff,0xff,0xff,0xff,0xff,0xff,0xff,0xff,0xff,0xff,0xff,0xff,0xff,0xff,0xff,0xff,
  0xff,0xff,0xff,0xff,0xff,0xff,0xff,0xff,0xff,0xff,0xff,0xff,0xff,0xff,0xff,0xff,0xff,0xff,0xff,0xff,0xff,0xff,0xff,0xff,
  0xff,0xff,0xff,0xff,0xff,0xff,0xff,0xff,0xff,0xff,0xff,0xff,0xff,0xff,0xff,0xff,0xff,0xff,0xff,0xff,0xff,0xff,0xff,0xff,
  0xff,0xff,0xff,0xff,0xff,0xff,0xff,0xff,0xff,0xff,0xff,0xff,0xff,0xff,0xff,0xff,0xff,0xff,0xff,0xff,0xff,0xff,0xff,0xff,
  0xff,0xff,0xff,0xff,0xff,0xff,0xff,0xff,0xff,0xff,0xff,0xff,0xff,0xff,0xff,0xff,0xff,0xff,0xff,0xff,0xff,0xff,0xff,0xff,
  0xff,0xff,0xff,0xff,0xff,0xff,0xdf,0xff,0xdf,0xff,0xff,0xff,0xbf,0xef,0x1f,0xc7,0xff,0xbe,0xbf,0xa6,0x9f,0xe7,0x9f,0xef,
  0x9f,0xef,0x9f,0xef,0x9f,0xef,0x9f,0xef,0x9f,0xef,0x9f,0xef,0x9f,0xef,0x9f,0xef,0x9f,0xef,0x9f,0xef,0x9f,0xef,0x9f,0xef,
  0x9f,0xef,0x9f,0xef,0x9f,0xef,0x9f,0xef,0x9f,0xef,0x9f,0xef,0x9f,0xef,0xbf,0xf7,0xdf,0xf7,0x9f,0xe7,0x7f,0xdf,0x7f,0xe7,
  0x7f,0xe7,0x7f,0xe7,0x7f,0xdf,0x7f,0xdf,0x7f,0xdf,0x7f,0xdf,0x7f,0xdf,0x7f,0xdf,0x7f,0xdf,0x7f,0xdf,0x7f,0xdf,0x7f,0xdf,
  0xff,0xff,0xff,0xff,0xff,0xff,0xff,0xff,0xff,0xff,0xff,0xff,0xff,0xff,0xff,0xff,0xff,0xff,0xff,0xff,0xff,0xff,0xff,0xff,
  0xff,0xff,0xff,0xff,0xff,0xff,0xff,0xff,0xff,0xff,0xff,0xff,0xff,0xff,0xff,0xff,0xff,0xff,0xff,0xff,0xff,0xff,0xff,0xff,
  0xff,0xff,0xff,0xff,0xff,0xff,0xff,0xff,0xff,0xff,0xff,0xff,0xff,0xff,0xff,0xff,0xff,0xff,0xff,0xff,0xff,0xff,0xff,0xff,
  0xff,0xff,0xff,0xff,0xff,0xff,0xff,0xff,0xff,0xff,0xff,0xff,0xff,0xff,0xff,0xff,0xff,0xff,0xff,0xff,0xff,0xff,0xff,0xff,
  0xff,0xff,0xff,0xff,0xff,0xff,0xff,0xff,0xff,0xff,0xff,0xff,0xff,0xff,0xff,0xff,0xff,0xff,0xff,0xff,0xff,0xff,0xff,0xff,
  0xff,0xff,0xff,0xff,0xff,0xff,0xff,0xff,0xff,0xff,0xff,0xff,0xff,0xff,0xff,0xff,0xff,0xff,0xff,0xff,0xff,0xff,0xff,0xff,
  0xff,0xff,0xff,0xff,0xff,0xff,0xff,0xff,0xff,0xff,0xff,0xff,0xff,0xff,0xff,0xff,0xff,0xff,0xff,0xff,0xff,0xff,0xff,0xff,
  0xff,0xff,0xff,0xff,0xff,0xff,0xff,0xff,0xff,0xff,0xff,0xff,0xff,0xff,0xff,0xff,0xff,0xff,0xff,0xff,0xff,0xff,0xff,0xff,
  0xff,0xff,0xff,0xff,0xff,0xff,0xff,0xff,0xff,0xff,0xff,0xff,0xff,0xff,0xff,0xff,0xff,0xff,0xff,0xff,0xff,0xff,0xff,0xff,
  0xff,0xff,0xff,0xff,0xff,0xff,0xff,0xff,0xff,0xff,0xff,0xff,0xff,0xff,0xff,0xff,0xff,0xff,0xdf,0xff,0xdf,0xf7,0xdf,0xf7,
  0xdf,0xf7,0xdf,0xf7,0xdf,0xf7,0xdf,0xf7,0xdf,0xf7,0xdf,0xf7,0xdf,0xf7,0xdf,0xf7,0xdf,0xf7,0xdf,0xf7,0xdf,0xf7,0xdf,0xf7,
  0xdf,0xf7,0xdf,0xf7,0xdf,0xf7,0xdf,0xf7,0xdf,0xff,0xdf,0xff,0xdf,0xff,0xdf,0xff,0xdf,0xf7,0xdf,0xf7,0xdf,0xf7,0xbf,0xf7,
  0xbf,0xef,0xbf,0xef,0xbf,0xef,0xbf,0xf7,0xdf,0xf7,0xff,0xff,0xff,0xff,0xff,0xff,0xff,0xff,0xff,0xff,0xff,0xff,0xff,0xff,
  0xff,0xff,0xff,0xff,0xff,0xff,0xff,0xff,0xff,0xff,0xff,0xff,0xff,0xff,0xff,0xff,0xff,0xff,0xdf,0xff,0x9f,0xe7,0x7f,0xdf,
  0x7f,0xdf,0x7f,0xdf,0x7f,0xdf,0x7f,0xdf,0x7f,0xdf,0xbf,0xef,0xff,0xff,0xff,0xff,0xff,0xff,0xff,0xff,0xff,0xff,0xff,0xff,
  0xff,0xff,0xff,0xff,0xff,0xff,0xff,0xff,0xff,0xff,0xff,0xff,0xff,0xff,0xff,0xff,0xff,0xff,0xff,0xff,0xff,0xff,0xff,0xff,
  0xff,0xff,0xff,0xff,0xff,0xff,0xff,0xff,0xff,0xff,0xff,0xff,0xff,0xff,0xff,0xff,0xff,0xff,0xff,0xff,0xff,0xff,0xff,0xff,
  0xff,0xff,0xff,0xff,0xff,0xff,0xff,0xff,0xff,0xff,0xff,0xff,0xff,0xff,0xff,0xff,0xff,0xff,0xff,0xff,0xff,0xff,0xff,0xff,
  0xff,0xff,0xff,0xff,0xff,0xff,0xff,0xff,0xff,0xff,0xff,0xff,0xff,0xff,0xff,0xff,0xff,0xff,0xff,0xff,0xff,0xff,0xff,0xff,
  0xff,0xff,0xff,0xff,0xff,0xff,0xff,0xff,0xff,0xff,0xff,0xff,0xff,0xff,0xff,0xff,0xff,0xff,0xff,0xff,0xff,0xff,0xff,0xff,
  0xff,0xff,0xff,0xff,0xff,0xff,0xff,0xff,0xff,0xff,0xff,0xff,0xff,0xff,0xff,0xff,0xff,0xff,0xff,0xff,0xff,0xff,0xff,0xff,
  0xff,0xff,0xff,0xff,0xff,0xff,0xff,0xff,0xff,0xff,0xff,0xff,0xff,0xff,0xff,0xff,0xff,0xff,0xff,0xff,0xff,0xff,0xff,0xff,
  0xff,0xff,0xff,0xff,0xff,0xff,0xff,0xff,0xff,0xff,0xff,0xff,0xff,0xff,0xff,0xff,0xff,0xff,0xff,0xff,0xff,0xff,0xdf,0xff,
  0xff,0xff,0xdf,0xff,0xff,0xff,0xff,0xff,0xff,0xff,0x3f,0xcf,0xbf,0xae,0xbf,0xf7,0x9f,0xef,0x9f,0xef,0x9f,0xef,0x9f,0xef,
  0x9f,0xef,0x9f,0xef,0x9f,0xef,0x9f,0xef,0x9f,0xef,0x9f,0xef,0x9f,0xef,0x9f,0xef,0x9f,0xef,0x9f,0xef,0x9f,0xef,0x9f,0xef,
  0x9f,0xef,0x9f,0xef,0x9f,0xef,0x9f,0xef,0xbf,0xef,0xdf,0xf7,0xbf,0xef,0x7f,0xdf,0x7f,0xe7,0x7f,0xe7,0x7f,0xe7,0x7f,0xdf,
  0x7f,0xdf,0x7f,0xdf,0x7f,0xdf,0x7f,0xdf,0x7f,0xdf,0x7f,0xdf,0x7f,0xdf,0x7f,0xdf,0xff,0xff,0xff,0xff,0xff,0xff,0xff,0xff,
  0xff,0xff,0xff,0xff,0xff,0xff,0xff,0xff,0xff,0xff,0xff,0xff,0xff,0xff,0xff,0xff,0xff,0xff,0xff,0xff,0xff,0xff,0xff,0xff,
  0xff,0xff,0xff,0xff,0xff,0xff,0xff,0xff,0xff,0xff,0xff,0xff,0xff,0xff,0xff,0xff,0xff,0xff,0xff,0xff,0xff,0xff,0xff,0xff,
  0xff,0xff,0xff,0xff,0xff,0xff,0xff,0xff,0xff,0xff,0xff,0xff,0xff,0xff,0xff,0xff,0xff,0xff,0xff,0xff,0xff,0xff,0xff,0xff,
  0xff,0xff,0xff,0xff,0xff,0xff,0xff,0xff,0xff,0xff,0xff,0xff,0xff,0xff,0xff,0xff,0xff,0xff,0xff,0xff,0xff,0xff,0xff,0xff,
  0xff,0xff,0xff,0xff,0xff,0xff,0xff,0xff,0xff,0xff,0xff,0xff,0xff,0xff,0xff,0xff,0xff,0xff,0xff,0xff,0xff,0xff,0xff,0xff,
  0xff,0xff,0xff,0xff,0xff,0xff,0xff,0xff,0xff,0xff,0xff,0xff,0xff,0xff,0xff,0xff,0xff,0xff,0xff,0xff,0xff,0xff,0xff,0xff,
  0xff,0xff,0xff,0xff,0xff,0xff,0xff,0xff,0xff,0xff,0xff,0xff,0xff,0xff,0xff,0xff,0xff,0xff,0xff,0xff,0xff,0xff,0xff,0xff,
  0xff,0xff,0xff,0xff,0xff,0xff,0xff,0xff,0xff,0xff,0xff,0xff,0xff,0xff,0xff,0xff,0xff,0xff,0xff,0xff,0xff,0xff,0xff,0xff,
  0xff,0xff,0xff,0xff,0xff,0xff,0xff,0xff,0xff,0xff,0xff,0xff,0xff,0xff,0xff,0xff,0xff,0xff,0xff,0xff,0xff,0xff,0xff,0xff,
  0xff,0xff,0xff,0xff,0xdf,0xff,0xdf,0xf7,0xdf,0xf7,0xdf,0xf7,0xdf,0xf7,0xdf,0xf7,0xdf,0xf7,0xdf,0xff,0xdf,0xff,0xdf,0xff,
  0xdf,0xff,0xdf,0xff,0xdf,0xff,0xdf,0xf7,0xdf,0xf7,0xdf,0xf7,0xdf,0xf7,0xdf,0xf7,0xdf,0xf7,0xdf,0xf7,0xdf,0xf7,0xdf,0xf7,
  0xdf,0xf7,0xdf,0xff,0xdf,0xff,0xdf,0xff,0xdf,0xff,0xff,0xff,0xff,0xff,0xff,0xff,0xff,0xff,0xff,0xff,0xdf,0xf7,0xdf,0xf7,
  0xbf,0xef,0xbf,0xef,0xbf,0xef,0xdf,0xf7,0xff,0xff,0xff,0xff,0xff,0xff,0xff,0xff,0xff,0xff,0xff,0xff,0xff,0xff,0xff,0xff,
  0xff,0xff,0xff,0xff,0xff,0xff,0xff,0xff,0xff,0xff,0xff,0xff,0xff,0xff,0xdf,0xf7,0x7f,0xdf,0x7f,0xdf,0x7f,0xdf,0x7f,0xdf,
  0x7f,0xdf,0x7f,0xdf,0x9f,0xe7,0xff,0xff,0xff,0xff,0xff,0xff,0xff,0xff,0xff,0xff,0xff,0xff,0xff,0xff,0xff,0xff,0xff,0xff,
  0xff,0xff,0xff,0xff,0xff,0xff,0xff,0xff,0xff,0xff,0xff,0xff,0xff,0xff,0xff,0xff,0xff,0xff,0xff,0xff,0xff,0xff,0xff,0xff,
  0xff,0xff,0xff,0xff,0xff,0xff,0xff,0xff,0xff,0xff,0xff,0xff,0xff,0xff,0xff,0xff,0xff,0xff,0xff,0xff,0xff,0xff,0xff,0xff,
  0xff,0xff,0xff,0xff,0xff,0xff,0xff,0xff,0xff,0xff,0xff,0xff,0xff,0xff,0xff,0xff,0xff,0xff,0xff,0xff,0xff,0xff,0xff,0xff,
  0xff,0xff,0xff,0xff,0xff,0xff,0xff,0xff,0xff,0xff,0xff,0xff,0xff,0xff,0xff,0xff,0xff,0xff,0xff,0xff,0xff,0xff,0xff,0xff,
  0xff,0xff,0xff,0xff,0xff,0xff,0xff,0xff,0xff,0xff,0xff,0xff,0xff,0xff,0xff,0xff,0xff,0xff,0xff,0xff,0xff,0xff,0xff,0xff,
  0xff,0xff,0xff,0xff,0xff,0xff,0xff,0xff,0xff,0xff,0xff,0xff,0xff,0xff,0xff,0xff,0xff,0xff,0xff,0xff,0xff,0xff,0xff,0xff,
  0xff,0xff,0xff,0xff,0xff,0xff,0xff,0xff,0xff,0xff,0xff,0xff,0xff,0xff,0xff,0xff,0xff,0xff,0xff,0xff,0xff,0xff,0xff,0xff,
  0xff,0xff,0xff,0xff,0xff,0xff,0xff,0xff,0xff,0xff,0xff,0xff,0xff,0xff,0xff,0xff,0xff,0xff,0xff,0xff,0xff,0xff,0xff,0xff,
  0xbf,0xef,0xbf,0xef,0xdf,0xb6,0xff,0xc6,0xbf,0xf7,0x9f,0xef,0x9f,0xef,0x9f,0xef,0x9f,0xef,0x9f,0xef,0x9f,0xef,0x9f,0xef,
  0x9f,0xef,0x9f,0xef,0x9f,0xef,0x9f,0xef,0x9f,0xef,0x9f,0xef,0x9f,0xef,0x9f,0xef,0x9f,0xef,0x9f,0xef,0x9f,0xef,0x9f,0xef,
  0x9f,0xef,0x9f,0xef,0xbf,0xf7,0xdf,0xf7,0x9f,0xe7,0x7f,0xdf,0x7f,0xe7,0x7f,0xe7,0x7f,0xe7,0x7f,0xe7,0x7f,0xdf,0x7f,0xdf,
  0x7f,0xdf,0x7f,0xdf,0x7f,0xdf,0x7f,0xdf,0xff,0xff,0xff,0xff,0xff,0xff,0xff,0xff,0xff,0xff,0xff,0xff,0xff,0xff,0xff,0xff,
  0xff,0xff,0xff,0xff,0xff,0xff,0xff,0xff,0xff,0xff,0xff,0xff,0xff,0xff,0xff,0xff,0xff,0xff,0xff,0xff,0xff,0xff,0xff,0xff,
  0xff,0xff,0xff,0xff,0xff,0xff,0xff,0xff,0xff,0xff,0xff,0xff,0xff,0xff,0xff,0xff,0xff,0xff,0xff,0xff,0xff,0xff,0xff,0xff,
  0xff,0xff,0xff,0xff,0xff,0xff,0xff,0xff,0xff,0xff,0xff,0xff,0xff,0xff,0xff,0xff,0xff,0xff,0xff,0xff,0xff,0xff,0xff,0xff,
  0xff,0xff,0xff,0xff,0xff,0xff,0xff,0xff,0xff,0xff,0xff,0xff,0xff,0xff,0xff,0xff,0xff,0xff,0xff,0xff,0xff,0xff,0xff,0xff,
  0xff,0xff,0xff,0xff,0xff,0xff,0xff,0xff,0xff,0xff,0xff,0xff,0xff,0xff,0xff,0xff,0xff,0xff,0xff,0xff,0xff,0xff,0xff,0xff,
  0xff,0xff,0xff,0xff,0xff,0xff,0xff,0xff,0xff,0xff,0xff,0xff,0xff,0xff,0xff,0xff,0xff,0xff,0xff,0xff,0xff,0xff,0xff,0xff,
  0xff,0xff,0xff,0xff,0xff,0xff,0xff,0xff,0xff,0xff,0xff,0xff,0xff,0xff,0xff,0xff,0xff,0xff,0xff,0xff,0xff,0xff,0xff,0xff,
  0xff,0xff,0xff,0xff,0xff,0xff,0xff,0xff,0xff,0xff,0xff,0xff,0xff,0xff,0xff,0xff,0xff,0xff,0xff,0xff,0xff,0xff,0xff,0xff,
  0xff,0xff,0xff,0xff,0xff,0xff,0xff,0xff,0xff,0xff,0xff,0xff,0xff,0xff,0xdf,0xff,0xdf,0xf7,0xdf,0xf7,0xdf,0xf7,0xdf,0xf7,
  0xdf,0xf7,0xdf,0xf7,0xdf,0xff,0xff,0xff,0xff,0xff,0xff,0xff,0xdf,0xf7,0xdf,0xf7,0xdf,0xf7,0xdf,0xff,0xdf,0xff,0xdf,0xff,
  0xdf,0xf7,0xdf,0xf7,0xdf,0xf7,0xdf,0xf7,0xdf,0xf7,0xdf,0xf7,0xdf,0xf7,0xdf,0xf7,0xdf,0xf7,0xdf,0xf7,0xdf,0xf7,0xdf,0xf7,
  0xdf,0xff,0xdf,0xff,0xdf,0xff,0xff,0xff,0xff,0xff,0xff,0xff,0xff,0xff,0xff,0xff,0xff,0xff,0xff,0xff,0xdf,0xf7,0xbf,0xef,
  0xbf,0xef,0xbf,0xef,0xdf,0xf7,0xff,0xff,0xff,0xff,0xff,0xff,0xff,0xff,0xff,0xff,0xff,0xff,0xff,0xff,0xff,0xff,0xff,0xff,
  0xff,0xff,0xff,0xff,0xff,0xff,0xff,0xff,0xff,0xff,0x9f,0xe7,0x7f,0xdf,0x7f,0xdf,0x7f,0xdf,0x7f,0xdf,0x7f,0xdf,0x7f,0xe7,
  0xdf,0xff,0xff,0xff,0xff,0xff,0xff,0xff,0xff,0xff,0xff,0xff,0xff,0xff,0xff,0xff,0xff,0xff,0xff,0xff,0xff,0xff,0xff,0xff,
  0xff,0xff,0xff,0xff,0xff,0xff,0xff,0xff,0xff,0xff,0xff,0xff,0xff,0xff,0xff,0xff,0xff,0xff,0xff,0xff,0xff,0xff,0xff,0xff,
  0xff,0xff,0xff,0xff,0xff,0xff,0xff,0xff,0xff,0xff,0xff,0xff,0xff,0xff,0xff,0xff,0xff,0xff,0xff,0xff,0xff,0xff,0xff,0xff,
  0xff,0xff,0xff,0xff,0xff,0xff,0xff,0xff,0xff,0xff,0xff,0xff,0xff,0xff,0xff,0xff,0xff,0xff,0xff,0xff,0xff,0xff,0xff,0xff,
  0xff,0xff,0xff,0xff,0xff,0xff,0xff,0xff,0xff,0xff,0xff,0xff,0xff,0xff,0xff,0xff,0xff,0xff,0xff,0xff,0xff,0xff,0xff,0xff,
  0xff,0xff,0xff,0xff,0xff,0xff,0xff,0xff,0xff,0xff,0xff,0xff,0xff,0xff,0xff,0xff,0xff,0xff,0xff,0xff,0xff,0xff,0xff,0xff,
  0xff,0xff,0xff,0xff,0xff,0xff,0xff,0xff,0xff,0xff,0xff,0xff,0xff,0xff,0xff,0xff,0xff,0xff,0xff,0xff,0xff,0xff,0xff,0xff,
  0xff,0xff,0xff,0xff,0xff,0xff,0xff,0xff,0xff,0xff,0xff,0xff,0xff,0xff,0xff,0xff,0xff,0xff,0xff,0xff,0xff,0xff,0xff,0xff,
  0xff,0xff,0xff,0xff,0xff,0xff,0xff,0xff,0xff,0xff,0xff,0xff,0xff,0xff,0xff,0xff,0xff,0xff,0xbf,0xef,0xbf,0xef,0xbf,0xae,
  0x5f,0xdf,0xbf,0xf7,0x9f,0xef,0x9f,0xef,0x9f,0xef,0x9f,0xef,0x9f,0xef,0x9f,0xef,0x9f,0xef,0x9f,0xef,0x9f,0xef,0x9f,0xef,
  0x9f,0xef,0x9f,0xef,0x9f,0xef,0x9f,0xef,0x9f,0xef,0x9f,0xef,0x9f,0xef,0x9f,0xef,0x9f,0xef,0x9f,0xef,0x9f,0xef,0xbf,0xef,
  0xdf,0xf7,0xbf,0xef,0x7f,0xe7,0x7f,0xdf,0x7f,0xdf,0x7f,0xdf,0x7f,0xdf,0x7f,0xdf,0x7f,0xdf,0x7f,0xdf,0x7f,0xdf,0x7f,0xdf,
  0xff,0xff,0xff,0xff,0xff,0xff,0xff,0xff,0xff,0xff,0xff,0xff,0xff,0xff,0xff,0xff,0xff,0xff,0xff,0xff,0xff,0xff,0xff,0xff,
  0xff,0xff,0xff,0xff,0xff,0xff,0xff,0xff,0xff,0xff,0xff,0xff,0xff,0xff,0xff,0xff,0xff,0xff,0xff,0xff,0xff,0xff,0xff,0xff,
  0xff,0xff,0xff,0xff,0xff,0xff,0xff,0xff,0xff,0xff,0xff,0xff,0xff,0xff,0xff,0xff,0xff,0xff,0xff,0xff,0xff,0xff,0xff,0xff,
  0xff,0xff,0xff,0xff,0xff,0xff,0xff,0xff,0xff,0xff,0xff,0xff,0xff,0xff,0xff,0xff,0xff,0xff,0xff,0xff,0xff,0xff,0xff,0xff,
  0xff,0xff,0xff,0xff,0xff,0xff,0xff,0xff,0xff,0xff,0xff,0xff,0xff,0xff,0xff,0xff,0xff,0xff,0xff,0xff,0xff,0xff,0xff,0xff,
  0xff,0xff,0xff,0xff,0xff,0xff,0xff,0xff,0xff,0xff,0xff,0xff,0xff,0xff,0xff,0xff,0xff,0xff,0xff,0xff,0xff,0xff,0xff,0xff,
  0xff,0xff,0xff,0xff,0xff,0xff,0xff,0xff,0xff,0xff,0xff,0xff,0xff,0xff,0xff,0xff,0xff,0xff,0xff,0xff,0xff,0xff,0xff,0xff,
  0xff,0xff,0xff,0xff,0xff,0xff,0xff,0xff,0xff,0xff,0xff,0xff,0xff,0xff,0xff,0xff,0xff,0xff,0xff,0xff,0xff,0xff,0xff,0xff,
  0xff,0xff,0xff,0xff,0xff,0xff,0xff,0xff,0xff,0xff,0xff,0xff,0xff,0xff,0xff,0xff,0xff,0xff,0xff,0xff,0xff,0xff,0xff,0xff,
  0xdf,0xf7,0xdf,0xf7,0xdf,0xf7,0xdf,0xf7,0xdf,0xff,0xff,0xff,0xdf,0xff,0xff,0xff,0xff,0xff,0xff,0xff,0xff,0xff,0x7e,0xef,
  0x7d,0xef,0x9e,0xf7,0xff,0xff,0xff,0xff,0xff,0xff,0xdf,0xf7,0xdf,0xf7,0xdf,0xff,0xdf,0xf7,0xdf,0xf7,0xdf,0xf7,0xdf,0xf7,
  0xdf,0xf7,0xdf,0xf7,0xdf,0xf7,0xdf,0xf7,0xdf,0xf7,0xdf,0xf7,0xdf,0xf7,0xdf,0xf7,0xdf,0xf7,0xdf,0xff,0xdf,0xff,0xdf,0xff,
  0xdf,0xff,0xdf,0xff,0xdf,0xff,0xdf,0xff,0xff,0xff,0xff,0xff,0xff,0xff,0xff,0xff,0xff,0xff,0xdf,0xf7,0xbf,0xef,0x9f,0xe7,
  0xbf,0xef,0xbf,0xef,0xdf,0xf7,0xdf,0xff,0xff,0xff,0xff,0xff,0xff,0xff,0xff,0xff,0xff,0xff,0xff,0xff,0xff,0xff,0xff,0xff,
  0xff,0xff,0xff,0xff,0xbf,0xef,0x7f,0xdf,0x7f,0xdf,0x7f,0xdf,0x7f,0xdf,0x7f,0xdf,0x7f,0xdf,0xdf,0xf7,0xff,0xff,0xff,0xff,
  0xff,0xff,0xff,0xff,0xff,0xff,0xff,0xff,0xff,0xff,0xff,0xff,0xff,0xff,0xff,0xff,0xff,0xff,0xff,0xff,0xff,0xff,0xff,0xff,
  0xff,0xff,0xff,0xff,0xff,0xff,0xff,0xff,0xff,0xff,0xff,0xff,0xff,0xff,0xff,0xff,0xff,0xff,0xff,0xff,0xff,0xff,0xff,0xff,
  0xff,0xff,0xff,0xff,0xff,0xff,0xff,0xff,0xff,0xff,0xff,0xff,0xff,0xff,0xff,0xff,0xff,0xff,0xff,0xff,0xff,0xff,0xff,0xff,
  0xff,0xff,0xff,0xff,0xff,0xff,0xff,0xff,0xff,0xff,0xff,0xff,0xff,0xff,0xff,0xff,0xff,0xff,0xff,0xff,0xff,0xff,0xff,0xff,
  0xff,0xff,0xff,0xff,0xff,0xff,0xff,0xff,0xff,0xff,0xff,0xff,0xff,0xff,0xff,0xff,0xff,0xff,0xff,0xff,0xff,0xff,0xff,0xff,
  0xff,0xff,0xff,0xff,0xff,0xff,0xff,0xff,0xff,0xff,0xff,0xff,0xff,0xff,0xff,0xff,0xff,0xff,0xff,0xff,0xff,0xff,0xff,0xff,
  0xff,0xff,0xff,0xff,0xff,0xff,0xff,0xff,0xff,0xff,0xff,0xff,0xff,0xff,0xff,0xff,0xff,0xff,0xff,0xff,0xff,0xff,0xff,0xff,
  0xff,0xff,0xff,0xff,0xff,0xff,0xff,0xff,0xff,0xff,0xff,0xff,0xff,0xff,0xff,0xff,0xff,0xff,0xff,0xff,0xff,0xff,0xff,0xff,
  0xff,0xff,0xff,0xff,0xff,0xff,0xff,0xff,0xff,0xff,0xdf,0xff,0xbf,0xf7,0x9f,0xe7,0xbf,0xae,0x9f,0xe7,0x9f,0xef,0x9f,0xef,
  0x9f,0xef,0x9f,0xef,0x9f,0xef,0x9f,0xef,0x9f,0xef,0x9f,0xef,0x9f,0xef,0x9f,0xef,0x9f,0xef,0x9f,0xef,0x9f,0xef,0x9f,0xef,
  0x9f,0xef,0x9f,0xef,0x9f,0xef,0x9f,0xef,0x9f,0xef,0x9f,0xef,0x9f,0xef,0x9f,0xef,0x9f,0xef,0xbf,0xf7,0xbf,0xf7,0x9f,0xe7,
  0x7f,0xe7,0x7f,0xdf,0x7f,0xdf,0x7f,0xdf,0x7f,0xdf,0x7f,0xdf,0x7f,0xdf,0x7f,0xdf,0xff,0xff,0xff,0xff,0xff,0xff,0xff,0xff,
  0xff,0xff,0xff,0xff,0xff,0xff,0xff,0xff,0xff,0xff,0xff,0xff,0xff,0xff,0xff,0xff,0xff,0xff,0xff,0xff,0xff,0xff,0xff,0xff,
  0xff,0xff,0xff,0xff,0xff,0xff,0xff,0xff,0xff,0xff,0xff,0xff,0xff,0xff,0xff,0xff,0xff,0xff,0xff,0xff,0xff,0xff,0xff,0xff,
  0xff,0xff,0xff,0xff,0xff,0xff,0xff,0xff,0xff,0xff,0xff,0xff,0xff,0xff,0xff,0xff,0xff,0xff,0xff,0xff,0xff,0xff,0xff,0xff,
  0xff,0xff,0xff,0xff,0xff,0xff,0xff,0xff,0xff,0xff,0xff,0xff,0xff,0xff,0xff,0xff,0xff,0xff,0xff,0xff,0xff,0xff,0xff,0xff,
  0xff,0xff,0xff,0xff,0xff,0xff,0xff,0xff,0xff,0xff,0xff,0xff,0xff,0xff,0xff,0xff,0xff,0xff,0xff,0xff,0xff,0xff,0xff,0xff,
  0xff,0xff,0xff,0xff,0xff,0xff,0xff,0xff,0xff,0xff,0xff,0xff,0xff,0xff,0xff,0xff,0xff,0xff,0xff,0xff,0xff,0xff,0xff,0xff,
  0xff,0xff,0xff,0xff,0xff,0xff,0xff,0xff,0xff,0xff,0xff,0xff,0xff,0xff,0xff,0xff,0xff,0xff,0xff,0xff,0xff,0xff,0xff,0xff,
  0xff,0xff,0xff,0xff,0xff,0xff,0xff,0xff,0xff,0xff,0xff,0xff,0xff,0xff,0xff,0xff,0xff,0xff,0xff,0xff,0xff,0xff,0xff,0xff,
  0xff,0xff,0xff,0xff,0xff,0xff,0xff,0xff,0xff,0xff,0xff,0xff,0xdf,0xf7,0xdf,0xf7,0xdf,0xf7,0xdf,0xf7,0xdf,0xff,0xff,0xff,
  0xdf,0xff,0xdf,0xff,0xff,0xff,0xdf,0xff,0xb7,0xb5,0x6e,0x6b,0xe9,0x39,0x46,0x21,0x47,0x19,0x88,0x21,0x6b,0x42,0xf0,0x7b,
  0x39,0xc6,0xff,0xff,0xff,0xff,0xdf,0xf7,0xdf,0xf7,0xdf,0xf7,0xdf,0xf7,0xdf,0xf7,0xdf,0xf7,0xdf,0xf7,0xdf,0xf7,0xdf,0xf7,
  0xdf,0xf7,0xdf,0xf7,0xdf,0xf7,0xdf,0xf7,0xdf,0xf7,0xdf,0xf7,0xdf,0xf7,0xdf,0xf7,0xdf,0xf7,0xdf,0xff,0xdf,0xff,0xdf,0xff,
  0xdf,0xff,0xff,0xff,0xff,0xff,0xff,0xff,0xff,0xff,0xff,0xff,0xff,0xff,0xff,0xff,0xbf,0xef,0x9f,0xe7,0xbf,0xe7,0xbf,0xef,
  0xbf,0xef,0xdf,0xf7,0xff,0xff,0xff,0xff,0xff,0xff,0xff,0xff,0xff,0xff,0xff,0xff,0xff,0xff,0xff,0xff,0xff,0xff,0xdf,0xf7,
  0x7f,0xe7,0x7f,0xdf,0x7f,0xdf,0x7f,0xe7,0x7f,0xdf,0x7f,0xdf,0xdf,0xf7,0xff,0xff,0xff,0xff,0xff,0xff,0xff,0xff,0xff,0xff,
  0xff,0xff,0xff,0xff,0xff,0xff,0xff,0xff,0xff,0xff,0xff,0xff,0xff,0xff,0xff,0xff,0xff,0xff,0xff,0xff,0xff,0xff,0xff,0xff,
  0xff,0xff,0xff,0xff,0xff,0xff,0xff,0xff,0xff,0xff,0xff,0xff,0xff,0xff,0xff,0xff,0xff,0xff,0xff,0xff,0xff,0xff,0xff,0xff,
  0xff,0xff,0xff,0xff,0xff,0xff,0xff,0xff,0xff,0xff,0xff,0xff,0xff,0xff,0xff,0xff,0xff,0xff,0xff,0xff,0xff,0xff,0xff,0xff,
  0xff,0xff,0xff,0xff,0xff,0xff,0xff,0xff,0xff,0xff,0xff,0xff,0xff,0xff,0xff,0xff,0xff,0xff,0xff,0xff,0xff,0xff,0xff,0xff,
  0xff,0xff,0xff,0xff,0xff,0xff,0xff,0xff,0xff,0xff,0xff,0xff,0xff,0xff,0xff,0xff,0xff,0xff,0xff,0xff,0xff,0xff,0xff,0xff,
  0xff,0xff,0xff,0xff,0xff,0xff,0xff,0xff,0xff,0xff,0xff,0xff,0xff,0xff,0xff,0xff,0xff,0xff,0xff,0xff,0xff,0xff,0xff,0xff,
  0xff,0xff,0xff,0xff,0xff,0xff,0xff,0xff,0xff,0xff,0xff,0xff,0xff,0xff,0xff,0xff,0xff,0xff,0xff,0xff,0xff,0xff,0xff,0xff,
  0xff,0xff,0xff,0xff,0xff,0xff,0xff,0xff,0xff,0xff,0xff,0xff,0xff,0xff,0xff,0xff,0xff,0xff,0xff,0xff,0xff,0xff,0xff,0xff,
  0xff,0xff,0xff,0xff,0xdf,0xf7,0xdf,0xf7,0x3f,0xd7,0xbf,0xae,0xbf,0xef,0x9f,0xef,0x9f,0xef,0x9f,0xef,0x9f,0xef,0x9f,0xef,
  0x9f,0xef,0x9f,0xef,0x9f,0xef,0x9f,0xef,0x9f,0xef,0x9f,0xef,0x9f,0xef,0x9f,0xef,0x9f,0xef,0x9f,0xef,0x9f,0xef,0x9f,0xef,
  0x9f,0xef,0x9f,0xef,0x9f,0xef,0x9f,0xef,0x9f,0xef,0x9f,0xef,0x9f,0xef,0xbf,0xf7,0xbf,0xf7,0x9f,0xef,0x7f,0xe7,0x7f,0xdf,
  0x7f,0xdf,0x7f,0xdf,0x7f,0xdf,0x7f,0xdf,0xff,0xff,0xff,0xff,0xff,0xff,0xff,0xff,0xff,0xff,0xff,0xff,0xff,0xff,0xff,0xff,
  0xff,0xff,0xff,0xff,0xff,0xff,0xff,0xff,0xff,0xff,0xff,0xff,0xff,0xff,0xff,0xff,0xff,0xff,0xff,0xff,0xff,0xff,0xff,0xff,
  0xff,0xff,0xff,0xff,0xff,0xff,0xff,0xff,0xff,0xff,0xff,0xff,0xff,0xff,0xff,0xff,0xff,0xff,0xff,0xff,0xff,0xff,0xff,0xff,
  0xff,0xff,0xff,0xff,0xff,0xff,0xff,0xff,0xff,0xff,0xff,0xff,0xff,0xff,0xff,0xff,0xff,0xff,0xff,0xff,0xff,0xff,0xff,0xff,
  0xff,0xff,0xff,0xff,0xff,0xff,0xff,0xff,0xff,0xff,0xff,0xff,0xff,0xff,0xff,0xff,0xff,0xff,0xff,0xff,0xff,0xff,0xff,0xff,
  0xff,0xff,0xff,0xff,0xff,0xff,0xff,0xff,0xff,0xff,0xff,0xff,0xff,0xff,0xff,0xff,0xff,0xff,0xff,0xff,0xff,0xff,0xff,0xff,
  0xff,0xff,0xff,0xff,0xff,0xff,0xff,0xff,0xff,0xff,0xff,0xff,0xff,0xff,0xff,0xff,0xff,0xff,0xff,0xff,0xff,0xff,0xff,0xff,
  0xff,0xff,0xff,0xff,0xff,0xff,0xff,0xff,0xff,0xff,0xff,0xff,0xff,0xff,0xff,0xff,0xff,0xff,0xff,0xff,0xff,0xff,0xff,0xff,
  0xff,0xff,0xff,0xff,0xff,0xff,0xff,0xff,0xff,0xff,0xff,0xff,0xff,0xff,0xff,0xff,0xff,0xff,0xff,0xff,0xff,0xff,0xdf,0xff,
  0xdf,0xf7,0xdf,0xf7,0xdf,0xf7,0xdf,0xf7,0xdf,0xff,0xdf,0xf7,0xdf,0xf7,0xdf,0xf7,0xff,0xff,0xff,0xff,0x76,0xad,0xe9,0x31,
  0x64,0x00,0x23,0x00,0x44,0x00,0x85,0x00,0xa5,0x00,0x85,0x00,0x64,0x00,0x02,0x00,0x63,0x00,0x6b,0x4a,0x7a,0xce,0xff,0xff,
  0xdf,0xff,0xdf,0xff,0xdf,0xf7,0xdf,0xf7,0xdf,0xf7,0xdf,0xf7,0xdf,0xf7,0xdf,0xf7,0xdf,0xf7,0xdf,0xf7,0xdf,0xf7,0xdf,0xf7,
  0xdf,0xf7,0xdf,0xf7,0xdf,0xf7,0xdf,0xf7,0xdf,0xf7,0xdf,0xf7,0xdf,0xff,0xdf,0xff,0xdf,0xff,0xff,0xff,0xff,0xff,0xff,0xff,
  0xff,0xff,0xff,0xff,0xff,0xff,0xff,0xff,0xff,0xff,0xdf,0xff,0xbf,0xef,0x9f,0xe7,0x9f,0xe7,0x9f,0xe7,0x9f,0xe7,0xdf,0xf7,
  0xff,0xff,0xff,0xff,0xff,0xff,0xff,0xff,0xff,0xff,0xff,0xff,0xff,0xff,0xff,0xff,0xff,0xff,0x9f,0xe7,0x7f,0xdf,0x7f,0xdf,
  0x7f,0xdf,0x7f,0xdf,0x7f,0xdf,0xdf,0xf7,0xff,0xff,0xff,0xff,0xff,0xff,0xff,0xff,0xff,0xff,0xff,0xff,0xff,0xff,0xff,0xff,
  0xff,0xff,0xff,0xff,0xff,0xff,0xff,0xff,0xff,0xff,0xff,0xff,0xff,0xff,0xff,0xff,0xff,0xff,0xff,0xff,0xff,0xff,0xff,0xff,
  0xff,0xff,0xff,0xff,0xff,0xff,0xff,0xff,0xff,0xff,0xff,0xff,0xff,0xff,0xff,0xff,0xff,0xff,0xff,0xff,0xff,0xff,0xff,0xff,
  0xff,0xff,0xff,0xff,0xff,0xff,0xff,0xff,0xff,0xff,0xff,0xff,0xff,0xff,0xff,0xff,0xff,0xff,0xff,0xff,0xff,0xff,0xff,0xff,
  0xff,0xff,0xff,0xff,0xff,0xff,0xff,0xff,0xff,0xff,0xff,0xff,0xff,0xff,0xff,0xff,0xff,0xff,0xff,0xff,0xff,0xff,0xff,0xff,
  0xff,0xff,0xff,0xff,0xff,0xff,0xff,0xff,0xff,0xff,0xff,0xff,0xff,0xff,0xff,0xff,0xff,0xff,0xff,0xff,0xff,0xff,0xff,0xff,
  0xff,0xff,0xff,0xff,0xff,0xff,0xff,0xff,0xff,0xff,0xff,0xff,0xff,0xff,0xff,0xff,0xff,0xff,0xff,0xff,0xff,0xff,0xff,0xff,
  0xff,0xff,0xff,0xff,0xff,0xff,0xff,0xff,0xff,0xff,0xff,0xff,0xff,0xff,0xff,0xff,0xff,0xff,0xff,0xff,0xff,0xff,0xff,0xff,
  0xff,0xff,0xff,0xff,0xff,0xff,0xff,0xff,0xff,0xff,0xff,0xff,0xff,0xff,0xff,0xff,0xff,0xff,0xdf,0xff,0xff,0xff,0xdf,0xf7,
  0xdf,0xf7,0x1f,0xc7,0xdf,0xb6,0xbf,0xf7,0x9f,0xef,0x9f,0xef,0x9f,0xef,0x9f,0xef,0x9f,0xef,0x9f,0xef,0x9f,0xef,0x9f,0xef,
  0x9f,0xef,0x9f,0xef,0x9f,0xef,0x9f,0xef,0x9f,0xef,0x9f,0xef,0x9f,0xef,0x9f,0xef,0x9f,0xef,0x9f,0xef,0x9f,0xef,0x9f,0xef,
  0x9f,0xef,0x9f,0xef,0x9f,0xef,0x9f,0xef,0x9f,0xef,0xbf,0xf7,0xbf,0xf7,0xbf,0xef,0x9f,0xe7,0x7f,0xe7,0x7f,0xdf,0x7f,0xdf,
  0xff,0xff,0xff,0xff,0xff,0xff,0xff,0xff,0xff,0xff,0xff,0xff,0xff,0xff,0xff,0xff,0xff,0xff,0xff,0xff,0xff,0xff,0xff,0xff,
  0xff,0xff,0xff,0xff,0xff,0xff,0xff,0xff,0xff,0xff,0xff,0xff,0xff,0xff,0xff,0xff,0xff,0xff,0xff,0xff,0xff,0xff,0xff,0xff,
  0xff,0xff,0xff,0xff,0xff,0xff,0xff,0xff,0xff,0xff,0xff,0xff,0xff,0xff,0xff,0xff,0xff,0xff,0xff,0xff,0xff,0xff,0xff,0xff,
  0xff,0xff,0xff,0xff,0xff,0xff,0xff,0xff,0xff,0xff,0xff,0xff,0xff,0xff,0xff,0xff,0xff,0xff,0xff,0xff,0xff,0xff,0xff,0xff,
  0xff,0xff,0xff,0xff,0xff,0xff,0xff,0xff,0xff,0xff,0xff,0xff,0xff,0xff,0xff,0xff,0xff,0xff,0xff,0xff,0xff,0xff,0xff,0xff,
  0xff,0xff,0xff,0xff,0xff,0xff,0xff,0xff,0xff,0xff,0xff,0xff,0xff,0xff,0xff,0xff,0xff,0xff,0xff,0xff,0xff,0xff,0xff,0xff,
  0xff,0xff,0xff,0xff,0xff,0xff,0xff,0xff,0xff,0xff,0xff,0xff,0xff,0xff,0xff,0xff,0xff,0xff,0xff,0xff,0xff,0xff,0xff,0xff,
  0xff,0xff,0xff,0xff,0xff,0xff,0xff,0xff,0xff,0xff,0xff,0xff,0xff,0xff,0xff,0xff,0xff,0xff,0xff,0xff,0xff,0xff,0xff,0xff,
  0xff,0xff,0xff,0xff,0xff,0xff,0xff,0xff,0xff,0xff,0xdf,0xf7,0xdf,0xf7,0xdf,0xf7,0xdf,0xf7,0xdf,0xf7,0xdf,0xf7,0xdf,0xf7,
  0xdf,0xff,0xff,0xff,0xdf,0xf7,0xff,0xff,0x9e,0xf7,0x2d,0x63,0x23,0x00,0x85,0x00,0x07,0x09,0x49,0x09,0x6b,0x09,0x6b,0x09,
  0x6a,0x09,0x49,0x09,0x28,0x09,0x28,0x09,0xe7,0x00,0x65,0x00,0xa5,0x08,0x72,0x8c,0xff,0xff,0xdf,0xf7,0xdf,0xf7,0xdf,0xf7,
  0xdf,0xf7,0xdf,0xf7,0xdf,0xf7,0xdf,0xf7,0xdf,0xf7,0xdf,0xf7,0xdf,0xf7,0xdf,0xf7,0xdf,0xf7,0xdf,0xf7,0xdf,0xf7,0xdf,0xf7,
  0xdf,0xf7,0xdf,0xf7,0xdf,0xf7,0xdf,0xf7,0xdf,0xff,0xdf,0xff,0xdf,0xff,0xdf,0xff,0xff,0xff,0xff,0xff,0xff,0xff,0xff,0xff,
  0xff,0xff,0xff,0xff,0xff,0xff,0xdf,0xf7,0x9f,0xe7,0x9f,0xe7,0x9f,0xe7,0x9f,0xe7,0x9f,0xe7,0xdf,0xff,0xff,0xff,0xff,0xff,
  0xff,0xff,0xff,0xff,0xff,0xff,0xff,0xff,0xff,0xff,0xff,0xff,0x9f,0xe7,0x7f,0xdf,0x7f,0xdf,0x7f,0xdf,0x7f,0xdf,0x7f,0xdf,
  0xdf,0xf7,0xff,0xff,0xff,0xff,0xff,0xff,0xff,0xff,0xff,0xff,0xff,0xff,0xff,0xff,0xff,0xff,0xff,0xff,0xff,0xff,0xff,0xff,
  0xff,0xff,0xff,0xff,0xff,0xff,0xff,0xff,0xff,0xff,0xff,0xff,0xff,0xff,0xff,0xff,0xff,0xff,0xff,0xff,0xff,0xff,0xff,0xff,
  0xff,0xff,0xff,0xff,0xff,0xff,0xff,0xff,0xff,0xff,0xff,0xff,0xff,0xff,0xff,0xff,0xff,0xff,0xff,0xff,0xff,0xff,0xff,0xff,
  0xff,0xff,0xff,0xff,0xff,0xff,0xff,0xff,0xff,0xff,0xff,0xff,0xff,0xff,0xff,0xff,0xff,0xff,0xff,0xff,0xff,0xff,0xff,0xff,
  0xff,0xff,0xff,0xff,0xff,0xff,0xff,0xff,0xff,0xff,0xff,0xff,0xff,0xff,0xff,0xff,0xff,0xff,0xff,0xff,0xff,0xff,0xff,0xff,
  0xff,0xff,0xff,0xff,0xff,0xff,0xff,0xff,0xff,0xff,0xff,0xff,0xff,0xff,0xff,0xff,0xff,0xff,0xff,0xff,0xff,0xff,0xff,0xff,
  0xff,0xff,0xff,0xff,0xff,0xff,0xff,0xff,0xff,0xff,0xff,0xff,0xff,0xff,0xff,0xff,0xff,0xff,0xff,0xff,0xff,0xff,0xff,0xff,
  0xff,0xff,0xff,0xff,0xff,0xff,0xff,0xff,0xff,0xff,0xff,0xff,0xff,0xff,0xff,0xff,0xff,0xff,0xff,0xff,0xff,0xff,0xff,0xff,
  0xff,0xff,0xff,0xff,0xff,0xff,0xff,0xff,0xff,0xff,0xdf,0xff,0xdf,0xff,0xff,0xff,0xdf,0xf7,0xff,0xff,0xdf,0xbe,0xdf,0xb6,
  0xbf,0xf7,0x9f,0xef,0x9f,0xef,0x9f,0xef,0x9f,0xef,0x9f,0xef,0x9f,0xef,0x9f,0xef,0x9f,0xef,0x9f,0xef,0x9f,0xef,0x9f,0xef,
  0x9f,0xef,0x9f,0xef,0x9f,0xef,0x9f,0xef,0x9f,0xef,0x9f,0xef,0x9f,0xef,0x9f,0xef,0x9f,0xef,0x9f,0xef,0x9f,0xef,0x9f,0xef,
  0x9f,0xef,0x9f,0xef,0x9f,0xef,0xbf,0xef,0xbf,0xf7,0xbf,0xf7,0xbf,0xef,0x9f,0xef,0xff,0xff,0xff,0xff,0xff,0xff,0xff,0xff,
  0xff,0xff,0xff,0xff,0xff,0xff,0xff,0xff,0xff,0xff,0xff,0xff,0xff,0xff,0xff,0xff,0xff,0xff,0xff,0xff,0xff,0xff,0xff,0xff,
  0xff,0xff,0xff,0xff,0xff,0xff,0xff,0xff,0xff,0xff,0xff,0xff,0xff,0xff,0xff,0xff,0xff,0xff,0xff,0xff,0xff,0xff,0xff,0xff,
  0xff,0xff,0xff,0xff,0xff,0xff,0xff,0xff,0xff,0xff,0xff,0xff,0xff,0xff,0xff,0xff,0xff,0xff,0xff,0xff,0xff,0xff,0xff,0xff,
  0xff,0xff,0xff,0xff,0xff,0xff,0xff,0xff,0xff,0xff,0xff,0xff,0xff,0xff,0xff,0xff,0xff,0xff,0xff,0xff,0xff,0xff,0xff,0xff,
  0xff,0xff,0xff,0xff,0xff,0xff,0xff,0xff,0xff,0xff,0xff,0xff,0xff,0xff,0xff,0xff,0xff,0xff,0xff,0xff,0xff,0xff,0xff,0xff,
  0xff,0xff,0xff,0xff,0xff,0xff,0xff,0xff,0xff,0xff,0xff,0xff,0xff,0xff,0xff,0xff,0xff,0xff,0xff,0xff,0xff,0xff,0xff,0xff,
  0xff,0xff,0xff,0xff,0xff,0xff,0xff,0xff,0xff,0xff,0xff,0xff,0xff,0xff,0xff,0xff,0xff,0xff,0xff,0xff,0xff,0xff,0xff,0xff,
  0xff,0xff,0xff,0xff,0xff,0xff,0xff,0xff,0xff,0xff,0xff,0xff,0xff,0xff,0xff,0xff,0xff,0xff,0xff,0xff,0xff,0xff,0xdf,0xff,
  0xdf,0xf7,0xdf,0xf7,0xdf,0xf7,0xdf,0xf7,0xdf,0xf7,0xdf,0xf7,0xdf,0xf7,0xdf,0xf7,0xdf,0xf7,0xdf,0xff,0xff,0xff,0x9e,0xf7,
  0x09,0x42,0x01,0x00,0xe6,0x00,0x28,0x09,0x6c,0x01,0xf1,0x01,0x96,0x02,0x18,0x03,0x37,0x03,0xd6,0x02,0x54,0x02,0xf0,0x01,
  0x8b,0x01,0x07,0x09,0xc5,0x00,0x02,0x00,0x8f,0x6b,0xff,0xff,0xdf,0xf7,0xdf,0xff,0xdf,0xf7,0xdf,0xf7,0xdf,0xf7,0xdf,0xf7,
  0xdf,0xf7,0xdf,0xf7,0xdf,0xf7,0xdf,0xf7,0xdf,0xf7,0xdf,0xf7,0xdf,0xf7,0xdf,0xf7,0xdf,0xf7,0xdf,0xf7,0xdf,0xf7,0xdf,0xf7,
  0xdf,0xf7,0xdf,0xf7,0xdf,0xf7,0xdf,0xff,0xdf,0xff,0xdf,0xff,0xff,0xff,0xff,0xff,0xff,0xff,0xff,0xff,0xff,0xff,0xff,0xff,
  0xdf,0xff,0x9f,0xe7,0x7f,0xdf,0x7f,0xe7,0x7f,0xdf,0x7f,0xdf,0xdf,0xf7,0xff,0xff,0xff,0xff,0xff,0xff,0xff,0xff,0xff,0xff,
  0xff,0xff,0xff,0xff,0xff,0xff,0x9f,0xe7,0x5f,0xdf,0x7f,0xdf,0x7f,0xdf,0x7f,0xdf,0x7f,0xdf,0xff,0xf7,0xff,0xff,0xff,0xff,
  0xff,0xff,0xff,0xff,0xff,0xff,0xff,0xff,0xff,0xff,0xff,0xff,0xff,0xff,0xff,0xff,0xff,0xff,0xff,0xff,0xff,0xff,0xff,0xff,
  0xff,0xff,0xff,0xff,0xff,0xff,0xff,0xff,0xff,0xff,0xff,0xff,0xff,0xff,0xff,0xff,0xff,0xff,0xff,0xff,0xff,0xff,0xff,0xff,
  0xff,0xff,0xff,0xff,0xff,0xff,0xff,0xff,0xff,0xff,0xff,0xff,0xff,0xff,0xff,0xff,0xff,0xff,0xff,0xff,0xff,0xff,0xff,0xff,
  0xff,0xff,0xff,0xff,0xff,0xff,0xff,0xff,0xff,0xff,0xff,0xff,0xff,0xff,0xff,0xff,0xff,0xff,0xff,0xff,0xff,0xff,0xff,0xff,
  0xff,0xff,0xff,0xff,0xff,0xff,0xff,0xff,0xff,0xff,0xff,0xff,0xff,0xff,0xff,0xff,0xff,0xff,0xff,0xff,0xff,0xff,0xff,0xff,
  0xff,0xff,0xff,0xff,0xff,0xff,0xff,0xff,0xff,0xff,0xff,0xff,0xff,0xff,0xff,0xff,0xff,0xff,0xff,0xff,0xff,0xff,0xff,0xff,
  0xff,0xff,0xff,0xff,0xff,0xff,0xff,0xff,0xff,0xff,0xff,0xff,0xff,0xff,0xff,0xff,0xff,0xff,0xff,0xff,0xff,0xff,0xff,0xff,
  0xff,0xff,0xff,0xff,0xff,0xff,0xff,0xff,0xff,0xff,0xff,0xff,0xff,0xff,0xff,0xff,0xff,0xff,0xff,0xff,0xff,0xff,0xff,0xff,
  0xff,0xff,0xff,0xff,0xdf,0xff,0xdf,0xff,0xff,0xff,0xff,0xff,0xff,0xff,0xdf,0xb6,0xff,0xb6,0xdf,0xf7,0x9f,0xef,0x9f,0xef,
  0x9f,0xef,0x9f,0xef,0x9f,0xef,0x9f,0xef,0x9f,0xef,0x9f,0xef,0x9f,0xef,0x9f,0xef,0x9f,0xef,0x9f,0xef,0x9f,0xef,0x9f,0xef,
  0x9f,0xef,0x9f,0xef,0x9f,0xef,0x9f,0xef,0x9f,0xef,0x9f,0xef,0x9f,0xef,0x9f,0xef,0x9f,0xef,0x9f,0xef,0x9f,0xef,0x9f,0xef,
  0x9f,0xef,0x9f,0xef,0xbf,0xef,0xbf,0xf7,0xff,0xff,0xff,0xff,0xff,0xff,0xff,0xff,0xff,0xff,0xff,0xff,0xff,0xff,0xff,0xff,
  0xff,0xff,0xff,0xff,0xff,0xff,0xff,0xff,0xff,0xff,0xff,0xff,0xff,0xff,0xff,0xff,0xff,0xff,0xff,0xff,0xff,0xff,0xff,0xff,
  0xff,0xff,0xff,0xff,0xff,0xff,0xff,0xff,0xff,0xff,0xff,0xff,0xff,0xff,0xff,0xff,0xff,0xff,0xff,0xff,0xff,0xff,0xff,0xff,
  0xff,0xff,0xff,0xff,0xff,0xff,0xff,0xff,0xff,0xff,0xff,0xff,0xff,0xff,0xff,0xff,0xff,0xff,0xff,0xff,0xff,0xff,0xff,0xff,
  0xff,0xff,0xff,0xff,0xff,0xff,0xff,0xff,0xff,0xff,0xff,0xff,0xff,0xff,0xff,0xff,0xff,0xff,0xff,0xff,0xff,0xff,0xff,0xff,
  0xff,0xff,0xff,0xff,0xff,0xff,0xff,0xff,0xff,0xff,0xff,0xff,0xff,0xff,0xff,0xff,0xff,0xff,0xff,0xff,0xff,0xff,0xff,0xff,
  0xff,0xff,0xff,0xff,0xff,0xff,0xff,0xff,0xff,0xff,0xff,0xff,0xff,0xff,0xff,0xff,0xff,0xff,0xff,0xff,0xff,0xff,0xff,0xff,
  0xff,0xff,0xff,0xff,0xff,0xff,0xff,0xff,0xdf,0xff,0xff,0xff,0xff,0xff,0xff,0xff,0xff,0xff,0xff,0xff,0xff,0xff,0xff,0xff,
  0xff,0xff,0xff,0xff,0xff,0xff,0xff,0xff,0xff,0xff,0xff,0xff,0xdf,0xf7,0xdf,0xf7,0xdf,0xf7,0xdf,0xf7,0xdf,0xf7,0xdf,0xf7,
  0xdf,0xf7,0xdf,0xf7,0xdf,0xf7,0xdf,0xf7,0xdf,0xf7,0xdf,0xff,0xff,0xff,0xab,0x4a,0x23,0x00,0xe7,0x08,0x29,0x01,0xf0,0x01,
  0x18,0x03,0xdd,0x0c,0x3f,0x2e,0x1f,0x57,0x3f,0x67,0xff,0x5e,0xff,0x2d,0x1c,0x04,0x54,0x02,0x8c,0x01,0x08,0x01,0xe7,0x08,
  0x23,0x00,0x72,0x8c,0xff,0xff,0xdf,0xf7,0xdf,0xf7,0xdf,0xf7,0xdf,0xf7,0xdf,0xf7,0xdf,0xf7,0xdf,0xf7,0xdf,0xf7,0xdf,0xf7,
  0xdf,0xf7,0xdf,0xf7,0xdf,0xf7,0xdf,0xf7,0xdf,0xf7,0xdf,0xf7,0xdf,0xf7,0xdf,0xf7,0xdf,0xf7,0xdf,0xf7,0xdf,0xf7,0xdf,0xf7,
  0xdf,0xff,0xdf,0xff,0xdf,0xff,0xff,0xff,0xff,0xff,0xff,0xff,0xff,0xff,0xff,0xff,0xff,0xff,0xff,0xff,0xbf,0xef,0x7f,0xdf,
  0x7f,0xdf,0x9f,0xe7,0x7f,0xdf,0xbf,0xef,0xff,0xff,0xff,0xff,0xff,0xff,0xff,0xff,0xff,0xff,0xff,0xff,0xff,0xff,0xff,0xff,
  0x9f,0xef,0x7f,0xdf,0x7f,0xe7,0x7f,0xe7,0x7f,0xdf,0x9f,0xe7,0xff,0xff,0xff,0xff,0xff,0xff,0xff,0xff,0xff,0xff,0xff,0xff,
  0xff,0xff,0xff,0xff,0xff,0xff,0xff,0xff,0xff,0xff,0xff,0xff,0xff,0xff,0xff,0xff,0xff,0xff,0xff,0xff,0xff,0xff,0xff,0xff,
  0xff,0xff,0xff,0xff,0xff,0xff,0xff,0xff,0xff,0xff,0xff,0xff,0xff,0xff,0xff,0xff,0xff,0xff,0xff,0xff,0xff,0xff,0xff,0xff,
  0xff,0xff,0xff,0xff,0xff,0xff,0xff,0xff,0xff,0xff,0xff,0xff,0xff,0xff,0xff,0xff,0xff,0xff,0xff,0xff,0xff,0xff,0xff,0xff,
  0xff,0xff,0xff,0xff,0xff,0xff,0xff,0xff,0xff,0xff,0xff,0xff,0xff,0xff,0xff,0xff,0xff,0xff,0xff,0xff,0xff,0xff,0xff,0xff,
  0xff,0xff,0xff,0xff,0xff,0xff,0xff,0xff,0xff,0xff,0xff,0xff,0xff,0xff,0xff,0xff,0xff,0xff,0xff,0xff,0xff,0xff,0xff,0xff,
  0xff,0xff,0xff,0xff,0xff,0xff,0xff,0xff,0xff,0xff,0xff,0xff,0xff,0xff,0xff,0xff,0xff,0xff,0xff,0xff,0xff,0xff,0xff,0xff,
  0xff,0xff,0xff,0xff,0xff,0xff,0xff,0xff,0xff,0xff,0xff,0xff,0xff,0xff,0xff,0xff,0xff,0xff,0xff,0xff,0xff,0xff,0xff,0xff,
  0xff,0xff,0xff,0xff,0xff,0xff,0xff,0xff,0xff,0xff,0xff,0xff,0xff,0xff,0xff,0xff,0xff,0xff,0xff,0xff,0xdf,0xff,0xdf,0xff,
  0xff,0xff,0xff,0xff,0xff,0xff,0xff,0xff,0xdf,0xb6,0xdf,0xb6,0xdf,0xf7,0x9f,0xef,0x9f,0xef,0x9f,0xef,0x9f,0xef,0x9f,0xef,
  0x9f,0xef,0x9f,0xef,0x9f,0xef,0x9f,0xef,0x9f,0xef,0x9f,0xef,0x9f,0xef,0x9f,0xef,0x9f,0xef,0x9f,0xef,0x9f,0xef,0x9f,0xef,
  0x9f,0xef,0x9f,0xef,0x9f,0xef,0x9f,0xef,0x9f,0xef,0x9f,0xef,0x9f,0xef,0x9f,0xef,0x9f,0xef,0x9f,0xef,0x9f,0xef,0x9f,0xef,
  0xff,0xff,0xff,0xff,0xff,0xff,0xff,0xff,0xff,0xff,0xff,0xff,0xff,0xff,0xff,0xff,0xff,0xff,0xff,0xff,0xff,0xff,0xff,0xff,
  0xff,0xff,0xff,0xff,0xff,0xff,0xff,0xff,0xff,0xff,0xff,0xff,0xff,0xff,0xff,0xff,0xff,0xff,0xff,0xff,0xff,0xff,0xff,0xff,
  0xff,0xff,0xff,0xff,0xff,0xff,0xff,0xff,0xff,0xff,0xff,0xff,0xff,0xff,0xff,0xff,0xff,0xff,0xff,0xff,0xff,0xff,0xff,0xff,
  0xff,0xff,0xff,0xff,0xff,0xff,0xff,0xff,0xff,0xff,0xff,0xff,0xff,0xff,0xff,0xff,0xff,0xff,0xff,0xff,0xff,0xff,0xff,0xff,
  0xff,0xff,0xff,0xff,0xff,0xff,0xff,0xff,0xff,0xff,0xff,0xff,0xff,0xff,0xff,0xff,0xff,0xff,0xff,0xff,0xff,0xff,0xff,0xff,
  0xff,0xff,0xff,0xff,0xff,0xff,0xff,0xff,0xff,0xff,0xff,0xff,0xff,0xff,0xff,0xff,0xff,0xff,0xff,0xff,0xff,0xff,0xff,0xff,
  0xff,0xff,0xff,0xff,0xff,0xff,0xff,0xff,0xff,0xff,0xff,0xff,0xff,0xff,0xff,0xff,0xff,0xff,0xff,0xff,0xff,0xff,0xdf,0xf7,
  0xff,0xff,0xff,0xff,0xff,0xff,0xff,0xff,0xff,0xff,0xff,0xff,0xff,0xff,0xff,0xff,0xff,0xff,0xff,0xff,0xff,0xff,0xff,0xff,
  0xdf,0xf7,0xbf,0xf7,0xdf,0xf7,0xdf,0xf7,0xdf,0xf7,0xdf,0xf7,0xdf,0xf7,0xdf,0xf7,0xdf,0xf7,0xdf,0xf7,0xdf,0xf7,0xdf,0xf7,
  0xbf,0xf7,0xff,0xff,0x72,0x8c,0x23,0x00,0x28,0x09,0x6b,0x01,0x52,0x02,0x3b,0x04,0xff,0x36,0xff,0x9f,0xff,0xbf,0xff,0xb7,
  0xff,0xaf,0xff,0xb7,0xff,0xaf,0xbf,0x7f,0x9e,0x1d,0xf8,0x02,0xef,0x01,0x49,0x01,0xc6,0x00,0x63,0x00,0x39,0xc6,0xff,0xff,
  0xbf,0xf7,0xdf,0xf7,0xdf,0xf7,0xdf,0xf7,0xdf,0xf7,0xdf,0xf7,0xdf,0xf7,0xdf,0xf7,0xdf,0xf7,0xdf,0xf7,0xdf,0xf7,0xdf,0xf7,
  0xdf,0xf7,0xdf,0xf7,0xdf,0xf7,0xdf,0xf7,0xdf,0xf7,0xdf,0xf7,0xdf,0xf7,0xdf,0xf7,0xdf,0xff,0xdf,0xff,0xdf,0xff,0xdf,0xff,
  0xff,0xff,0xff,0xff,0xff,0xff,0xff,0xff,0xff,0xff,0xff,0xff,0xff,0xff,0xdf,0xf7,0x9f,0xe7,0x7f,0xdf,0x7f,0xdf,0x7f,0xdf,
  0x9f,0xe7,0xff,0xff,0xff,0xff,0xff,0xff,0xff,0xff,0xff,0xff,0xff,0xff,0xff,0xff,0xff,0xff,0xbf,0xef,0x7f,0xdf,0x7f,0xdf,
  0x7f,0xdf,0x7f,0xdf,0x7f,0xe7,0xff,0xff,0xff,0xff,0xff,0xff,0xff,0xff,0xff,0xff,0xff,0xff,0xff,0xff,0xff,0xff,0xff,0xff,
  0xff,0xff,0xff,0xff,0xff,0xff,0xff,0xff,0xff,0xff,0xff,0xff,0xff,0xff,0xff,0xff,0xff,0xff,0xff,0xff,0xff,0xff,0xff,0xff,
  0xff,0xff,0xff,0xff,0xff,0xff,0xff,0xff,0xff,0xff,0xff,0xff,0xff,0xff,0xff,0xff,0xff,0xff,0xff,0xff,0xff,0xff,0xff,0xff,
  0xff,0xff,0xff,0xff,0xff,0xff,0xff,0xff,0xff,0xff,0xff,0xff,0xff,0xff,0xff,0xff,0xff,0xff,0xff,0xff,0xff,0xff,0xff,0xff,
  0xff,0xff,0xff,0xff,0xff,0xff,0xff,0xff,0xff,0xff,0xff,0xff,0xff,0xff,0xff,0xff,0xff,0xff,0xff,0xff,0xff,0xff,0xff,0xff,
  0xff,0xff,0xff,0xff,0xff,0xff,0xff,0xff,0xff,0xff,0xff,0xff,0xff,0xff,0xff,0xff,0xff,0xff,0xff,0xff,0xff,0xff,0xff,0xff,
  0xff,0xff,0xff,0xff,0xff,0xff,0xff,0xff,0xff,0xff,0xff,0xff,0xff,0xff,0xff,0xff,0xff,0xff,0xff,0xff,0xff,0xff,0xff,0xff,
  0xff,0xff,0xff,0xff,0xff,0xff,0xff,0xff,0xff,0xff,0xff,0xff,0xff,0xff,0xff,0xff,0xff,0xff,0xff,0xff,0xff,0xff,0xff,0xff,
  0xff,0xff,0xff,0xff,0xff,0xff,0xff,0xff,0xff,0xff,0xff,0xff,0xff,0xff,0xff,0xff,0xdf,0xff,0xff,0xff,0xff,0xff,0xff,0xff,
  0xff,0xff,0xdf,0xb6,0xbf,0xae,0xbf,0xf7,0xbf,0xef,0x9f,0xef,0x9f,0xef,0x9f,0xef,0x9f,0xef,0x9f,0xef,0x9f,0xef,0x9f,0xef,
  0x9f,0xef,0x9f,0xef,0x9f,0xef,0x9f,0xef,0x9f,0xef,0x9f,0xef,0x9f,0xef,0x9f,0xef,0x9f,0xef,0x9f,0xef,0x9f,0xef,0x9f,0xef,
  0x9f,0xef,0x9f,0xef,0x9f,0xef,0x9f,0xef,0x9f,0xef,0x9f,0xef,0x9f,0xef,0x9f,0xef,0xff,0xff,0xff,0xff,0xff,0xff,0xff,0xff,
  0xff,0xff,0xff,0xff,0xff,0xff,0xff,0xff,0xff,0xff,0xff,0xff,0xff,0xff,0xff,0xff,0xff,0xff,0xff,0xff,0xff,0xff,0xff,0xff,
  0xff,0xff,0xff,0xff,0xff,0xff,0xff,0xff,0xff,0xff,0xff,0xff,0xff,0xff,0xff,0xff,0xff,0xff,0xff,0xff,0xff,0xff,0xff,0xff,
  0xff,0xff,0xff,0xff,0xff,0xff,0xff,0xff,0xff,0xff,0xff,0xff,0xff,0xff,0xff,0xff,0xff,0xff,0xff,0xff,0xff,0xff,0xff,0xff,
  0xff,0xff,0xff,0xff,0xff,0xff,0xff,0xff,0xff,0xff,0xff,0xff,0xff,0xff,0xff,0xff,0xff,0xff,0xff,0xff,0xff,0xff,0xff,0xff,
  0xff,0xff,0xff,0xff,0xff,0xff,0xff,0xff,0xff,0xff,0xff,0xff,0xff,0xff,0xff,0xff,0xff,0xff,0xff,0xff,0xff,0xff,0xff,0xff,
  0xff,0xff,0xff,0xff,0xff,0xff,0xff,0xff,0xff,0xff,0xff,0xff,0xff,0xff,0xff,0xff,0xff,0xff,0xff,0xff,0xff,0xff,0xff,0xff,
  0xff,0xff,0xff,0xff,0xff,0xff,0xff,0xff,0xff,0xff,0xdf,0xf7,0xdf,0xf7,0xff,0xff,0xff,0xff,0xff,0xff,0xff,0xff,0xff,0xff,
  0xff,0xff,0xff,0xff,0xff,0xff,0xff,0xff,0xff,0xff,0xff,0xff,0xdf,0xff,0xdf,0xf7,0xbf,0xf7,0xdf,0xf7,0xdf,0xf7,0xdf,0xf7,
  0xdf,0xf7,0xdf,0xf7,0xdf,0xf7,0xdf,0xf7,0xdf,0xf7,0xdf,0xf7,0xdf,0xf7,0xdf,0xf7,0xff,0xff,0xfc,0xde,0xc4,0x10,0xc5,0x00,
  0x6a,0x01,0x74,0x02,0xbe,0x04,0x7f,0x57,0xff,0xaf,0x5f,0x7f,0x9e,0x35,0xdd,0x1c,0x9c,0x14,0x3d,0x1d,0xbf,0x46,0xff,0x9f,
  0xff,0xbf,0x5f,0x3e,0xf9,0x02,0x8c,0x01,0xe6,0x08,0x22,0x00,0x8b,0x4a,0xff,0xff,0xdf,0xff,0xdf,0xff,0xdf,0xf7,0xdf,0xf7,
  0xdf,0xf7,0xdf,0xf7,0xdf,0xf7,0xdf,0xf7,0xdf,0xf7,0xdf,0xf7,0xdf,0xf7,0xdf,0xf7,0xdf,0xf7,0xdf,0xf7,0xdf,0xf7,0xdf,0xf7,
  0xdf,0xf7,0xdf,0xf7,0xdf,0xf7,0xdf,0xf7,0xdf,0xff,0xdf,0xff,0xdf,0xff,0xdf,0xff,0xff,0xff,0xff,0xff,0xdf,0xff,0xff,0xff,
  0xff,0xff,0xff,0xff,0xff,0xff,0xff,0xff,0xff,0xff,0xbf,0xef,0x7f,0xdf,0x7f,0xdf,0x7f,0xdf,0x7f,0xdf,0xdf,0xf7,0xff,0xff,
  0xff,0xff,0xff,0xff,0xff,0xff,0xff,0xff,0xff,0xff,0xff,0xff,0x9f,0xef,0x7f,0xdf,0x7f,0xdf,0x7f,0xdf,0x9f,0xef,0xff,0xff,
  0xff,0xff,0xff,0xff,0xff,0xff,0xff,0xff,0xff,0xff,0xff,0xff,0xff,0xff,0xff,0xff,0xff,0xff,0xff,0xff,0xff,0xff,0xff,0xff,
  0xff,0xff,0xff,0xff,0xff,0xff,0xff,0xff,0xff,0xff,0xff,0xff,0xff,0xff,0xff,0xff,0xff,0xff,0xff,0xff,0xff,0xff,0xff,0xff,
  0xff,0xff,0xff,0xff,0xff,0xff,0xff,0xff,0xff,0xff,0xff,0xff,0xff,0xff,0xff,0xff,0xff,0xff,0xff,0xff,0xff,0xff,0xff,0xff,
  0xff,0xff,0xff,0xff,0xff,0xff,0xff,0xff,0xff,0xff,0xff,0xff,0xff,0xff,0xff,0xff,0xff,0xff,0xff,0xff,0xff,0xff,0xff,0xff,
  0xff,0xff,0xff,0xff,0xff,0xff,0xff,0xff,0xff,0xff,0xff,0xff,0xff,0xff,0xff,0xff,0xff,0xff,0xff,0xff,0xff,0xff,0xff,0xff,
  0xff,0xff,0xff,0xff,0xff,0xff,0xff,0xff,0xff,0xff,0xff,0xff,0xff,0xff,0xff,0xff,0xff,0xff,0xff,0xff,0xff,0xff,0xff,0xff,
  0xff,0xff,0xff,0xff,0xff,0xff,0xff,0xff,0xff,0xff,0xff,0xff,0xff,0xff,0xff,0xff,0xff,0xff,0xff,0xff,0xff,0xff,0xff,0xff,
  0xff,0xff,0xff,0xff,0xff,0xff,0xff,0xff,0xff,0xff,0xff,0xff,0xff,0xff,0xff,0xff,0xff,0xff,0xff,0xff,0xff,0xff,0xff,0xff,
  0xff,0xff,0xff,0xff,0xff,0xff,0xff,0xff,0xff,0xff,0xdf,0xff,0xff,0xff,0xdf,0xff,0xff,0xff,0xff,0xff,0xff,0xc6,0x9f,0xa6,
  0x9f,0xef,0xbf,0xf7,0x9f,0xef,0xbf,0xef,0x9f,0xef,0x9f,0xef,0x9f,0xef,0x9f,0xef,0x9f,0xef,0x9f,0xef,0x9f,0xef,0x9f,0xef,
  0x9f,0xef,0x9f,0xef,0x9f,0xef,0x9f,0xef,0x9f,0xef,0x9f,0xef,0x9f,0xef,0x9f,0xef,0x9f,0xef,0x9f,0xef,0x9f,0xef,0x9f,0xef,
  0x9f,0xef,0x9f,0xef,0x9f,0xef,0x9f,0xef,0xff,0xff,0xff,0xff,0xff,0xff,0xff,0xff,0xff,0xff,0xff,0xff,0xff,0xff,0xff,0xff,
  0xff,0xff,0xff,0xff,0xff,0xff,0xff,0xff,0xff,0xff,0xff,0xff,0xff,0xff,0xff,0xff,0xff,0xff,0xff,0xff,0xff,0xff,0xff,0xff,
  0xff,0xff,0xff,0xff,0xff,0xff,0xff,0xff,0xff,0xff,0xff,0xff,0xff,0xff,0xff,0xff,0xff,0xff,0xff,0xff,0xff,0xff,0xff,0xff,
  0xff,0xff,0xff,0xff,0xff,0xff,0xff,0xff,0xff,0xff,0xff,0xff,0xff,0xff,0xff,0xff,0xff,0xff,0xff,0xff,0xff,0xff,0xff,0xff,
  0xff,0xff,0xff,0xff,0xff,0xff,0xff,0xff,0xff,0xff,0xff,0xff,0xff,0xff,0xff,0xff,0xff,0xff,0xff,0xff,0xff,0xff,0xff,0xff,
  0xff,0xff,0xff,0xff,0xff,0xff,0xff,0xff,0xff,0xff,0xff,0xff,0xff,0xff,0xff,0xff,0xff,0xff,0xff,0xff,0xff,0xff,0xff,0xff,
  0xff,0xff,0xff,0xff,0xff,0xff,0xff,0xff,0xff,0xff,0xff,0xff,0xff,0xff,0xff,0xff,0xff,0xff,0xff,0xff,0xff,0xff,0xff,0xff,
  0xbf,0xf7,0xdf,0xf7,0xff,0xff,0xff,0xff,0xff,0xff,0xff,0xff,0xff,0xff,0xff,0xff,0xff,0xff,0xff,0xff,0xff,0xff,0xff,0xff,
  0xff,0xff,0xdf,0xf7,0xbf,0xf7,0xdf,0xf7,0xdf,0xf7,0xdf,0xf7,0xdf,0xf7,0xdf,0xf7,0xdf,0xf7,0xdf,0xf7,0xdf,0xf7,0xdf,0xf7,
  0xdf,0xf7,0xdf,0xf7,0xdf,0xf7,0xbf,0xf7,0xff,0xff,0x31,0x84,0x01,0x00,0x07,0x09,0xce,0x01,0xfb,0x03,0x5f,0x4f,0xff,0xc7,
  0x1f,0x6f,0xdb,0x03,0x34,0x02,0xd0,0x01,0xcf,0x01,0x12,0x02,0x19,0x03,0x9f,0x25,0xdf,0x9f,0xff,0x9f,0x3e,0x15,0x33,0x02,
  0x49,0x01,0xe6,0x00,0xa5,0x08,0xbb,0xd6,0xff,0xff,0xdf,0xf7,0xdf,0xf7,0xdf,0xf7,0xdf,0xf7,0xdf,0xf7,0xdf,0xf7,0xdf,0xf7,
  0xdf,0xf7,0xdf,0xf7,0xdf,0xf7,0xdf,0xf7,0xdf,0xf7,0xdf,0xf7,0xdf,0xf7,0xdf,0xf7,0xdf,0xf7,0xdf,0xf7,0xdf,0xf7,0xdf,0xf7,
  0xdf,0xf7,0xdf,0xf7,0xdf,0xff,0xdf,0xf7,0xdf,0xff,0xdf,0xff,0xff,0xff,0xff,0xff,0xff,0xff,0xff,0xff,0xff,0xff,0xff,0xff,
  0xff,0xff,0xff,0xff,0xbf,0xf7,0x7f,0xdf,0x7f,0xdf,0x7f,0xdf,0x5f,0xdf,0xbf,0xef,0xff,0xff,0xff,0xff,0xff,0xff,0xff,0xff,
  0xff,0xff,0xff,0xff,0xff,0xff,0xdf,0xf7,0xdf,0xf7,0xff,0xff,0xff,0xff,0xff,0xff,0xff,0xff,0xff,0xff,0xff,0xff,0xff,0xff,
  0xff,0xff,0xff,0xff,0xff,0xff,0xff,0xff,0xff,0xff,0xff,0xff,0xff,0xff,0xff,0xff,0xff,0xff,0xff,0xff,0xff,0xff,0xff,0xff,
  0xff,0xff,0xff,0xff,0xff,0xff,0xff,0xff,0xff,0xff,0xff,0xff,0xff,0xff,0xff,0xff,0xff,0xff,0xff,0xff,0xff,0xff,0xff,0xff,
  0xff,0xff,0xff,0xff,0xff,0xff,0xff,0xff,0xff,0xff,0xff,0xff,0xff,0xff,0xff,0xff,0xff,0xff,0xff,0xff,0xff,0xff,0xff,0xff,
  0xff,0xff,0xff,0xff,0xff,0xff,0xff,0xff,0xff,0xff,0xff,0xff,0xff,0xff,0xff,0xff,0xff,0xff,0xff,0xff,0xff,0xff,0xff,0xff,
  0xff,0xff,0xff,0xff,0xff,0xff,0xff,0xff,0xff,0xff,0xff,0xff,0xff,0xff,0xff,0xff,0xff,0xff,0xff,0xff,0xff,0xff,0xff,0xff,
  0xff,0xff,0xff,0xff,0xff,0xff,0xff,0xff,0xff,0xff,0xff,0xff,0xff,0xff,0xff,0xff,0xff,0xff,0xff,0xff,0xff,0xff,0xff,0xff,
  0xff,0xff,0xff,0xff,0xff,0xff,0xff,0xff,0xff,0xff,0xff,0xff,0xff,0xff,0xff,0xff,0xff,0xff,0xff,0xff,0xff,0xff,0xff,0xff,
  0xff,0xff,0xff,0xff,0xff,0xff,0xff,0xff,0xff,0xff,0xff,0xff,0xff,0xff,0xff,0xff,0xff,0xff,0xff,0xff,0xff,0xff,0xff,0xff,
  0xff,0xff,0xdf,0xff,0xff,0xff,0xff,0xff,0xdf,0xff,0xdf,0xff,0xff,0xff,0x3f,0xcf,0x7f,0x9e,0x5f,0xd7,0xbf,0xf7,0x9f,0xef,
  0x9f,0xef,0x9f,0xef,0x9f,0xef,0x9f,0xef,0x9f,0xef,0x9f,0xef,0x9f,0xef,0x9f,0xef,0x9f,0xef,0x9f,0xef,0x9f,0xef,0x9f,0xef,
  0x9f,0xef,0x9f,0xef,0x9f,0xef,0x9f,0xef,0x9f,0xef,0x9f,0xef,0x9f,0xef,0x9f,0xef,0x9f,0xef,0x9f,0xef,0x9f,0xef,0x9f,0xef,
  0xff,0xff,0xff,0xff,0xff,0xff,0xff,0xff,0xff,0xff,0xff,0xff,0xff,0xff,0xff,0xff,0xff,0xff,0xff,0xff,0xff,0xff,0xff,0xff,
  0xff,0xff,0xff,0xff,0xff,0xff,0xff,0xff,0xff,0xff,0xff,0xff,0xff,0xff,0xff,0xff,0xff,0xff,0xff,0xff,0xff,0xff,0xff,0xff,
  0xff,0xff,0xff,0xff,0xff,0xff,0xff,0xff,0xff,0xff,0xff,0xff,0xff,0xff,0xff,0xff,0xff,0xff,0xff,0xff,0xff,0xff,0xff,0xff,
  0xff,0xff,0xff,0xff,0xff,0xff,0xff,0xff,0xff,0xff,0xff,0xff,0xff,0xff,0xff,0xff,0xff,0xff,0xff,0xff,0xff,0xff,0xff,0xff,
  0xff,0xff,0xff,0xff,0xff,0xff,0xff,0xff,0xff,0xff,0xff,0xff,0xff,0xff,0xff,0xff,0xff,0xff,0xff,0xff,0xff,0xff,0xff,0xff,
  0xff,0xff,0xff,0xff,0xff,0xff,0xff,0xff,0xff,0xff,0xff,0xff,0xff,0xff,0xff,0xff,0xff,0xff,0xff,0xff,0xff,0xff,0xff,0xff,
  0xff,0xff,0xff,0xff,0xff,0xff,0xff,0xff,0xff,0xff,0xff,0xff,0xff,0xff,0xbf,0xef,0xdf,0xf7,0xff,0xff,0xff,0xff,0xff,0xff,
  0xff,0xff,0xff,0xff,0xff,0xff,0xff,0xff,0xff,0xff,0xdf,0xff,0xff,0xff,0xdf,0xff,0xbf,0xf7,0xbf,0xf7,0xdf,0xf7,0xdf,0xf7,
  0xdf,0xf7,0xdf,0xf7,0xdf,0xf7,0xdf,0xf7,0xdf,0xf7,0xdf,0xf7,0xdf,0xf7,0xdf,0xf7,0xdf,0xf7,0xbf,0xf7,0xdf,0xf7,0xff,0xff,
  0xbf,0xef,0xc8,0x31,0x63,0x00,0x28,0x09,0x74,0x02,0xde,0x0d,0xff,0x9f,0x7f,0x8f,0x3d,0x04,0x33,0x02,0x6b,0x01,0x08,0x01,
  0x08,0x01,0x49,0x09,0xad,0x09,0xb6,0x02,0xfe,0x1d,0xff,0xaf,0x5f,0x67,0x9b,0x03,0xce,0x01,0x28,0x09,0x44,0x00,0x72,0x8c,
  0xff,0xff,0xbf,0xf7,0xdf,0xf7,0xdf,0xf7,0xdf,0xf7,0xdf,0xf7,0xdf,0xf7,0xdf,0xf7,0xdf,0xf7,0xdf,0xf7,0xdf,0xf7,0xdf,0xf7,
  0xdf,0xf7,0xdf,0xf7,0xdf,0xf7,0xdf,0xf7,0xdf,0xf7,0xdf,0xf7,0xdf,0xf7,0xdf,0xf7,0xdf,0xf7,0xdf,0xf7,0xdf,0xf7,0xdf,0xff,
  0xdf,0xff,0xdf,0xff,0xdf,0xff,0xff,0xff,0xff,0xff,0xff,0xff,0xff,0xff,0xff,0xff,0xff,0xff,0xff,0xff,0xff,0xff,0xdf,0xf7,
  0x7f,0xdf,0x7f,0xdf,0x7f,0xdf,0x5f,0xdf,0xbf,0xef,0xff,0xff,0xff,0xff,0xff,0xff,0xff,0xff,0xff,0xff,0xff,0xff,0xff,0xff,
  0xff,0xff,0xff,0xff,0xff,0xff,0xff,0xff,0xff,0xff,0xff,0xff,0xff,0xff,0xff,0xff,0xff,0xff,0xff,0xff,0xff,0xff,0xff,0xff,
  0xff,0xff,0xff,0xff,0xff,0xff,0xff,0xff,0xff,0xff,0xff,0xff,0xff,0xff,0xff,0xff,0xff,0xff,0xff,0xff,0xff,0xff,0xff,0xff,
  0xff,0xff,0xff,0xff,0xff,0xff,0xff,0xff,0xff,0xff,0xff,0xff,0xff,0xff,0xff,0xff,0xff,0xff,0xff,0xff,0xff,0xff,0xff,0xff,
  0xff,0xff,0xff,0xff,0xff,0xff,0xff,0xff,0xff,0xff,0xff,0xff,0xff,0xff,0xff,0xff,0xff,0xff,0xff,0xff,0xff,0xff,0xff,0xff,
  0xff,0xff,0xff,0xff,0xff,0xff,0xff,0xff,0xff,0xff,0xff,0xff,0xff,0xff,0xff,0xff,0xff,0xff,0xff,0xff,0xff,0xff,0xff,0xff,
  0xff,0xff,0xff,0xff,0xff,0xff,0xff,0xff,0xff,0xff,0xff,0xff,0xff,0xff,0xff,0xff,0xff,0xff,0xff,0xff,0xff,0xff,0xff,0xff,
  0xff,0xff,0xff,0xff,0xff,0xff,0xff,0xff,0xff,0xff,0xff,0xff,0xff,0xff,0xff,0xff,0xff,0xff,0xff,0xff,0xff,0xff,0xff,0xff,
  0xff,0xff,0xff,0xff,0xff,0xff,0xff,0xff,0xff,0xff,0xff,0xff,0xff,0xff,0xff,0xff,0xff,0xff,0xff,0xff,0xff,0xff,0xff,0xff,
  0xff,0xff,0xff,0xff,0xff,0xff,0xff,0xff,0xff,0xff,0xff,0xff,0xff,0xff,0xff,0xff,0xff,0xff,0xff,0xff,0xff,0xff,0xff,0xff,
  0xdf,0xff,0xff,0xff,0xff,0xff,0xff,0xff,0x9f,0xe7,0x7f,0x9e,0x1f,0xc7,0xdf,0xf7,0x9f,0xef,0x9f,0xef,0x9f,0xef,0x9f,0xef,
  0x9f,0xef,0x9f,0xef,0x9f,0xef,0x9f,0xef,0x9f,0xef,0x9f,0xef,0x9f,0xef,0x9f,0xef,0x9f,0xef,0x9f,0xef,0x9f,0xef,0x9f,0xef,
  0x9f,0xef,0x9f,0xef,0x9f,0xef,0x9f,0xef,0x9f,0xef,0x9f,0xef,0x9f,0xef,0x9f,0xef,0xff,0xff,0xff,0xff,0xff,0xff,0xff,0xff,
  0xff,0xff,0xff,0xff,0xff,0xff,0xff,0xff,0xff,0xff,0xff,0xff,0xff,0xff,0xff,0xff,0xff,0xff,0xff,0xff,0xff,0xff,0xff,0xff,
  0xff,0xff,0xff,0xff,0xff,0xff,0xff,0xff,0xff,0xff,0xff,0xff,0xff,0xff,0xff,0xff,0xff,0xff,0xff,0xff,0xff,0xff,0xff,0xff,
  0xff,0xff,0xff,0xff,0xff,0xff,0xff,0xff,0xff,0xff,0xff,0xff,0xff,0xff,0xff,0xff,0xff,0xff,0xff,0xff,0xff,0xff,0xff,0xff,
  0xff,0xff,0xff,0xff,0xff,0xff,0xff,0xff,0xff,0xff,0xff,0xff,0xff,0xff,0xff,0xff,0xff,0xff,0xff,0xff,0xff,0xff,0xff,0xff,
  0xff,0xff,0xff,0xff,0xff,0xff,0xff,0xff,0xff,0xff,0xff,0xff,0xff,0xff,0xff,0xff,0xff,0xff,0xff,0xff,0xff,0xff,0xff,0xff,
  0xff,0xff,0xff,0xff,0xff,0xff,0xff,0xff,0xff,0xff,0xff,0xff,0xff,0xff,0xff,0xff,0xff,0xff,0xff,0xff,0xff,0xff,0xff,0xff,
  0xff,0xff,0xff,0xff,0x9f,0xe7,0xbf,0xef,0xff,0xff,0xff,0xff,0xff,0xff,0xff,0xff,0xff,0xff,0xff,0xff,0xff,0xff,0xff,0xff,
  0xff,0xff,0xff,0xff,0xdf,0xf7,0xbf,0xef,0xdf,0xf7,0xdf,0xf7,0xdf,0xf7,0xdf,0xf7,0xdf,0xf7,0xdf,0xf7,0xdf,0xf7,0xdf,0xf7,
  0xdf,0xf7,0xdf,0xf7,0xdf,0xf7,0xdf,0xf7,0xbf,0xef,0xff,0xff,0xbf,0xf7,0x7f,0xd7,0x7c,0xb6,0xe6,0x08,0xc5,0x00,0x6b,0x09,
  0x39,0x03,0x1f,0x37,0xff,0xb7,0xdf,0x2d,0x75,0x02,0x6b,0x01,0x28,0x01,0x07,0x09,0x07,0x09,0xe6,0x08,0xe7,0x00,0xad,0x09,
  0xfa,0x03,0x9f,0x7f,0xff,0xa7,0xde,0x04,0x11,0x02,0x28,0x01,0x43,0x00,0x8c,0x42,0xdf,0xef,0xff,0xff,0xff,0xff,0xdf,0xf7,
  0xdf,0xff,0xdf,0xff,0xdf,0xf7,0xdf,0xf7,0xdf,0xf7,0xdf,0xf7,0xdf,0xf7,0xdf,0xf7,0xdf,0xf7,0xdf,0xf7,0xdf,0xf7,0xdf,0xf7,
  0xdf,0xf7,0xdf,0xf7,0xdf,0xf7,0xdf,0xf7,0xdf,0xf7,0xdf,0xf7,0xdf,0xf7,0xdf,0xf7,0xdf,0xff,0xdf,0xff,0xdf,0xff,0xff,0xff,
  0xff,0xff,0xff,0xff,0xff,0xff,0xff,0xff,0xff,0xff,0xff,0xff,0xff,0xff,0xff,0xff,0xdf,0xf7,0x7f,0xdf,0x7f,0xdf,0x7f,0xdf,
  0x7f,0xdf,0xbf,0xef,0xff,0xff,0xff,0xff,0xff,0xff,0xff,0xff,0xff,0xff,0xff,0xff,0xff,0xff,0xff,0xff,0xff,0xff,0xff,0xff,
  0xff,0xff,0xff,0xff,0xff,0xff,0xff,0xff,0xff,0xff,0xff,0xff,0xff,0xff,0xff,0xff,0xff,0xff,0xff,0xff,0xff,0xff,0xff,0xff,
  0xff,0xff,0xff,0xff,0xff,0xff,0xff,0xff,0xff,0xff,0xff,0xff,0xff,0xff,0xff,0xff,0xff,0xff,0xff,0xff,0xff,0xff,0xff,0xff,
  0xff,0xff,0xff,0xff,0xff,0xff,0xff,0xff,0xff,0xff,0xff,0xff,0xff,0xff,0xff,0xff,0xff,0xff,0xff,0xff,0xff,0xff,0xff,0xff,
  0xff,0xff,0xff,0xff,0xff,0xff,0xff,0xff,0xff,0xff,0xff,0xff,0xff,0xff,0xff,0xff,0xff,0xff,0xff,0xff,0xff,0xff,0xff,0xff,
  0xff,0xff,0xff,0xff,0xff,0xff,0xff,0xff,0xff,0xff,0xff,0xff,0xff,0xff,0xff,0xff,0xff,0xff,0xff,0xff,0xff,0xff,0xff,0xff,
  0xff,0xff,0xff,0xff,0xff,0xff,0xff,0xff,0xff,0xff,0xff,0xff,0xff,0xff,0xff,0xff,0xff,0xff,0xff,0xff,0xff,0xff,0xff,0xff,
  0xff,0xff,0xff,0xff,0xff,0xff,0xff,0xff,0xff,0xff,0xff,0xff,0xff,0xff,0xff,0xff,0xff,0xff,0xff,0xff,0xff,0xff,0xff,0xff,
  0xff,0xff,0xff,0xff,0xff,0xff,0xff,0xff,0xff,0xff,0xff,0xff,0xff,0xff,0xff,0xff,0xff,0xff,0xff,0xff,0xff,0xff,0xff,0xff,
  0xff,0xff,0xff,0xff,0xff,0xff,0xff,0xff,0xff,0xff,0xff,0xff,0xff,0xff,0xff,0xff,0xff,0xff,0xff,0xff,0xff,0xff,0xdf,0xff,
  0xff,0xff,0xdf,0xf7,0x9f,0xa6,0xbf,0xae,0x9f,0xef,0xbf,0xf7,0x9f,0xef,0x9f,0xef,0x9f,0xef,0x9f,0xef,0x9f,0xef,0x9f,0xef,
  0x9f,0xef,0x9f,0xef,0x9f,0xef,0x9f,0xef,0x9f,0xef,0x9f,0xef,0x9f,0xef,0x9f,0xef,0x9f,0xef,0x9f,0xef,0x9f,0xef,0x9f,0xef,
  0x9f,0xef,0x9f,0xef,0x9f,0xef,0x9f,0xef,0xff,0xff,0xff,0xff,0xff,0xff,0xff,0xff,0xff,0xff,0xff,0xff,0xff,0xff,0xff,0xff,
  0xff,0xff,0xff,0xff,0xff,0xff,0xff,0xff,0xff,0xff,0xff,0xff,0xff,0xff,0xff,0xff,0xff,0xff,0xff,0xff,0xff,0xff,0xff,0xff,
  0xff,0xff,0xff,0xff,0xff,0xff,0xff,0xff,0xff,0xff,0xff,0xff,0xff,0xff,0xff,0xff,0xff,0xff,0xff,0xff,0xff,0xff,0xff,0xff,
  0xff,0xff,0xff,0xff,0xff,0xff,0xff,0xff,0xff,0xff,0xff,0xff,0xff,0xff,0xff,0xff,0xff,0xff,0xff,0xff,0xff,0xff,0xff,0xff,
  0xff,0xff,0xff,0xff,0xff,0xff,0xff,0xff,0xff,0xff,0xff,0xff,0xff,0xff,0xff,0xff,0xff,0xff,0xff,0xff,0xff,0xff,0xff,0xff,
  0xff,0xff,0xff,0xff,0xff,0xff,0xff,0xff,0xff,0xff,0xff,0xff,0xff,0xff,0xff,0xff,0xff,0xff,0xff,0xff,0xff,0xff,0xff,0xff,
  0xff,0xff,0xff,0xff,0xff,0xff,0xff,0xff,0xff,0xff,0xff,0xff,0xff,0xff,0xff,0xff,0xff,0xff,0x9f,0xe7,0xbf,0xef,0xff,0xff,
  0xff,0xff,0xff,0xff,0xff,0xff,0xff,0xff,0xff,0xff,0xff,0xff,0xff,0xff,0xff,0xff,0xff,0xff,0xdf,0xf7,0xbf,0xef,0xdf,0xf7,
  0xdf,0xf7,0xdf,0xf7,0xdf,0xf7,0xdf,0xf7,0xdf,0xf7,0xdf,0xf7,0xdf,0xf7,0xdf,0xf7,0xdf,0xf7,0xdf,0xf7,0xdf,0xf7,0xbf,0xef,
  0xff,0xff,0xbb,0xd6,0xf5,0x43,0xff,0xb6,0xb9,0x9d,0xa5,0x00,0x07,0x01,0xad,0x09,0xfb,0x03,0xbf,0x57,0xff,0x9f,0xbd,0x0c,
  0xd0,0x01,0x08,0x01,0xe6,0x08,0x06,0x09,0xe6,0x08,0xe6,0x08,0xe6,0x08,0x4a,0x09,0x58,0x03,0x1f,0x57,0xff,0xaf,0x5e,0x15,
  0x11,0x02,0x08,0x01,0x64,0x00,0x0a,0x2a,0x5f,0xc7,0xfe,0xbe,0xdf,0xf7,0xff,0xff,0xdf,0xf7,0xdf,0xff,0xdf,0xff,0xdf,0xf7,
  0xdf,0xf7,0xdf,0xf7,0xdf,0xf7,0xdf,0xf7,0xdf,0xf7,0xdf,0xf7,0xdf,0xf7,0xdf,0xf7,0xdf,0xf7,0xdf,0xf7,0xdf,0xf7,0xdf,0xf7,
  0xdf,0xf7,0xdf,0xf7,0xdf,0xf7,0xdf,0xf7,0xdf,0xff,0xdf,0xff,0xdf,0xff,0xdf,0xff,0xff,0xff,0xff,0xff,0xff,0xff,0xff,0xff,
  0xff,0xff,0xff,0xff,0xff,0xff,0xff,0xff,0xff,0xff,0xdf,0xff,0x7f,0xdf,0x7f,0xdf,0x7f,0xdf,0x5f,0xdf,0xbf,0xef,0xff,0xff,
  0xff,0xff,0xff,0xff,0xff,0xff,0xff,0xff,0xff,0xff,0xff,0xff,0xff,0xff,0xff,0xff,0xff,0xff,0xff,0xff,0xff,0xff,0xff,0xff,
  0xff,0xff,0xff,0xff,0xff,0xff,0xff,0xff,0xff,0xff,0xff,0xff,0xff,0xff,0xff,0xff,0xff,0xff,0xff,0xff,0xff,0xff,0xff,0xff,
  0xff,0xff,0xff,0xff,0xff,0xff,0xff,0xff,0xff,0xff,0xff,0xff,0xff,0xff,0xff,0xff,0xff,0xff,0xff,0xff,0xff,0xff,0xff,0xff,
  0xff,0xff,0xff,0xff,0xff,0xff,0xff,0xff,0xff,0xff,0xff,0xff,0xff,0xff,0xff,0xff,0xff,0xff,0xff,0xff,0xff,0xff,0xff,0xff,
  0xff,0xff,0xff,0xff,0xff,0xff,0xff,0xff,0xff,0xff,0xff,0xff,0xff,0xff,0xff,0xff,0xff,0xff,0xff,0xff,0xff,0xff,0xff,0xff,
  0xff,0xff,0xff,0xff,0xff,0xff,0xff,0xff,0xff,0xff,0xff,0xff,0xff,0xff,0xff,0xff,0xff,0xff,0xff,0xff,0xff,0xff,0xff,0xff,
  0xff,0xff,0xff,0xff,0xff,0xff,0xff,0xff,0xff,0xff,0xff,0xff,0xff,0xff,0xff,0xff,0xff,0xff,0xff,0xff,0xff,0xff,0xff,0xff,
  0xff,0xff,0xff,0xff,0xff,0xff,0xff,0xff,0xff,0xff,0xff,0xff,0xff,0xff,0xff,0xff,0xff,0xff,0xff,0xff,0xff,0xff,0xff,0xff,
  0xff,0xff,0xff,0xff,0xff,0xff,0xff,0xff,0xff,0xff,0xff,0xff,0xff,0xff,0xff,0xff,0xff,0xff,0xff,0xff,0xff,0xff,0xff,0xff,
  0xff,0xff,0xff,0xff,0xff,0xff,0xff,0xff,0xff,0xff,0xff,0xff,0xdf,0xff,0xff,0xff,0xdf,0xff,0xff,0xff,0xff,0xff,0x3f,0xcf,
  0x9f,0x9e,0x3f,0xcf,0xbf,0xf7,0xbf,0xef,0x9f,0xef,0x9f,0xef,0x9f,0xef,0x9f,0xef,0x9f,0xef,0x9f,0xef,0x9f,0xef,0x9f,0xef,
  0x9f,0xef,0x9f,0xef,0x9f,0xef,0x9f,0xef,0x9f,0xef,0x9f,0xef,0x9f,0xef,0x9f,0xef,0x9f,0xef,0x9f,0xef,0x9f,0xef,0x9f,0xef,
  0xff,0xff,0xff,0xff,0xff,0xff,0xff,0xff,0xff,0xff,0xff,0xff,0xff,0xff,0xff,0xff,0xff,0xff,0xff,0xff,0xff,0xff,0xff,0xff,
  0xff,0xff,0xff,0xff,0xff,0xff,0xff,0xff,0xff,0xff,0xff,0xff,0xff,0xff,0xff,0xff,0xff,0xff,0xff,0xff,0xff,0xff,0xff,0xff,
  0xff,0xff,0xff,0xff,0xff,0xff,0xff,0xff,0xff,0xff,0xff,0xff,0xff,0xff,0xff,0xff,0xff,0xff,0xff,0xff,0xff,0xff,0xff,0xff,
  0xff,0xff,0xff,0xff,0xff,0xff,0xff,0xff,0xff,0xff,0xff,0xff,0xff,0xff,0xff,0xff,0xff,0xff,0xff,0xff,0xff,0xff,0xff,0xff,
  0xff,0xff,0xff,0xff,0xff,0xff,0xff,0xff,0xff,0xff,0xff,0xff,0xff,0xff,0xff,0xff,0xff,0xff,0xff,0xff,0xff,0xff,0xff,0xff,
  0xff,0xff,0xff,0xff,0xff,0xff,0xff,0xff,0xff,0xff,0xff,0xff,0xff,0xff,0xff,0xff,0xff,0xff,0xff,0xff,0xff,0xff,0xff,0xff,
  0xff,0xff,0xff,0xff,0xff,0xff,0xff,0xff,0x7f,0xdf,0xbf,0xef,0xff,0xff,0xff,0xff,0xff,0xff,0xff,0xff,0xff,0xff,0xff,0xff,
  0xff,0xff,0xff,0xff,0xff,0xff,0xff,0xff,0xbf,0xef,0xbf,0xef,0xdf,0xf7,0xdf,0xf7,0xdf,0xf7,0xdf,0xf7,0xdf,0xf7,0xdf,0xf7,
  0xdf,0xf7,0xbf,0xf7,0xdf,0xf7,0xdf,0xf7,0xdf,0xf7,0xdf,0xf7,0xbf,0xf7,0xff,0xff,0xf8,0xbd,0xab,0x11,0x14,0x13,0x5f,0xbf,
  0x58,0x8d,0x85,0x00,0x07,0x01,0xae,0x01,0x3c,0x04,0xdf,0x5f,0xdf,0x8f,0x5d,0x04,0xf1,0x01,0x29,0x01,0xe7,0x08,0xe6,0x08,
  0xe6,0x08,0xe6,0x08,0xe6,0x08,0x4a,0x09,0x39,0x03,0x1f,0x57,0xff,0xbf,0xbf,0x1d,0x33,0x02,0x29,0x01,0x85,0x00,0x2b,0x2a,
  0xbf,0xd7,0xbd,0x65,0x53,0x33,0x9a,0xd6,0xff,0xff,0xdf,0xf7,0xdf,0xf7,0xdf,0xff,0xdf,0xff,0xdf,0xff,0xdf,0xf7,0xdf,0xf7,
  0xdf,0xf7,0xdf,0xf7,0xdf,0xf7,0xdf,0xf7,0xdf,0xf7,0xdf,0xf7,0xdf,0xf7,0xdf,0xf7,0xdf,0xf7,0xdf,0xf7,0xdf,0xf7,0xdf,0xf7,
  0xdf,0xff,0xdf,0xff,0xdf,0xff,0xdf,0xff,0xdf,0xff,0xff,0xff,0xff,0xff,0xff,0xff,0xff,0xff,0xff,0xff,0xff,0xff,0xff,0xff,
  0xff,0xff,0xff,0xff,0xff,0xff,0x7f,0xe7,0x7f,0xdf,0x7f,0xdf,0x5f,0xd7,0xbf,0xef,0xff,0xff,0xff,0xff,0xff,0xff,0xff,0xff,
  0xff,0xff,0xff,0xff,0xff,0xff,0xff,0xff,0xff,0xff,0xff,0xff,0xff,0xff,0xff,0xff,0xff,0xff,0xff,0xff,0xff,0xff,0xff,0xff,
  0xff,0xff,0xff,0xff,0xff,0xff,0xff,0xff,0xff,0xff,0xff,0xff,0xff,0xff,0xff,0xff,0xff,0xff,0xff,0xff,0xdf,0xff,0xff,0xff,
  0xff,0xff,0xff,0xff,0xff,0xff,0xff,0xff,0xff,0xff,0xff,0xff,0xff,0xff,0xff,0xff,0xff,0xff,0xff,0xff,0xff,0xff,0xff,0xff,
  0xff,0xff,0xff,0xff,0xff,0xff,0xff,0xff,0xff,0xff,0xff,0xff,0xff,0xff,0xff,0xff,0xff,0xff,0xff,0xff,0xff,0xff,0xff,0xff,
  0xff,0xff,0xff,0xff,0xff,0xff,0xff,0xff,0xff,0xff,0xff,0xff,0xff,0xff,0xff,0xff,0xff,0xff,0xff,0xff,0xff,0xff,0xff,0xff,
  0xff,0xff,0xff,0xff,0xff,0xff,0xff,0xff,0xff,0xff,0xff,0xff,0xff,0xff,0xff,0xff,0xff,0xff,0xff,0xff,0xff,0xff,0xff,0xff,
  0xff,0xff,0xff,0xff,0xff,0xff,0xff,0xff,0xff,0xff,0xff,0xff,0xff,0xff,0xff,0xff,0xff,0xff,0xff,0xff,0xff,0xff,0xff,0xff,
  0xff,0xff,0xff,0xff,0xff,0xff,0xff,0xff,0xff,0xff,0xff,0xff,0xff,0xff,0xff,0xff,0xff,0xff,0xff,0xff,0xff,0xff,0xff,0xff,
  0xff,0xff,0xff,0xff,0xff,0xff,0xff,0xff,0xff,0xff,0xff,0xff,0xff,0xff,0xff,0xff,0xff,0xff,0xff,0xff,0xff,0xff,0xff,0xff,
  0xff,0xff,0xff,0xff,0xdf,0xff,0xdf,0xff,0xff,0xff,0xff,0xff,0xff,0xff,0xff,0xff,0xbf,0xef,0x9f,0xa6,0xbf,0xa6,0x7f,0xdf,
  0xbf,0xf7,0xbf,0xef,0x9f,0xef,0x9f,0xef,0x9f,0xef,0x9f,0xef,0x9f,0xef,0x9f,0xef,0x9f,0xef,0x9f,0xef,0x9f,0xef,0x9f,0xef,
  0x9f,0xef,0x9f,0xef,0x9f,0xef,0x9f,0xef,0x9f,0xef,0x9f,0xef,0x9f,0xef,0x9f,0xef,0xff,0xff,0xff,0xff,0xff,0xff,0xff,0xff,
  0xff,0xff,0xff,0xff,0xff,0xff,0xff,0xff,0xff,0xff,0xff,0xff,0xff,0xff,0xff,0xff,0xff,0xff,0xff,0xff,0xff,0xff,0xff,0xff,
  0xff,0xff,0xff,0xff,0xff,0xff,0xff,0xff,0xff,0xff,0xff,0xff,0xff,0xff,0xff,0xff,0xff,0xff,0xff,0xff,0xff,0xff,0xff,0xff,
  0xff,0xff,0xff,0xff,0xff,0xff,0xff,0xff,0xff,0xff,0xff,0xff,0xff,0xff,0xff,0xff,0xff,0xff,0xff,0xff,0xff,0xff,0xff,0xff,
  0xff,0xff,0xff,0xff,0xff,0xff,0xff,0xff,0xff,0xff,0xff,0xff,0xff,0xff,0xff,0xff,0xff,0xff,0xff,0xff,0xff,0xff,0xff,0xff,
  0xff,0xff,0xff,0xff,0xff,0xff,0xff,0xff,0xff,0xff,0xff,0xff,0xff,0xff,0xff,0xff,0xdf,0xff,0xff,0xff,0xff,0xff,0xff,0xff,
  0xff,0xff,0xff,0xff,0xff,0xff,0xff,0xff,0xff,0xff,0xff,0xff,0xff,0xff,0xff,0xff,0xff,0xff,0xff,0xff,0xff,0xff,0x7f,0xdf,
  0x9f,0xe7,0xff,0xff,0xff,0xff,0xff,0xff,0xff,0xff,0xff,0xff,0xff,0xff,0xff,0xff,0xff,0xff,0xff,0xff,0xff,0xff,0xbf,0xef,
  0xbf,0xef,0xdf,0xf7,0xdf,0xf7,0xdf,0xf7,0xdf,0xf7,0xdf,0xf7,0xbf,0xf7,0xbf,0xf7,0xbf,0xf7,0xdf,0xf7,0xbf,0xf7,0xdf,0xf7,
  0xdf,0xf7,0xbf,0xf7,0xff,0xff,0x15,0x9d,0xa5,0x00,0xac,0x01,0xd7,0x1b,0x3f,0xb7,0xb9,0x95,0xa6,0x00,0xe7,0x00,0x8c,0x01,
  0xdb,0x03,0x7f,0x47,0xff,0x9f,0x3f,0x15,0x74,0x02,0x49,0x01,0x07,0x09,0xe6,0x08,0xe6,0x08,0xe6,0x08,0xe6,0x00,0x6b,0x09,
  0x9a,0x03,0x7f,0x6f,0xff,0xb7,0x5f,0x15,0x12,0x02,0x29,0x01,0x64,0x00,0x6c,0x32,0x9f,0xcf,0xbd,0x65,0xce,0x01,0x27,0x11,
  0x73,0x8c,0xdf,0xff,0xff,0xff,0xdf,0xff,0xdf,0xff,0xdf,0xff,0xdf,0xf7,0xdf,0xf7,0xdf,0xf7,0xdf,0xf7,0xdf,0xf7,0xdf,0xf7,
  0xdf,0xf7,0xdf,0xf7,0xdf,0xf7,0xdf,0xf7,0xdf,0xf7,0xdf,0xf7,0xdf,0xf7,0xdf,0xf7,0xdf,0xf7,0xdf,0xff,0xdf,0xff,0xdf,0xff,
  0xdf,0xff,0xdf,0xff,0xff,0xff,0xff,0xff,0xff,0xff,0xff,0xff,0xff,0xff,0xff,0xff,0xff,0xff,0xff,0xff,0xff,0xff,0xff,0xff,
  0x7f,0xdf,0x5f,0xdf,0x7f,0xdf,0x5f,0xd7,0xbf,0xf7,0xff,0xff,0xff,0xff,0xff,0xff,0xff,0xff,0xff,0xff,0xff,0xff,0xff,0xff,
  0xff,0xff,0xff,0xff,0xff,0xff,0xff,0xff,0xff,0xff,0xff,0xff,0xff,0xff,0xff,0xff,0xff,0xff,0xff,0xff,0xff,0xff,0xff,0xff,
  0xff,0xff,0xff,0xff,0xff,0xff,0xff,0xff,0xff,0xff,0xdf,0xff,0xdf,0xff,0xff,0xff,0xff,0xff,0xff,0xff,0xff,0xff,0xff,0xff,
  0xff,0xff,0xdf,0xff,0xff,0xff,0xff,0xff,0xff,0xff,0xff,0xff,0xff,0xff,0xff,0xff,0xff,0xff,0xff,0xff,0xff,0xff,0xff,0xff,
  0xff,0xff,0xff,0xff,0xff,0xff,0xff,0xff,0xff,0xff,0xff,0xff,0xff,0xff,0xff,0xff,0xff,0xff,0xff,0xff,0xff,0xff,0xff,0xff,
  0xff,0xff,0xff,0xff,0xff,0xff,0xff,0xff,0xff,0xff,0xff,0xff,0xff,0xff,0xff,0xff,0xff,0xff,0xff,0xff,0xff,0xff,0xff,0xff,
  0xff,0xff,0xff,0xff,0xff,0xff,0xff,0xff,0xff,0xff,0xff,0xff,0xff,0xff,0xff,0xff,0xff,0xff,0xff,0xff,0xff,0xff,0xff,0xff,
  0xff,0xff,0xff,0xff,0xff,0xff,0xff,0xff,0xff,0xff,0xff,0xff,0xff,0xff,0xff,0xff,0xff,0xff,0xff,0xff,0xff,0xff,0xff,0xff,
  0xff,0xff,0xff,0xff,0xff,0xff,0xff,0xff,0xff,0xff,0xff,0xff,0xff,0xff,0xff,0xff,0xff,0xff,0xff,0xff,0xff,0xff,0xff,0xff,
  0xff,0xff,0xff,0xff,0xff,0xff,0xff,0xff,0xff,0xff,0xff,0xff,0xff,0xff,0xff,0xff,0xff,0xff,0xff,0xff,0xdf,0xff,0xdf,0xff,
  0xff,0xff,0xff,0xff,0xff,0xff,0xdf,0xff,0xff,0xff,0xff,0xff,0x3f,0xcf,0x7f,0x9e,0xdf,0xb6,0x9f,0xe7,0xbf,0xf7,0x9f,0xef,
  0x9f,0xef,0x9f,0xef,0x9f,0xef,0x9f,0xef,0x9f,0xef,0x9f,0xef,0x9f,0xef,0x9f,0xef,0x9f,0xef,0x9f,0xef,0x9f,0xef,0x9f,0xef,
  0x9f,0xef,0x9f,0xef,0x9f,0xef,0x9f,0xef,0xff,0xff,0xff,0xff,0xff,0xff,0xff,0xff,0xff,0xff,0xff,0xff,0xff,0xff,0xff,0xff,
  0xff,0xff,0xff,0xff,0xff,0xff,0xff,0xff,0xff,0xff,0xff,0xff,0xff,0xff,0xff,0xff,0xff,0xff,0xff,0xff,0xff,0xff,0xff,0xff,
  0xff,0xff,0xff,0xff,0xff,0xff,0xff,0xff,0xff,0xff,0xff,0xff,0xff,0xff,0xff,0xff,0xff,0xff,0xff,0xff,0xff,0xff,0xff,0xff,
  0xff,0xff,0xff,0xff,0xff,0xff,0xff,0xff,0xff,0xff,0xff,0xff,0xff,0xff,0xff,0xff,0xff,0xff,0xff,0xff,0xff,0xff,0xff,0xff,
  0xff,0xff,0xff,0xff,0xff,0xff,0xff,0xff,0xff,0xff,0xff,0xff,0xff,0xff,0xff,0xff,0xff,0xff,0xff,0xff,0xff,0xff,0xff,0xff,
  0xff,0xff,0xff,0xff,0xff,0xff,0xff,0xff,0xff,0xff,0xff,0xff,0xff,0xff,0xff,0xff,0xff,0xff,0xff,0xff,0xff,0xff,0xff,0xff,
  0xff,0xff,0xff,0xff,0xff,0xff,0xff,0xff,0xff,0xff,0xff,0xff,0x7f,0xdf,0x9f,0xe7,0xff,0xff,0xff,0xff,0xff,0xff,0xff,0xff,
  0xff,0xff,0xff,0xff,0xff,0xff,0xff,0xff,0xff,0xff,0xdf,0xff,0x9f,0xef,0xbf,0xf7,0xdf,0xff,0xdf,0xf7,0xdf,0xf7,0xdf,0xf7,
  0xdf,0xf7,0xdf,0xf7,0xbf,0xf7,0xbf,0xf7,0xbf,0xf7,0xbf,0xf7,0xdf,0xf7,0xbf,0xf7,0xbf,0xf7,0xff,0xff,0x72,0x8c,0x64,0x00,
  0xe7,0x00,0xee,0x09,0xb8,0x0b,0x1f,0xaf,0x7c,0xa6,0xe6,0x08,0xc5,0x00,0x6a,0x09,0xf6,0x02,0x9f,0x26,0xff,0xbf,0xdf,0x56,
  0x3a,0x03,0xae,0x01,0x49,0x01,0x07,0x09,0xe7,0x08,0x07,0x09,0x6b,0x09,0x74,0x02,0x3e,0x0d,0xff,0x9f,0xbf,0x77,0xfb,0x03,
  0x8d,0x01,0x07,0x01,0x22,0x00,0x2f,0x43,0x7f,0xbf,0x1b,0x45,0x0f,0x02,0x48,0x11,0xe7,0x00,0xad,0x42,0x9a,0xce,0xff,0xff,
  0xff,0xff,0xdf,0xf7,0xdf,0xff,0xdf,0xff,0xdf,0xff,0xdf,0xf7,0xdf,0xf7,0xdf,0xf7,0xdf,0xf7,0xdf,0xf7,0xdf,0xf7,0xdf,0xf7,
  0xdf,0xf7,0xdf,0xf7,0xdf,0xf7,0xdf,0xf7,0xdf,0xf7,0xdf,0xff,0xdf,0xff,0xdf,0xff,0xdf,0xff,0xdf,0xff,0xdf,0xff,0xff,0xff,
  0xff,0xff,0xff,0xff,0xff,0xff,0xff,0xff,0xff,0xff,0xff,0xff,0xff,0xff,0xff,0xff,0xdf,0xf7,0x7f,0xdf,0x5f,0xdf,0x5f,0xdf,
  0x5f,0xdf,0xdf,0xf7,0xff,0xff,0xff,0xff,0xff,0xff,0xff,0xff,0xff,0xff,0xff,0xff,0xff,0xff,0xff,0xff,0xff,0xff,0xff,0xff,
  0xff,0xff,0xff,0xff,0xff,0xff,0xff,0xff,0xff,0xff,0xff,0xff,0xff,0xff,0xff,0xff,0xdf,0xff,0xff,0xff,0xff,0xff,0xff,0xff,
  0xff,0xff,0xff,0xff,0xff,0xff,0xff,0xff,0xff,0xff,0xff,0xff,0xff,0xff,0xff,0xff,0xff,0xff,0xff,0xff,0xff,0xff,0xff,0xff,
  0xff,0xff,0xff,0xff,0xff,0xff,0xff,0xff,0xff,0xff,0xff,0xff,0xff,0xff,0xff,0xff,0xff,0xff,0xff,0xff,0xff,0xff,0xff,0xff,
  0xff,0xff,0xff,0xff,0xff,0xff,0xff,0xff,0xff,0xff,0xff,0xff,0xff,0xff,0xff,0xff,0xff,0xff,0xff,0xff,0xff,0xff,0xff,0xff,
  0xff,0xff,0xff,0xff,0xff,0xff,0xff,0xff,0xff,0xff,0xff,0xff,0xff,0xff,0xff,0xff,0xff,0xff,0xff,0xff,0xff,0xff,0xff,0xff,
  0xff,0xff,0xff,0xff,0xff,0xff,0xff,0xff,0xff,0xff,0xff,0xff,0xff,0xff,0xff,0xff,0xff,0xff,0xff,0xff,0xff,0xff,0xff,0xff,
  0xff,0xff,0xff,0xff,0xff,0xff,0xff,0xff,0xff,0xff,0xff,0xff,0xff,0xff,0xff,0xff,0xff,0xff,0xff,0xff,0xff,0xff,0xff,0xff,
  0xff,0xff,0xff,0xff,0xff,0xff,0xff,0xff,0xff,0xff,0xff,0xff,0xff,0xff,0xff,0xff,0xff,0xff,0xff,0xff,0xff,0xff,0xff,0xff,
  0xff,0xff,0xff,0xff,0xff,0xff,0xff,0xff,0xff,0xff,0xff,0xff,0xff,0xff,0xdf,0xff,0xff,0xff,0xff,0xff,0xff,0xff,0xff,0xff,
  0xff,0xff,0xff,0xff,0xff,0xff,0xdf,0xf7,0x1f,0xc7,0x7f,0x9e,0xff,0xb6,0x9f,0xe7,0xbf,0xf7,0xbf,0xef,0x9f,0xef,0x9f,0xef,
  0x9f,0xef,0x9f,0xef,0x9f,0xef,0x9f,0xef,0x9f,0xef,0x9f,0xef,0x9f,0xef,0x9f,0xef,0x9f,0xef,0x9f,0xef,0x9f,0xef,0x9f,0xef,
  0xff,0xff,0xff,0xff,0xff,0xff,0xff,0xff,0xff,0xff,0xff,0xff,0xff,0xff,0xff,0xff,0xff,0xff,0xff,0xff,0xff,0xff,0xff,0xff,
  0xff,0xff,0xff,0xff,0xff,0xff,0xff,0xff,0xff,0xff,0xff,0xff,0xff,0xff,0xff,0xff,0xff,0xff,0xff,0xff,0xff,0xff,0xff,0xff,
  0xff,0xff,0xff,0xff,0xff,0xff,0xff,0xff,0xff,0xff,0xff,0xff,0xff,0xff,0xff,0xff,0xff,0xff,0xff,0xff,0xff,0xff,0xff,0xff,
  0xff,0xff,0xff,0xff,0xff,0xff,0xff,0xff,0xff,0xff,0xff,0xff,0xff,0xff,0xff,0xff,0xff,0xff,0xff,0xff,0xff,0xff,0xff,0xff,
  0xff,0xff,0xff,0xff,0xff,0xff,0xff,0xff,0xff,0xff,0xff,0xff,0xff,0xff,0xff,0xff,0xff,0xff,0xff,0xff,0xff,0xff,0xff,0xff,
  0xff,0xff,0xff,0xff,0xff,0xff,0xff,0xff,0xff,0xff,0xff,0xff,0xff,0xff,0xff,0xff,0xff,0xff,0xff,0xff,0xff,0xff,0xff,0xff,
  0xff,0xff,0x9f,0xdf,0x7f,0xdf,0xff,0xff,0xff,0xff,0xff,0xff,0xff,0xff,0xff,0xff,0xff,0xff,0xff,0xff,0xff,0xff,0xff,0xff,
  0xdf,0xf7,0x9f,0xe7,0xdf,0xf7,0xdf,0xff,0xdf,0xf7,0xdf,0xf7,0xdf,0xf7,0xdf,0xf7,0xdf,0xf7,0xbf,0xf7,0xbf,0xf7,0xbf,0xf7,
  0xbf,0xf7,0xbf,0xf7,0xbf,0xef,0xdf,0xf7,0xff,0xff,0xd0,0x73,0x65,0x00,0x06,0x09,0x28,0x09,0xee,0x09,0x78,0x03,0x5e,0x86,
  0x3f,0xc7,0xc9,0x21,0x64,0x00,0x28,0x09,0x31,0x02,0xfd,0x04,0xff,0x87,0xff,0xb7,0x9f,0x25,0xf9,0x02,0x11,0x02,0xac,0x09,
  0x6b,0x09,0xad,0x09,0x95,0x02,0x5e,0x04,0x3f,0x6f,0xff,0xc7,0x7f,0x2e,0xd7,0x02,0x6b,0x01,0xe7,0x00,0x43,0x00,0xb6,0x6c,
  0x5f,0xaf,0x9a,0x2c,0x0f,0x02,0x6a,0x11,0xaa,0x19,0x49,0x09,0x48,0x11,0x52,0x84,0xdf,0xf7,0xff,0xff,0xdf,0xf7,0xff,0xff,
  0xdf,0xff,0xdf,0xff,0xdf,0xf7,0xdf,0xf7,0xdf,0xf7,0xdf,0xf7,0xdf,0xf7,0xdf,0xf7,0xdf,0xf7,0xdf,0xf7,0xdf,0xf7,0xdf,0xf7,
  0xdf,0xf7,0xdf,0xf7,0xdf,0xff,0xdf,0xff,0xdf,0xff,0xdf,0xff,0xdf,0xff,0xdf,0xff,0xff,0xff,0xff,0xff,0xff,0xff,0xff,0xff,
  0xff,0xff,0xff,0xff,0xff,0xff,0xff,0xff,0xff,0xff,0xdf,0xf7,0x5f,0xdf,0x7f,0xdf,0x5f,0xdf,0x7f,0xdf,0xff,0xff,0xff,0xff,
  0xff,0xff,0xff,0xff,0xff,0xff,0xff,0xff,0xff,0xff,0xff,0xff,0xff,0xff,0xff,0xff,0xff,0xff,0xff,0xff,0xff,0xff,0xff,0xff,
  0xff,0xff,0xff,0xff,0xff,0xff,0xff,0xff,0xdf,0xff,0xdf,0xff,0xff,0xff,0xff,0xff,0xff,0xff,0xff,0xff,0xff,0xff,0xff,0xff,
  0xff,0xff,0xdf,0xff,0xdf,0xff,0xff,0xff,0xff,0xff,0xff,0xff,0xff,0xff,0xff,0xff,0xff,0xff,0xff,0xff,0xff,0xff,0xff,0xff,
  0xff,0xff,0xff,0xff,0xff,0xff,0xff,0xff,0xff,0xff,0xff,0xff,0xff,0xff,0xff,0xff,0xff,0xff,0xff,0xff,0xff,0xff,0xff,0xff,
  0xff,0xff,0xff,0xff,0xff,0xff,0xff,0xff,0xff,0xff,0xff,0xff,0xff,0xff,0xff,0xff,0xff,0xff,0xff,0xff,0xff,0xff,0xff,0xff,
  0xff,0xff,0xff,0xff,0xff,0xff,0xff,0xff,0xff,0xff,0xff,0xff,0xff,0xff,0xff,0xff,0xff,0xff,0xff,0xff,0xff,0xff,0xff,0xff,
  0xff,0xff,0xff,0xff,0xff,0xff,0xff,0xff,0xff,0xff,0xff,0xff,0xff,0xff,0xff,0xff,0xff,0xff,0xff,0xff,0xff,0xff,0xff,0xff,
  0xff,0xff,0xff,0xff,0xff,0xff,0xff,0xff,0xff,0xff,0xff,0xff,0xff,0xff,0xff,0xff,0xff,0xff,0xff,0xff,0xff,0xff,0xff,0xff,
  0xff,0xff,0xff,0xff,0xff,0xff,0xff,0xff,0xff,0xff,0xff,0xff,0xff,0xff,0xff,0xff,0xff,0xff,0xff,0xff,0xff,0xff,0xff,0xff,
  0xff,0xff,0xff,0xff,0xff,0xff,0xff,0xff,0xff,0xff,0xdf,0xff,0xff,0xff,0xff,0xff,0xff,0xff,0xff,0xff,0xdf,0xff,0xff,0xff,
  0xff,0xff,0xbf,0xf7,0xff,0xbe,0x7f,0x9e,0xdf,0xb6,0x7f,0xdf,0xbf,0xf7,0xbf,0xf7,0x9f,0xef,0x9f,0xef,0x9f,0xef,0x9f,0xef,
  0x9f,0xef,0x9f,0xef,0x9f,0xef,0x9f,0xef,0x9f,0xef,0x9f,0xef,0x9f,0xef,0x9f,0xef,0xff,0xff,0xff,0xff,0xff,0xff,0xff,0xff,
  0xff,0xff,0xff,0xff,0xff,0xff,0xff,0xff,0xff,0xff,0xff,0xff,0xff,0xff,0xff,0xff,0xff,0xff,0xff,0xff,0xff,0xff,0xff,0xff,
  0xff,0xff,0xff,0xff,0xff,0xff,0xff,0xff,0xff,0xff,0xff,0xff,0xff,0xff,0xff,0xff,0xff,0xff,0xff,0xff,0xff,0xff,0xff,0xff,
  0xff,0xff,0xff,0xff,0xff,0xff,0xff,0xff,0xff,0xff,0xff,0xff,0xff,0xff,0xff,0xff,0xff,0xff,0xff,0xff,0xff,0xff,0xff,0xff,
  0xff,0xff,0xff,0xff,0xff,0xff,0xff,0xff,0xff,0xff,0xff,0xff,0xff,0xff,0xff,0xff,0xff,0xff,0xff,0xff,0xff,0xff,0xff,0xff,
  0xff,0xff,0xff,0xff,0xff,0xff,0xff,0xff,0xff,0xff,0xff,0xff,0xff,0xff,0xff,0xff,0xff,0xff,0xff,0xff,0xff,0xff,0xff,0xff,
  0xff,0xff,0xff,0xff,0xff,0xff,0xff,0xff,0xff,0xff,0xff,0xff,0xff,0xff,0xff,0xff,0x9f,0xe7,0x5f,0xcf,0xff,0xff,0xff,0xff,
  0xff,0xff,0xff,0xff,0xff,0xff,0xff,0xff,0xff,0xff,0xff,0xff,0xff,0xff,0xdf,0xf7,0x9f,0xe7,0xdf,0xf7,0xdf,0xff,0xdf,0xf7,
  0xdf,0xf7,0xdf,0xf7,0xdf,0xf7,0xbf,0xf7,0xbf,0xf7,0xbf,0xf7,0xbf,0xf7,0xbf,0xf7,0xbf,0xf7,0xbf,0xef,0xdf,0xf7,0xdf,0xf7,
  0x0d,0x5b,0x44,0x00,0x07,0x09,0xe6,0x08,0x07,0x09,0xab,0x09,0xb4,0x02,0x3c,0x45,0x9f,0xcf,0xd2,0x5b,0x23,0x00,0x27,0x09,
  0xcd,0x01,0x18,0x03,0x3f,0x1e,0xff,0xaf,0xff,0xb7,0x3f,0x3e,0x1c,0x04,0x59,0x03,0x39,0x03,0xbb,0x03,0x7f,0x15,0x5f,0x77,
  0xff,0xbf,0x5f,0x57,0xfc,0x03,0x12,0x02,0x4a,0x01,0xc6,0x00,0x68,0x11,0x9e,0xa6,0xdf,0x9e,0xd8,0x0b,0xee,0x01,0x69,0x11,
  0x69,0x11,0x89,0x19,0x48,0x11,0xa6,0x00,0x6c,0x42,0x9a,0xce,0xff,0xff,0xff,0xff,0xdf,0xff,0xff,0xff,0xdf,0xff,0xdf,0xff,
  0xdf,0xf7,0xdf,0xf7,0xdf,0xf7,0xdf,0xf7,0xdf,0xf7,0xdf,0xf7,0xdf,0xf7,0xdf,0xf7,0xdf,0xf7,0xdf,0xff,0xdf,0xf7,0xdf,0xff,
  0xdf,0xff,0xdf,0xff,0xdf,0xff,0xdf,0xff,0xff,0xff,0xff,0xff,0xff,0xff,0xff,0xff,0xff,0xff,0xff,0xff,0xff,0xff,0xff,0xff,
  0xff,0xff,0xff,0xff,0xbf,0xef,0x5f,0xd7,0x5f,0xdf,0x5f,0xd7,0x7f,0xdf,0xff,0xff,0xff,0xff,0xff,0xff,0xff,0xff,0xff,0xff,
  0xff,0xff,0xff,0xff,0xff,0xff,0xff,0xff,0xff,0xff,0xff,0xff,0xff,0xff,0xff,0xff,0xff,0xff,0xff,0xff,0xff,0xff,0xff,0xff,
  0xdf,0xff,0xdf,0xff,0xff,0xff,0xff,0xff,0xff,0xff,0xff,0xff,0xff,0xff,0xff,0xff,0xff,0xff,0xff,0xff,0xff,0xff,0xff,0xff,
  0xff,0xff,0xff,0xff,0xff,0xff,0xff,0xff,0xff,0xff,0xff,0xff,0xff,0xff,0xff,0xff,0xff,0xff,0xff,0xff,0xff,0xff,0xff,0xff,
  0xff,0xff,0xff,0xff,0xff,0xff,0xff,0xff,0xff,0xff,0xff,0xff,0xff,0xff,0xff,0xff,0xff,0xff,0xff,0xff,0xff,0xff,0xff,0xff,
  0xff,0xff,0xff,0xff,0xff,0xff,0xff,0xff,0xff,0xff,0xff,0xff,0xff,0xff,0xff,0xff,0xff,0xff,0xff,0xff,0xff,0xff,0xff,0xff,
  0xff,0xff,0xff,0xff,0xff,0xff,0xff,0xff,0xff,0xff,0xff,0xff,0xff,0xff,0xff,0xff,0xff,0xff,0xff,0xff,0xff,0xff,0xff,0xff,
  0xff,0xff,0xff,0xff,0xff,0xff,0xff,0xff,0xff,0xff,0xff,0xff,0xff,0xff,0xff,0xff,0xff,0xff,0xff,0xff,0xff,0xff,0xff,0xff,
  0xff,0xff,0xff,0xff,0xff,0xff,0xff,0xff,0xff,0xff,0xff,0xff,0xff,0xff,0xff,0xff,0xff,0xff,0xff,0xff,0xff,0xff,0xff,0xff,
  0xff,0xff,0xff,0xff,0xff,0xff,0xff,0xff,0xff,0xff,0xff,0xff,0xff,0xff,0xff,0xff,0xff,0xff,0xff,0xff,0xff,0xff,0xff,0xff,
  0xff,0xff,0xff,0xff,0xdf,0xff,0xff,0xff,0xff,0xff,0xff,0xff,0xff,0xff,0xff,0xff,0xff,0xff,0xff,0xff,0xff,0xff,0xbf,0xf7,
  0x1f,0xc7,0x9f,0x9e,0xbf,0xae,0x3f,0xcf,0x9f,0xe7,0xbf,0xf7,0xbf,0xef,0x9f,0xef,0x9f,0xef,0x9f,0xef,0x9f,0xef,0x9f,0xef,
  0x9f,0xef,0x9f,0xef,0x9f,0xef,0x9f,0xef,0xff,0xff,0xff,0xff,0xff,0xff,0xff,0xff,0xff,0xff,0xff,0xff,0xff,0xff,0xff,0xff,
  0xff,0xff,0xff,0xff,0xff,0xff,0xff,0xff,0xff,0xff,0xff,0xff,0xff,0xff,0xff,0xff,0xff,0xff,0xff,0xff,0xff,0xff,0xff,0xff,
  0xff,0xff,0xff,0xff,0xff,0xff,0xff,0xff,0xff,0xff,0xff,0xff,0xff,0xff,0xff,0xff,0xff,0xff,0xff,0xff,0xff,0xff,0xff,0xff,
  0xff,0xff,0xff,0xff,0xff,0xff,0xff,0xff,0xff,0xff,0xff,0xff,0xff,0xff,0xff,0xff,0xff,0xff,0xff,0xff,0xff,0xff,0xff,0xff,
  0xff,0xff,0xff,0xff,0xff,0xff,0xff,0xff,0xff,0xff,0xff,0xff,0xff,0xff,0xff,0xff,0xff,0xff,0xff,0xff,0xff,0xff,0xff,0xff,
  0xff,0xff,0xff,0xff,0xff,0xff,0xff,0xff,0xff,0xff,0xff,0xff,0xff,0xff,0xff,0xff,0xff,0xff,0xff,0xff,0xff,0xff,0xff,0xff,
  0xff,0xff,0xff,0xff,0xff,0xff,0xbf,0xef,0x3f,0xcf,0xff,0xff,0xff,0xff,0xff,0xff,0xff,0xff,0xff,0xff,0xff,0xff,0xff,0xff,
  0xff,0xff,0xff,0xff,0xdf,0xf7,0x9f,0xe7,0xdf,0xf7,0xdf,0xff,0xdf,0xf7,0xdf,0xf7,0xdf,0xf7,0xdf,0xf7,0xdf,0xf7,0xbf,0xf7,
  0xbf,0xf7,0xbf,0xf7,0xbf,0xf7,0xbf,0xf7,0xbf,0xef,0xff,0xff,0x9e,0xf7,0xac,0x4a,0x64,0x00,0x07,0x09,0xe6,0x08,0xe6,0x08,
  0xe7,0x08,0x49,0x09,0x0e,0x02,0xd8,0x0b,0xff,0xa6,0x5d,0xa6,0x07,0x09,0xe6,0x00,0x49,0x09,0x11,0x0a,0x59,0x03,0x7f,0x2e,
  0xff,0x97,0xff,0xaf,0xbf,0x8f,0x1f,0x6f,0xdf,0x5e,0x5f,0x6f,0xff,0xa7,0xff,0xbf,0x5f,0x57,0x7c,0x04,0x32,0x02,0x6b,0x01,
  0x28,0x09,0x64,0x00,0xf3,0x53,0x5f,0xb7,0xbd,0x65,0xb3,0x02,0xab,0x09,0x48,0x11,0x68,0x11,0x68,0x19,0x68,0x19,0x89,0x19,
  0x27,0x09,0x69,0x19,0xd4,0x94,0xff,0xff,0xff,0xff,0xdf,0xf7,0xff,0xff,0xff,0xff,0xdf,0xff,0xdf,0xff,0xdf,0xff,0xdf,0xf7,
  0xdf,0xf7,0xdf,0xf7,0xdf,0xf7,0xdf,0xf7,0xdf,0xf7,0xdf,0xff,0xdf,0xff,0xdf,0xff,0xdf,0xff,0xdf,0xff,0xdf,0xff,0xdf,0xff,
  0xdf,0xff,0xff,0xff,0xff,0xff,0xff,0xff,0xff,0xff,0xff,0xff,0xff,0xff,0xff,0xff,0xff,0xff,0xff,0xff,0xff,0xff,0x9f,0xe7,
  0x5f,0xd7,0x5f,0xdf,0x5f,0xd7,0x9f,0xef,0xff,0xff,0xff,0xff,0xff,0xff,0xff,0xff,0xff,0xff,0xff,0xff,0x9f,0xe7,0xff,0xff,
  0xff,0xff,0xff,0xff,0xff,0xff,0xff,0xff,0xff,0xff,0xff,0xff,0xff,0xff,0xff,0xff,0xdf,0xff,0xff,0xff,0xdf,0xff,0xdf,0xff,
  0xdf,0xff,0xff,0xff,0xff,0xff,0xff,0xff,0xff,0xff,0xff,0xff,0xff,0xff,0xff,0xff,0xff,0xff,0xff,0xff,0xff,0xff,0xff,0xff,
  0xff,0xff,0xff,0xff,0xff,0xff,0xff,0xff,0xff,0xff,0xff,0xff,0xff,0xff,0xff,0xff,0xff,0xff,0xff,0xff,0xff,0xff,0xff,0xff,
  0xff,0xff,0xff,0xff,0xff,0xff,0xff,0xff,0xff,0xff,0xff,0xff,0xff,0xff,0xff,0xff,0xff,0xff,0xff,0xff,0xff,0xff,0xff,0xff,
  0xff,0xff,0xff,0xff,0xff,0xff,0xff,0xff,0xff,0xff,0xff,0xff,0xff,0xff,0xff,0xff,0xff,0xff,0xff,0xff,0xff,0xff,0xff,0xff,
  0xff,0xff,0xff,0xff,0xff,0xff,0xff,0xff,0xff,0xff,0xff,0xff,0xff,0xff,0xff,0xff,0xff,0xff,0xff,0xff,0xff,0xff,0xff,0xff,
  0xff,0xff,0xff,0xff,0xff,0xff,0xff,0xff,0xff,0xff,0xff,0xff,0xff,0xff,0xff,0xff,0xff,0xff,0xff,0xff,0xff,0xff,0xff,0xff,
  0xff,0xff,0xff,0xff,0xff,0xff,0xff,0xff,0xff,0xff,0xff,0xff,0xff,0xff,0xff,0xff,0xff,0xff,0xff,0xff,0xff,0xff,0xff,0xff,
  0xff,0xff,0xff,0xff,0xff,0xff,0xff,0xff,0xff,0xff,0xff,0xff,0xff,0xff,0xff,0xff,0xff,0xff,0xff,0xff,0xff,0xff,0xff,0xff,
  0xff,0xff,0xff,0xff,0xff,0xff,0xff,0xff,0xff,0xff,0xff,0xff,0xdf,0xff,0xff,0xff,0xff,0xff,0xdf,0xf7,0x3f,0xd7,0xbf,0xae,
  0x9f,0xa6,0xdf,0xb6,0x3f,0xcf,0x7f,0xe7,0xbf,0xef,0xbf,0xf7,0xbf,0xf7,0x9f,0xef,0x9f,0xef,0x9f,0xef,0x9f,0xef,0x9f,0xef,
  0xff,0xff,0xff,0xff,0xff,0xff,0xff,0xff,0xff,0xff,0xff,0xff,0xff,0xff,0xff,0xff,0xff,0xff,0xff,0xff,0xff,0xff,0xff,0xff,
  0xff,0xff,0xff,0xff,0xff,0xff,0xff,0xff,0xff,0xff,0xff,0xff,0xff,0xff,0xff,0xff,0xff,0xff,0xff,0xff,0xff,0xff,0xff,0xff,
  0xff,0xff,0xff,0xff,0xff,0xff,0xff,0xff,0xff,0xff,0xff,0xff,0xff,0xff,0xff,0xff,0xff,0xff,0xff,0xff,0xff,0xff,0xff,0xff,
  0xff,0xff,0xff,0xff,0xff,0xff,0xff,0xff,0xff,0xff,0xff,0xff,0xff,0xff,0xff,0xff,0xff,0xff,0xff,0xff,0xff,0xff,0xff,0xff,
  0xff,0xff,0xff,0xff,0xff,0xff,0xff,0xff,0xff,0xff,0xff,0xff,0xff,0xff,0xff,0xff,0xff,0xff,0xff,0xff,0xff,0xff,0xff,0xff,
  0xff,0xff,0xff,0xff,0xff,0xff,0xff,0xff,0xff,0xff,0xff,0xff,0xff,0xff,0xff,0xff,0xff,0xff,0xff,0xff,0xdf,0xf7,0x1f,0xc7,
  0xbf,0xef,0xff,0xff,0xff,0xff,0xff,0xff,0xff,0xff,0xff,0xff,0xff,0xff,0xff,0xff,0xff,0xff,0xdf,0xff,0x7f,0xe7,0xdf,0xf7,
  0xdf,0xff,0xdf,0xf7,0xdf,0xf7,0xdf,0xf7,0xdf,0xf7,0xdf,0xf7,0xdf,0xf7,0xdf,0xf7,0xdf,0xf7,0xbf,0xf7,0xbf,0xf7,0xbf,0xef,
  0xff,0xff,0x5d,0xef,0x2a,0x3a,0x85,0x00,0x27,0x11,0x06,0x09,0x06,0x09,0xe6,0x08,0xe7,0x08,0x28,0x09,0xcc,0x09,0xb3,0x02,
  0x7c,0x55,0xbf,0xc7,0x55,0x64,0x65,0x00,0x28,0x09,0x49,0x09,0xef,0x01,0xd6,0x02,0x1c,0x0d,0x3f,0x57,0xff,0x8f,0xff,0xb7,
  0xff,0xb7,0xff,0x97,0x9f,0x67,0x3f,0x26,0xfb,0x03,0x53,0x02,0x6b,0x01,0x08,0x09,0x84,0x00,0xaa,0x21,0x9e,0x96,0xbf,0x96,
  0xb7,0x13,0x0e,0x02,0x69,0x09,0x48,0x11,0x68,0x11,0x69,0x19,0x69,0x19,0x69,0x19,0x89,0x19,0x89,0x19,0xe7,0x08,0xcd,0x4a,
  0xdb,0xde,0xff,0xff,0xff,0xff,0xdf,0xff,0xff,0xff,0xdf,0xff,0xdf,0xff,0xdf,0xff,0xdf,0xff,0xdf,0xff,0xdf,0xff,0xdf,0xf7,
  0xdf,0xf7,0xdf,0xff,0xdf,0xff,0xdf,0xff,0xdf,0xff,0xdf,0xff,0xdf,0xff,0xdf,0xff,0xdf,0xff,0xff,0xff,0xff,0xff,0xff,0xff,
  0xff,0xff,0xff,0xff,0xff,0xff,0xff,0xff,0xff,0xff,0xff,0xff,0xff,0xff,0xff,0xff,0x7f,0xdf,0x5f,0xd7,0x5f,0xdf,0x5f,0xd7,
  0xdf,0xf7,0xff,0xff,0xff,0xff,0xff,0xff,0xff,0xff,0xff,0xff,0xbf,0xf7,0xbf,0xef,0xff,0xff,0xff,0xff,0xff,0xff,0xff,0xff,
  0xff,0xff,0xff,0xff,0xff,0xff,0xff,0xff,0xff,0xff,0xff,0xff,0xff,0xff,0xff,0xff,0xdf,0xff,0xdf,0xff,0xff,0xff,0xff,0xff,
  0xff,0xff,0xff,0xff,0xff,0xff,0xff,0xff,0xff,0xff,0xff,0xff,0xff,0xff,0xff,0xff,0xff,0xff,0xff,0xff,0xff,0xff,0xff,0xff,
  0xff,0xff,0xff,0xff,0xff,0xff,0xff,0xff,0xff,0xff,0xff,0xff,0xff,0xff,0xff,0xff,0xff,0xff,0xff,0xff,0xff,0xff,0xff,0xff,
  0xff,0xff,0xff,0xff,0xff,0xff,0xff,0xff,0xff,0xff,0xff,0xff,0xff,0xff,0xff,0xff,0xff,0xff,0xff,0xff,0xff,0xff,0xff,0xff,
  0xff,0xff,0xff,0xff,0xff,0xff,0xff,0xff,0xff,0xff,0xff,0xff,0xff,0xff,0xff,0xff,0xff,0xff,0xff,0xff,0xff,0xff,0xff,0xff,
  0xff,0xff,0xff,0xff,0xff,0xff,0xff,0xff,0xff,0xff,0xff,0xff,0xff,0xff,0xff,0xff,0xff,0xff,0xff,0xff,0xff,0xff,0xff,0xff,
  0xff,0xff,0xff,0xff,0xff,0xff,0xff,0xff,0xff,0xff,0xff,0xff,0xff,0xff,0xff,0xff,0xff,0xff,0xff,0xff,0xff,0xff,0xff,0xff,
  0xff,0xff,0xff,0xff,0xff,0xff,0xff,0xff,0xff,0xff,0xff,0xff,0xff,0xff,0xff,0xff,0xff,0xff,0xff,0xff,0xff,0xff,0xff,0xff,
  0xff,0xff,0xff,0xff,0xff,0xff,0xff,0xff,0xff,0xff,0xff,0xff,0xff,0xff,0xff,0xff,0xff,0xff,0xff,0xff,0xff,0xff,0xff,0xff,
  0xdf,0xff,0xff,0xff,0xff,0xff,0xff,0xff,0xdf,0xff,0xff,0xff,0xff,0xff,0xff,0xff,0x9f,0xef,0x3f,0xcf,0xbf,0xae,0x9f,0xa6,
  0xbf,0xae,0xff,0xbe,0x3f,0xcf,0x7f,0xdf,0x9f,0xef,0xbf,0xf7,0xbf,0xf7,0xbf,0xf7,0xff,0xff,0xff,0xff,0xff,0xff,0xff,0xff,
  0xff,0xff,0xff,0xff,0xff,0xff,0xff,0xff,0xff,0xff,0xff,0xff,0xff,0xff,0xff,0xff,0xff,0xff,0xff,0xff,0xff,0xff,0xff,0xff,
  0xff,0xff,0xff,0xff,0xff,0xff,0xff,0xff,0xff,0xff,0xff,0xff,0xff,0xff,0xff,0xff,0xff,0xff,0xff,0xff,0xff,0xff,0xff,0xff,
  0xff,0xff,0xff,0xff,0xff,0xff,0xff,0xff,0xff,0xff,0xff,0xff,0xff,0xff,0xff,0xff,0xff,0xff,0xff,0xff,0xff,0xff,0xff,0xff,
  0xff,0xff,0xff,0xff,0xff,0xff,0xff,0xff,0xff,0xff,0xff,0xff,0xff,0xff,0xff,0xff,0xff,0xff,0xff,0xff,0xff,0xff,0xff,0xff,
  0xff,0xff,0xff,0xff,0xff,0xff,0xff,0xff,0xff,0xff,0xff,0xff,0xff,0xff,0xff,0xff,0xff,0xff,0xff,0xff,0xff,0xff,0xff,0xff,
  0xff,0xff,0xff,0xff,0xff,0xff,0xff,0xff,0xff,0xff,0xff,0xff,0x3f,0xc7,0x9f,0xdf,0xff,0xff,0xff,0xff,0xff,0xff,0xff,0xff,
  0xff,0xff,0xff,0xff,0xff,0xff,0xff,0xff,0xff,0xff,0x7f,0xe7,0xbf,0xef,0xdf,0xff,0xdf,0xf7,0xdf,0xf7,0xdf,0xf7,0xdf,0xf7,
  0xdf,0xf7,0xbf,0xf7,0xbf,0xf7,0xbf,0xf7,0xdf,0xf7,0xdf,0xf7,0xbf,0xf7,0xff,0xff,0x3d,0xe7,0xe9,0x31,0x64,0x00,0x27,0x11,
  0xe6,0x08,0xe6,0x08,0xe6,0x08,0xe6,0x08,0xe6,0x08,0x07,0x09,0x69,0x09,0xee,0x01,0x56,0x0b,0xbe,0x9e,0x7f,0xcf,0x0f,0x43,
  0x44,0x00,0x07,0x09,0x08,0x01,0x8c,0x01,0x32,0x02,0x59,0x03,0xbc,0x04,0x7d,0x15,0x7d,0x1d,0xdc,0x0c,0xda,0x03,0x95,0x02,
  0xf0,0x01,0x8b,0x01,0x28,0x09,0x85,0x00,0x06,0x09,0xdb,0x8d,0x3f,0xaf,0x1c,0x4d,0x92,0x02,0xcc,0x09,0x69,0x09,0x68,0x11,
  0x69,0x11,0x69,0x19,0x69,0x19,0x69,0x19,0x89,0x19,0x69,0x19,0x89,0x19,0x07,0x09,0x68,0x19,0x15,0x9d,0xff,0xff,0xff,0xff,
  0xdf,0xff,0xff,0xff,0xff,0xff,0xff,0xff,0xdf,0xff,0xdf,0xff,0xdf,0xff,0xdf,0xff,0xdf,0xff,0xdf,0xff,0xdf,0xf7,0xdf,0xff,
  0xdf,0xff,0xdf,0xff,0xdf,0xff,0xdf,0xff,0xdf,0xff,0xdf,0xff,0xff,0xff,0xff,0xff,0xff,0xff,0xff,0xff,0xff,0xff,0xff,0xff,
  0xff,0xff,0xff,0xff,0xff,0xff,0xff,0xff,0xdf,0xff,0x5f,0xd7,0x5f,0xd7,0x5f,0xd7,0x7f,0xdf,0xff,0xff,0xff,0xff,0xff,0xff,
  0xff,0xff,0xff,0xff,0xff,0xff,0xbf,0xef,0xff,0xff,0xff,0xff,0xff,0xff,0xff,0xff,0xff,0xff,0xff,0xff,0xff,0xff,0xff,0xff,
  0xff,0xff,0xff,0xff,0xff,0xff,0xdf,0xff,0xdf,0xff,0xdf,0xff,0xdf,0xff,0xff,0xff,0xff,0xff,0xff,0xff,0xff,0xff,0xff,0xff,
  0xff,0xff,0xff,0xff,0xff,0xff,0xff,0xff,0xff,0xff,0xff,0xff,0xff,0xff,0xff,0xff,0xff,0xff,0xff,0xff,0xff,0xff,0xff,0xff,
  0xff,0xff,0xff,0xff,0xff,0xff,0xff,0xff,0xff,0xff,0xff,0xff,0xff,0xff,0xff,0xff,0xff,0xff,0xff,0xff,0xff,0xff,0xff,0xff,
  0xff,0xff,0xff,0xff,0xff,0xff,0xff,0xff,0xff,0xff,0xff,0xff,0xff,0xff,0xff,0xff,0xff,0xff,0xff,0xff,0xff,0xff,0xff,0xff,
  0xff,0xff,0xff,0xff,0xff,0xff,0xff,0xff,0xff,0xff,0xff,0xff,0xff,0xff,0xff,0xff,0xff,0xff,0xff,0xff,0xff,0xff,0xff,0xff,
  0xff,0xff,0xff,0xff,0xff,0xff,0xff,0xff,0xff,0xff,0xff,0xff,0xff,0xff,0xff,0xff,0xff,0xff,0xff,0xff,0xff,0xff,0xff,0xff,
  0xff,0xff,0xff,0xff,0xff,0xff,0xff,0xff,0xff,0xff,0xff,0xff,0xff,0xff,0xff,0xff,0xff,0xff,0xff,0xff,0xff,0xff,0xff,0xff,
  0xff,0xff,0xff,0xff,0xff,0xff,0xff,0xff,0xff,0xff,0xff,0xff,0xff,0xff,0xff,0xff,0xff,0xff,0xff,0xff,0xff,0xff,0xff,0xff,
  0xff,0xff,0xff,0xff,0xff,0xff,0xff,0xff,0xff,0xff,0xff,0xff,0xff,0xff,0xff,0xff,0xff,0xff,0xff,0xff,0xdf,0xff,0xdf,0xff,
  0xdf,0xff,0xdf,0xff,0xdf,0xff,0xdf,0xff,0xff,0xff,0xff,0xff,0xff,0xff,0xbf,0xef,0x5f,0xd7,0xff,0xbe,0xdf,0xae,0xbf,0xa6,
  0xbf,0xa6,0xbf,0xae,0xdf,0xb6,0xff,0xbe,0xff,0xff,0xff,0xff,0xff,0xff,0xff,0xff,0xff,0xff,0xff,0xff,0xff,0xff,0xff,0xff,
  0xff,0xff,0xff,0xff,0xff,0xff,0xff,0xff,0xff,0xff,0xff,0xff,0xff,0xff,0xff,0xff,0xff,0xff,0xff,0xff,0xff,0xff,0xff,0xff,
  0xff,0xff,0xff,0xff,0xff,0xff,0xff,0xff,0xff,0xff,0xff,0xff,0xff,0xff,0xff,0xff,0xff,0xff,0xff,0xff,0xff,0xff,0xff,0xff,
  0xff,0xff,0xff,0xff,0xff,0xff,0xff,0xff,0xff,0xff,0xff,0xff,0xff,0xff,0xff,0xff,0xff,0xff,0xff,0xff,0xff,0xff,0xff,0xff,
  0xff,0xff,0xff,0xff,0xff,0xff,0xff,0xff,0xff,0xff,0xff,0xff,0xff,0xff,0xff,0xff,0xff,0xff,0xff,0xff,0xff,0xff,0xff,0xff,
  0xff,0xff,0xff,0xff,0xff,0xff,0xff,0xff,0xff,0xff,0xff,0xff,0xff,0xff,0xff,0xff,0xff,0xff,0xff,0xff,0xff,0xff,0xff,0xff,
  0xff,0xff,0x5f,0xd7,0x3f,0xcf,0xff,0xff,0xff,0xff,0xff,0xff,0xff,0xff,0xff,0xff,0xff,0xff,0xff,0xff,0xff,0xff,0xff,0xff,
  0x9f,0xe7,0xbf,0xef,0xff,0xff,0xdf,0xf7,0xdf,0xf7,0xdf,0xf7,0xdf,0xf7,0xdf,0xf7,0xdf,0xf7,0xbf,0xf7,0xbf,0xf7,0xbf,0xf7,
  0xdf,0xf7,0xbf,0xef,0xff,0xff,0x1c,0xe7,0xc9,0x29,0x85,0x00,0x27,0x11,0xe6,0x08,0xe6,0x08,0xe6,0x08,0xe6,0x08,0xe6,0x08,
  0xe6,0x08,0xe6,0x08,0x07,0x09,0x8a,0x09,0x30,0x02,0xf9,0x23,0x3f,0xb7,0x3f,0xbf,0xad,0x3a,0x02,0x00,0xc5,0x00,0x07,0x09,
  0x4a,0x01,0xad,0x01,0xd0,0x01,0xf1,0x01,0xf0,0x01,0xcf,0x01,0x8d,0x01,0x4a,0x09,0x28,0x09,0x28,0x09,0x85,0x00,0x06,0x11,
  0x5a,0x75,0x5f,0xb7,0x1e,0x7e,0x36,0x03,0x2e,0x02,0x6a,0x09,0x48,0x11,0x48,0x11,0x68,0x11,0x68,0x11,0x69,0x19,0x69,0x19,
  0x69,0x19,0x68,0x19,0x68,0x11,0x89,0x19,0x48,0x11,0xe7,0x08,0x2e,0x53,0x1c,0xdf,0xff,0xff,0xff,0xff,0xff,0xff,0xff,0xff,
  0xff,0xff,0xff,0xff,0xdf,0xff,0xdf,0xff,0xdf,0xff,0xdf,0xff,0xdf,0xff,0xdf,0xff,0xff,0xff,0xdf,0xff,0xdf,0xff,0xdf,0xff,
  0xdf,0xff,0xdf,0xff,0xdf,0xff,0xdf,0xff,0xff,0xff,0xff,0xff,0xff,0xff,0xff,0xff,0xff,0xff,0xff,0xff,0xff,0xff,0xff,0xff,
  0xff,0xff,0xbf,0xef,0x5f,0xd7,0x5f,0xd7,0x3f,0xd7,0x9f,0xe7,0xff,0xff,0xff,0xff,0xff,0xff,0xff,0xff,0xff,0xff,0xdf,0xf7,
  0xbf,0xef,0xff,0xff,0xff,0xff,0xff,0xff,0xff,0xff,0xff,0xff,0xff,0xff,0xff,0xff,0xff,0xff,0xff,0xff,0xff,0xff,0xdf,0xff,
  0xdf,0xff,0xdf,0xff,0xdf,0xff,0xdf,0xff,0xff,0xff,0xff,0xff,0xff,0xff,0xff,0xff,0xff,0xff,0xff,0xff,0xff,0xff,0xff,0xff,
  0xff,0xff,0xff,0xff,0xff,0xff,0xff,0xff,0xff,0xff,0xff,0xff,0xff,0xff,0xff,0xff,0xff,0xff,0xff,0xff,0xff,0xff,0xff,0xff,
  0xff,0xff,0xff,0xff,0xff,0xff,0xff,0xff,0xff,0xff,0xff,0xff,0xff,0xff,0xff,0xff,0xff,0xff,0xff,0xff,0xff,0xff,0xff,0xff,
  0xff,0xff,0xff,0xff,0xff,0xff,0xff,0xff,0xff,0xff,0xff,0xff,0xff,0xff,0xff,0xff,0xff,0xff,0xff,0xff,0xff,0xff,0xff,0xff,
  0xff,0xff,0xff,0xff,0xff,0xff,0xff,0xff,0xff,0xff,0xff,0xff,0xff,0xff,0xff,0xff,0xff,0xff,0xff,0xff,0xff,0xff,0xff,0xff,
  0xff,0xff,0xff,0xff,0xff,0xff,0xff,0xff,0xff,0xff,0xff,0xff,0xff,0xff,0xff,0xff,0xff,0xff,0xff,0xff,0xff,0xff,0xff,0xff,
  0xff,0xff,0xff,0xff,0xff,0xff,0xff,0xff,0xff,0xff,0xff,0xff,0xff,0xff,0xff,0xff,0xff,0xff,0xff,0xff,0xff,0xff,0xff,0xff,
  0xff,0xff,0xff,0xff,0xff,0xff,0xff,0xff,0xff,0xff,0xff,0xff,0xff,0xff,0xff,0xff,0xff,0xff,0xff,0xff,0xff,0xff,0xff,0xff,
  0xff,0xff,0xff,0xff,0xff,0xff,0xff,0xff,0xff,0xff,0xff,0xff,0xff,0xff,0xdf,0xff,0xdf,0xff,0xdf,0xff,0xdf,0xff,0xdf,0xff,
  0xdf,0xff,0xdf,0xf7,0xdf,0xff,0xff,0xff,0xff,0xff,0xff,0xff,0xff,0xff,0xbf,0xf7,0x7f,0xe7,0x3f,0xd7,0xff,0xc6,0xdf,0xb6,
  0xff,0xff,0xff,0xff,0xff,0xff,0xff,0xff,0xff,0xff,0xff,0xff,0xff,0xff,0xff,0xff,0xff,0xff,0xff,0xff,0xff,0xff,0xff,0xff,
  0xff,0xff,0xff,0xff,0xff,0xff,0xff,0xff,0xff,0xff,0xff,0xff,0xff,0xff,0xff,0xff,0xff,0xff,0xff,0xff,0xff,0xff,0xff,0xff,
  0xff,0xff,0xff,0xff,0xff,0xff,0xff,0xff,0xff,0xff,0xff,0xff,0xff,0xff,0xff,0xff,0xff,0xff,0xff,0xff,0xff,0xff,0xff,0xff,
  0xff,0xff,0xff,0xff,0xff,0xff,0xff,0xff,0xff,0xff,0xff,0xff,0xff,0xff,0xff,0xff,0xff,0xff,0xff,0xff,0xff,0xff,0xff,0xff,
  0xff,0xff,0xff,0xff,0xff,0xff,0xff,0xff,0xff,0xff,0xff,0xff,0xff,0xff,0xff,0xff,0xff,0xff,0xff,0xff,0xff,0xff,0xff,0xff,
  0xff,0xff,0xff,0xff,0xff,0xff,0xff,0xff,0xff,0xff,0xff,0xff,0xff,0xff,0xff,0xff,0xbf,0xef,0xff,0xb6,0xdf,0xf7,0xff,0xff,
  0xff,0xff,0xff,0xff,0xff,0xff,0xff,0xff,0xff,0xff,0xdf,0xff,0xff,0xff,0x9f,0xe7,0x9f,0xe7,0xff,0xff,0xdf,0xf7,0xdf,0xf7,
  0xdf,0xf7,0xdf,0xf7,0xdf,0xf7,0xdf,0xf7,0xbf,0xf7,0xbf,0xf7,0xdf,0xf7,0xdf,0xf7,0xbf,0xef,0xff,0xff,0xfc,0xde,0xa8,0x29,
  0x85,0x00,0x07,0x11,0xe6,0x08,0x06,0x09,0xe6,0x08,0xe6,0x08,0xe6,0x08,0xe6,0x08,0xe6,0x08,0xe6,0x08,0xe6,0x08,0x28,0x01,
  0xcc,0x09,0x72,0x02,0x79,0x34,0x3f,0xaf,0x5f,0xb7,0xd2,0x5b,0xa5,0x08,0x85,0x00,0xe6,0x00,0x07,0x09,0x28,0x09,0x28,0x09,
  0x28,0x09,0x48,0x09,0x28,0x09,0xe6,0x00,0x64,0x00,0x64,0x00,0x2c,0x2a,0xdc,0x85,0x3f,0xb7,0xfe,0x7d,0x77,0x0b,0x4f,0x02,
  0x8a,0x09,0x48,0x09,0x48,0x11,0x48,0x11,0x48,0x11,0x48,0x11,0x68,0x11,0x68,0x11,0x69,0x19,0x68,0x19,0x68,0x19,0x69,0x19,
  0x69,0x19,0x89,0x19,0x07,0x09,0xa9,0x21,0x56,0xa5,0xff,0xff,0xff,0xff,0xdf,0xff,0xff,0xff,0xff,0xff,0xff,0xff,0xff,0xff,
  0xff,0xff,0xdf,0xff,0xdf,0xff,0xdf,0xff,0xdf,0xff,0xdf,0xff,0xdf,0xff,0xdf,0xff,0xdf,0xff,0xdf,0xff,0xdf,0xff,0xff,0xff,
  0xff,0xff,0xff,0xff,0xff,0xff,0xff,0xff,0xff,0xff,0xff,0xff,0xff,0xff,0xff,0xff,0xff,0xff,0xff,0xff,0x7f,0xe7,0x5f,0xd7,
  0x5f,0xd7,0x5f,0xd7,0xdf,0xf7,0xff,0xff,0xff,0xff,0xff,0xff,0xff,0xff,0xff,0xff,0x9f,0xef,0xdf,0xf7,0xff,0xff,0xff,0xff,
  0xff,0xff,0xff,0xff,0xff,0xff,0xff,0xff,0xff,0xff,0xff,0xff,0xff,0xff,0xdf,0xff,0xdf,0xff,0xdf,0xff,0xdf,0xff,0xff,0xff,
  0xff,0xff,0xff,0xff,0xff,0xff,0xff,0xff,0xff,0xff,0xff,0xff,0xff,0xff,0xff,0xff,0xff,0xff,0xff,0xff,0xff,0xff,0xff,0xff,
  0xff,0xff,0xff,0xff,0xff,0xff,0xff,0xff,0xff,0xff,0xff,0xff,0xff,0xff,0xff,0xff,0xff,0xff,0xff,0xff,0xff,0xff,0xff,0xff,
  0xff,0xff,0xff,0xff,0xff,0xff,0xff,0xff,0xff,0xff,0xff,0xff,0xff,0xff,0xff,0xff,0xff,0xff,0xff,0xff,0xff,0xff,0xff,0xff,
  0xff,0xff,0xff,0xff,0xff,0xff,0xff,0xff,0xff,0xff,0xff,0xff,0xff,0xff,0xff,0xff,0xff,0xff,0xff,0xff,0xff,0xff,0xff,0xff,
  0xff,0xff,0xff,0xff,0xff,0xff,0xff,0xff,0xff,0xff,0xff,0xff,0xff,0xff,0xff,0xff,0xff,0xff,0xff,0xff,0xff,0xff,0xff,0xff,
  0xff,0xff,0xff,0xff,0xff,0xff,0xff,0xff,0xff,0xff,0xff,0xff,0xff,0xff,0xff,0xff,0xff,0xff,0xff,0xff,0xff,0xff,0xff,0xff,
  0xff,0xff,0xff,0xff,0xff,0xff,0xff,0xff,0xff,0xff,0xff,0xff,0xff,0xff,0xff,0xff,0xff,0xff,0xff,0xff,0xff,0xff,0xff,0xff,
  0xff,0xff,0xff,0xff,0xff,0xff,0xff,0xff,0xff,0xff,0xff,0xff,0xff,0xff,0xff,0xff,0xff,0xff,0xff,0xff,0xff,0xff,0xff,0xff,
  0xff,0xff,0xff,0xff,0xdf,0xff,0xdf,0xff,0xdf,0xff,0xdf,0xff,0xdf,0xff,0xdf,0xff,0xdf,0xff,0xdf,0xff,0xdf,0xff,0xdf,0xff,
  0xdf,0xf7,0xdf,0xf7,0xdf,0xff,0xff,0xff,0xff,0xff,0xff,0xff,0xdf,0xff,0xdf,0xff,0xff,0xff,0xff,0xff,0xff,0xff,0xff,0xff,
  0xff,0xff,0xff,0xff,0xff,0xff,0xff,0xff,0xff,0xff,0xff,0xff,0xff,0xff,0xff,0xff,0xff,0xff,0xff,0xff,0xff,0xff,0xff,0xff,
  0xff,0xff,0xff,0xff,0xff,0xff,0xff,0xff,0xff,0xff,0xff,0xff,0xff,0xff,0xff,0xff,0xff,0xff,0xff,0xff,0xff,0xff,0xff,0xff,
  0xff,0xff,0xff,0xff,0xff,0xff,0xff,0xff,0xff,0xff,0xff,0xff,0xff,0xff,0xff,0xff,0xff,0xff,0xff,0xff,0xff,0xff,0xff,0xff,
  0xff,0xff,0xff,0xff,0xff,0xff,0xff,0xff,0xff,0xff,0xff,0xff,0xff,0xff,0xff,0xff,0xff,0xff,0xff,0xff,0xff,0xff,0xff,0xff,
  0xff,0xff,0xff,0xff,0xff,0xff,0xff,0xff,0xff,0xff,0xff,0xff,0xff,0xff,0xff,0xff,0xff,0xff,0xff,0xff,0xff,0xff,0xff,0xff,
  0xff,0xff,0xff,0xff,0xff,0xff,0xff,0xff,0xff,0xb6,0x9f,0xe7,0xff,0xff,0xff,0xff,0xff,0xff,0xff,0xff,0xff,0xff,0xff,0xff,
  0xff,0xff,0xff,0xff,0xbf,0xef,0x7f,0xdf,0xff,0xff,0xdf,0xf7,0xdf,0xf7,0xdf,0xf7,0xdf,0xf7,0xdf,0xf7,0xdf,0xf7,0xdf,0xf7,
  0xbf,0xf7,0xbf,0xf7,0xdf,0xf7,0xbf,0xf7,0xff,0xff,0x3c,0xe7,0xa8,0x29,0x84,0x00,0x06,0x09,0xe6,0x08,0xe6,0x08,0xe6,0x08,
  0xe6,0x08,0xe6,0x08,0xe6,0x08,0xe6,0x08,0xe6,0x08,0xc6,0x08,0xe6,0x08,0x28,0x09,0x6a,0x09,0xcc,0x09,0x30,0x02,0xf7,0x23,
  0xbe,0x9e,0xdf,0xd7,0x3b,0xae,0xee,0x4a,0x06,0x09,0x43,0x00,0x22,0x00,0x43,0x00,0x64,0x00,0x64,0x00,0x43,0x00,0x83,0x00,
  0xe9,0x31,0x15,0x95,0xbf,0xe7,0xff,0xb6,0xda,0x4c,0x15,0x03,0x4f,0x02,0x6a,0x01,0x28,0x09,0x28,0x11,0x48,0x11,0x48,0x11,
  0x48,0x11,0x48,0x11,0x48,0x11,0x68,0x11,0x68,0x11,0x68,0x11,0x69,0x19,0x69,0x19,0x69,0x19,0x69,0x19,0x89,0x19,0x48,0x11,
  0xe7,0x08,0x0e,0x53,0xdb,0xde,0xff,0xff,0xff,0xff,0xff,0xff,0xff,0xff,0xff,0xff,0xff,0xff,0xff,0xff,0xff,0xff,0xff,0xff,
  0xff,0xff,0xdf,0xff,0xdf,0xff,0xdf,0xff,0xff,0xff,0xff,0xff,0xff,0xff,0xff,0xff,0xff,0xff,0xff,0xff,0xff,0xff,0xff,0xff,
  0xff,0xff,0xff,0xff,0xff,0xff,0xff,0xff,0xff,0xff,0xff,0xff,0xdf,0xff,0x5f,0xd7,0x5f,0xd7,0x5f,0xd7,0x7f,0xe7,0xff,0xff,
  0xff,0xff,0xff,0xff,0xff,0xff,0xff,0xff,0xdf,0xff,0x9f,0xe7,0xff,0xff,0xff,0xff,0xff,0xff,0xff,0xff,0xff,0xff,0xff,0xff,
  0xff,0xff,0xff,0xff,0xff,0xff,0xff,0xff,0xdf,0xff,0xdf,0xff,0xdf,0xff,0xdf,0xff,0xff,0xff,0xff,0xff,0xff,0xff,0xff,0xff,
  0xff,0xff,0xff,0xff,0xff,0xff,0xff,0xff,0xff,0xff,0xff,0xff,0xff,0xff,0xff,0xff,0xff,0xff,0xff,0xff,0xff,0xff,0xff,0xff,
  0xff,0xff,0xff,0xff,0xff,0xff,0xff,0xff,0xff,0xff,0xff,0xff,0xff,0xff,0xff,0xff,0xff,0xff,0xff,0xff,0xff,0xff,0xff,0xff,
  0xff,0xff,0xff,0xff,0xff,0xff,0xff,0xff,0xff,0xff,0xff,0xff,0xff,0xff,0xff,0xff,0xff,0xff,0xff,0xff,0xff,0xff,0xff,0xff,
  0xff,0xff,0xff,0xff,0xff,0xff,0xff,0xff,0xff,0xff,0xff,0xff,0xff,0xff,0xff,0xff,0xff,0xff,0xff,0xff,0xff,0xff,0xff,0xff,
  0xff,0xff,0xff,0xff,0xff,0xff,0xff,0xff,0xff,0xff,0xff,0xff,0xff,0xff,0xff,0xff,0xff,0xff,0xff,0xff,0xff,0xff,0xff,0xff,
  0xff,0xff,0xff,0xff,0xff,0xff,0xff,0xff,0xff,0xff,0xff,0xff,0xff,0xff,0xff,0xff,0xff,0xff,0xff,0xff,0xff,0xff,0xff,0xff,
  0xff,0xff,0xff,0xff,0xff,0xff,0xff,0xff,0xff,0xff,0xff,0xff,0xff,0xff,0xff,0xff,0xff,0xff,0xff,0xff,0xff,0xff,0xff,0xff,
  0xff,0xff,0xff,0xff,0xff,0xff,0xff,0xff,0xff,0xff,0xff,0xff,0xff,0xff,0xff,0xff,0xff,0xff,0xdf,0xff,0xff,0xff,0xdf,0xff,
  0xff,0xff,0xff,0xff,0xdf,0xff,0xdf,0xff,0xdf,0xff,0xdf,0xff,0xdf,0xff,0xdf,0xff,0xdf,0xff,0xdf,0xf7,0xdf,0xf7,0xdf,0xf7,
  0xdf,0xf7,0xdf,0xf7,0xdf,0xf7,0xdf,0xf7,0xff,0xff,0xff,0xff,0xff,0xff,0xff,0xff,0xff,0xff,0xff,0xff,0xff,0xff,0xff,0xff,
  0xff,0xff,0xff,0xff,0xff,0xff,0xff,0xff,0xff,0xff,0xff,0xff,0xff,0xff,0xff,0xff,0xff,0xff,0xff,0xff,0xff,0xff,0xff,0xff,
  0xff,0xff,0xff,0xff,0xff,0xff,0xff,0xff,0xff,0xff,0xff,0xff,0xff,0xff,0xff,0xff,0xff,0xff,0xff,0xff,0xff,0xff,0xff,0xff,
  0xff,0xff,0xff,0xff,0xff,0xff,0xff,0xff,0xff,0xff,0xff,0xff,0xff,0xff,0xff,0xff,0xff,0xff,0xff,0xff,0xff,0xff,0xff,0xff,
  0xff,0xff,0xff,0xff,0xff,0xff,0xff,0xff,0xff,0xff,0xff,0xff,0xff,0xff,0xff,0xff,0xff,0xff,0xff,0xff,0xff,0xff,0xff,0xff,
  0xff,0xff,0xff,0xff,0xff,0xff,0xff,0xff,0xff,0xff,0xff,0xff,0xff,0xff,0xff,0xff,0xff,0xff,0xff,0xff,0xff,0xff,0x5f,0xcf,
  0x3f,0xc7,0xff,0xff,0xff,0xff,0xff,0xff,0xff,0xff,0xff,0xff,0xff,0xff,0xff,0xff,0xff,0xff,0xdf,0xf7,0x7f,0xdf,0xdf,0xf7,
  0xdf,0xff,0xdf,0xf7,0xdf,0xf7,0xdf,0xf7,0xdf,0xf7,0xdf,0xf7,0xdf,0xf7,0xbf,0xf7,0xbf,0xf7,0xdf,0xf7,0xbf,0xef,0xff,0xff,
  0x3c,0xe7,0xc9,0x29,0x85,0x00,0x07,0x09,0xe6,0x08,0xe6,0x08,0xe6,0x08,0xe6,0x08,0xe6,0x08,0xe6,0x08,0xe6,0x08,0xe6,0x08,
  0xe6,0x08,0xe6,0x08,0x28,0x09,0x48,0x09,0x28,0x09,0x49,0x09,0xab,0x09,0xee,0x01,0x14,0x13,0x9b,0x75,0x9f,0xc7,0xff,0xdf,
  0xdd,0xbe,0xd5,0x84,0x8f,0x5b,0xed,0x52,0x0d,0x53,0x6f,0x63,0x73,0x7c,0xf9,0xad,0x7f,0xdf,0xdf,0xe7,0xdf,0xef,0xdf,0xf7,
  0x18,0x85,0xcc,0x09,0x08,0x01,0x49,0x09,0x48,0x11,0x28,0x11,0x28,0x11,0x48,0x11,0x48,0x11,0x48,0x11,0x48,0x11,0x48,0x11,
  0x68,0x11,0x68,0x11,0x69,0x11,0x69,0x19,0x69,0x19,0x69,0x19,0x69,0x19,0x69,0x19,0x89,0x19,0x07,0x09,0x68,0x19,0xd4,0x94,
  0xff,0xff,0xff,0xff,0xff,0xff,0xff,0xff,0xff,0xff,0xdf,0xff,0xff,0xff,0xff,0xff,0xff,0xff,0xff,0xff,0xff,0xff,0xff,0xff,
  0xff,0xff,0xff,0xff,0xff,0xff,0xdf,0xff,0xff,0xff,0xff,0xff,0xff,0xff,0xff,0xff,0xff,0xff,0xff,0xff,0xff,0xff,0xff,0xff,
  0xff,0xff,0xff,0xff,0xff,0xff,0xbf,0xef,0x5f,0xd7,0x5f,0xd7,0x5f,0xd7,0xbf,0xf7,0xff,0xff,0xff,0xff,0xff,0xff,0xff,0xff,
  0xff,0xff,0x9f,0xef,0xbf,0xef,0xff,0xff,0xff,0xff,0xff,0xff,0xff,0xff,0xff,0xff,0xff,0xff,0xff,0xff,0xff,0xff,0xdf,0xff,
  0xff,0xff,0xff,0xff,0xff,0xff,0xff,0xff,0xff,0xff,0xff,0xff,0xdf,0xff,0xff,0xff,0xff,0xff,0xff,0xff,0xff,0xff,0xff,0xff,
  0xff,0xff,0xff,0xff,0xff,0xff,0xff,0xff,0xff,0xff,0xff,0xff,0xff,0xff,0xff,0xff,0xff,0xff,0xff,0xff,0xff,0xff,0xff,0xff,
  0xff,0xff,0xff,0xff,0xff,0xff,0xff,0xff,0xff,0xff,0xff,0xff,0xff,0xff,0xff,0xff,0xff,0xff,0xff,0xff,0xff,0xff,0xff,0xff,
  0xff,0xff,0xff,0xff,0xff,0xff,0xff,0xff,0xff,0xff,0xff,0xff,0xff,0xff,0xff,0xff,0xff,0xff,0xff,0xff,0xff,0xff,0xff,0xff,
  0xff,0xff,0xff,0xff,0xff,0xff,0xff,0xff,0xff,0xff,0xff,0xff,0xff,0xff,0xff,0xff,0xff,0xff,0xff,0xff,0xff,0xff,0xff,0xff,
  0xff,0xff,0xff,0xff,0xff,0xff,0xff,0xff,0xff,0xff,0xff,0xff,0xff,0xff,0xff,0xff,0xff,0xff,0xff,0xff,0xff,0xff,0xff,0xff,
  0xff,0xff,0xff,0xff,0xff,0xff,0xff,0xff,0xff,0xff,0xff,0xff,0xff,0xff,0xff,0xff,0xff,0xff,0xff,0xff,0xff,0xff,0xff,0xff,
  0xff,0xff,0xff,0xff,0xff,0xff,0xff,0xff,0xff,0xff,0xff,0xff,0xff,0xff,0xff,0xff,0xff,0xff,0xff,0xff,0xff,0xff,0xff,0xff,
  0xff,0xff,0xff,0xff,0xff,0xff,0xff,0xff,0xff,0xff,0xff,0xff,0xff,0xff,0xff,0xff,0xff,0xff,0xff,0xff,0xff,0xff,0xdf,0xff,
  0xff,0xff,0xdf,0xff,0xdf,0xff,0xdf,0xff,0xdf,0xff,0xdf,0xff,0xdf,0xff,0xdf,0xf7,0xdf,0xff,0xdf,0xf7,0xdf,0xf7,0xdf,0xf7,
  0xff,0xff,0xff,0xff,0xff,0xff,0xff,0xff,0xff,0xff,0xff,0xff,0xff,0xff,0xff,0xff,0xff,0xff,0xff,0xff,0xff,0xff,0xff,0xff,
  0xff,0xff,0xff,0xff,0xff,0xff,0xff,0xff,0xff,0xff,0xff,0xff,0xff,0xff,0xff,0xff,0xff,0xff,0xff,0xff,0xff,0xff,0xff,0xff,
  0xff,0xff,0xff,0xff,0xff,0xff,0xff,0xff,0xff,0xff,0xff,0xff,0xff,0xff,0xff,0xff,0xff,0xff,0xff,0xff,0xff,0xff,0xff,0xff,
  0xff,0xff,0xff,0xff,0xff,0xff,0xff,0xff,0xff,0xff,0xff,0xff,0xff,0xff,0xff,0xff,0xff,0xff,0xff,0xff,0xff,0xff,0xff,0xff,
  0xff,0xff,0xff,0xff,0xff,0xff,0xff,0xff,0xff,0xff,0xff,0xff,0xff,0xff,0xff,0xff,0xff,0xff,0xff,0xff,0xff,0xff,0xff,0xff,
  0xff,0xff,0xff,0xff,0xff,0xff,0xff,0xff,0xff,0xff,0xff,0xff,0xbf,0xef,0xdf,0xa6,0xdf,0xf7,0xff,0xff,0xff,0xff,0xff,0xff,
  0xff,0xff,0xff,0xff,0xff,0xff,0xff,0xff,0xff,0xff,0x7f,0xdf,0xbf,0xf7,0xff,0xff,0xdf,0xf7,0xdf,0xf7,0xdf,0xf7,0xdf,0xf7,
  0xdf,0xf7,0xdf,0xf7,0xdf,0xf7,0xdf,0xf7,0xdf,0xf7,0xbf,0xf7,0xff,0xff,0x5d,0xef,0xc9,0x31,0x64,0x00,0x06,0x09,0xe6,0x08,
  0xe6,0x08,0xe6,0x08,0xe6,0x08,0xe6,0x08,0xe6,0x08,0xe6,0x08,0xe6,0x08,0xc6,0x08,0xe6,0x08,0x28,0x11,0x48,0x09,0x28,0x09,
  0x27,0x09,0x07,0x09,0x28,0x09,0x8a,0x09,0xcd,0x01,0x10,0x02,0x33,0x23,0xf8,0x64,0x1c,0x96,0x7f,0xcf,0xdf,0xe7,0xdf,0xef,
  0xdf,0xe7,0xdf,0xe7,0xbf,0xdf,0x9f,0xd7,0x7f,0xdf,0xbf,0xf7,0xff,0xff,0xff,0xff,0xff,0xff,0x9b,0xd6,0xcd,0x4a,0xc7,0x00,
  0x28,0x09,0x68,0x11,0x48,0x11,0x48,0x11,0x48,0x11,0x48,0x11,0x48,0x11,0x48,0x11,0x48,0x11,0x68,0x11,0x68,0x11,0x69,0x19,
  0x69,0x19,0x69,0x19,0x68,0x19,0x69,0x19,0x69,0x19,0x89,0x19,0x69,0x11,0xe7,0x00,0xac,0x4a,0xf8,0xbd,0x9a,0xce,0x5d,0xe7,
  0xff,0xff,0xff,0xff,0xff,0xff,0xff,0xff,0xff,0xff,0xff,0xff,0xff,0xff,0xff,0xff,0xdf,0xff,0xdf,0xff,0xdf,0xff,0xff,0xff,
  0xff,0xff,0xff,0xff,0xff,0xff,0xff,0xff,0xff,0xff,0xff,0xff,0xff,0xff,0xff,0xff,0xff,0xff,0xff,0xff,0xff,0xff,0xff,0xff,
  0x7f,0xdf,0x5f,0xd7,0x5f,0xd7,0x7f,0xdf,0xff,0xff,0xff,0xff,0xff,0xff,0xff,0xff,0xff,0xff,0xff,0xff,0x9f,0xe7,0xff,0xff,
  0xff,0xff,0xff,0xff,0xff,0xff,0xff,0xff,0xff,0xff,0xff,0xff,0xff,0xff,0xff,0xff,0xff,0xff,0xff,0xff,0xff,0xff,0xff,0xff,
  0xff,0xff,0xff,0xff,0xff,0xff,0xff,0xff,0xff,0xff,0xff,0xff,0xff,0xff,0xff,0xff,0xff,0xff,0xff,0xff,0xff,0xff,0xff,0xff,
  0xff,0xff,0xff,0xff,0xff,0xff,0xff,0xff,0xff,0xff,0xff,0xff,0xff,0xff,0xff,0xff,0xff,0xff,0xff,0xff,0xff,0xff,0xff,0xff,
  0xff,0xff,0xff,0xff,0xff,0xff,0xff,0xff,0xff,0xff,0xff,0xff,0xff,0xff,0xff,0xff,0xff,0xff,0xff,0xff,0xff,0xff,0xff,0xff,
  0xff,0xff,0xff,0xff,0xff,0xff,0xff,0xff,0xff,0xff,0xff,0xff,0xff,0xff,0xff,0xff,0xff,0xff,0xff,0xff,0xff,0xff,0xff,0xff,
  0xff,0xff,0xff,0xff,0xff,0xff,0xff,0xff,0xff,0xff,0xff,0xff,0xff,0xff,0xff,0xff,0xff,0xff,0xff,0xff,0xff,0xff,0xff,0xff,
  0xff,0xff,0xff,0xff,0xff,0xff,0xff,0xff,0xff,0xff,0xff,0xff,0xff,0xff,0xff,0xff,0xff,0xff,0xff,0xff,0xff,0xff,0xff,0xff,
  0xff,0xff,0xff,0xff,0xff,0xff,0xff,0xff,0xff,0xff,0xff,0xff,0xff,0xff,0xff,0xff,0xff,0xff,0xff,0xff,0xff,0xff,0xff,0xff,
  0xff,0xff,0xff,0xff,0xff,0xff,0xff,0xff,0xff,0xff,0xff,0xff,0xff,0xff,0xff,0xff,0xff,0xff,0xff,0xff,0xff,0xff,0xff,0xff,
  0xff,0xff,0xff,0xff,0xff,0xff,0xff,0xff,0xff,0xff,0xff,0xff,0xff,0xff,0xff,0xff,0xff,0xff,0xdf,0xff,0xdf,0xff,0xdf,0xff,
  0xdf,0xff,0xdf,0xff,0xdf,0xff,0xdf,0xff,0xdf,0xff,0xdf,0xf7,0xdf,0xff,0xdf,0xf7,0xff,0xff,0xff,0xff,0xff,0xff,0xff,0xff,
  0xff,0xff,0xff,0xff,0xff,0xff,0xff,0xff,0xff,0xff,0xff,0xff,0xff,0xff,0xff,0xff,0xff,0xff,0xff,0xff,0xff,0xff,0xff,0xff,
  0xff,0xff,0xff,0xff,0xff,0xff,0xff,0xff,0xff,0xff,0xff,0xff,0xff,0xff,0xff,0xff,0xff,0xff,0xff,0xff,0xff,0xff,0xff,0xff,
  0xff,0xff,0xff,0xff,0xff,0xff,0xff,0xff,0xff,0xff,0xff,0xff,0xff,0xff,0xff,0xff,0xff,0xff,0xff,0xff,0xff,0xff,0xff,0xff,
  0xff,0xff,0xff,0xff,0xff,0xff,0xff,0xff,0xff,0xff,0xff,0xff,0xff,0xff,0xff,0xff,0xff,0xff,0xff,0xff,0xff,0xff,0xff,0xff,
  0xff,0xff,0xff,0xff,0xff,0xff,0xff,0xff,0xff,0xff,0xff,0xff,0xff,0xff,0xff,0xff,0xff,0xff,0xff,0xff,0xff,0xff,0xff,0xff,
  0xff,0xff,0xff,0xff,0xdf,0xae,0x3f,0xcf,0xff,0xff,0xff,0xff,0xff,0xff,0xff,0xff,0xff,0xff,0xff,0xff,0xff,0xff,0xff,0xff,
  0x9f,0xe7,0x9f,0xe7,0xff,0xff,0xdf,0xf7,0xdf,0xff,0xdf,0xf7,0xdf,0xf7,0xdf,0xf7,0xdf,0xf7,0xdf,0xf7,0xdf,0xf7,0xdf,0xf7,
  0xbf,0xf7,0xdf,0xff,0x9e,0xf7,0x2a,0x3a,0x64,0x00,0x06,0x09,0xe6,0x08,0xe6,0x08,0xe6,0x08,0xe6,0x08,0xe6,0x08,0xe6,0x08,
  0xe6,0x08,0xe6,0x08,0xe6,0x08,0xe6,0x08,0x28,0x11,0x48,0x11,0x28,0x09,0x28,0x09,0x07,0x09,0x07,0x09,0x07,0x09,0x28,0x09,
  0x29,0x09,0x6a,0x09,0xa7,0x00,0xe9,0x00,0x34,0x74,0x5e,0xe7,0xdf,0xff,0xdf,0xf7,0x9f,0xe7,0x5f,0xd7,0x5f,0xd7,0x9f,0xe7,
  0xdf,0xf7,0xff,0xff,0xff,0xff,0xff,0xff,0xdf,0xf7,0xff,0xff,0xff,0xff,0x35,0x9d,0x89,0x21,0xa6,0x00,0x27,0x11,0x48,0x11,
  0x28,0x11,0x48,0x11,0x48,0x11,0x48,0x11,0x48,0x11,0x48,0x11,0x68,0x11,0x68,0x11,0x68,0x19,0x68,0x19,0x68,0x19,0x68,0x19,
  0x69,0x19,0x69,0x19,0x68,0x11,0x48,0x11,0xa5,0x00,0x84,0x00,0xa5,0x08,0x26,0x19,0x8c,0x4a,0x96,0xb5,0xff,0xff,0xff,0xff,
  0xff,0xff,0xff,0xff,0xff,0xff,0xff,0xff,0xdf,0xff,0xdf,0xff,0xff,0xff,0xdf,0xff,0xff,0xff,0xdf,0xff,0xff,0xff,0xff,0xff,
  0xff,0xff,0xff,0xff,0xff,0xff,0xff,0xff,0xff,0xff,0xff,0xff,0xff,0xff,0xff,0xff,0xbf,0xf7,0x5f,0xd7,0x5f,0xd7,0x7f,0xe7,
  0xff,0xff,0xff,0xff,0xff,0xff,0xff,0xff,0xff,0xff,0xff,0xff,0xbf,0xef,0xbf,0xf7,0xff,0xff,0xff,0xff,0xff,0xff,0xff,0xff,
  0xff,0xff,0xff,0xff,0xff,0xff,0xff,0xff,0xff,0xff,0xff,0xff,0xff,0xff,0xff,0xff,0xff,0xff,0xff,0xff,0xff,0xff,0xff,0xff,
  0xff,0xff,0xff,0xff,0xff,0xff,0xff,0xff,0xff,0xff,0xff,0xff,0xff,0xff,0xff,0xff,0xff,0xff,0xff,0xff,0xff,0xff,0xff,0xff,
  0xff,0xff,0xff,0xff,0xff,0xff,0xff,0xff,0xff,0xff,0xff,0xff,0xff,0xff,0xff,0xff,0xff,0xff,0xff,0xff,0xff,0xff,0xff,0xff,
  0xff,0xff,0xff,0xff,0xff,0xff,0xff,0xff,0xff,0xff,0xff,0xff,0xff,0xff,0xff,0xff,0xff,0xff,0xff,0xff,0xff,0xff,0xff,0xff,
  0xff,0xff,0xff,0xff,0xff,0xff,0xff,0xff,0xff,0xff,0xff,0xff,0xff,0xff,0xff,0xff,0xff,0xff,0xff,0xff,0xff,0xff,0xff,0xff,
  0xff,0xff,0xff,0xff,0xff,0xff,0xff,0xff,0xff,0xff,0xff,0xff,0xff,0xff,0xff,0xff,0xff,0xff,0xff,0xff,0xff,0xff,0xff,0xff,
  0xff,0xff,0xff,0xff,0xff,0xff,0xff,0xff,0xff,0xff,0xff,0xff,0xff,0xff,0xff,0xff,0xff,0xff,0xff,0xff,0xff,0xff,0xff,0xff,
  0xff,0xff,0xff,0xff,0xff,0xff,0xff,0xff,0xff,0xff,0xff,0xff,0xff,0xff,0xff,0xff,0xff,0xff,0xff,0xff,0xff,0xff,0xff,0xff,
  0xff,0xff,0xff,0xff,0xff,0xff,0xff,0xff,0xff,0xff,0xff,0xff,0xff,0xff,0xff,0xff,0xff,0xff,0xff,0xff,0xff,0xff,0xff,0xff,
  0xff,0xff,0xff,0xff,0xff,0xff,0xff,0xff,0xdf,0xff,0xdf,0xff,0xdf,0xff,0xdf,0xff,0xdf,0xff,0xdf,0xff,0xdf,0xf7,0xdf,0xff,
  0xdf,0xff,0xdf,0xff,0xdf,0xff,0xdf,0xf7,0xff,0xff,0xff,0xff,0xff,0xff,0xff,0xff,0xff,0xff,0xff,0xff,0xff,0xff,0xff,0xff,
  0xff,0xff,0xff,0xff,0xff,0xff,0xff,0xff,0xff,0xff,0xff,0xff,0xff,0xff,0xff,0xff,0xff,0xff,0xff,0xff,0xff,0xff,0xff,0xff,
  0xff,0xff,0xff,0xff,0xff,0xff,0xff,0xff,0xff,0xff,0xff,0xff,0xff,0xff,0xff,0xff,0xff,0xff,0xff,0xff,0xff,0xff,0xff,0xff,
  0xff,0xff,0xff,0xff,0xff,0xff,0xff,0xff,0xff,0xff,0xff,0xff,0xff,0xff,0xff,0xff,0xff,0xff,0xff,0xff,0xff,0xff,0xff,0xff,
  0xff,0xff,0xff,0xff,0xff,0xff,0xff,0xff,0xff,0xff,0xff,0xff,0xff,0xff,0xff,0xff,0xff,0xff,0xff,0xff,0xff,0xff,0xff,0xff,
  0xff,0xff,0xff,0xff,0xff,0xff,0xff,0xff,0xff,0xff,0xff,0xff,0xff,0xff,0xff,0xff,0xff,0xff,0x7f,0xdf,0xbf,0x9e,0xff,0xff,
  0xff,0xff,0xff,0xff,0xff,0xff,0xff,0xff,0xff,0xff,0xff,0xff,0xff,0xff,0xbf,0xef,0x7f,0xdf,0xff,0xff,0xdf,0xff,0xdf,0xff,
  0xdf,0xf7,0xdf,0xf7,0xdf,0xf7,0xdf,0xf7,0xdf,0xf7,0xdf,0xf7,0xdf,0xf7,0xbf,0xf7,0xdf,0xf7,0xbf,0xf7,0x8b,0x4a,0x64,0x00,
  0x07,0x11,0xe6,0x08,0xe6,0x08,0xe6,0x08,0xe6,0x08,0xe6,0x08,0xe6,0x08,0xe6,0x08,0xe6,0x08,0xe6,0x08,0xe6,0x08,0x28,0x11,
  0x28,0x11,0x27,0x09,0x27,0x09,0x27,0x09,0x07,0x09,0x07,0x09,0xe6,0x08,0xe6,0x08,0xe6,0x08,0x64,0x00,0x8c,0x42,0x9a,0xd6,
  0xff,0xff,0xff,0xff,0xff,0xff,0xff,0xff,0xff,0xff,0xff,0xff,0xff,0xff,0xff,0xff,0xff,0xff,0xff,0xff,0xff,0xff,0xff,0xff,
  0xff,0xff,0xff,0xff,0xff,0xff,0xff,0xff,0x3c,0xe7,0x4f,0x63,0xc6,0x00,0xe7,0x08,0x68,0x19,0x48,0x11,0x48,0x11,0x48,0x11,
  0x48,0x11,0x48,0x11,0x48,0x11,0x48,0x11,0x68,0x11,0x69,0x11,0x69,0x11,0x89,0x19,0x68,0x11,0x28,0x09,0x28,0x09,0x49,0x09,
  0x29,0x09,0x09,0x01,0x09,0x01,0x08,0x01,0xc6,0x00,0x85,0x00,0xed,0x5a,0x7d,0xef,0xff,0xff,0xff,0xff,0xff,0xff,0xff,0xff,
  0xff,0xff,0xff,0xff,0xff,0xff,0xff,0xff,0xdf,0xff,0xff,0xff,0xff,0xff,0xff,0xff,0xff,0xff,0xff,0xff,0xff,0xff,0xff,0xff,
  0xff,0xff,0xff,0xff,0xff,0xff,0xff,0xff,0xff,0xff,0xdf,0xf7,0x9f,0xe7,0xdf,0xf7,0xff,0xff,0xff,0xff,0xff,0xff,0xff,0xff,
  0xff,0xff,0xff,0xff,0xdf,0xff,0x9f,0xe7,0xff,0xff,0xff,0xff,0xff,0xff,0xff,0xff,0xff,0xff,0xff,0xff,0xff,0xff,0xff,0xff,
  0xff,0xff,0xff,0xff,0xff,0xff,0xff,0xff,0xff,0xff,0xff,0xff,0xdf,0xff,0xff,0xff,0xff,0xff,0xff,0xff,0xff,0xff,0xff,0xff,
  0xff,0xff,0xff,0xff,0xff,0xff,0xff,0xff,0xff,0xff,0xff,0xff,0xff,0xff,0xff,0xff,0xff,0xff,0xff,0xff,0xff,0xff,0xff,0xff,
  0xff,0xff,0xff,0xff,0xff,0xff,0xff,0xff,0xff,0xff,0xff,0xff,0xff,0xff,0xff,0xff,0xff,0xff,0xff,0xff,0xff,0xff,0xff,0xff,
  0xff,0xff,0xff,0xff,0xff,0xff,0xff,0xff,0xff,0xff,0xff,0xff,0xff,0xff,0xff,0xff,0xff,0xff,0xff,0xff,0xff,0xff,0xff,0xff,
  0xff,0xff,0xff,0xff,0xff,0xff,0xff,0xff,0xff,0xff,0xff,0xff,0xff,0xff,0xff,0xff,0xff,0xff,0xff,0xff,0xff,0xff,0xff,0xff,
  0xff,0xff,0xff,0xff,0xff,0xff,0xff,0xff,0xff,0xff,0xff,0xff,0xff,0xff,0xff,0xff,0xff,0xff,0xff,0xff,0xff,0xff,0xff,0xff,
  0xff,0xff,0xff,0xff,0xff,0xff,0xff,0xff,0xff,0xff,0xff,0xff,0xff,0xff,0xff,0xff,0xff,0xff,0xff,0xff,0xff,0xff,0xff,0xff,
  0xff,0xff,0xff,0xff,0xff,0xff,0xff,0xff,0xff,0xff,0xff,0xff,0xff,0xff,0xff,0xff,0xff,0xff,0xff,0xff,0xff,0xff,0xff,0xff,
  0xff,0xff,0xff,0xff,0xff,0xff,0xff,0xff,0xff,0xff,0xff,0xff,0xff,0xff,0xff,0xff,0xff,0xff,0xff,0xff,0xff,0xff,0xff,0xff,
  0xff,0xff,0xff,0xff,0xff,0xff,0xff,0xff,0xdf,0xff,0xdf,0xff,0xdf,0xff,0xdf,0xff,0xdf,0xff,0xdf,0xff,0xdf,0xff,0xdf,0xff,
  0xff,0xff,0xff,0xff,0xff,0xff,0xff,0xff,0xff,0xff,0xff,0xff,0xff,0xff,0xff,0xff,0xff,0xff,0xff,0xff,0xff,0xff,0xff,0xff,
  0xff,0xff,0xff,0xff,0xff,0xff,0xff,0xff,0xff,0xff,0xff,0xff,0xff,0xff,0xff,0xff,0xff,0xff,0xff,0xff,0xff,0xff,0xff,0xff,
  0xff,0xff,0xff,0xff,0xff,0xff,0xff,0xff,0xff,0xff,0xff,0xff,0xff,0xff,0xff,0xff,0xff,0xff,0xff,0xff,0xff,0xff,0xff,0xff,
  0xff,0xff,0xff,0xff,0xff,0xff,0xff,0xff,0xff,0xff,0xff,0xff,0xff,0xff,0xff,0xff,0xff,0xff,0xff,0xff,0xff,0xff,0xff,0xff,
  0xff,0xff,0xff,0xff,0xff,0xff,0xff,0xff,0xff,0xff,0xff,0xff,0xff,0xff,0xff,0xff,0xff,0xff,0xff,0xff,0xff,0xff,0xff,0xff,
  0xff,0xff,0xff,0xff,0xff,0xff,0xff,0xff,0xff,0xff,0xbf,0xa6,0x7f,0xdf,0xff,0xff,0xff,0xff,0xff,0xff,0xff,0xff,0xff,0xff,
  0xff,0xff,0xff,0xff,0xff,0xff,0x5f,0xd7,0xbf,0xf7,0xff,0xff,0xdf,0xff,0xdf,0xf7,0xdf,0xf7,0xdf,0xf7,0xdf,0xf7,0xdf,0xf7,
  0xdf,0xf7,0xdf,0xf7,0xdf,0xf7,0xdf,0xf7,0xff,0xff,0x0d,0x5b,0x43,0x00,0x06,0x09,0xe6,0x08,0xe6,0x08,0xe6,0x08,0xe6,0x08,
  0xe6,0x08,0xe6,0x08,0xe6,0x08,0xe6,0x08,0xe6,0x08,0xe6,0x08,0x28,0x11,0x48,0x11,0x27,0x09,0x27,0x09,0x07,0x09,0x07,0x09,
  0x07,0x09,0xe6,0x08,0x06,0x09,0xa5,0x00,0x43,0x00,0x31,0x84,0xff,0xff,0xff,0xff,0xdf,0xff,0xff,0xff,0xff,0xff,0xdf,0xff,
  0xff,0xff,0xff,0xff,0xdf,0xff,0xdf,0xff,0xff,0xff,0xff,0xff,0xdf,0xff,0xdf,0xff,0xff,0xff,0xff,0xff,0xff,0xff,0xdf,0xf7,
  0xff,0xff,0xff,0xff,0xf8,0xbd,0x2b,0x32,0xc6,0x00,0x48,0x11,0x68,0x19,0x48,0x11,0x48,0x11,0x48,0x11,0x48,0x11,0x48,0x11,
  0x68,0x11,0x69,0x11,0x69,0x19,0x69,0x11,0x28,0x09,0x69,0x09,0xad,0x01,0x52,0x02,0x36,0x03,0xd7,0x13,0x97,0x0b,0xb4,0x02,
  0xce,0x01,0x49,0x09,0x23,0x00,0xe9,0x31,0x7d,0xef,0xff,0xff,0xff,0xff,0xff,0xff,0xff,0xff,0xff,0xff,0xdf,0xff,0xff,0xff,
  0xff,0xff,0xdf,0xff,0xdf,0xff,0xff,0xff,0xff,0xff,0xff,0xff,0xff,0xff,0xff,0xff,0xff,0xff,0xff,0xff,0xff,0xff,0xff,0xff,
  0xff,0xff,0xff,0xff,0xff,0xff,0xbf,0xef,0xff,0xff,0xff,0xff,0xff,0xff,0xff,0xff,0xff,0xff,0xff,0xff,0xff,0xff,0x9f,0xe7,
  0xdf,0xf7,0xff,0xff,0xff,0xff,0xff,0xff,0xff,0xff,0xff,0xff,0xff,0xff,0xff,0xff,0xff,0xff,0xff,0xff,0xff,0xff,0xff,0xff,
  0xff,0xff,0xff,0xff,0xff,0xff,0xff,0xff,0xff,0xff,0xff,0xff,0xff,0xff,0xff,0xff,0xff,0xff,0xff,0xff,0xff,0xff,0xff,0xff,
  0xff,0xff,0xff,0xff,0xff,0xff,0xff,0xff,0xff,0xff,0xff,0xff,0xff,0xff,0xff,0xff,0xff,0xff,0xff,0xff,0xff,0xff,0xff,0xff,
  0xff,0xff,0xff,0xff,0xff,0xff,0xff,0xff,0xff,0xff,0xff,0xff,0xff,0xff,0xff,0xff,0xff,0xff,0xff,0xff,0xff,0xff,0xff,0xff,
  0xff,0xff,0xff,0xff,0xff,0xff,0xff,0xff,0xff,0xff,0xff,0xff,0xff,0xff,0xff,0xff,0xff,0xff,0xff,0xff,0xff,0xff,0xff,0xff,
  0xff,0xff,0xff,0xff,0xff,0xff,0xff,0xff,0xff,0xff,0xff,0xff,0xff,0xff,0xff,0xff,0xff,0xff,0xff,0xff,0xff,0xff,0xff,0xff,
  0xff,0xff,0xff,0xff,0xff,0xff,0xff,0xff,0xff,0xff,0xff,0xff,0xff,0xff,0xff,0xff,0xff,0xff,0xff,0xff,0xff,0xff,0xff,0xff,
  0xff,0xff,0xff,0xff,0xff,0xff,0xff,0xff,0xff,0xff,0xff,0xff,0xff,0xff,0xff,0xff,0xff,0xff,0xff,0xff,0xff,0xff,0xff,0xff,
  0xff,0xff,0xff,0xff,0xff,0xff,0xff,0xff,0xff,0xff,0xff,0xff,0xff,0xff,0xff,0xff,0xff,0xff,0xff,0xff,0xff,0xff,0xff,0xff,
  0xff,0xff,0xff,0xff,0xff,0xff,0xff,0xff,0xff,0xff,0xff,0xff,0xff,0xff,0xff,0xff,0xff,0xff,0xff,0xff,0xff,0xff,0xff,0xff,
  0xff,0xff,0xdf,0xff,0xdf,0xff,0xdf,0xff,0xdf,0xff,0xdf,0xff,0xdf,0xff,0xdf,0xff,0xff,0xff,0xff,0xff,0xff,0xff,0xff,0xff,
  0xff,0xff,0xff,0xff,0xff,0xff,0xff,0xff,0xff,0xff,0xff,0xff,0xff,0xff,0xff,0xff,0xff,0xff,0xff,0xff,0xff,0xff,0xff,0xff,
  0xff,0xff,0xff,0xff,0xff,0xff,0xff,0xff,0xff,0xff,0xff,0xff,0xff,0xff,0xff,0xff,0xff,0xff,0xff,0xff,0xff,0xff,0xff,0xff,
  0xff,0xff,0xff,0xff,0xff,0xff,0xff,0xff,0xff,0xff,0xff,0xff,0xff,0xff,0xff,0xff,0xff,0xff,0xff,0xff,0xff,0xff,0xff,0xff,
  0xff,0xff,0xff,0xff,0xff,0xff,0xff,0xff,0xff,0xff,0xff,0xff,0xff,0xff,0xff,0xff,0xff,0xff,0xff,0xff,0xff,0xff,0xff,0xff,
  0xdf,0xff,0xff,0xff,0xff,0xff,0xff,0xff,0xff,0xff,0xff,0xff,0xff,0xff,0xff,0xff,0xff,0xff,0xff,0xff,0xff,0xff,0xff,0xff,
  0x5f,0xcf,0xbf,0xa6,0xff,0xff,0xff,0xff,0xff,0xff,0xff,0xff,0xff,0xff,0xff,0xff,0xff,0xff,0xff,0xff,0x9f,0xe7,0x7f,0xe7,
  0xff,0xff,0xdf,0xf7,0xdf,0xff,0xdf,0xf7,0xdf,0xf7,0xdf,0xf7,0xdf,0xf7,0xdf,0xf7,0xdf,0xf7,0xdf,0xf7,0xbf,0xf7,0xff,0xff,
  0x11,0x7c,0x44,0x00,0x06,0x09,0xe6,0x08,0xe6,0x08,0xe6,0x08,0xe6,0x08,0xe6,0x08,0xe6,0x08,0xe6,0x08,0xe6,0x08,0xe6,0x08,
  0xe6,0x08,0x27,0x11,0x48,0x11,0x28,0x11,0x27,0x09,0x07,0x09,0x07,0x09,0x06,0x09,0xe6,0x08,0x07,0x09,0xa5,0x00,0x06,0x11,
  0xb7,0xb5,0xff,0xff,0xdf,0xff,0xdf,0xff,0xff,0xff,0xff,0xff,0xff,0xff,0xdf,0xff,0xdf,0xff,0xdf,0xff,0xdf,0xff,0xdf,0xff,
  0xdf,0xff,0xdf,0xff,0xdf,0xff,0xff,0xff,0xff,0xff,0xdf,0xff,0xff,0xff,0xff,0xff,0xdf,0xff,0xdf,0xff,0xff,0xff,0xbf,0xf7,
  0x93,0x8c,0x48,0x11,0xe6,0x00,0x68,0x11,0x48,0x11,0x48,0x11,0x48,0x11,0x48,0x11,0x48,0x11,0x68,0x11,0x48,0x11,0x28,0x09,
  0xab,0x09,0x72,0x02,0x1a,0x0c,0x9e,0x5e,0xff,0x87,0xff,0x87,0xff,0x8f,0x5f,0x6f,0xbb,0x14,0xf0,0x01,0x48,0x09,0x03,0x00,
  0x4e,0x63,0xff,0xff,0xff,0xff,0xff,0xff,0xff,0xff,0xff,0xff,0xff,0xff,0xff,0xff,0xff,0xff,0xdf,0xff,0xdf,0xff,0xff,0xff,
  0xff,0xff,0xff,0xff,0xff,0xff,0xff,0xff,0xff,0xff,0xff,0xff,0xff,0xff,0xff,0xff,0xff,0xff,0xff,0xff,0xff,0xff,0xbf,0xef,
  0xdf,0xf7,0xff,0xff,0xff,0xff,0xff,0xff,0xff,0xff,0xff,0xff,0xff,0xff,0xdf,0xf7,0x9f,0xe7,0xff,0xff,0xff,0xff,0xff,0xff,
  0xff,0xff,0xff,0xff,0xff,0xff,0xff,0xff,0xff,0xff,0xff,0xff,0xff,0xff,0xff,0xff,0xff,0xff,0xff,0xff,0xff,0xff,0xff,0xff,
  0xff,0xff,0xff,0xff,0xff,0xff,0xff,0xff,0xff,0xff,0xff,0xff,0xff,0xff,0xff,0xff,0xff,0xff,0xff,0xff,0xff,0xff,0xff,0xff,
  0xff,0xff,0xff,0xff,0xff,0xff,0xff,0xff,0xff,0xff,0xff,0xff,0xff,0xff,0xff,0xff,0xff,0xff,0xff,0xff,0xff,0xff,0xff,0xff,
  0xff,0xff,0xff,0xff,0xff,0xff,0xff,0xff,0xff,0xff,0xff,0xff,0xff,0xff,0xff,0xff,0xff,0xff,0xff,0xff,0xff,0xff,0xff,0xff,
  0xff,0xff,0xff,0xff,0xff,0xff,0xff,0xff,0xff,0xff,0xff,0xff,0xff,0xff,0xff,0xff,0xff,0xff,0xff,0xff,0xff,0xff,0xff,0xff,
  0xff,0xff,0xff,0xff,0xff,0xff,0xff,0xff,0xff,0xff,0xff,0xff,0xff,0xff,0xff,0xff,0xff,0xff,0xff,0xff,0xff,0xff,0xff,0xff,
  0xff,0xff,0xff,0xff,0xff,0xff,0xff,0xff,0xff,0xff,0xff,0xff,0xff,0xff,0xff,0xff,0xff,0xff,0xff,0xff,0xff,0xff,0xff,0xff,
  0xff,0xff,0xff,0xff,0xff,0xff,0xff,0xff,0xff,0xff,0xff,0xff,0xff,0xff,0xff,0xff,0xff,0xff,0xff,0xff,0xff,0xff,0xff,0xff,
  0xff,0xff,0xff,0xff,0xff,0xff,0xff,0xff,0xff,0xff,0xff,0xff,0xff,0xff,0xff,0xff,0xff,0xff,0xff,0xff,0xff,0xff,0xff,0xff,
  0xff,0xff,0xff,0xff,0xff,0xff,0xff,0xff,0xff,0xff,0xff,0xff,0xff,0xff,0xff,0xff,0xff,0xff,0xdf,0xff,0xdf,0xff,0xff,0xff,
  0xdf,0xff,0xdf,0xff,0xdf,0xff,0xdf,0xff,0xff,0xff,0xff,0xff,0xff,0xff,0xff,0xff,0xff,0xff,0xff,0xff,0xff,0xff,0xff,0xff,
  0xff,0xff,0xff,0xff,0xff,0xff,0xff,0xff,0xff,0xff,0xff,0xff,0xff,0xff,0xff,0xff,0xff,0xff,0xff,0xff,0xff,0xff,0xff,0xff,
  0xff,0xff,0xff,0xff,0xff,0xff,0xff,0xff,0xff,0xff,0xff,0xff,0xff,0xff,0xff,0xff,0xff,0xff,0xff,0xff,0xff,0xff,0xff,0xff,
  0xff,0xff,0xff,0xff,0xff,0xff,0xff,0xff,0xff,0xff,0xff,0xff,0xff,0xff,0xff,0xff,0xff,0xff,0xff,0xff,0xff,0xff,0xff,0xff,
  0xff,0xff,0xff,0xff,0xff,0xff,0xff,0xff,0xff,0xff,0xff,0xff,0xff,0xff,0xff,0xff,0xff,0xff,0xff,0xff,0xff,0xff,0xff,0xff,
  0xff,0xff,0xff,0xff,0xff,0xff,0xff,0xff,0xff,0xff,0xff,0xff,0xff,0xff,0xff,0xff,0x9f,0x9e,0x7f,0xdf,0xff,0xff,0xff,0xff,
  0xff,0xff,0xff,0xff,0xff,0xff,0xff,0xff,0xff,0xff,0xdf,0xf7,0x5f,0xdf,0xdf,0xff,0xdf,0xff,0xdf,0xf7,0xdf,0xff,0xdf,0xf7,
  0xdf,0xf7,0xdf,0xf7,0xdf,0xf7,0xdf,0xf7,0xdf,0xf7,0xbf,0xef,0xff,0xff,0x14,0x9d,0x44,0x00,0x06,0x09,0xe6,0x08,0xe6,0x08,
  0xe6,0x08,0xe6,0x08,0xe6,0x08,0xe6,0x08,0xe6,0x08,0xe6,0x08,0xe6,0x08,0xe6,0x08,0x07,0x09,0x28,0x11,0x27,0x11,0x28,0x11,
  0x27,0x09,0x07,0x09,0x07,0x09,0xe6,0x08,0x06,0x09,0x64,0x00,0xa9,0x29,0xdb,0xde,0xff,0xff,0xdf,0xf7,0xdf,0xff,0xff,0xff,
  0xdf,0xff,0xff,0xff,0xdf,0xff,0xdf,0xff,0xdf,0xff,0xdf,0xff,0xdf,0xff,0xdf,0xf7,0xdf,0xf7,0xdf,0xf7,0xdf,0xf7,0xdf,0xf7,
  0xdf,0xff,0xdf,0xff,0xdf,0xff,0xdf,0xff,0xff,0xff,0xff,0xff,0xdf,0xff,0xff,0xff,0xff,0xff,0xbb,0xd6,0xcd,0x4a,0xc6,0x00,
  0x28,0x11,0x68,0x19,0x48,0x11,0x48,0x11,0x48,0x11,0x48,0x11,0x07,0x09,0x28,0x09,0x31,0x02,0xdd,0x14,0xdf,0xa7,0xbf,0x87,
  0x1c,0x2d,0x19,0x1c,0xbb,0x24,0xdf,0x66,0xff,0x97,0x1c,0x1d,0xd0,0x01,0x28,0x09,0x84,0x00,0x9a,0xce,0xff,0xff,0xff,0xff,
  0xff,0xff,0xff,0xff,0xff,0xff,0xff,0xff,0xdf,0xff,0xff,0xff,0xff,0xff,0xff,0xff,0xff,0xff,0xff,0xff,0xff,0xff,0xff,0xff,
  0xff,0xff,0xff,0xff,0xff,0xff,0xff,0xff,0xff,0xff,0xff,0xff,0xff,0xff,0xdf,0xf7,0xbf,0xef,0xff,0xff,0xff,0xff,0xff,0xff,
  0xff,0xff,0xff,0xff,0xff,0xff,0xff,0xff,0x7f,0xe7,0xdf,0xf7,0xff,0xff,0xff,0xff,0xff,0xff,0xff,0xff,0xff,0xff,0xff,0xff,
  0xff,0xff,0xff,0xff,0xff,0xff,0xff,0xff,0xff,0xff,0xff,0xff,0xff,0xff,0xff,0xff,0xff,0xff,0xff,0xff,0xff,0xff,0xff,0xff,
  0xff,0xff,0xff,0xff,0xff,0xff,0xff,0xff,0xff,0xff,0xff,0xff,0xff,0xff,0xff,0xff,0xff,0xff,0xff,0xff,0xff,0xff,0xff,0xff,
  0xff,0xff,0xff,0xff,0xff,0xff,0xff,0xff,0xff,0xff,0xff,0xff,0xff,0xff,0xff,0xff,0xff,0xff,0xff,0xff,0xff,0xff,0xff,0xff,
  0xff,0xff,0xff,0xff,0xff,0xff,0xff,0xff,0xff,0xff,0xff,0xff,0xff,0xff,0xff,0xff,0xff,0xff,0xff,0xff,0xff,0xff,0xff,0xff,
  0xff,0xff,0xff,0xff,0xff,0xff,0xff,0xff,0xff,0xff,0xff,0xff,0xff,0xff,0xff,0xff,0xff,0xff,0xff,0xff,0xff,0xff,0xff,0xff,
  0xff,0xff,0xff,0xff,0xff,0xff,0xff,0xff,0xff,0xff,0xff,0xff,0xff,0xff,0xff,0xff,0xff,0xff,0xff,0xff,0xff,0xff,0xff,0xff,
  0xff,0xff,0xff,0xff,0xff,0xff,0xff,0xff,0xff,0xff,0xff,0xff,0xff,0xff,0xff,0xff,0xff,0xff,0xff,0xff,0xff,0xff,0xff,0xff,
  0xff,0xff,0xff,0xff,0xff,0xff,0xff,0xff,0xff,0xff,0xff,0xff,0xff,0xff,0xff,0xff,0xff,0xff,0xff,0xff,0xff,0xff,0xff,0xff,
  0xff,0xff,0xff,0xff,0xff,0xff,0xff,0xff,0xff,0xff,0xff,0xff,0xff,0xff,0xff,0xff,0xff,0xff,0xff,0xff,0xff,0xff,0xff,0xff,
  0xff,0xff,0xff,0xff,0xff,0xff,0xff,0xff,0xff,0xff,0xff,0xff,0xdf,0xff,0xdf,0xff,0xff,0xff,0xdf,0xff,0xff,0xff,0xff,0xff,
  0xff,0xff,0xff,0xff,0xff,0xff,0xff,0xff,0xff,0xff,0xff,0xff,0xff,0xff,0xff,0xff,0xff,0xff,0xff,0xff,0xff,0xff,0xff,0xff,
  0xff,0xff,0xff,0xff,0xff,0xff,0xff,0xff,0xff,0xff,0xff,0xff,0xff,0xff,0xff,0xff,0xff,0xff,0xff,0xff,0xff,0xff,0xff,0xff,
  0xff,0xff,0xff,0xff,0xff,0xff,0xff,0xff,0xff,0xff,0xff,0xff,0xff,0xff,0xff,0xff,0xff,0xff,0xff,0xff,0xff,0xff,0xff,0xff,
  0xff,0xff,0xff,0xff,0xff,0xff,0xff,0xff,0xff,0xff,0xff,0xff,0xff,0xff,0xff,0xff,0xff,0xff,0xff,0xff,0xff,0xff,0xff,0xff,
  0xff,0xff,0xff,0xff,0xff,0xff,0xff,0xff,0xff,0xff,0xff,0xff,0xff,0xff,0xff,0xff,0xff,0xff,0xff,0xff,0xff,0xff,0xff,0xff,
  0xff,0xff,0xff,0xff,0xff,0xff,0x7f,0xd7,0xbf,0xa6,0xff,0xff,0xff,0xff,0xff,0xff,0xff,0xff,0xff,0xff,0xff,0xff,0xff,0xff,
  0xff,0xff,0x7f,0xe7,0x9f,0xef,0xff,0xff,0xdf,0xff,0xdf,0xff,0xdf,0xf7,0xdf,0xf7,0xdf,0xf7,0xdf,0xf7,0xdf,0xf7,0xdf,0xf7,
  0xbf,0xf7,0xff,0xff,0x39,0xc6,0x84,0x08,0xc6,0x08,0xe6,0x08,0xe6,0x08,0xe6,0x08,0xe6,0x08,0xe6,0x08,0xe6,0x08,0xe6,0x08,
  0xe6,0x08,0xe6,0x08,0xe6,0x08,0x07,0x09,0x28,0x11,0x27,0x11,0x27,0x09,0x27,0x09,0x27,0x09,0x07,0x09,0x07,0x09,0x07,0x11,
  0x43,0x00,0xc9,0x31,0x3d,0xe7,0xff,0xff,0xdf,0xff,0xff,0xff,0xff,0xff,0xdf,0xff,0xdf,0xff,0xdf,0xff,0xdf,0xff,0xdf,0xff,
  0xdf,0xf7,0xdf,0xf7,0xdf,0xf7,0xdf,0xf7,0xdf,0xf7,0xdf,0xf7,0xdf,0xf7,0xdf,0xf7,0xdf,0xf7,0xdf,0xf7,0xdf,0xff,0xdf,0xff,
  0xdf,0xff,0xff,0xff,0xff,0xff,0xff,0xff,0xdf,0xff,0xff,0xff,0xff,0xff,0x56,0xa5,0xaa,0x21,0xe7,0x00,0x69,0x11,0x48,0x11,
  0x48,0x11,0x27,0x11,0xe6,0x08,0x8a,0x09,0x78,0x03,0x7f,0x7f,0x7f,0x97,0x9a,0x03,0x8f,0x01,0x29,0x01,0x6c,0x01,0xd6,0x02,
  0xbe,0x56,0xff,0x97,0xb9,0x03,0x8c,0x01,0x44,0x00,0x31,0x84,0xff,0xff,0xdf,0xff,0xff,0xff,0xff,0xff,0xff,0xff,0xff,0xff,
  0xff,0xff,0xff,0xff,0xff,0xff,0xff,0xff,0xff,0xff,0xff,0xff,0xff,0xff,0xff,0xff,0xff,0xff,0xff,0xff,0xff,0xff,0xff,0xff,
  0xff,0xff,0xff,0xff,0xff,0xff,0xff,0xff,0xbf,0xef,0xdf,0xff,0xff,0xff,0xff,0xff,0xff,0xff,0xff,0xff,0xff,0xff,0xff,0xff,
  0xbf,0xef,0x9f,0xe7,0xff,0xff,0xff,0xff,0xff,0xff,0xff,0xff,0xff,0xff,0xff,0xff,0xff,0xff,0xff,0xff,0xff,0xff,0xff,0xff,
  0xff,0xff,0xff,0xff,0xff,0xff,0xff,0xff,0xff,0xff,0xff,0xff,0xff,0xff,0xff,0xff,0xff,0xff,0xff,0xff,0xff,0xff,0xff,0xff,
  0xff,0xff,0xff,0xff,0xff,0xff,0xff,0xff,0xff,0xff,0xff,0xff,0xff,0xff,0xff,0xff,0xff,0xff,0xff,0xff,0xff,0xff,0xff,0xff,
  0xff,0xff,0xff,0xff,0xff,0xff,0xff,0xff,0xff,0xff,0xff,0xff,0xff,0xff,0xff,0xff,0xff,0xff,0xff,0xff,0xff,0xff,0xff,0xff,
  0xff,0xff,0xff,0xff,0xff,0xff,0xff,0xff,0xff,0xff,0xff,0xff,0xff,0xff,0xff,0xff,0xff,0xff,0xff,0xff,0xff,0xff,0xff,0xff,
  0xff,0xff,0xff,0xff,0xff,0xff,0xff,0xff,0xff,0xff,0xff,0xff,0xff,0xff,0xff,0xff,0xff,0xff,0xff,0xff,0xff,0xff,0xff,0xff,
  0xff,0xff,0xff,0xff,0xff,0xff,0xff,0xff,0xff,0xff,0xff,0xff,0xff,0xff,0xff,0xff,0xff,0xff,0xff,0xff,0xff,0xff,0xff,0xff,
  0xff,0xff,0xff,0xff,0xff,0xff,0xff,0xff,0xff,0xff,0xff,0xff,0xff,0xff,0xff,0xff,0xff,0xff,0xff,0xff,0xff,0xff,0xff,0xff,
  0xff,0xff,0xff,0xff,0xff,0xff,0xff,0xff,0xff,0xff,0xff,0xff,0xff,0xff,0xff,0xff,0xff,0xff,0xff,0xff,0xff,0xff,0xff,0xff,
  0xff,0xff,0xff,0xff,0xff,0xff,0xff,0xff,0xff,0xff,0xff,0xff,0xff,0xff,0xff,0xff,0xff,0xff,0xff,0xff,0xff,0xff,0xff,0xff,
  0xff,0xff,0xff,0xff,0xdf,0xff,0xdf,0xff,0xdf,0xff,0xff,0xff,0xff,0xff,0xdf,0xff,0xff,0xff,0xff,0xff,0xff,0xff,0xff,0xff,
  0xff,0xff,0xff,0xff,0xff,0xff,0xff,0xff,0xff,0xff,0xff,0xff,0xff,0xff,0xff,0xff,0xff,0xff,0xff,0xff,0xff,0xff,0xff,0xff,
  0xff,0xff,0xff,0xff,0xff,0xff,0xff,0xff,0xff,0xff,0xff,0xff,0xff,0xff,0xff,0xff,0xff,0xff,0xff,0xff,0xff,0xff,0xff,0xff,
  0xff,0xff,0xff,0xff,0xff,0xff,0xff,0xff,0xff,0xff,0xff,0xff,0xff,0xff,0xff,0xff,0xff,0xff,0xff,0xff,0xff,0xff,0xff,0xff,
  0xff,0xff,0xff,0xff,0xff,0xff,0xff,0xff,0xff,0xff,0xff,0xff,0xff,0xff,0xff,0xff,0xff,0xff,0xff,0xff,0xff,0xff,0xff,0xff,
  0xff,0xff,0xff,0xff,0xff,0xff,0xff,0xff,0xff,0xff,0xff,0xff,0xff,0xff,0xff,0xff,0xff,0xff,0xff,0xff,0xff,0xff,0xbf,0xa6,
  0x7f,0xd7,0xff,0xff,0xff,0xff,0xff,0xff,0xff,0xff,0xff,0xff,0xff,0xff,0xff,0xff,0xdf,0xf7,0x7f,0xdf,0xff,0xff,0xdf,0xff,
  0xdf,0xff,0xdf,0xf7,0xdf,0xf7,0xdf,0xf7,0xdf,0xf7,0xdf,0xf7,0xdf,0xf7,0xdf,0xf7,0xff,0xff,0x5d,0xef,0x47,0x21,0x84,0x00,
  0xe6,0x08,0xe6,0x08,0xe6,0x08,0xe6,0x08,0xe6,0x08,0xe6,0x08,0xe6,0x08,0xe6,0x08,0xe6,0x08,0xe6,0x08,0x07,0x09,0x28,0x11,
  0x28,0x11,0x27,0x09,0x07,0x09,0x07,0x09,0x07,0x09,0x06,0x09,0x27,0x11,0x85,0x00,0x0a,0x32,0x5d,0xef,0xff,0xff,0xdf,0xff,
  0xff,0xff,0xff,0xff,0xdf,0xff,0xdf,0xff,0xdf,0xff,0xdf,0xff,0xdf,0xf7,0xdf,0xf7,0xdf,0xf7,0xdf,0xf7,0xdf,0xf7,0xdf,0xf7,
  0xdf,0xf7,0xdf,0xf7,0xdf,0xf7,0xdf,0xf7,0xdf,0xf7,0xdf,0xf7,0xdf,0xf7,0xdf,0xf7,0xdf,0xff,0xdf,0xff,0xdf,0xff,0xff,0xff,
  0xff,0xff,0xff,0xff,0xff,0xff,0xff,0xff,0x5d,0xef,0xb0,0x6b,0xe6,0x08,0xe6,0x08,0x68,0x11,0x27,0x09,0x06,0x09,0xef,0x01,
  0x1d,0x15,0xff,0xa7,0xfd,0x1c,0xb0,0x01,0x49,0x09,0x07,0x09,0x07,0x09,0x8d,0x01,0x3a,0x04,0xff,0x9f,0xbe,0x35,0xf0,0x01,
  0x64,0x00,0xab,0x52,0xff,0xff,0xdf,0xff,0xff,0xff,0xff,0xff,0xff,0xff,0xff,0xff,0xff,0xff,0xff,0xff,0xdf,0xff,0xdf,0xff,
  0xff,0xff,0xff,0xff,0xff,0xff,0xff,0xff,0xff,0xff,0xff,0xff,0xff,0xff,0xff,0xff,0xff,0xff,0xff,0xff,0xff,0xff,0xff,0xff,
  0xdf,0xf7,0xbf,0xef,0xff,0xff,0xff,0xff,0xff,0xff,0xff,0xff,0xff,0xff,0xff,0xff,0xff,0xff,0x7f,0xe7,0xff,0xff,0xff,0xff,
  0xff,0xff,0xff,0xff,0xff,0xff,0xff,0xff,0xff,0xff,0xff,0xff,0xff,0xff,0xff,0xff,0xff,0xff,0xff,0xff,0xff,0xff,0xff,0xff,
  0xff,0xff,0xff,0xff,0xff,0xff,0xff,0xff,0xff,0xff,0xff,0xff,0xff,0xff,0xff,0xff,0xff,0xff,0xff,0xff,0xff,0xff,0xff,0xff,
  0xff,0xff,0xff,0xff,0xff,0xff,0xff,0xff,0xff,0xff,0xff,0xff,0xff,0xff,0xff,0xff,0xff,0xff,0xff,0xff,0xff,0xff,0xff,0xff,
  0xff,0xff,0xff,0xff,0xff,0xff,0xff,0xff,0xff,0xff,0xff,0xff,0xff,0xff,0xff,0xff,0xff,0xff,0xff,0xff,0xff,0xff,0xff,0xff,
  0xff,0xff,0xff,0xff,0xff,0xff,0xff,0xff,0xff,0xff,0xff,0xff,0xff,0xff,0xff,0xff,0xff,0xff,0xff,0xff,0xff,0xff,0xff,0xff,
  0xff,0xff,0xff,0xff,0xff,0xff,0xff,0xff,0xff,0xff,0xff,0xff,0xff,0xff,0xff,0xff,0xff,0xff,0xff,0xff,0xff,0xff,0xff,0xff,
  0xff,0xff,0xff,0xff,0xff,0xff,0xff,0xff,0xff,0xff,0xff,0xff,0xff,0xff,0xff,0xff,0xff,0xff,0xff,0xff,0xff,0xff,0xff,0xff,
  0xff,0xff,0xff,0xff,0xff,0xff,0xff,0xff,0xff,0xff,0xff,0xff,0xff,0xff,0xff,0xff,0xff,0xff,0xff,0xff,0xff,0xff,0xff,0xff,
  0xff,0xff,0xff,0xff,0xff,0xff,0xff,0xff,0xff,0xff,0xff,0xff,0xff,0xff,0xff,0xff,0xff,0xff,0xff,0xff,0xff,0xff,0xff,0xff,
  0xff,0xff,0xff,0xff,0xff,0xff,0xff,0xff,0xff,0xff,0xff,0xff,0xff,0xff,0xff,0xff,0xff,0xff,0xff,0xff,0xff,0xff,0xff,0xff,
  0xff,0xff,0xdf,0xff,0xff,0xff,0xdf,0xff,0xff,0xff,0xff,0xff,0xff,0xff,0xff,0xff,0xff,0xff,0xff,0xff,0xff,0xff,0xff,0xff,
  0xff,0xff,0xff,0xff,0xff,0xff,0xff,0xff,0xff,0xff,0xff,0xff,0xff,0xff,0xff,0xff,0xff,0xff,0xff,0xff,0xff,0xff,0xff,0xff,
  0xff,0xff,0xff,0xff,0xff,0xff,0xff,0xff,0xff,0xff,0xff,0xff,0xff,0xff,0xff,0xff,0xff,0xff,0xff,0xff,0xff,0xff,0xff,0xff,
  0xff,0xff,0xff,0xff,0xff,0xff,0xff,0xff,0xff,0xff,0xff,0xff,0xff,0xff,0xff,0xff,0xff,0xff,0xff,0xff,0xff,0xff,0xff,0xff,
  0xff,0xff,0xff,0xff,0xff,0xff,0xff,0xff,0xff,0xff,0xff,0xff,0xff,0xff,0xff,0xff,0xff,0xff,0xff,0xff,0xff,0xff,0xff,0xff,
  0xff,0xff,0xff,0xff,0xff,0xff,0xff,0xff,0xff,0xff,0xff,0xff,0x7f,0xdf,0x9f,0x9e,0xff,0xff,0xff,0xff,0xff,0xff,0xff,0xff,
  0xff,0xff,0xff,0xff,0xff,0xff,0xff,0xff,0x7f,0xdf,0xbf,0xef,0xff,0xff,0xdf,0xff,0xdf,0xff,0xdf,0xf7,0xdf,0xf7,0xdf,0xf7,
  0xdf,0xf7,0xdf,0xf7,0xdf,0xf7,0xdf,0xf7,0xff,0xff,0x0d,0x5b,0x44,0x00,0xe6,0x08,0xc6,0x08,0xe6,0x08,0xe6,0x08,0xe6,0x08,
  0xe6,0x08,0xe6,0x08,0xe6,0x08,0xe6,0x08,0xe6,0x08,0xe6,0x08,0x27,0x11,0x28,0x11,0x27,0x09,0x27,0x09,0x07,0x09,0x06,0x09,
  0xe6,0x08,0x06,0x09,0xa5,0x00,0xc9,0x29,0x5d,0xef,0xff,0xff,0xdf,0xf7,0xff,0xff,0xff,0xff,0xdf,0xff,0xdf,0xff,0xdf,0xff,
  0xdf,0xf7,0xdf,0xf7,0xdf,0xf7,0xdf,0xf7,0xdf,0xf7,0xdf,0xf7,0xdf,0xf7,0xdf,0xf7,0xdf,0xf7,0xdf,0xf7,0xdf,0xf7,0xdf,0xf7,
  0xdf,0xf7,0xdf,0xf7,0xdf,0xf7,0xdf,0xf7,0xdf,0xf7,0xdf,0xf7,0xdf,0xff,0xdf,0xff,0xff,0xff,0xff,0xff,0xff,0xff,0xdf,0xff,
  0xff,0xff,0xff,0xff,0xf8,0xbd,0x0a,0x32,0xa5,0x00,0x07,0x09,0x07,0x09,0xf1,0x01,0xde,0x35,0xff,0xa7,0xda,0x0b,0x4b,0x01,
  0x27,0x09,0x07,0x09,0x07,0x09,0x28,0x09,0x36,0x03,0xdf,0x7f,0x5f,0x4e,0x11,0x02,0x64,0x00,0x6b,0x4a,0xff,0xff,0xff,0xff,
  0xff,0xff,0xff,0xff,0xff,0xff,0xff,0xff,0xff,0xff,0xff,0xff,0xff,0xff,0xff,0xff,0xff,0xff,0xff,0xff,0xff,0xff,0xff,0xff,
  0xff,0xff,0xff,0xff,0xff,0xff,0xff,0xff,0xff,0xff,0xff,0xff,0xff,0xff,0xff,0xff,0xff,0xff,0xbf,0xe7,0xff,0xff,0xff,0xff,
  0xff,0xff,0xff,0xff,0xff,0xff,0xff,0xff,0xff,0xff,0x9f,0xe7,0xbf,0xf7,0xff,0xff,0xff,0xff,0xff,0xff,0xff,0xff,0xff,0xff,
  0xff,0xff,0xff,0xff,0xff,0xff,0xff,0xff,0xff,0xff,0xff,0xff,0xff,0xff,0xff,0xff,0xff,0xff,0xff,0xff,0xff,0xff,0xff,0xff,
  0xff,0xff,0xff,0xff,0xff,0xff,0xff,0xff,0xff,0xff,0xff,0xff,0xff,0xff,0xff,0xff,0xff,0xff,0xff,0xff,0xff,0xff,0xff,0xff,
  0xff,0xff,0xff,0xff,0xff,0xff,0xff,0xff,0xff,0xff,0xff,0xff,0xff,0xff,0xff,0xff,0xff,0xff,0xff,0xff,0xff,0xff,0xff,0xff,
  0xff,0xff,0xff,0xff,0xff,0xff,0xff,0xff,0xff,0xff,0xff,0xff,0xff,0xff,0xff,0xff,0xff,0xff,0xff,0xff,0xff,0xff,0xff,0xff,
  0xff,0xff,0xff,0xff,0xff,0xff,0xff,0xff,0xff,0xff,0xff,0xff,0xff,0xff,0xff,0xff,0xff,0xff,0xff,0xff,0xff,0xff,0xff,0xff,
  0xff,0xff,0xff,0xff,0xff,0xff,0xff,0xff,0xff,0xff,0xff,0xff,0xff,0xff,0xff,0xff,0xff,0xff,0xff,0xff,0xff,0xff,0xff,0xff,
  0xff,0xff,0xff,0xff,0xff,0xff,0xff,0xff,0xff,0xff,0xff,0xff,0xff,0xff,0xff,0xff,0xff,0xff,0xff,0xff,0xff,0xff,0xff,0xff,
  0xff,0xff,0xff,0xff,0xff,0xff,0xff,0xff,0xff,0xff,0xff,0xff,0xff,0xff,0xff,0xff,0xff,0xff,0xff,0xff,0xff,0xff,0xff,0xff,
  0xff,0xff,0xff,0xff,0xff,0xff,0xff,0xff,0xff,0xff,0xff,0xff,0xff,0xff,0xff,0xff,0xff,0xff,0xff,0xff,0xff,0xff,0xff,0xff,
  0xff,0xff,0xff,0xff,0xff,0xff,0xff,0xff,0xff,0xff,0xff,0xff,0xff,0xff,0xff,0xff,0xff,0xff,0xdf,0xff,0xdf,0xff,0xff,0xff,
  0xff,0xff,0xff,0xff,0xff,0xff,0xff,0xff,0xff,0xff,0xff,0xff,0xff,0xff,0xff,0xff,0xff,0xff,0xff,0xff,0xff,0xff,0xff,0xff,
  0xff,0xff,0xff,0xff,0xff,0xff,0xff,0xff,0xff,0xff,0xff,0xff,0xff,0xff,0xff,0xff,0xff,0xff,0xff,0xff,0xff,0xff,0xff,0xff,
  0xff,0xff,0xff,0xff,0xff,0xff,0xff,0xff,0xff,0xff,0xff,0xff,0xff,0xff,0xff,0xff,0xff,0xff,0xff,0xff,0xff,0xff,0xff,0xff,
  0xff,0xff,0xff,0xff,0xff,0xff,0xff,0xff,0xff,0xff,0xff,0xff,0xff,0xff,0xff,0xff,0xff,0xff,0xff,0xff,0xff,0xff,0xff,0xff,
  0xff,0xff,0xff,0xff,0xff,0xff,0xff,0xff,0xff,0xff,0xff,0xff,0xff,0xff,0xff,0xff,0xff,0xff,0xff,0xff,0xff,0xff,0xff,0xff,
  0xff,0xff,0xff,0xff,0xdf,0xae,0x1f,0xbf,0xff,0xff,0xff,0xff,0xff,0xff,0xff,0xff,0xff,0xff,0xff,0xff,0xff,0xff,0xdf,0xf7,
  0x5f,0xdf,0xff,0xff,0xdf,0xff,0xdf,0xff,0xdf,0xff,0xdf,0xf7,0xdf,0xf7,0xdf,0xf7,0xdf,0xf7,0xdf,0xf7,0xbf,0xef,0xff,0xff,
  0xf4,0x9c,0x64,0x00,0x07,0x09,0xe6,0x08,0xe6,0x08,0xe6,0x08,0xe6,0x08,0xe6,0x08,0xe6,0x08,0xe6,0x08,0xe6,0x08,0xe6,0x08,
  0xe6,0x08,0x07,0x09,0x27,0x09,0x27,0x09,0x27,0x09,0x07,0x09,0x07,0x09,0xe6,0x08,0x06,0x09,0xa5,0x00,0x26,0x19,0xfc,0xde,
  0xff,0xff,0xdf,0xff,0xff,0xff,0xff,0xff,0xdf,0xff,0xdf,0xff,0xdf,0xf7,0xdf,0xf7,0xdf,0xf7,0xdf,0xf7,0xdf,0xf7,0xdf,0xf7,
  0xdf,0xf7,0xdf,0xf7,0xdf,0xf7,0xdf,0xf7,0xdf,0xf7,0xdf,0xf7,0xdf,0xf7,0xdf,0xf7,0xdf,0xf7,0xdf,0xf7,0xdf,0xf7,0xdf,0xf7,
  0xdf,0xf7,0xdf,0xf7,0xdf,0xf7,0xdf,0xff,0xdf,0xff,0xff,0xff,0xff,0xff,0xff,0xff,0xff,0xff,0xdf,0xf7,0xff,0xff,0xbf,0xf7,
  0x73,0x8c,0x48,0x19,0xe7,0x08,0xcf,0x01,0x7d,0x25,0xff,0x9f,0xdd,0x0c,0xae,0x01,0x27,0x09,0x07,0x09,0x07,0x09,0x6b,0x01,
  0xd9,0x0b,0xff,0x87,0xbd,0x35,0xae,0x01,0x43,0x00,0x4e,0x63,0xff,0xff,0xdf,0xff,0xff,0xff,0xff,0xff,0xff,0xff,0xff,0xff,
  0xff,0xff,0xff,0xff,0xff,0xff,0xdf,0xff,0xff,0xff,0xff,0xff,0xff,0xff,0xdf,0xff,0xff,0xff,0xff,0xff,0xff,0xff,0xff,0xff,
  0xff,0xff,0xff,0xff,0xff,0xff,0xff,0xff,0xff,0xff,0xbf,0xef,0xbf,0xef,0xff,0xff,0xff,0xff,0xff,0xff,0xff,0xff,0xff,0xff,
  0xff,0xff,0xdf,0xf7,0x9f,0xe7,0xff,0xff,0xff,0xff,0xff,0xff,0xff,0xff,0xff,0xff,0xff,0xff,0xff,0xff,0xff,0xff,0xdf,0xff,
  0xff,0xff,0xff,0xff,0xff,0xff,0xff,0xff,0xff,0xff,0xff,0xff,0xff,0xff,0xff,0xff,0xff,0xff,0xff,0xff,0xff,0xff,0xff,0xff,
  0xff,0xff,0xff,0xff,0xff,0xff,0xff,0xff,0xff,0xff,0xff,0xff,0xff,0xff,0xff,0xff,0xff,0xff,0xff,0xff,0xff,0xff,0xff,0xff,
  0xff,0xff,0xff,0xff,0xff,0xff,0xff,0xff,0xff,0xff,0xff,0xff,0xff,0xff,0xff,0xff,0xff,0xff,0xff,0xff,0xff,0xff,0xff,0xff,
  0xff,0xff,0xff,0xff,0xff,0xff,0xff,0xff,0xff,0xff,0xff,0xff,0xff,0xff,0xff,0xff,0xff,0xff,0xff,0xff,0xff,0xff,0xff,0xff,
  0xff,0xff,0xff,0xff,0xff,0xff,0xff,0xff,0xff,0xff,0xff,0xff,0xff,0xff,0xff,0xff,0xff,0xff,0xff,0xff,0xff,0xff,0xff,0xff,
  0xff,0xff,0xff,0xff,0xff,0xff,0xff,0xff,0xff,0xff,0xff,0xff,0xff,0xff,0xff,0xff,0xff,0xff,0xff,0xff,0xff,0xff,0xff,0xff,
  0xff,0xff,0xff,0xff,0xff,0xff,0xff,0xff,0xff,0xff,0xff,0xff,0xff,0xff,0xff,0xff,0xff,0xff,0xff,0xff,0xff,0xff,0xff,0xff,
  0xff,0xff,0xff,0xff,0xff,0xff,0xff,0xff,0xff,0xff,0xff,0xff,0xff,0xff,0xff,0xff,0xff,0xff,0xff,0xff,0xff,0xff,0xff,0xff,
  0xff,0xff,0xff,0xff,0xff,0xff,0xff,0xff,0xff,0xff,0xff,0xff,0xff,0xff,0xff,0xff,0xff,0xff,0xff,0xff,0xff,0xff,0xff,0xff,
  0xff,0xff,0xff,0xff,0xff,0xff,0xff,0xff,0xdf,0xff,0xff,0xff,0xff,0xff,0xff,0xff,0xff,0xff,0xff,0xff,0xff,0xff,0xff,0xff,
  0xff,0xff,0xff,0xff,0xff,0xff,0xff,0xff,0xff,0xff,0xff,0xff,0xff,0xff,0xff,0xff,0xff,0xff,0xff,0xff,0xff,0xff,0xff,0xff,
  0xff,0xff,0xff,0xff,0xff,0xff,0xff,0xff,0xff,0xff,0xff,0xff,0xff,0xff,0xff,0xff,0xff,0xff,0xff,0xff,0xff,0xff,0xff,0xff,
  0xff,0xff,0xff,0xff,0xff,0xff,0xff,0xff,0xff,0xff,0xff,0xff,0xff,0xff,0xff,0xff,0xff,0xff,0xff,0xff,0xff,0xff,0xff,0xff,
  0xff,0xff,0xff,0xff,0xff,0xff,0xff,0xff,0xff,0xff,0xff,0xff,0xff,0xff,0xff,0xff,0xff,0xff,0xff,0xff,0xff,0xff,0xff,0xff,
  0xff,0xff,0xff,0xff,0xff,0xff,0xff,0xff,0xff,0xff,0xff,0xff,0xff,0xff,0xff,0xff,0xff,0xff,0xdf,0xf7,0x9f,0x96,0xbf,0xef,
  0xff,0xff,0xff,0xff,0xff,0xff,0xff,0xff,0xff,0xff,0xff,0xff,0xff,0xff,0x7f,0xe7,0x9f,0xef,0xff,0xff,0xdf,0xf7,0xdf,0xf7,
  0xdf,0xf7,0xdf,0xf7,0xdf,0xf7,0xdf,0xf7,0xdf,0xf7,0xbf,0xf7,0xff,0xf7,0xbb,0xd6,0xc5,0x08,0xc6,0x00,0x07,0x09,0xe7,0x08,
  0xe6,0x08,0xe6,0x08,0xe7,0x08,0x06,0x09,0xe6,0x08,0xe6,0x08,0xe6,0x08,0xe6,0x08,0x07,0x09,0x28,0x09,0x07,0x09,0x07,0x09,
  0x07,0x09,0x07,0x09,0x07,0x09,0x06,0x09,0xe6,0x08,0x84,0x08,0x18,0xbe,0xff,0xff,0xdf,0xff,0xff,0xff,0xff,0xff,0xdf,0xff,
  0xdf,0xff,0xdf,0xf7,0xdf,0xf7,0xdf,0xf7,0xdf,0xf7,0xdf,0xf7,0xdf,0xf7,0xdf,0xf7,0xdf,0xf7,0xdf,0xf7,0xdf,0xf7,0xbf,0xf7,
  0xdf,0xf7,0xbf,0xf7,0xbf,0xf7,0xdf,0xf7,0xdf,0xf7,0xdf,0xf7,0xdf,0xf7,0xdf,0xf7,0xdf,0xf7,0xdf,0xf7,0xdf,0xf7,0xdf,0xf7,
  0xdf,0xf7,0xdf,0xff,0xff,0xff,0xff,0xff,0xff,0xff,0xff,0xff,0xdf,0xff,0xff,0xff,0xff,0xff,0x15,0x9d,0x64,0x00,0x6b,0x09,
  0xd9,0x03,0xff,0x8f,0xff,0x66,0x9a,0x03,0x8d,0x01,0x07,0x01,0x4a,0x01,0x75,0x02,0x5f,0x46,0xff,0x7f,0x19,0x0c,0x4a,0x01,
  0x22,0x00,0x15,0x9d,0xff,0xff,0xff,0xff,0xdf,0xff,0xff,0xff,0xff,0xff,0xff,0xff,0xff,0xff,0xff,0xff,0xff,0xff,0xff,0xff,
  0xdf,0xff,0xff,0xff,0xdf,0xff,0xff,0xff,0xdf,0xff,0xff,0xff,0xff,0xff,0xff,0xff,0xff,0xff,0xff,0xff,0xff,0xff,0xff,0xff,
  0xff,0xff,0xdf,0xff,0x9f,0xe7,0xff,0xff,0xff,0xff,0xff,0xff,0xff,0xff,0xff,0xff,0xff,0xff,0xff,0xff,0x7f,0xe7,0xff,0xff,
  0xff,0xff,0xff,0xff,0xff,0xff,0xff,0xff,0xff,0xff,0xff,0xff,0xff,0xff,0xff,0xff,0xff,0xff,0xff,0xff,0xff,0xff,0xff,0xff,
  0xff,0xff,0xff,0xff,0xff,0xff,0xff,0xff,0xff,0xff,0xff,0xff,0xff,0xff,0xff,0xff,0xff,0xff,0xff,0xff,0xff,0xff,0xff,0xff,
  0xff,0xff,0xff,0xff,0xff,0xff,0xff,0xff,0xff,0xff,0xff,0xff,0xff,0xff,0xff,0xff,0xff,0xff,0xff,0xff,0xff,0xff,0xff,0xff,
  0xff,0xff,0xff,0xff,0xff,0xff,0xff,0xff,0xff,0xff,0xff,0xff,0xff,0xff,0xff,0xff,0xff,0xff,0xff,0xff,0xff,0xff,0xff,0xff,
  0xff,0xff,0xff,0xff,0xff,0xff,0xff,0xff,0xff,0xff,0xff,0xff,0xff,0xff,0xff,0xff,0xff,0xff,0xff,0xff,0xff,0xff,0xff,0xff,
  0xff,0xff,0xff,0xff,0xff,0xff,0xff,0xff,0xff,0xff,0xff,0xff,0xff,0xff,0xff,0xff,0xff,0xff,0xff,0xff,0xff,0xff,0xff,0xff,
  0xff,0xff,0xff,0xff,0xff,0xff,0xff,0xff,0xff,0xff,0xff,0xff,0xff,0xff,0xff,0xff,0xff,0xff,0xff,0xff,0xff,0xff,0xff,0xff,
  0xff,0xff,0xff,0xff,0xff,0xff,0xff,0xff,0xff,0xff,0xff,0xff,0xff,0xff,0xff,0xff,0xff,0xff,0xff,0xff,0xff,0xff,0xff,0xff,
  0xff,0xff,0xff,0xff,0xff,0xff,0xff,0xff,0xff,0xff,0xff,0xff,0xff,0xff,0xff,0xff,0xff,0xff,0xff,0xff,0xff,0xff,0xff,0xff,
  0xff,0xff,0xff,0xff,0xff,0xff,0xff,0xff,0xff,0xff,0xff,0xff,0xff,0xff,0xff,0xff,0xff,0xff,0xff,0xff,0xff,0xff,0xff,0xff,
  0xff,0xff,0xff,0xff,0xff,0xff,0xff,0xff,0xff,0xff,0xff,0xff,0xff,0xff,0xff,0xff,0xff,0xff,0xff,0xff,0xff,0xff,0xff,0xff,
  0xff,0xff,0xff,0xff,0xff,0xff,0xff,0xff,0xff,0xff,0xff,0xff,0xff,0xff,0xff,0xff,0xff,0xff,0xff,0xff,0xff,0xff,0xff,0xff,
  0xff,0xff,0xff,0xff,0xff,0xff,0xff,0xff,0xff,0xff,0xff,0xff,0xff,0xff,0xff,0xff,0xff,0xff,0xff,0xff,0xff,0xff,0xff,0xff,
  0xff,0xff,0xff,0xff,0xff,0xff,0xff,0xff,0xff,0xff,0xff,0xff,0xff,0xff,0xff,0xff,0xff,0xff,0xff,0xff,0xff,0xff,0xff,0xff,
  0xff,0xff,0xff,0xff,0xff,0xff,0xff,0xff,0xff,0xff,0xff,0xff,0xff,0xff,0xff,0xff,0xff,0xff,0xff,0xff,0xff,0xff,0xff,0xff,
  0xff,0xff,0xff,0xff,0xff,0xff,0xff,0xff,0xff,0xff,0x3f,0xc7,0xdf,0xae,0xff,0xff,0xff,0xff,0xff,0xff,0xff,0xff,0xff,0xff,
  0xff,0xff,0xff,0xff,0xdf,0xff,0x5f,0xdf,0xdf,0xff,0xdf,0xff,0xdf,0xff,0xdf,0xf7,0xdf,0xf7,0xdf,0xf7,0xdf,0xf7,0xdf,0xf7,
  0xdf,0xff,0xdf,0xf7,0xdf,0xff,0x4a,0x42,0x44,0x00,0x07,0x09,0x08,0x01,0x28,0x01,0x28,0x01,0x28,0x01,0x08,0x01,0x07,0x01,
  0x07,0x09,0x07,0x09,0x07,0x09,0x06,0x09,0x28,0x09,0x28,0x09,0x07,0x09,0x07,0x09,0x07,0x09,0xe6,0x08,0xe6,0x08,0x07,0x09,
  0x64,0x00,0xd4,0x94,0xff,0xff,0xdf,0xf7,0xff,0xff,0xff,0xff,0xdf,0xff,0xdf,0xff,0xdf,0xf7,0xdf,0xf7,0xdf,0xf7,0xdf,0xf7,
  0xdf,0xf7,0xdf,0xf7,0xdf,0xf7,0xdf,0xf7,0xdf,0xf7,0xdf,0xf7,0xdf,0xf7,0xbf,0xf7,0xbf,0xf7,0xbf,0xf7,0xbf,0xf7,0xbf,0xf7,
  0xbf,0xf7,0xdf,0xf7,0xdf,0xf7,0xdf,0xf7,0xdf,0xf7,0xdf,0xf7,0xdf,0xf7,0xdf,0xf7,0xdf,0xf7,0xdf,0xff,0xdf,0xff,0xdf,0xff,
  0xff,0xff,0xff,0xff,0xff,0xff,0xff,0xff,0xff,0xff,0xfb,0xde,0xa5,0x08,0x07,0x01,0x11,0x02,0xfe,0x2d,0xff,0xb7,0xff,0x6e,
  0x5b,0x14,0x16,0x03,0xd8,0x13,0x3e,0x4e,0xff,0x87,0xff,0x35,0x52,0x02,0xe7,0x00,0x06,0x11,0x5d,0xe7,0xfb,0x95,0xdc,0xd6,
  0xff,0xff,0xff,0xff,0xdf,0xff,0xff,0xff,0xff,0xff,0xff,0xff,0xff,0xff,0xff,0xff,0xff,0xff,0xff,0xff,0xff,0xff,0xff,0xff,
  0xff,0xff,0xff,0xff,0xff,0xff,0xff,0xff,0xff,0xff,0xff,0xff,0xff,0xff,0xff,0xff,0xff,0xff,0xff,0xff,0x9f,0xef,0xff,0xff,
  0xff,0xff,0xff,0xff,0xff,0xff,0xff,0xff,0xff,0xff,0xff,0xff,0x9f,0xe7,0xdf,0xf7,0xff,0xff,0xff,0xff,0xff,0xff,0xff,0xff,
  0xff,0xff,0xff,0xff,0xff,0xff,0xff,0xff,0xff,0xff,0xff,0xff,0xff,0xff,0xff,0xff,0xff,0xff,0xff,0xff,0xff,0xff,0xff,0xff,
  0xff,0xff,0xff,0xff,0xff,0xff,0xff,0xff,0xff,0xff,0xff,0xff,0xff,0xff,0xff,0xff,0xff,0xff,0xff,0xff,0xff,0xff,0xff,0xff,
  0xff,0xff,0xff,0xff,0xff,0xff,0xff,0xff,0xff,0xff,0xff,0xff,0xff,0xff,0xff,0xff,0xff,0xff,0xff,0xff,0xff,0xff,0xff,0xff,
  0xff,0xff,0xff,0xff,0xff,0xff,0xff,0xff,0xff,0xff,0xff,0xff,0xff,0xff,0xff,0xff,0xff,0xff,0xff,0xff,0xff,0xff,0xff,0xff,
  0xff,0xff,0xff,0xff,0xff,0xff,0xff,0xff,0xff,0xff,0xff,0xff,0xff,0xff,0xff,0xff,0xff,0xff,0xff,0xff,0xff,0xff,0xff,0xff,
  0xff,0xff,0xff,0xff,0xff,0xff,0xff,0xff,0xff,0xff,0xff,0xff,0xff,0xff,0xff,0xff,0xff,0xff,0xff,0xff,0xff,0xff,0xff,0xff,
  0xff,0xff,0xff,0xff,0xff,0xff,0xff,0xff,0xff,0xff,0xff,0xff,0xff,0xff,0xff,0xff,0xff,0xff,0xff,0xff,0xff,0xff,0xff,0xff,
  0xff,0xff,0xff,0xff,0xff,0xff,0xff,0xff,0xff,0xff,0xff,0xff,0xff,0xff,0xff,0xff,0xff,0xff,0xff,0xff,0xff,0xff,0xff,0xff,
  0xff,0xff,0xff,0xff,0xff,0xff,0xff,0xff,0xff,0xff,0xff,0xff,0xff,0xff,0xff,0xff,0xff,0xff,0xff,0xff,0xff,0xff,0xff,0xff,
  0xff,0xff,0xff,0xff,0xff,0xff,0xff,0xff,0xff,0xff,0xff,0xff,0xff,0xff,0xff,0xff,0xff,0xff,0xff,0xff,0xff,0xff,0xff,0xff,
  0xff,0xff,0xff,0xff,0xff,0xff,0xff,0xff,0xff,0xff,0xff,0xff,0xff,0xff,0xff,0xff,0xff,0xff,0xff,0xff,0xff,0xff,0xff,0xff,
  0xff,0xff,0xff,0xff,0xff,0xff,0xff,0xff,0xff,0xff,0xff,0xff,0xff,0xff,0xff,0xff,0xff,0xff,0xff,0xff,0xff,0xff,0xff,0xff,
  0xff,0xff,0xff,0xff,0xff,0xff,0xff,0xff,0xff,0xff,0xff,0xff,0xff,0xff,0xff,0xff,0xff,0xff,0xff,0xff,0xff,0xff,0xff,0xff,
  0xff,0xff,0xff,0xff,0xff,0xff,0xff,0xff,0xff,0xff,0xff,0xff,0xff,0xff,0xff,0xff,0xff,0xff,0xff,0xff,0xff,0xff,0xff,0xff,
  0xff,0xff,0xff,0xff,0xff,0xff,0xff,0xff,0xff,0xff,0xff,0xff,0xff,0xff,0xff,0xff,0xff,0xff,0xff,0xff,0xff,0xff,0xff,0xff,
  0xff,0xff,0xbf,0xa6,0x7f,0xd7,0xff,0xff,0xff,0xff,0xff,0xff,0xff,0xff,0xff,0xff,0xff,0xff,0xff,0xff,0x9f,0xef,0x9f,0xe7,
  0xff,0xff,0xdf,0xff,0xdf,0xff,0xdf,0xff,0xdf,0xf7,0xdf,0xf7,0xdf,0xff,0xdf,0xf7,0xdf,0xf7,0xff,0xff,0xf5,0x9c,0x44,0x00,
  0x48,0x09,0x6a,0x01,0xab,0x01,0xac,0x01,0xcc,0x01,0xcc,0x01,0xac,0x01,0x8b,0x01,0x49,0x01,0x28,0x01,0x07,0x09,0x28,0x09,
  0x49,0x09,0x28,0x09,0x07,0x09,0x07,0x09,0xe6,0x08,0xe6,0x08,0xe6,0x08,0x64,0x00,0xed,0x52,0xff,0xff,0xdf,0xff,0xff,0xff,
  0xff,0xff,0xdf,0xff,0xdf,0xff,0xdf,0xf7,0xdf,0xf7,0xdf,0xf7,0xdf,0xf7,0xdf,0xf7,0xdf,0xf7,0xdf,0xf7,0xdf,0xf7,0xbf,0xf7,
  0xbf,0xf7,0xbf,0xf7,0xbf,0xf7,0xbf,0xf7,0xbf,0xf7,0xbf,0xf7,0xbf,0xf7,0xbf,0xf7,0xbf,0xf7,0xbf,0xf7,0xbf,0xf7,0xdf,0xf7,
  0xdf,0xf7,0xdf,0xf7,0xdf,0xf7,0xdf,0xf7,0xdf,0xf7,0xdf,0xf7,0xdf,0xf7,0xdf,0xff,0xdf,0xff,0xff,0xff,0xff,0xff,0xff,0xff,
  0xdf,0xff,0xff,0xff,0x0d,0x5b,0x44,0x00,0x8b,0x09,0xd5,0x02,0x1e,0x36,0xff,0x7f,0xff,0x87,0xdf,0x87,0xff,0x7f,0xff,0x67,
  0x9d,0x25,0x94,0x02,0xab,0x09,0x65,0x00,0xb4,0x94,0x7f,0xcf,0x51,0x02,0x49,0x11,0xb0,0x6b,0xfb,0xde,0xff,0xff,0xff,0xff,
  0xff,0xff,0xff,0xff,0xff,0xff,0xff,0xff,0xff,0xff,0xff,0xff,0xff,0xff,0xff,0xff,0xff,0xff,0xff,0xff,0xff,0xff,0xff,0xff,
  0xff,0xff,0xff,0xff,0xff,0xff,0xff,0xff,0xff,0xff,0xff,0xff,0xbf,0xef,0xbf,0xef,0xff,0xff,0xff,0xff,0xff,0xff,0xff,0xff,
  0xff,0xff,0xff,0xff,0xbf,0xf7,0x9f,0xe7,0xff,0xff,0xff,0xff,0xff,0xff,0xff,0xff,0xff,0xff,0xff,0xff,0xff,0xff,0xff,0xff,
  0xff,0xff,0xff,0xff,0xff,0xff,0xff,0xff,0xff,0xff,0xff,0xff,0xff,0xff,0xff,0xff,0xff,0xff,0xff,0xff,0xff,0xff,0xff,0xff,
  0xff,0xff,0xff,0xff,0xff,0xff,0xff,0xff,0xff,0xff,0xff,0xff,0xff,0xff,0xff,0xff,0xff,0xff,0xff,0xff,0xff,0xff,0xff,0xff,
  0xff,0xff,0xff,0xff,0xff,0xff,0xff,0xff,0xff,0xff,0xff,0xff,0xff,0xff,0xff,0xff,0xff,0xff,0xff,0xff,0xff,0xff,0xff,0xff,
  0xff,0xff,0xff,0xff,0xff,0xff,0xff,0xff,0xff,0xff,0xff,0xff,0xff,0xff,0xff,0xff,0xff,0xff,0xff,0xff,0xff,0xff,0xff,0xff,
  0xff,0xff,0xff,0xff,0xff,0xff,0xff,0xff,0xff,0xff,0xff,0xff,0xff,0xff,0xff,0xff,0xff,0xff,0xff,0xff,0xff,0xff,0xff,0xff,
  0xff,0xff,0xff,0xff,0xff,0xff,0xff,0xff,0xff,0xff,0xff,0xff,0xff,0xff,0xff,0xff,0xff,0xff,0xff,0xff,0xff,0xff,0xff,0xff,
  0xff,0xff,0xff,0xff,0xff,0xff,0xff,0xff,0xff,0xff,0xff,0xff,0xff,0xff,0xff,0xff,0xff,0xff,0xff,0xff,0xff,0xff,0xff,0xff,
  0xff,0xff,0xff,0xff,0xff,0xff,0xff,0xff,0xff,0xff,0xff,0xff,0xff,0xff,0xff,0xff,0xff,0xff,0xff,0xff,0xff,0xff,0xff,0xff,
  0xff,0xff,0xff,0xff,0xff,0xff,0xff,0xff,0xff,0xff,0xff,0xff,0xff,0xff,0xff,0xff,0xff,0xff,0xff,0xff,0xff,0xff,0xff,0xff,
  0xff,0xff,0xff,0xff,0xff,0xff,0xff,0xff,0xff,0xff,0xff,0xff,0xff,0xff,0xff,0xff,0xff,0xff,0xff,0xff,0xff,0xff,0xff,0xff,
  0xff,0xff,0xff,0xff,0xff,0xff,0xff,0xff,0xff,0xff,0xff,0xff,0xff,0xff,0xff,0xff,0xff,0xff,0xff,0xff,0xff,0xff,0xff,0xff,
  0xff,0xff,0xff,0xff,0xff,0xff,0xff,0xff,0xff,0xff,0xff,0xff,0xff,0xff,0xff,0xff,0xff,0xff,0xff,0xff,0xff,0xff,0xff,0xff,
  0xff,0xff,0xff,0xff,0xff,0xff,0xff,0xff,0xff,0xff,0xff,0xff,0xff,0xff,0xff,0xff,0xff,0xff,0xff,0xff,0xff,0xff,0xff,0xff,
  0xff,0xff,0xff,0xff,0xff,0xff,0xff,0xff,0xff,0xff,0xff,0xff,0xff,0xff,0xff,0xff,0xff,0xff,0xff,0xff,0xff,0xff,0xff,0xff,
  0xff,0xff,0xff,0xff,0xff,0xff,0xff,0xff,0xff,0xff,0xff,0xff,0xff,0xff,0xff,0xff,0xbf,0xe7,0x7f,0x96,0xdf,0xf7,0xff,0xff,
  0xff,0xff,0xff,0xff,0xff,0xff,0xff,0xff,0xff,0xff,0xff,0xff,0x7f,0xdf,0xdf,0xf7,0xff,0xff,0xdf,0xff,0xdf,0xff,0xdf,0xf7,
  0xdf,0xf7,0xdf,0xff,0xdf,0xf7,0xdf,0xf7,0xff,0xff,0x5d,0xef,0xab,0x19,0xac,0x01,0x2f,0x02,0x71,0x02,0xb4,0x02,0xd5,0x02,
  0xb5,0x02,0x94,0x02,0x94,0x02,0x73,0x02,0x30,0x02,0xcc,0x01,0x6a,0x09,0x8a,0x09,0x49,0x09,0x28,0x09,0x27,0x09,0x07,0x09,
  0xe6,0x08,0xe6,0x08,0xa5,0x00,0xe5,0x10,0x1c,0xe7,0xff,0xff,0xff,0xff,0xff,0xff,0xdf,0xff,0xdf,0xff,0xdf,0xf7,0xdf,0xf7,
  0xdf,0xf7,0xdf,0xf7,0xdf,0xf7,0xdf,0xf7,0xdf,0xf7,0xbf,0xf7,0xbf,0xf7,0xbf,0xf7,0xbf,0xf7,0xbf,0xf7,0xbf,0xf7,0xbf,0xf7,
  0xbf,0xf7,0xbf,0xf7,0xbf,0xf7,0xbf,0xf7,0xbf,0xf7,0xbf,0xf7,0xbf,0xf7,0xbf,0xf7,0xbf,0xf7,0xdf,0xf7,0xdf,0xf7,0xdf,0xf7,
  0xdf,0xf7,0xdf,0xf7,0xdf,0xf7,0xdf,0xf7,0xdf,0xff,0xff,0xff,0xff,0xff,0xff,0xff,0xff,0xff,0xff,0xff,0x1c,0xdf,0x47,0x19,
  0xc7,0x00,0x8b,0x09,0x31,0x02,0xd8,0x03,0x7c,0x25,0x1d,0x36,0x5c,0x25,0x98,0x03,0x10,0x02,0x49,0x09,0x23,0x00,0xac,0x4a,
  0xff,0xff,0x37,0x3c,0xad,0x01,0x07,0x09,0x85,0x00,0x48,0x11,0xf1,0x73,0xdb,0xde,0xff,0xff,0xff,0xff,0xff,0xff,0xff,0xff,
  0xff,0xff,0xdf,0xff,0xff,0xff,0xff,0xff,0xff,0xff,0xff,0xff,0xff,0xff,0xff,0xff,0xff,0xff,0xff,0xff,0xff,0xff,0xff,0xff,
  0xff,0xff,0xff,0xff,0xdf,0xff,0x9f,0xe7,0xff,0xff,0xff,0xff,0xff,0xff,0xff,0xff,0xff,0xff,0xff,0xff,0xff,0xff,0x7f,0xdf,
  0xff,0xff,0xff,0xff,0xff,0xff,0xff,0xff,0xff,0xff,0xff,0xff,0xff,0xff,0xff,0xff,0xff,0xff,0xff,0xff,0xff,0xff,0xff,0xff,
  0xff,0xff,0xff,0xff,0xff,0xff,0xff,0xff,0xff,0xff,0xff,0xff,0xff,0xff,0xff,0xff,0xff,0xff,0xff,0xff,0xff,0xff,0xff,0xff,
  0xff,0xff,0xff,0xff,0xff,0xff,0xff,0xff,0xff,0xff,0xff,0xff,0xff,0xff,0xff,0xff,0xff,0xff,0xff,0xff,0xff,0xff,0xff,0xff,
  0xff,0xff,0xff,0xff,0xff,0xff,0xff,0xff,0xff,0xff,0xff,0xff,0xff,0xff,0xff,0xff,0xff,0xff,0xff,0xff,0xff,0xff,0xff,0xff,
  0xff,0xff,0xff,0xff,0xff,0xff,0xff,0xff,0xff,0xff,0xff,0xff,0xff,0xff,0xff,0xff,0xff,0xff,0xff,0xff,0xff,0xff,0xff,0xff,
  0xff,0xff,0xff,0xff,0xff,0xff,0xff,0xff,0xff,0xff,0xff,0xff,0xff,0xff,0xff,0xff,0xff,0xff,0xff,0xff,0xff,0xff,0xff,0xff,
  0xff,0xff,0xff,0xff,0xff,0xff,0xff,0xff,0xff,0xff,0xff,0xff,0xff,0xff,0xff,0xff,0xff,0xff,0xff,0xff,0xff,0xff,0xff,0xff,
  0xff,0xff,0xff,0xff,0xff,0xff,0xff,0xff,0xff,0xff,0xff,0xff,0xff,0xff,0xff,0xff,0xff,0xff,0xff,0xff,0xff,0xff,0xff,0xff,
  0xff,0xff,0xff,0xff,0xff,0xff,0xff,0xff,0xff,0xff,0xff,0xff,0xff,0xff,0xff,0xff,0xff,0xff,0xff,0xff,0xff,0xff,0xff,0xff,
  0xff,0xff,0xff,0xff,0xff,0xff,0xff,0xff,0xff,0xff,0xff,0xff,0xff,0xff,0xff,0xff,0xff,0xff,0xff,0xff,0xff,0xff,0xff,0xff,
  0xff,0xff,0xff,0xff,0xff,0xff,0xff,0xff,0xff,0xff,0xff,0xff,0xff,0xff,0xff,0xff,0xff,0xff,0xff,0xff,0xff,0xff,0xff,0xff,
  0xff,0xff,0xff,0xff,0xff,0xff,0xff,0xff,0xff,0xff,0xff,0xff,0xff,0xff,0xff,0xff,0xff,0xff,0xff,0xff,0xff,0xff,0xff,0xff,
  0xff,0xff,0xff,0xff,0xff,0xff,0xff,0xff,0xff,0xff,0xff,0xff,0xff,0xff,0xff,0xff,0xff,0xff,0xff,0xff,0xff,0xff,0xff,0xff,
  0xff,0xff,0xff,0xff,0xff,0xff,0xff,0xff,0xff,0xff,0xff,0xff,0xff,0xff,0xff,0xff,0xff,0xff,0xff,0xff,0xff,0xff,0xff,0xff,
  0xff,0xff,0xff,0xff,0xff,0xff,0xff,0xff,0xff,0xff,0xff,0xff,0xff,0xff,0xff,0xff,0xff,0xff,0xff,0xff,0xff,0xff,0xff,0xff,
  0xff,0xff,0xff,0xff,0xff,0xff,0xff,0xff,0x1f,0xc7,0xbf,0xae,0xff,0xff,0xff,0xff,0xff,0xff,0xff,0xff,0xff,0xff,0xff,0xff,
  0xff,0xff,0xdf,0xf7,0x7f,0xdf,0xff,0xff,0xff,0xff,0xdf,0xff,0xdf,0xff,0xdf,0xff,0xdf,0xf7,0xdf,0xf7,0xdf,0xff,0xbf,0xf7,
  0xff,0xff,0x54,0x74,0xae,0x01,0x16,0x03,0xb9,0x0b,0xbc,0x34,0xde,0x5d,0x5f,0x7e,0x7f,0x7e,0x3e,0x76,0x9d,0x5d,0xbb,0x34,
  0xb9,0x0b,0x73,0x02,0x10,0x02,0x0f,0x02,0xab,0x01,0x49,0x09,0x28,0x09,0x07,0x09,0xe6,0x08,0xe6,0x08,0x23,0x00,0x93,0x8c,
  0xff,0xff,0xdf,0xf7,0xff,0xff,0xff,0xff,0xdf,0xff,0xdf,0xf7,0xdf,0xf7,0xdf,0xf7,0xdf,0xf7,0xdf,0xf7,0xdf,0xf7,0xbf,0xf7,
  0xbf,0xf7,0xbf,0xf7,0xbf,0xf7,0xbf,0xf7,0xbf,0xf7,0xbf,0xf7,0xbf,0xf7,0xbf,0xf7,0xbf,0xf7,0xbf,0xf7,0xbf,0xf7,0xbf,0xf7,
  0xbf,0xf7,0xbf,0xf7,0xbf,0xf7,0xbf,0xf7,0xbf,0xf7,0xbf,0xf7,0xdf,0xf7,0xdf,0xf7,0xdf,0xf7,0xdf,0xf7,0xdf,0xf7,0xdf,0xf7,
  0xdf,0xff,0xff,0xff,0xff,0xff,0xff,0xff,0xff,0xff,0xdf,0xff,0xff,0xff,0x9a,0xce,0x48,0x21,0x44,0x00,0x07,0x09,0x6b,0x09,
  0xcf,0x01,0xf0,0x01,0xae,0x01,0x4a,0x01,0xe7,0x00,0x23,0x00,0x8b,0x4a,0xdf,0xff,0x9b,0x75,0x10,0x02,0x6a,0x01,0x28,0x09,
  0x48,0x11,0x28,0x11,0xc7,0x00,0xc6,0x08,0x72,0x8c,0xff,0xff,0xdf,0xff,0xff,0xff,0xff,0xff,0xff,0xff,0xff,0xff,0xff,0xff,
  0xff,0xff,0xff,0xff,0xff,0xff,0xff,0xff,0xff,0xff,0xff,0xff,0xff,0xff,0xff,0xff,0xff,0xff,0xff,0xff,0xff,0xff,0x9f,0xe7,
  0xff,0xff,0xff,0xff,0xff,0xff,0xff,0xff,0xff,0xff,0xff,0xff,0xff,0xff,0x7f,0xe7,0xdf,0xf7,0xff,0xff,0xff,0xff,0xff,0xff,
  0xff,0xff,0xff,0xff,0xff,0xff,0xff,0xff,0xff,0xff,0xff,0xff,0xff,0xff,0xff,0xff,0xff,0xff,0xff,0xff,0xff,0xff,0xff,0xff,
  0xff,0xff,0xff,0xff,0xff,0xff,0xff,0xff,0xff,0xff,0xff,0xff,0xff,0xff,0xff,0xff,0xff,0xff,0xff,0xff,0xff,0xff,0xff,0xff,
  0xff,0xff,0xff,0xff,0xff,0xff,0xff,0xff,0xff,0xff,0xff,0xff,0xff,0xff,0xff,0xff,0xff,0xff,0xff,0xff,0xff,0xff,0xff,0xff,
  0xff,0xff,0xff,0xff,0xff,0xff,0xff,0xff,0xff,0xff,0xff,0xff,0xff,0xff,0xff,0xff,0xff,0xff,0xff,0xff,0xff,0xff,0xff,0xff,
  0xff,0xff,0xff,0xff,0xff,0xff,0xff,0xff,0xff,0xff,0xff,0xff,0xff,0xff,0xff,0xff,0xff,0xff,0xff,0xff,0xff,0xff,0xff,0xff,
  0xff,0xff,0xff,0xff,0xff,0xff,0xff,0xff,0xff,0xff,0xff,0xff,0xff,0xff,0xff,0xff,0xff,0xff,0xff,0xff,0xff,0xff,0xff,0xff,
  0xff,0xff,0xff,0xff,0xff,0xff,0xff,0xff,0xff,0xff,0xff,0xff,0xff,0xff,0xff,0xff,0xff,0xff,0xff,0xff,0xff,0xff,0xff,0xff,
  0xff,0xff,0xff,0xff,0xff,0xff,0xff,0xff,0xff,0xff,0xff,0xff,0xff,0xff,0xff,0xff,0xff,0xff,0xff,0xff,0xff,0xff,0xff,0xff,
  0xff,0xff,0xff,0xff,0xff,0xff,0xff,0xff,0xff,0xff,0xff,0xff,0xff,0xff,0xff,0xff,0xff,0xff,0xff,0xff,0xff,0xff,0xff,0xff,
  0xff,0xff,0xff,0xff,0xff,0xff,0xff,0xff,0xff,0xff,0xff,0xff,0xff,0xff,0xff,0xff,0xff,0xff,0xff,0xff,0xff,0xff,0xff,0xff,
  0xff,0xff,0xff,0xff,0xff,0xff,0xff,0xff,0xff,0xff,0xff,0xff,0xff,0xff,0xff,0xff,0xff,0xff,0xff,0xff,0xff,0xff,0xff,0xff,
  0xff,0xff,0xff,0xff,0xff,0xff,0xff,0xff,0xff,0xff,0xff,0xff,0xff,0xff,0xff,0xff,0xff,0xff,0xff,0xff,0xff,0xff,0xff,0xff,
  0xff,0xff,0xff,0xff,0xff,0xff,0xff,0xff,0xff,0xff,0xff,0xff,0xff,0xff,0xff,0xff,0xff,0xff,0xff,0xff,0xff,0xff,0xff,0xff,
  0xff,0xff,0xff,0xff,0xff,0xff,0xff,0xff,0xff,0xff,0xff,0xff,0xff,0xff,0xff,0xff,0xff,0xff,0xff,0xff,0xff,0xff,0xff,0xff,
  0xff,0xff,0xff,0xff,0xff,0xff,0xff,0xff,0xff,0xff,0xff,0xff,0xff,0xff,0xff,0xff,0xff,0xff,0xff,0xff,0xff,0xff,0xff,0xff,
  0xbf,0xa6,0x5f,0xcf,0xff,0xff,0xff,0xff,0xff,0xff,0xff,0xff,0xff,0xff,0xff,0xff,0xff,0xff,0x9f,0xe7,0x9f,0xef,0xff,0xff,
  0xdf,0xff,0xdf,0xff,0xdf,0xff,0xdf,0xf7,0xdf,0xf7,0xdf,0xf7,0xdf,0xf7,0xff,0xff,0xdc,0xd6,0xcf,0x01,0xd7,0x23,0x3e,0x7e,
  0xbf,0xbf,0xff,0xcf,0x9e,0xcf,0x5d,0xcf,0x1c,0xc7,0x5d,0xbf,0xdf,0xcf,0xff,0xd7,0xdf,0xcf,0x3d,0x86,0x5a,0x2c,0xf6,0x02,
  0x50,0x02,0xab,0x01,0x28,0x01,0x07,0x09,0xe6,0x08,0x84,0x00,0xa8,0x29,0xbe,0xf7,0xdf,0xff,0xdf,0xff,0xdf,0xff,0xdf,0xff,
  0xdf,0xf7,0xdf,0xf7,0xdf,0xf7,0xdf,0xf7,0xdf,0xf7,0xdf,0xf7,0xbf,0xf7,0xbf,0xf7,0xbf,0xf7,0xbf,0xf7,0xbf,0xf7,0xbf,0xf7,
  0xbf,0xf7,0xbf,0xf7,0xbf,0xf7,0xbf,0xf7,0xbf,0xf7,0xbf,0xf7,0xbf,0xf7,0xbf,0xf7,0xbf,0xf7,0xbf,0xf7,0xbf,0xf7,0xbf,0xf7,
  0xbf,0xf7,0xbf,0xf7,0xdf,0xf7,0xbf,0xf7,0xdf,0xf7,0xdf,0xf7,0xdf,0xf7,0xdf,0xf7,0xdf,0xf7,0xdf,0xff,0xdf,0xff,0xff,0xff,
  0xff,0xff,0xff,0xff,0xff,0xff,0xff,0xff,0x7d,0xef,0x2e,0x63,0x84,0x00,0x23,0x00,0x64,0x00,0xa6,0x00,0x64,0x00,0x43,0x00,
  0x47,0x21,0xb3,0x94,0x7e,0xe7,0xd8,0x5c,0x30,0x02,0xcc,0x09,0x08,0x01,0x07,0x09,0x48,0x11,0x28,0x11,0x48,0x19,0xa4,0x00,
  0x26,0x19,0x9e,0xf7,0xff,0xff,0xff,0xff,0xff,0xff,0xff,0xff,0xff,0xff,0xdf,0xff,0xff,0xff,0xff,0xff,0xff,0xff,0xff,0xff,
  0xff,0xff,0xff,0xff,0xff,0xff,0xff,0xff,0xff,0xff,0xff,0xff,0xff,0xff,0xbf,0xef,0xbf,0xf7,0xff,0xff,0xff,0xff,0xff,0xff,
  0xff,0xff,0xff,0xff,0xff,0xff,0x9f,0xef,0xbf,0xef,0xff,0xff,0xff,0xff,0xff,0xff,0xff,0xff,0xff,0xff,0xff,0xff,0xff,0xff,
  0xff,0xff,0xff,0xff,0xff,0xff,0xff,0xff,0xff,0xff,0xff,0xff,0xff,0xff,0xff,0xff,0xff,0xff,0xff,0xff,0xff,0xff,0xff,0xff,
  0xff,0xff,0xff,0xff,0xff,0xff,0xff,0xff,0xff,0xff,0xff,0xff,0xff,0xff,0xff,0xff,0xff,0xff,0xff,0xff,0xff,0xff,0xff,0xff,
  0xff,0xff,0xff,0xff,0xff,0xff,0xff,0xff,0xff,0xff,0xff,0xff,0xff,0xff,0xff,0xff,0xff,0xff,0xff,0xff,0xff,0xff,0xff,0xff,
  0xff,0xff,0xff,0xff,0xff,0xff,0xff,0xff,0xff,0xff,0xff,0xff,0xff,0xff,0xff,0xff,0xff,0xff,0xff,0xff,0xff,0xff,0xff,0xff,
  0xff,0xff,0xff,0xff,0xff,0xff,0xff,0xff,0xff,0xff,0xff,0xff,0xff,0xff,0xff,0xff,0xff,0xff,0xff,0xff,0xff,0xff,0xff,0xff,
  0xff,0xff,0xff,0xff,0xff,0xff,0xff,0xff,0xff,0xff,0xff,0xff,0xff,0xff,0xff,0xff,0xff,0xff,0xff,0xff,0xff,0xff,0xff,0xff,
  0xff,0xff,0xff,0xff,0xff,0xff,0xff,0xff,0xff,0xff,0xff,0xff,0xff,0xff,0xff,0xff,0xff,0xff,0xff,0xff,0xff,0xff,0xff,0xff,
  0xff,0xff,0xff,0xff,0xff,0xff,0xff,0xff,0xff,0xff,0xff,0xff,0xff,0xff,0xff,0xff,0xff,0xff,0xff,0xff,0xff,0xff,0xff,0xff,
  0xff,0xff,0xff,0xff,0xff,0xff,0xff,0xff,0xff,0xff,0xff,0xff,0xff,0xff,0xff,0xff,0xff,0xff,0xff,0xff,0xff,0xff,0xff,0xff,
  0xff,0xff,0xff,0xff,0xff,0xff,0xff,0xff,0xff,0xff,0xff,0xff,0xff,0xff,0xff,0xff,0xff,0xff,0xff,0xff,0xff,0xff,0xff,0xff,
  0xdf,0xff,0xff,0xff,0xff,0xff,0xff,0xff,0xff,0xff,0xff,0xff,0xff,0xff,0xff,0xff,0xff,0xff,0xff,0xff,0xff,0xff,0xff,0xff,
  0xff,0xff,0xff,0xff,0xff,0xff,0xff,0xff,0xff,0xff,0xff,0xff,0xff,0xff,0xff,0xff,0xff,0xff,0xff,0xff,0xff,0xff,0xff,0xff,
  0xff,0xff,0xff,0xff,0xff,0xff,0xff,0xff,0xff,0xff,0xff,0xff,0xff,0xff,0xff,0xff,0xff,0xff,0xff,0xff,0xff,0xff,0xff,0xff,
  0xff,0xff,0xff,0xff,0xff,0xff,0xff,0xff,0xff,0xff,0xff,0xff,0xff,0xff,0xff,0xff,0xff,0xff,0xff,0xff,0xff,0xff,0xff,0xff,
  0xff,0xff,0xff,0xff,0xff,0xff,0xff,0xff,0xff,0xff,0xff,0xff,0xff,0xff,0xdf,0xf7,0x7f,0x96,0xbf,0xef,0xff,0xff,0xff,0xff,
  0xff,0xff,0xff,0xff,0xff,0xff,0xff,0xff,0xff,0xff,0x5f,0xdf,0xdf,0xf7,0xff,0xff,0xff,0xff,0xdf,0xff,0xdf,0xf7,0xdf,0xff,
  0xdf,0xf7,0xdf,0xf7,0xdf,0xf7,0xff,0xff,0x57,0x6c,0xd9,0x5c,0xff,0xdf,0x9e,0xe7,0x35,0x95,0xac,0x42,0x67,0x19,0x27,0x11,
  0x07,0x09,0x47,0x11,0xea,0x29,0x6f,0x5b,0xd8,0xa5,0xff,0xe7,0xff,0xdf,0x1d,0x76,0x36,0x0b,0xef,0x01,0x8b,0x01,0x08,0x01,
  0x07,0x09,0x44,0x00,0x15,0x9d,0xff,0xff,0xdf,0xf7,0xff,0xff,0xdf,0xff,0xdf,0xff,0xdf,0xf7,0xdf,0xf7,0xdf,0xf7,0xdf,0xf7,
  0xdf,0xf7,0xbf,0xf7,0xbf,0xf7,0xbf,0xf7,0xdf,0xf7,0xbf,0xf7,0xbf,0xf7,0xbf,0xf7,0xbf,0xf7,0xbf,0xf7,0xbf,0xf7,0xbf,0xf7,
  0xbf,0xf7,0xbf,0xf7,0xbf,0xf7,0xbf,0xf7,0xbf,0xf7,0xbf,0xf7,0xbf,0xf7,0xbf,0xf7,0xbf,0xf7,0xbf,0xf7,0xbf,0xf7,0xbf,0xf7,
  0xdf,0xf7,0xbf,0xf7,0xdf,0xf7,0xdf,0xf7,0xdf,0xf7,0xdf,0xf7,0xdf,0xff,0xff,0xff,0xff,0xff,0xdf,0xff,0xff,0xff,0x52,0x7c,
  0xf2,0x73,0xff,0xff,0x1c,0xe7,0x14,0xa5,0xf0,0x7b,0x8f,0x6b,0x11,0x84,0x96,0xad,0x7e,0xef,0xff,0xff,0x1d,0xcf,0xf0,0x32,
  0xe7,0x00,0xa6,0x00,0x07,0x09,0x06,0x09,0x27,0x11,0x48,0x11,0x07,0x09,0xc5,0x08,0x64,0x00,0xb7,0xb5,0xff,0xff,0xff,0xff,
  0xff,0xff,0xff,0xff,0xff,0xff,0xff,0xff,0xdf,0xff,0xff,0xff,0xff,0xff,0xff,0xff,0xff,0xff,0xff,0xff,0xff,0xff,0xff,0xff,
  0xff,0xff,0xff,0xff,0xff,0xff,0xdf,0xf7,0x9f,0xef,0xff,0xff,0xff,0xff,0xff,0xff,0xff,0xff,0xff,0xff,0xff,0xff,0xbf,0xf7,
  0x9f,0xe7,0xff,0xff,0xff,0xff,0xff,0xff,0xff,0xff,0xff,0xff,0xff,0xff,0xff,0xff,0xff,0xff,0xff,0xff,0xdf,0xff,0xff,0xff,
  0xff,0xff,0xff,0xff,0xff,0xff,0xff,0xff,0xff,0xff,0xff,0xff,0xff,0xff,0xff,0xff,0xff,0xff,0xff,0xff,0xff,0xff,0xff,0xff,
  0xff,0xff,0xff,0xff,0xff,0xff,0xff,0xff,0xff,0xff,0xff,0xff,0xff,0xff,0xff,0xff,0xff,0xff,0xff,0xff,0xff,0xff,0xff,0xff,
  0xff,0xff,0xff,0xff,0xff,0xff,0xff,0xff,0xff,0xff,0xff,0xff,0xff,0xff,0xff,0xff,0xff,0xff,0xff,0xff,0xff,0xff,0xff,0xff,
  0xff,0xff,0xff,0xff,0xff,0xff,0xff,0xff,0xff,0xff,0xff,0xff,0xff,0xff,0xff,0xff,0xff,0xff,0xff,0xff,0xff,0xff,0xff,0xff,
  0xff,0xff,0xff,0xff,0xff,0xff,0xff,0xff,0xff,0xff,0xff,0xff,0xff,0xff,0xff,0xff,0xff,0xff,0xff,0xff,0xff,0xff,0xff,0xff,
  0xff,0xff,0xff,0xff,0xff,0xff,0xff,0xff,0xff,0xff,0xff,0xff,0xff,0xff,0xff,0xff,0xff,0xff,0xff,0xff,0xff,0xff,0xff,0xff,
  0xff,0xff,0xff,0xff,0xff,0xff,0xff,0xff,0xff,0xff,0xff,0xff,0xff,0xff,0xff,0xff,0xff,0xff,0xff,0xff,0xff,0xff,0xff,0xff,
  0xff,0xff,0xff,0xff,0xff,0xff,0xff,0xff,0xff,0xff,0xff,0xff,0xff,0xff,0xff,0xff,0xff,0xff,0xff,0xff,0xff,0xff,0xff,0xff,
  0xff,0xff,0xff,0xff,0xff,0xff,0xff,0xff,0xff,0xff,0xff,0xff,0xff,0xff,0xff,0xff,0xff,0xff,0xff,0xff,0xff,0xff,0xff,0xff,
  0xff,0xff,0xff,0xff,0xff,0xff,0xff,0xff,0xdf,0xff,0xdf,0xff,0xdf,0xff,0xff,0xff,0xff,0xff,0xff,0xff,0xff,0xff,0xff,0xff,
  0xff,0xff,0xff,0xff,0xff,0xff,0xff,0xff,0xff,0xff,0xff,0xff,0xff,0xff,0xff,0xff,0xff,0xff,0xff,0xff,0xff,0xff,0xff,0xff,
  0xff,0xff,0xff,0xff,0xff,0xff,0xff,0xff,0xff,0xff,0xff,0xff,0xff,0xff,0xff,0xff,0xff,0xff,0xff,0xff,0xff,0xff,0xff,0xff,
  0xff,0xff,0xff,0xff,0xff,0xff,0xff,0xff,0xff,0xff,0xff,0xff,0xff,0xff,0xff,0xff,0xff,0xff,0xff,0xff,0xff,0xff,0xff,0xff,
  0xff,0xff,0xff,0xff,0xff,0xff,0xff,0xff,0xff,0xff,0xff,0xff,0xff,0xff,0xff,0xff,0xff,0xff,0xff,0xff,0xff,0xff,0xff,0xff,
  0xff,0xff,0xff,0xff,0xff,0xff,0x5f,0xd7,0x9f,0x9e,0xff,0xff,0xff,0xff,0xff,0xff,0xff,0xff,0xff,0xff,0xff,0xff,0xff,0xff,
  0xbf,0xf7,0x7f,0xdf,0xff,0xff,0xdf,0xff,0xdf,0xff,0xdf,0xff,0xdf,0xff,0xdf,0xf7,0xdf,0xf7,0xdf,0xf7,0xff,0xff,0x9f,0xef,
  0xfe,0xbe,0xff,0xe7,0x72,0x7c,0x47,0x19,0x44,0x00,0x43,0x00,0x84,0x00,0xa5,0x00,0xc6,0x00,0xa6,0x00,0x85,0x00,0x44,0x00,
  0x43,0x00,0xea,0x31,0xd8,0xa5,0xff,0xf7,0x1e,0xaf,0x98,0x1b,0x11,0x02,0x8a,0x09,0xa6,0x00,0x88,0x29,0xbe,0xf7,0xff,0xff,
  0xdf,0xff,0xdf,0xff,0xdf,0xff,0xdf,0xf7,0xdf,0xf7,0xdf,0xf7,0xdf,0xf7,0xdf,0xf7,0xdf,0xf7,0xbf,0xf7,0xbf,0xf7,0xbf,0xf7,
  0xbf,0xf7,0xbf,0xf7,0xbf,0xf7,0xbf,0xef,0xbf,0xf7,0xbf,0xf7,0xbf,0xf7,0xbf,0xf7,0xbf,0xf7,0xbf,0xf7,0xbf,0xef,0xbf,0xef,
  0xbf,0xf7,0xbf,0xf7,0xbf,0xf7,0xbf,0xf7,0xbf,0xf7,0xbf,0xf7,0xbf,0xf7,0xbf,0xf7,0xbf,0xf7,0xdf,0xf7,0xdf,0xf7,0xdf,0xf7,
  0xdf,0xf7,0xdf,0xf7,0xff,0xff,0xff,0xff,0xff,0xff,0xff,0xff,0x7d,0xef,0x68,0x19,0xa6,0x00,0x0c,0x22,0x94,0x7c,0x7b,0xc6,
  0xfc,0xd6,0xff,0xff,0xff,0xff,0xff,0xff,0xff,0xff,0xdf,0xff,0xff,0xff,0xff,0xff,0xd8,0xb5,0xac,0x4a,0xa5,0x00,0x43,0x00,
  0xc5,0x08,0x07,0x11,0xc6,0x08,0xe6,0x08,0x85,0x00,0x4f,0x63,0xff,0xff,0xff,0xff,0xff,0xff,0xff,0xff,0xff,0xff,0xff,0xff,
  0xff,0xff,0xff,0xff,0xff,0xff,0xff,0xff,0xff,0xff,0xff,0xff,0xff,0xff,0xff,0xff,0xff,0xff,0xff,0xff,0xff,0xff,0xdf,0xff,
  0x9f,0xe7,0xff,0xff,0xff,0xff,0xff,0xff,0xff,0xff,0xff,0xff,0xff,0xff,0xdf,0xff,0x7f,0xdf,0xff,0xff,0xff,0xff,0xff,0xff,
  0xff,0xff,0xff,0xff,0xff,0xff,0xff,0xff,0xff,0xff,0xff,0xff,0xff,0xff,0xff,0xff,0xff,0xff,0xff,0xff,0xff,0xff,0xff,0xff,
  0xff,0xff,0xff,0xff,0xdf,0xff,0xff,0xff,0xff,0xff,0xff,0xff,0xff,0xff,0xff,0xff,0xff,0xff,0xff,0xff,0xff,0xff,0xff,0xff,
  0xff,0xff,0xff,0xff,0xff,0xff,0xff,0xff,0xff,0xff,0xff,0xff,0xff,0xff,0xff,0xff,0xff,0xff,0xff,0xff,0xff,0xff,0xff,0xff,
  0xff,0xff,0xff,0xff,0xff,0xff,0xff,0xff,0xff,0xff,0xff,0xff,0xff,0xff,0xff,0xff,0xff,0xff,0xff,0xff,0xff,0xff,0xff,0xff,
  0xff,0xff,0xff,0xff,0xff,0xff,0xff,0xff,0xff,0xff,0xff,0xff,0xff,0xff,0xff,0xff,0xff,0xff,0xff,0xff,0xff,0xff,0xff,0xff,
  0xff,0xff,0xff,0xff,0xff,0xff,0xff,0xff,0xff,0xff,0xff,0xff,0xff,0xff,0xff,0xff,0xff,0xff,0xff,0xff,0xff,0xff,0xff,0xff,
  0xff,0xff,0xff,0xff,0xff,0xff,0xff,0xff,0xff,0xff,0xff,0xff,0xff,0xff,0xff,0xff,0xff,0xff,0xff,0xff,0xff,0xff,0xff,0xff,
  0xff,0xff,0xff,0xff,0xff,0xff,0xff,0xff,0xff,0xff,0xff,0xff,0xff,0xff,0xff,0xff,0xff,0xff,0xff,0xff,0xff,0xff,0xff,0xff,
  0xff,0xff,0xff,0xff,0xff,0xff,0xff,0xff,0xff,0xff,0xff,0xff,0xff,0xff,0xff,0xff,0xff,0xff,0xff,0xff,0xff,0xff,0xff,0xff,
  0xff,0xff,0xff,0xff,0xff,0xff,0xff,0xff,0xff,0xff,0xff,0xff,0xff,0xff,0xff,0xff,0xff,0xff,0xff,0xff,0xff,0xff,0xff,0xff,
  0xdf,0xff,0xdf,0xff,0xdf,0xff,0xdf,0xff,0xdf,0xff,0xff,0xff,0xff,0xff,0xff,0xff,0xff,0xff,0xff,0xff,0xff,0xff,0xff,0xff,
  0xff,0xff,0xff,0xff,0xff,0xff,0xff,0xff,0xff,0xff,0xff,0xff,0xff,0xff,0xff,0xff,0xff,0xff,0xff,0xff,0xff,0xff,0xff,0xff,
  0xff,0xff,0xff,0xff,0xff,0xff,0xff,0xff,0xff,0xff,0xff,0xff,0xff,0xff,0xff,0xff,0xff,0xff,0xff,0xff,0xff,0xff,0xff,0xff,
  0xff,0xff,0xff,0xff,0xff,0xff,0xff,0xff,0xff,0xff,0xff,0xff,0xff,0xff,0xff,0xff,0xff,0xff,0xff,0xff,0xff,0xff,0xff,0xff,
  0xff,0xff,0xff,0xff,0xff,0xff,0xff,0xff,0xff,0xff,0xff,0xff,0xff,0xff,0xff,0xff,0xff,0xff,0xff,0xff,0xff,0xff,0xff,0xbe,
  0xff,0xb6,0xff,0xff,0xff,0xff,0xff,0xff,0xff,0xff,0xff,0xff,0xff,0xff,0xff,0xff,0x9f,0xe7,0x9f,0xe7,0xff,0xff,0xdf,0xff,
  0xdf,0xff,0xdf,0xff,0xdf,0xff,0xdf,0xf7,0xdf,0xf7,0xdf,0xf7,0xdf,0xf7,0xff,0xf7,0x3d,0xd7,0x2a,0x3a,0x02,0x00,0xa5,0x00,
  0x07,0x09,0x28,0x09,0x28,0x09,0x4a,0x09,0x6b,0x01,0x6b,0x01,0x29,0x01,0x07,0x09,0xe6,0x08,0x85,0x00,0x85,0x00,0xf1,0x6b,
  0xff,0xff,0x7f,0xd7,0x97,0x23,0xef,0x01,0xa6,0x00,0x73,0x8c,0xff,0xff,0xdf,0xff,0xdf,0xff,0xdf,0xff,0xdf,0xff,0xdf,0xf7,
  0xdf,0xf7,0xdf,0xf7,0xdf,0xf7,0xdf,0xf7,0xbf,0xf7,0xbf,0xf7,0xbf,0xf7,0xbf,0xf7,0xbf,0xf7,0xbf,0xef,0xbf,0xef,0xbf,0xef,
  0xbf,0xef,0xbf,0xef,0xbf,0xef,0xbf,0xef,0xbf,0xef,0xbf,0xef,0xbf,0xef,0xbf,0xef,0xbf,0xf7,0xbf,0xef,0xbf,0xf7,0xbf,0xf7,
  0xbf,0xf7,0xbf,0xf7,0xbf,0xf7,0xbf,0xf7,0xbf,0xf7,0xdf,0xf7,0xdf,0xf7,0xdf,0xf7,0xdf,0xf7,0xdf,0xf7,0xdf,0xf7,0xff,0xff,
  0xdf,0xf7,0xff,0xff,0xb4,0x94,0xa6,0x00,0x89,0x19,0x28,0x09,0xe7,0x00,0x65,0x00,0x4c,0x3a,0x9e,0xf7,0xdf,0xff,0xdf,0xff,
  0xff,0xff,0xff,0xff,0xff,0xff,0xff,0xff,0xff,0xff,0xff,0xff,0x59,0xce,0x4e,0x63,0xc5,0x10,0xa5,0x08,0xe7,0x08,0xe6,0x08,
  0xc6,0x08,0x27,0x19,0x3d,0xe7,0xff,0xff,0xff,0xff,0xff,0xff,0xff,0xff,0xff,0xff,0xff,0xff,0xff,0xff,0xff,0xff,0xff,0xff,
  0xff,0xff,0xff,0xff,0xff,0xff,0xff,0xff,0xff,0xff,0xff,0xff,0xff,0xff,0xff,0xff,0x9f,0xe7,0xff,0xff,0xff,0xff,0xff,0xff,
  0xff,0xff,0xff,0xff,0xff,0xff,0xff,0xff,0x7f,0xdf,0xdf,0xff,0xff,0xff,0xff,0xff,0xff,0xff,0xff,0xff,0xff,0xff,0xff,0xff,
  0xff,0xff,0xff,0xff,0xff,0xff,0xff,0xff,0xff,0xff,0xff,0xff,0xff,0xff,0xff,0xff,0xff,0xff,0xff,0xff,0xff,0xff,0xff,0xff,
  0xff,0xff,0xff,0xff,0xff,0xff,0xff,0xff,0xff,0xff,0xff,0xff,0xff,0xff,0xff,0xff,0xff,0xff,0xff,0xff,0xff,0xff,0xff,0xff,
  0xff,0xff,0xff,0xff,0xff,0xff,0xff,0xff,0xff,0xff,0xff,0xff,0xff,0xff,0xff,0xff,0xff,0xff,0xff,0xff,0xff,0xff,0xff,0xff,
  0xff,0xff,0xff,0xff,0xff,0xff,0xff,0xff,0xff,0xff,0xff,0xff,0xff,0xff,0xff,0xff,0xff,0xff,0xff,0xff,0xff,0xff,0xff,0xff,
  0xff,0xff,0xff,0xff,0xff,0xff,0xff,0xff,0xff,0xff,0xff,0xff,0xff,0xff,0xff,0xff,0xff,0xff,0xff,0xff,0xff,0xff,0xff,0xff,
  0xff,0xff,0xff,0xff,0xff,0xff,0xff,0xff,0xff,0xff,0xff,0xff,0xff,0xff,0xff,0xff,0xff,0xff,0xff,0xff,0xff,0xff,0xff,0xff,
  0xff,0xff,0xff,0xff,0xff,0xff,0xff,0xff,0xff,0xff,0xff,0xff,0xff,0xff,0xff,0xff,0xff,0xff,0xff,0xff,0xff,0xff,0xff,0xff,
  0xff,0xff,0xff,0xff,0xff,0xff,0xff,0xff,0xff,0xff,0xff,0xff,0xff,0xff,0xff,0xff,0xff,0xff,0xff,0xff,0xff,0xff,0xff,0xff,
  0xff,0xff,0xff,0xff,0xff,0xff,0xff,0xff,0xff,0xff,0xff,0xff,0xff,0xff,0xff,0xff,0xff,0xff,0xff,0xff,0xff,0xff,0xff,0xff,
  0xff,0xff,0xff,0xff,0xff,0xff,0xff,0xff,0xff,0xff,0xff,0xff,0xff,0xff,0xff,0xff,0xdf,0xff,0xdf,0xff,0xdf,0xff,0xdf,0xff,
  0xdf,0xff,0xdf,0xff,0xff,0xff,0xff,0xff,0xff,0xff,0xff,0xff,0xff,0xff,0xff,0xff,0xff,0xff,0xff,0xff,0xff,0xff,0xff,0xff,
  0xff,0xff,0xff,0xff,0xff,0xff,0xff,0xff,0xff,0xff,0xff,0xff,0xff,0xff,0xff,0xff,0xff,0xff,0xff,0xff,0xff,0xff,0xff,0xff,
  0xff,0xff,0xff,0xff,0xff,0xff,0xff,0xff,0xff,0xff,0xff,0xff,0xff,0xff,0xff,0xff,0xff,0xff,0xff,0xff,0xff,0xff,0xff,0xff,
  0xff,0xff,0xff,0xff,0xff,0xff,0xff,0xff,0xff,0xff,0xff,0xff,0xff,0xff,0xff,0xff,0xff,0xff,0xff,0xff,0xff,0xff,0xff,0xff,
  0xff,0xff,0xff,0xff,0xff,0xff,0xff,0xff,0xff,0xff,0xff,0xff,0xff,0xff,0x9f,0x9e,0x3f,0xcf,0xff,0xff,0xff,0xff,0xff,0xff,
  0xff,0xff,0xff,0xff,0xff,0xff,0xff,0xff,0x5f,0xdf,0xbf,0xf7,0xff,0xff,0xdf,0xff,0xdf,0xff,0xdf,0xff,0xdf,0xff,0xdf,0xf7,
  0xdf,0xff,0xdf,0xf7,0xff,0xff,0x1c,0xdf,0x88,0x21,0x23,0x00,0xe6,0x08,0x28,0x01,0xac,0x01,0xef,0x01,0x12,0x02,0x95,0x02,
  0xd7,0x02,0x95,0x02,0x11,0x02,0xae,0x01,0x6b,0x01,0x49,0x09,0x07,0x09,0x44,0x00,0x0e,0x53,0xff,0xff,0x1e,0xcf,0x93,0x0a,
  0x49,0x09,0xdb,0xde,0xff,0xff,0xdf,0xff,0xdf,0xff,0xdf,0xff,0xdf,0xf7,0xdf,0xf7,0xdf,0xf7,0xdf,0xf7,0xdf,0xf7,0xdf,0xf7,
  0xbf,0xf7,0xbf,0xf7,0xbf,0xf7,0xbf,0xef,0xbf,0xf7,0xbf,0xef,0xbf,0xef,0xbf,0xef,0xbf,0xef,0xbf,0xef,0xbf,0xef,0xbf,0xef,
  0xbf,0xef,0xbf,0xef,0xbf,0xef,0xbf,0xef,0xbf,0xef,0xbf,0xef,0xbf,0xef,0xbf,0xef,0xbf,0xef,0xbf,0xf7,0xbf,0xf7,0xbf,0xf7,
  0xbf,0xf7,0xbf,0xf7,0xdf,0xf7,0xdf,0xf7,0xdf,0xf7,0xdf,0xf7,0xdf,0xf7,0xdf,0xff,0xff,0xf7,0xbe,0xf7,0xc9,0x29,0xe6,0x08,
  0x48,0x11,0x48,0x11,0x69,0x11,0xe6,0x08,0x59,0xce,0xff,0xff,0xdf,0xff,0xff,0xff,0xff,0xff,0xff,0xff,0xff,0xff,0xff,0xff,
  0xff,0xff,0xff,0xff,0xff,0xff,0xff,0xff,0xd4,0x94,0x23,0x00,0x27,0x11,0x07,0x09,0x07,0x11,0x84,0x00,0x35,0xa5,0xff,0xff,
  0xdf,0xff,0xff,0xff,0xff,0xff,0xff,0xff,0xff,0xff,0xff,0xff,0xff,0xff,0xff,0xff,0xff,0xff,0xff,0xff,0xff,0xff,0xff,0xff,
  0xff,0xff,0xff,0xff,0xff,0xff,0xff,0xff,0x9f,0xe7,0xdf,0xf7,0xff,0xff,0xff,0xff,0xff,0xff,0xff,0xff,0xff,0xff,0xff,0xff,
  0x7f,0xe7,0xbf,0xf7,0xff,0xff,0xff,0xff,0xff,0xff,0xff,0xff,0xff,0xff,0xff,0xff,0xff,0xff,0xff,0xff,0xff,0xff,0xff,0xff,
  0xff,0xff,0xff,0xff,0xff,0xff,0xff,0xff,0xff,0xff,0xff,0xff,0xff,0xff,0xff,0xff,0xff,0xff,0xff,0xff,0xff,0xff,0xff,0xff,
  0xff,0xff,0xff,0xff,0xff,0xff,0xff,0xff,0xff,0xff,0xff,0xff,0xff,0xff,0xff,0xff,0xff,0xff,0xff,0xff,0xff,0xff,0xff,0xff,
  0xff,0xff,0xff,0xff,0xff,0xff,0xff,0xff,0xff,0xff,0xff,0xff,0xff,0xff,0xff,0xff,0xff,0xff,0xff,0xff,0xff,0xff,0xff,0xff,
  0xff,0xff,0xff,0xff,0xff,0xff,0xff,0xff,0xff,0xff,0xff,0xff,0xff,0xff,0xff,0xff,0xff,0xff,0xff,0xff,0xff,0xff,0xff,0xff,
  0xff,0xff,0xff,0xff,0xff,0xff,0xff,0xff,0xff,0xff,0xff,0xff,0xff,0xff,0xff,0xff,0xff,0xff,0xff,0xff,0xff,0xff,0xff,0xff,
  0xff,0xff,0xff,0xff,0xff,0xff,0xff,0xff,0xff,0xff,0xff,0xff,0xff,0xff,0xff,0xff,0xff,0xff,0xff,0xff,0xff,0xff,0xff,0xff,
  0xff,0xff,0xff,0xff,0xff,0xff,0xff,0xff,0xff,0xff,0xff,0xff,0xff,0xff,0xff,0xff,0xff,0xff,0xff,0xff,0xff,0xff,0xff,0xff,
  0xff,0xff,0xff,0xff,0xff,0xff,0xff,0xff,0xff,0xff,0xff,0xff,0xff,0xff,0xff,0xff,0xff,0xff,0xff,0xff,0xff,0xff,0xff,0xff,
  0xff,0xff,0xff,0xff,0xff,0xff,0xff,0xff,0xff,0xff,0xff,0xff,0xff,0xff,0xff,0xff,0xff,0xff,0xff,0xff,0xff,0xff,0xff,0xff,
  0xff,0xff,0xff,0xff,0xff,0xff,0xff,0xff,0xdf,0xf7,0xdf,0xf7,0xdf,0xf7,0xdf,0xff,0xdf,0xff,0xdf,0xff,0xdf,0xff,0xdf,0xff,
  0xff,0xff,0xff,0xff,0xff,0xff,0xff,0xff,0xff,0xff,0xff,0xff,0xff,0xff,0xff,0xff,0xff,0xff,0xff,0xff,0xff,0xff,0xff,0xff,
  0xff,0xff,0xff,0xff,0xff,0xff,0xff,0xff,0xff,0xff,0xff,0xff,0xff,0xff,0xff,0xff,0xff,0xff,0xff,0xff,0xff,0xff,0xff,0xff,
  0xff,0xff,0xff,0xff,0xff,0xff,0xff,0xff,0xff,0xff,0xff,0xff,0xff,0xff,0xff,0xff,0xff,0xff,0xff,0xff,0xff,0xff,0xff,0xff,
  0xff,0xff,0xff,0xff,0xff,0xff,0xff,0xff,0xff,0xff,0xff,0xff,0xff,0xff,0xff,0xff,0xff,0xff,0xff,0xff,0xff,0xff,0xff,0xff,
  0xff,0xff,0xff,0xff,0xdf,0xf7,0x5f,0x8e,0xbf,0xef,0xff,0xff,0xff,0xff,0xff,0xff,0xff,0xff,0xff,0xff,0xff,0xff,0xdf,0xff,
  0x5f,0xdf,0xdf,0xff,0xff,0xff,0xff,0xff,0xdf,0xff,0xdf,0xff,0xdf,0xff,0xdf,0xff,0xdf,0xf7,0xdf,0xff,0x7e,0xef,0xe9,0x29,
  0x65,0x00,0x28,0x09,0x49,0x01,0xef,0x01,0xd7,0x02,0x3c,0x04,0x9e,0x1d,0x5f,0x3e,0x9f,0x46,0x3e,0x2e,0x1d,0x0d,0x7a,0x03,
  0x76,0x02,0xee,0x01,0x49,0x01,0x07,0x09,0x23,0x00,0x8f,0x63,0xff,0xff,0xf8,0x74,0xd0,0x32,0xff,0xff,0xdf,0xf7,0xff,0xff,
  0xdf,0xff,0xdf,0xf7,0xdf,0xf7,0xdf,0xf7,0xdf,0xf7,0xdf,0xf7,0xbf,0xf7,0xbf,0xf7,0xbf,0xf7,0xbf,0xf7,0xbf,0xf7,0xbf,0xef,
  0xbf,0xef,0xbf,0xef,0xbf,0xef,0xbf,0xef,0xbf,0xef,0xbf,0xef,0xbf,0xef,0xbf,0xef,0xbf,0xef,0xbf,0xef,0xbf,0xef,0xbf,0xef,
  0xbf,0xef,0xbf,0xef,0xbf,0xef,0xbf,0xef,0xbf,0xef,0xbf,0xef,0xbf,0xf7,0xbf,0xf7,0xbf,0xf7,0xbf,0xf7,0xbf,0xf7,0xdf,0xf7,
  0xdf,0xf7,0xdf,0xf7,0xdf,0xff,0xdf,0xf7,0xff,0xff,0x76,0xad,0x85,0x00,0x47,0x11,0x47,0x11,0x48,0x11,0xc6,0x00,0x6f,0x63,
  0xff,0xff,0xff,0xff,0xff,0xff,0xff,0xff,0xff,0xff,0xff,0xff,0xff,0xff,0xff,0xff,0xff,0xff,0xff,0xff,0xdf,0xff,0xdf,0xff,
  0x7e,0xef,0x26,0x19,0xc6,0x08,0x27,0x11,0x27,0x11,0xa5,0x00,0xcd,0x4a,0xff,0xff,0xff,0xff,0xff,0xff,0xff,0xff,0xff,0xff,
  0xff,0xff,0xff,0xff,0xff,0xff,0xff,0xff,0xff,0xff,0xff,0xff,0xff,0xff,0xff,0xff,0xff,0xff,0xff,0xff,0xff,0xff,0xff,0xff,
  0xbf,0xef,0xbf,0xef,0xff,0xff,0xff,0xff,0xff,0xff,0xff,0xff,0xff,0xff,0xff,0xff,0x9f,0xe7,0x9f,0xef,0xff,0xff,0xff,0xff,
  0xff,0xff,0xff,0xff,0xff,0xff,0xff,0xff,0xff,0xff,0xff,0xff,0xff,0xff,0xff,0xff,0xff,0xff,0xff,0xff,0xff,0xff,0xdf,0xff,
  0xff,0xff,0xff,0xff,0xff,0xff,0xff,0xff,0xff,0xff,0xff,0xff,0xff,0xff,0xff,0xff,0xff,0xff,0xff,0xff,0xff,0xff,0xff,0xff,
  0xff,0xff,0xff,0xff,0xff,0xff,0xff,0xff,0xff,0xff,0xff,0xff,0xff,0xff,0xff,0xff,0xff,0xff,0xff,0xff,0xff,0xff,0xff,0xff,
  0xff,0xff,0xff,0xff,0xff,0xff,0xff,0xff,0xff,0xff,0xff,0xff,0xff,0xff,0xff,0xff,0xff,0xff,0xff,0xff,0xff,0xff,0xff,0xff,
  0xff,0xff,0xff,0xff,0xff,0xff,0xff,0xff,0xff,0xff,0xff,0xff,0xff,0xff,0xff,0xff,0xff,0xff,0xff,0xff,0xff,0xff,0xff,0xff,
  0xff,0xff,0xff,0xff,0xff,0xff,0xff,0xff,0xff,0xff,0xff,0xff,0xff,0xff,0xff,0xff,0xff,0xff,0xff,0xff,0xff,0xff,0xff,0xff,
  0xff,0xff,0xff,0xff,0xff,0xff,0xff,0xff,0xff,0xff,0xff,0xff,0xff,0xff,0xff,0xff,0xff,0xff,0xff,0xff,0xff,0xff,0xff,0xff,
  0xff,0xff,0xff,0xff,0xff,0xff,0xff,0xff,0xff,0xff,0xff,0xff,0xff,0xff,0xff,0xff,0xff,0xff,0xff,0xff,0xff,0xff,0xff,0xff,
  0xff,0xff,0xff,0xff,0xff,0xff,0xff,0xff,0xff,0xff,0xff,0xff,0xff,0xff,0xff,0xff,0xff,0xff,0xff,0xff,0xff,0xff,0xff,0xff,
  0xff,0xff,0xff,0xff,0xff,0xff,0xff,0xff,0xff,0xff,0xff,0xff,0xff,0xff,0xff,0xff,0xff,0xff,0xff,0xff,0xff,0xff,0xff,0xff,
  0xdf,0xf7,0xdf,0xf7,0xdf,0xf7,0xdf,0xf7,0xdf,0xf7,0xdf,0xff,0xdf,0xff,0xdf,0xff,0xdf,0xff,0xff,0xff,0xff,0xff,0xff,0xff,
  0xff,0xff,0xff,0xff,0xff,0xff,0xff,0xff,0xff,0xff,0xff,0xff,0xff,0xff,0xff,0xff,0xff,0xff,0xff,0xff,0xff,0xff,0xff,0xff,
  0xff,0xff,0xff,0xff,0xff,0xff,0xff,0xff,0xff,0xff,0xff,0xff,0xff,0xff,0xff,0xff,0xff,0xff,0xff,0xff,0xff,0xff,0xff,0xff,
  0xff,0xff,0xff,0xff,0xff,0xff,0xff,0xff,0xff,0xff,0xff,0xff,0xff,0xff,0xff,0xff,0xff,0xff,0xff,0xff,0xff,0xff,0xff,0xff,
  0xff,0xff,0xff,0xff,0xff,0xff,0xff,0xff,0xff,0xff,0xff,0xff,0xff,0xff,0xff,0xff,0xff,0xff,0xff,0xff,0x9f,0xe7,0x7f,0x96,
  0xff,0xff,0xff,0xff,0xff,0xff,0xff,0xff,0xff,0xff,0xff,0xff,0xff,0xff,0xbf,0xef,0x7f,0xdf,0xff,0xff,0xff,0xff,0xff,0xff,
  0xdf,0xff,0xdf,0xff,0xdf,0xff,0xdf,0xff,0xdf,0xf7,0xff,0xff,0x6e,0x63,0x23,0x00,0x28,0x09,0x8c,0x01,0x53,0x02,0xda,0x03,
  0x5f,0x1e,0xdf,0x87,0xff,0xbf,0xff,0xc7,0xff,0xbf,0xff,0xb7,0xff,0xa7,0x5f,0x67,0x3f,0x0d,0xd8,0x02,0xce,0x01,0x28,0x01,
  0x07,0x09,0x64,0x00,0xd7,0xb5,0x9e,0xef,0x3b,0xb6,0xff,0xff,0xdf,0xff,0xff,0xff,0xdf,0xff,0xdf,0xf7,0xdf,0xf7,0xdf,0xf7,
  0xdf,0xf7,0xdf,0xf7,0xbf,0xf7,0xbf,0xf7,0xbf,0xf7,0xbf,0xf7,0xbf,0xf7,0xbf,0xef,0xbf,0xef,0xbf,0xef,0xbf,0xef,0xbf,0xef,
  0xbf,0xef,0x9f,0xef,0x9f,0xef,0x9f,0xef,0x9f,0xef,0x9f,0xef,0xbf,0xef,0xbf,0xef,0xbf,0xef,0xbf,0xef,0xbf,0xef,0xbf,0xef,
  0xbf,0xef,0xbf,0xef,0xbf,0xef,0xbf,0xef,0xbf,0xf7,0xbf,0xf7,0xbf,0xf7,0xdf,0xf7,0xdf,0xf7,0xdf,0xf7,0xdf,0xf7,0xdf,0xff,
  0xff,0xff,0xad,0x4a,0xe6,0x00,0x48,0x11,0x48,0x11,0x27,0x11,0xe6,0x08,0x9a,0xce,0xff,0xff,0xff,0xff,0xff,0xff,0xff,0xff,
  0xff,0xff,0xff,0xff,0xff,0xff,0xff,0xff,0xff,0xff,0xff,0xff,0xff,0xff,0xff,0xff,0xff,0xff,0xb3,0x94,0x44,0x00,0x48,0x11,
  0x07,0x11,0xe6,0x08,0xe6,0x10,0xdb,0xd6,0xff,0xff,0xff,0xff,0xff,0xff,0xff,0xff,0xff,0xff,0xff,0xff,0xff,0xff,0xff,0xff,
  0xff,0xff,0xff,0xff,0xff,0xff,0xff,0xff,0xff,0xff,0xff,0xff,0xff,0xff,0xff,0xff,0xdf,0xf7,0x9f,0xe7,0xff,0xff,0xff,0xff,
  0xff,0xff,0xff,0xff,0xff,0xff,0xff,0xff,0xbf,0xef,0x9f,0xe7,0xff,0xff,0xff,0xff,0xff,0xff,0xff,0xff,0xff,0xff,0xff,0xff,
  0xff,0xff,0xff,0xff,0xff,0xff,0xff,0xff,0xff,0xff,0xff,0xff,0xff,0xff,0xdf,0xff,0xff,0xff,0xff,0xff,0xff,0xff,0xff,0xff,
  0xff,0xff,0xff,0xff,0xff,0xff,0xff,0xff,0xff,0xff,0xff,0xff,0xff,0xff,0xff,0xff,0xff,0xff,0xff,0xff,0xff,0xff,0xff,0xff,
  0xff,0xff,0xff,0xff,0xff,0xff,0xff,0xff,0xff,0xff,0xff,0xff,0xff,0xff,0xff,0xff,0xff,0xff,0xff,0xff,0xff,0xff,0xff,0xff,
  0xff,0xff,0xff,0xff,0xff,0xff,0xff,0xff,0xff,0xff,0xff,0xff,0xff,0xff,0xff,0xff,0xff,0xff,0xff,0xff,0xff,0xff,0xff,0xff,
  0xff,0xff,0xff,0xff,0xff,0xff,0xff,0xff,0xff,0xff,0xff,0xff,0xff,0xff,0xff,0xff,0xff,0xff,0xff,0xff,0xff,0xff,0xff,0xff,
  0xff,0xff,0xff,0xff,0xff,0xff,0xff,0xff,0xff,0xff,0xff,0xff,0xff,0xff,0xff,0xff,0xff,0xff,0xff,0xff,0xff,0xff,0xff,0xff,
  0xff,0xff,0xff,0xff,0xff,0xff,0xff,0xff,0xff,0xff,0xff,0xff,0xff,0xff,0xff,0xff,0xff,0xff,0xff,0xff,0xff,0xff,0xff,0xff,
  0xff,0xff,0xff,0xff,0xff,0xff,0xff,0xff,0xff,0xff,0xff,0xff,0xff,0xff,0xff,0xff,0xff,0xff,0xff,0xff,0xff,0xff,0xff,0xff,
  0xff,0xff,0xff,0xff,0xff,0xff,0xff,0xff,0xff,0xff,0xff,0xff,0xff,0xff,0xff,0xff,0xff,0xff,0xff,0xff,0xff,0xff,0xff,0xff,
  0xff,0xff,0xff,0xff,0xff,0xff,0xff,0xff,0xff,0xff,0xff,0xff,0xff,0xff,0xff,0xff,0xdf,0xf7,0xdf,0xf7,0xdf,0xf7,0xdf,0xf7,
  0xdf,0xf7,0xdf,0xf7,0xdf,0xff,0xdf,0xff,0xdf,0xff,0xdf,0xff,0xff,0xff,0xff,0xff,0xff,0xff,0xff,0xff,0xff,0xff,0xff,0xff,
  0xff,0xff,0xff,0xff,0xff,0xff,0xff,0xff,0xff,0xff,0xff,0xff,0xff,0xff,0xff,0xff,0xff,0xff,0xff,0xff,0xff,0xff,0xff,0xff,
  0xff,0xff,0xff,0xff,0xff,0xff,0xff,0xff,0xff,0xff,0xff,0xff,0xff,0xff,0xff,0xff,0xff,0xff,0xff,0xff,0xff,0xff,0xff,0xff,
  0xff,0xff,0xff,0xff,0xff,0xff,0xff,0xff,0xff,0xff,0xff,0xff,0xff,0xff,0xff,0xff,0xff,0xff,0xff,0xff,0xff,0xff,0xff,0xff,
  0xff,0xff,0xff,0xff,0xff,0xff,0xff,0xff,0xff,0xff,0xff,0xff,0x5f,0xcf,0x9f,0x9e,0xff,0xff,0xff,0xff,0xff,0xff,0xff,0xff,
  0xff,0xff,0xff,0xff,0xff,0xff,0x9f,0xe7,0x9f,0xe7,0xff,0xff,0xff,0xff,0xdf,0xff,0xdf,0xff,0xdf,0xff,0xdf,0xff,0xdf,0xf7,
  0xff,0xff,0x59,0xce,0x63,0x00,0xe6,0x00,0x6b,0x01,0x73,0x02,0x5d,0x04,0x3f,0x3f,0xff,0xaf,0xff,0xb7,0xff,0x6e,0x1f,0x3e,
  0xfe,0x2d,0x7f,0x3e,0x9f,0x7f,0xff,0xc7,0xff,0x9f,0xdf,0x1d,0xd8,0x02,0xcf,0x01,0x6a,0x09,0xc6,0x00,0x0a,0x32,0xdf,0xff,
  0xff,0xff,0xff,0xff,0xff,0xff,0xdf,0xff,0xdf,0xff,0xdf,0xf7,0xdf,0xf7,0xdf,0xf7,0xdf,0xf7,0xdf,0xf7,0xbf,0xf7,0xbf,0xf7,
  0xbf,0xf7,0xbf,0xf7,0xbf,0xef,0xbf,0xef,0xbf,0xef,0xbf,0xef,0x9f,0xef,0x9f,0xef,0x9f,0xef,0x9f,0xef,0x9f,0xef,0x9f,0xef,
  0x9f,0xef,0x9f,0xef,0x9f,0xef,0x9f,0xef,0x9f,0xef,0xbf,0xef,0xbf,0xef,0xbf,0xef,0xbf,0xef,0xbf,0xef,0xbf,0xef,0xbf,0xef,
  0xbf,0xf7,0xbf,0xf7,0xbf,0xf7,0xbf,0xf7,0xbf,0xf7,0xdf,0xf7,0xbf,0xf7,0xff,0xff,0xf8,0xbd,0x85,0x00,0x48,0x11,0x48,0x11,
  0x48,0x11,0xe6,0x00,0xed,0x52,0xff,0xff,0xff,0xff,0xff,0xff,0xff,0xff,0xff,0xff,0xff,0xff,0xff,0xff,0xff,0xff,0xff,0xff,
  0xff,0xff,0xff,0xff,0xff,0xff,0xff,0xff,0xff,0xff,0x9e,0xf7,0x67,0x21,0xc6,0x00,0x48,0x11,0x27,0x11,0x85,0x00,0x72,0x84,
  0xff,0xff,0xdf,0xff,0xff,0xff,0xff,0xff,0xff,0xff,0xff,0xff,0xff,0xff,0xff,0xff,0xff,0xff,0xff,0xff,0xff,0xff,0xff,0xff,
  0xff,0xff,0xff,0xff,0xff,0xff,0xff,0xff,0xdf,0xf7,0x9f,0xe7,0xff,0xff,0xff,0xff,0xff,0xff,0xff,0xff,0xff,0xff,0xff,0xff,
  0xdf,0xf7,0x7f,0xe7,0xff,0xff,0xff,0xff,0xff,0xff,0xff,0xff,0xff,0xff,0xff,0xff,0xff,0xff,0xff,0xff,0xff,0xff,0xff,0xff,
  0xff,0xff,0xff,0xff,0xff,0xff,0xff,0xff,0xff,0xff,0xff,0xff,0xdf,0xff,0xff,0xff,0xff,0xff,0xff,0xff,0xff,0xff,0xff,0xff,
  0xff,0xff,0xff,0xff,0xff,0xff,0xff,0xff,0xff,0xff,0xff,0xff,0xff,0xff,0xff,0xff,0xff,0xff,0xff,0xff,0xff,0xff,0xff,0xff,
  0xff,0xff,0xff,0xff,0xff,0xff,0xff,0xff,0xff,0xff,0xff,0xff,0xff,0xff,0xff,0xff,0xff,0xff,0xff,0xff,0xff,0xff,0xff,0xff,
  0xff,0xff,0xff,0xff,0xff,0xff,0xff,0xff,0xff,0xff,0xff,0xff,0xff,0xff,0xff,0xff,0xff,0xff,0xff,0xff,0xff,0xff,0xff,0xff,
  0xff,0xff,0xff,0xff,0xff,0xff,0xff,0xff,0xff,0xff,0xff,0xff,0xff,0xff,0xff,0xff,0xff,0xff,0xff,0xff,0xff,0xff,0xff,0xff,
  0xff,0xff,0xff,0xff,0xff,0xff,0xff,0xff,0xff,0xff,0xff,0xff,0xff,0xff,0xff,0xff,0xff,0xff,0xff,0xff,0xff,0xff,0xff,0xff,
  0xff,0xff,0xff,0xff,0xff,0xff,0xff,0xff,0xff,0xff,0xff,0xff,0xff,0xff,0xff,0xff,0xff,0xff,0xff,0xff,0xff,0xff,0xff,0xff,
  0xff,0xff,0xff,0xff,0xff,0xff,0xff,0xff,0xff,0xff,0xff,0xff,0xff,0xff,0xff,0xff,0xff,0xff,0xff,0xff,0xff,0xff,0xff,0xff,
  0xff,0xff,0xff,0xff,0xff,0xff,0xff,0xff,0xff,0xff,0xff,0xff,0xff,0xff,0xff,0xff,0xff,0xff,0xff,0xff,0xff,0xff,0xff,0xff,
  0xff,0xff,0xff,0xff,0xff,0xff,0xff,0xff,0xdf,0xf7,0xdf,0xf7,0xdf,0xf7,0xdf,0xf7,0xdf,0xf7,0xdf,0xf7,0xdf,0xf7,0xdf,0xff,
  0xdf,0xff,0xdf,0xff,0xff,0xff,0xff,0xff,0xff,0xff,0xff,0xff,0xff,0xff,0xff,0xff,0xff,0xff,0xff,0xff,0xff,0xff,0xff,0xff,
  0xff,0xff,0xff,0xff,0xff,0xff,0xff,0xff,0xff,0xff,0xff,0xff,0xff,0xff,0xff,0xff,0xff,0xff,0xff,0xff,0xff,0xff,0xff,0xff,
  0xff,0xff,0xff,0xff,0xff,0xff,0xff,0xff,0xff,0xff,0xff,0xff,0xff,0xff,0xff,0xff,0xff,0xff,0xff,0xff,0xff,0xff,0xff,0xff,
  0xff,0xff,0xff,0xff,0xff,0xff,0xff,0xff,0xff,0xff,0xff,0xff,0xff,0xff,0xff,0xff,0xff,0xff,0xff,0xff,0xff,0xff,0xff,0xff,
  0xff,0xff,0xff,0xff,0xff,0xbe,0xdf,0xae,0xff,0xff,0xff,0xff,0xff,0xff,0xff,0xff,0xff,0xff,0xff,0xff,0xff,0xff,0x9f,0xe7,
  0xbf,0xef,0xff,0xff,0xdf,0xff,0xdf,0xff,0xdf,0xff,0xdf,0xff,0xdf,0xff,0xdf,0xf7,0xff,0xff,0x2e,0x63,0x44,0x00,0x48,0x09,
  0xf0,0x01,0xbb,0x03,0x1f,0x3f,0xff,0xbf,0x9f,0x87,0x1e,0x15,0x3a,0x03,0x76,0x02,0x33,0x02,0x96,0x02,0xfc,0x03,0x7f,0x36,
  0xff,0xaf,0xff,0xaf,0x5f,0x15,0x96,0x02,0x8b,0x01,0x07,0x09,0x64,0x00,0xf8,0xbd,0xff,0xff,0xdf,0xff,0xdf,0xff,0xdf,0xff,
  0xdf,0xf7,0xdf,0xf7,0xdf,0xf7,0xdf,0xf7,0xdf,0xf7,0xdf,0xf7,0xbf,0xf7,0xbf,0xf7,0xbf,0xf7,0xbf,0xef,0xbf,0xef,0xbf,0xef,
  0xbf,0xef,0x9f,0xef,0x9f,0xef,0x9f,0xef,0x9f,0xef,0x9f,0xef,0x9f,0xef,0x9f,0xef,0x9f,0xef,0x9f,0xef,0x9f,0xef,0x9f,0xef,
  0x9f,0xef,0x9f,0xef,0xbf,0xef,0xbf,0xef,0xbf,0xef,0xbf,0xef,0xbf,0xef,0xbf,0xef,0xbf,0xf7,0xbf,0xf7,0xbf,0xf7,0xbf,0xf7,
  0xbf,0xf7,0xdf,0xf7,0xbf,0xf7,0xdf,0xf7,0xdb,0xde,0x27,0x19,0xc6,0x00,0x06,0x09,0x06,0x09,0xe6,0x08,0x47,0x19,0xdb,0xde,
  0xff,0xff,0xff,0xff,0xff,0xff,0xff,0xff,0xff,0xff,0xff,0xff,0xff,0xff,0xff,0xff,0xff,0xff,0xff,0xff,0xff,0xff,0xff,0xff,
  0xdf,0xff,0xff,0xff,0xb3,0x94,0x23,0x00,0x68,0x11,0x48,0x11,0x07,0x09,0x4b,0x3a,0xdf,0xff,0xff,0xff,0xff,0xff,0xff,0xff,
  0xff,0xff,0xff,0xff,0xff,0xff,0xff,0xff,0xff,0xff,0xff,0xff,0xff,0xff,0xff,0xff,0xff,0xff,0xff,0xff,0xff,0xff,0xff,0xff,
  0xff,0xff,0x9f,0xe7,0xff,0xff,0xff,0xff,0xff,0xff,0xff,0xff,0xff,0xff,0xff,0xff,0xdf,0xf7,0x7f,0xdf,0xff,0xff,0xff,0xff,
  0xff,0xff,0xff,0xff,0xff,0xff,0xff,0xff,0xff,0xff,0xff,0xff,0xff,0xff,0xff,0xff,0xff,0xff,0xff,0xff,0xff,0xff,0xff,0xff,
  0xff,0xff,0xff,0xff,0xff,0xff,0xff,0xff,0xff,0xff,0xff,0xff,0xff,0xff,0xff,0xff,0xff,0xff,0xff,0xff,0xff,0xff,0xff,0xff,
  0xff,0xff,0xff,0xff,0xff,0xff,0xff,0xff,0xff,0xff,0xff,0xff,0xff,0xff,0xff,0xff,0xff,0xff,0xff,0xff,0xff,0xff,0xff,0xff,
  0xff,0xff,0xff,0xff,0xff,0xff,0xff,0xff,0xff,0xff,0xff,0xff,0xff,0xff,0xff,0xff,0xff,0xff,0xff,0xff,0xff,0xff,0xff,0xff,
  0xff,0xff,0xff,0xff,0xff,0xff,0xff,0xff,0xff,0xff,0xff,0xff,0xff,0xff,0xff,0xff,0xff,0xff,0xff,0xff,0xff,0xff,0xff,0xff,
  0xff,0xff,0xff,0xff,0xff,0xff,0xff,0xff,0xff,0xff,0xff,0xff,0xff,0xff,0xff,0xff,0xff,0xff,0xff,0xff,0xff,0xff,0xff,0xff,
  0xff,0xff,0xff,0xff,0xff,0xff,0xff,0xff,0xff,0xff,0xff,0xff,0xff,0xff,0xff,0xff,0xff,0xff,0xff,0xff,0xff,0xff,0xff,0xff,
  0xff,0xff,0xff,0xff,0xff,0xff,0xff,0xff,0xff,0xff,0xff,0xff,0xff,0xff,0xff,0xff,0xff,0xff,0xff,0xff,0xff,0xff,0xff,0xff,
  0xff,0xff,0xff,0xff,0xff,0xff,0xff,0xff,0xff,0xff,0xff,0xff,0xff,0xff,0xff,0xff,0xff,0xff,0xff,0xff,0xff,0xff,0xff,0xff,
  0xff,0xff,0xff,0xff,0xff,0xff,0xff,0xff,0xff,0xff,0xff,0xff,0xff,0xff,0xff,0xff,0xff,0xff,0xff,0xff,0xff,0xff,0xff,0xff,
  0xdf,0xf7,0xdf,0xf7,0xdf,0xf7,0xdf,0xf7,0xdf,0xf7,0xdf,0xf7,0xdf,0xf7,0xdf,0xff,0xdf,0xff,0xdf,0xff,0xdf,0xff,0xdf,0xff,
  0xdf,0xff,0xff,0xff,0xff,0xff,0xff,0xff,0xff,0xff,0xff,0xff,0xff,0xff,0xff,0xff,0xff,0xff,0xff,0xff,0xff,0xff,0xff,0xff,
  0xff,0xff,0xff,0xff,0xff,0xff,0xff,0xff,0xff,0xff,0xff,0xff,0xff,0xff,0xff,0xff,0xff,0xff,0xff,0xff,0xff,0xff,0xff,0xff,
  0xff,0xff,0xff,0xff,0xff,0xff,0xff,0xff,0xff,0xff,0xff,0xff,0xff,0xff,0xff,0xff,0xff,0xff,0xff,0xff,0xff,0xff,0xff,0xff,
  0xff,0xff,0xff,0xff,0xff,0xff,0xff,0xff,0xff,0xff,0xff,0xff,0xff,0xff,0xff,0xff,0xff,0xff,0xff,0xff,0xdf,0xae,0x1f,0xc7,
  0xff,0xff,0xff,0xff,0xff,0xff,0xff,0xff,0xff,0xff,0xff,0xff,0xff,0xff,0x7f,0xdf,0xdf,0xf7,0xff,0xff,0xdf,0xff,0xff,0xff,
  0xdf,0xff,0xdf,0xff,0xdf,0xf7,0xff,0xff,0x7d,0xef,0x47,0x19,0xc6,0x00,0x6a,0x01,0x95,0x02,0xbe,0x05,0xff,0x97,0xbf,0xa7,
  0xfe,0x0c,0x75,0x02,0xad,0x01,0x6a,0x01,0x29,0x09,0x6b,0x09,0xf1,0x01,0x5b,0x03,0xbf,0x3e,0xff,0xcf,0x7f,0x77,0x9a,0x03,
  0xad,0x01,0x28,0x09,0x44,0x00,0xd0,0x73,0xff,0xff,0xdf,0xf7,0xdf,0xff,0xdf,0xff,0xdf,0xf7,0xdf,0xf7,0xdf,0xf7,0xdf,0xf7,
  0xdf,0xf7,0xbf,0xf7,0xbf,0xf7,0xbf,0xf7,0xbf,0xf7,0xbf,0xef,0xbf,0xef,0xbf,0xef,0x9f,0xef,0x9f,0xef,0x9f,0xef,0x9f,0xef,
  0x9f,0xef,0x9f,0xef,0x9f,0xef,0x9f,0xef,0x9f,0xef,0x9f,0xef,0x9f,0xef,0x9f,0xef,0x9f,0xef,0x9f,0xef,0x9f,0xef,0x9f,0xef,
  0xbf,0xef,0x9f,0xef,0xbf,0xef,0xbf,0xef,0xbf,0xef,0xbf,0xef,0xbf,0xf7,0xbf,0xf7,0xbf,0xf7,0xbf,0xf7,0xdf,0xf7,0xbf,0xf7,
  0xff,0xff,0x56,0xa5,0x65,0x00,0x07,0x09,0x06,0x09,0x06,0x11,0x43,0x00,0x8b,0x4a,0xff,0xff,0xff,0xff,0xff,0xff,0xff,0xff,
  0xff,0xff,0xff,0xff,0xff,0xff,0xff,0xff,0xff,0xff,0xff,0xff,0xff,0xff,0xff,0xff,0xff,0xff,0xff,0xff,0x9e,0xef,0x88,0x21,
  0xc6,0x08,0x48,0x11,0x48,0x11,0xe6,0x08,0x39,0xc6,0xff,0xff,0xff,0xff,0xff,0xff,0xff,0xff,0xff,0xff,0xff,0xff,0xff,0xff,
  0xff,0xff,0xff,0xff,0xff,0xff,0xff,0xff,0xff,0xff,0xff,0xff,0xff,0xff,0xff,0xff,0xff,0xff,0x9f,0xe7,0xff,0xff,0xff,0xff,
  0xff,0xff,0xff,0xff,0xff,0xff,0xff,0xff,0xff,0xff,0x7f,0xdf,0xff,0xff,0xff,0xff,0xff,0xff,0xff,0xff,0xff,0xff,0xff,0xff,
  0xff,0xff,0xff,0xff,0xff,0xff,0xff,0xff,0xff,0xff,0xff,0xff,0xff,0xff,0xff,0xff,0xff,0xff,0xff,0xff,0xff,0xff,0xff,0xff,
  0xff,0xff,0xff,0xff,0xff,0xff,0xff,0xff,0xff,0xff,0xff,0xff,0xff,0xff,0xff,0xff,0xff,0xff,0xff,0xff,0xff,0xff,0xff,0xff,
  0xff,0xff,0xff,0xff,0xff,0xff,0xff,0xff,0xff,0xff,0xff,0xff,0xff,0xff,0xff,0xff,0xff,0xff,0xff,0xff,0xff,0xff,0xff,0xff,
  0xff,0xff,0xff,0xff,0xff,0xff,0xff,0xff,0xff,0xff,0xff,0xff,0xff,0xff,0xff,0xff,0xff,0xff,0xff,0xff,0xff,0xff,0xff,0xff,
  0xff,0xff,0xff,0xff,0xff,0xff,0xff,0xff,0xff,0xff,0xff,0xff,0xff,0xff,0xff,0xff,0xff,0xff,0xff,0xff,0xff,0xff,0xff,0xff,
  0xff,0xff,0xff,0xff,0xff,0xff,0xff,0xff,0xff,0xff,0xff,0xff,0xff,0xff,0xff,0xff,0xff,0xff,0xff,0xff,0xff,0xff,0xff,0xff,
  0xff,0xff,0xff,0xff,0xff,0xff,0xff,0xff,0xff,0xff,0xff,0xff,0xff,0xff,0xff,0xff,0xff,0xff,0xff,0xff,0xff,0xff,0xff,0xff,
  0xff,0xff,0xff,0xff,0xff,0xff,0xff,0xff,0xff,0xff,0xff,0xff,0xff,0xff,0xff,0xff,0xff,0xff,0xff,0xff,0xff,0xff,0xff,0xff,
  0xff,0xff,0xff,0xff,0xff,0xff,0xff,0xff,0xff,0xff,0xff,0xff,0xff,0xff,0xff,0xff,0xff,0xff,0xff,0xff,0xff,0xff,0xff,0xff,
  0xff,0xff,0xff,0xff,0xff,0xff,0xff,0xff,0xff,0xff,0xff,0xff,0xff,0xff,0xff,0xff,0xdf,0xf7,0xdf,0xf7,0xdf,0xf7,0xdf,0xf7,
  0xdf,0xf7,0xdf,0xf7,0xdf,0xf7,0xdf,0xf7,0xdf,0xf7,0xdf,0xff,0xdf,0xff,0xdf,0xff,0xdf,0xff,0xff,0xff,0xff,0xff,0xff,0xff,
  0xff,0xff,0xff,0xff,0xff,0xff,0xff,0xff,0xff,0xff,0xff,0xff,0xff,0xff,0xff,0xff,0xff,0xff,0xff,0xff,0xff,0xff,0xff,0xff,
  0xff,0xff,0xff,0xff,0xff,0xff,0xff,0xff,0xff,0xff,0xff,0xff,0xff,0xff,0xff,0xff,0xff,0xff,0xff,0xff,0xff,0xff,0xff,0xff,
  0xff,0xff,0xff,0xff,0xff,0xff,0xff,0xff,0xff,0xff,0xff,0xff,0xff,0xff,0xff,0xff,0xff,0xff,0xff,0xff,0xff,0xff,0xff,0xff,
  0xff,0xff,0xff,0xff,0xff,0xff,0xff,0xff,0xff,0xff,0xff,0xff,0xbf,0xa6,0x5f,0xd7,0xff,0xff,0xff,0xff,0xff,0xff,0xff,0xff,
  0xff,0xff,0xff,0xff,0xff,0xff,0x7f,0xdf,0xff,0xff,0xff,0xff,0xff,0xff,0xff,0xff,0xdf,0xff,0xdf,0xff,0xdf,0xf7,0xff,0xff,
  0xf8,0xbd,0x85,0x00,0x07,0x01,0xad,0x09,0x7a,0x03,0x1f,0x2f,0xff,0xc7,0x7f,0x46,0x19,0x03,0xad,0x01,0x08,0x01,0xe6,0x08,
  0xe6,0x08,0x07,0x09,0x29,0x01,0xf1,0x01,0x5c,0x04,0xbf,0x7f,0xff,0xaf,0xfd,0x0c,0xf1,0x01,0x4a,0x01,0xa6,0x00,0x6c,0x42,
  0xff,0xff,0xff,0xff,0xdf,0xff,0xdf,0xff,0xdf,0xf7,0xdf,0xf7,0xdf,0xf7,0xdf,0xf7,0xbf,0xf7,0xbf,0xf7,0xbf,0xf7,0xbf,0xf7,
  0xbf,0xef,0xbf,0xef,0xbf,0xef,0x9f,0xef,0x9f,0xef,0x9f,0xef,0x9f,0xef,0x9f,0xef,0x9f,0xef,0x9f,0xef,0x9f,0xef,0x9f,0xef,
  0x9f,0xef,0x9f,0xef,0x9f,0xef,0x9f,0xef,0x9f,0xef,0x9f,0xef,0x9f,0xef,0x9f,0xef,0xbf,0xef,0xbf,0xef,0xbf,0xef,0xbf,0xef,
  0xbf,0xef,0xbf,0xef,0xbf,0xef,0xbf,0xf7,0xbf,0xf7,0xdf,0xf7,0xdf,0xf7,0xdf,0xf7,0xdf,0xf7,0xff,0xff,0xed,0x52,0x85,0x00,
  0x27,0x11,0xe6,0x08,0x06,0x09,0x64,0x00,0x76,0xad,0xff,0xff,0xdf,0xff,0xff,0xff,0xff,0xff,0xff,0xff,0xff,0xff,0xff,0xff,
  0xff,0xff,0xff,0xff,0xff,0xff,0xff,0xff,0xff,0xff,0xff,0xff,0xff,0xff,0xe8,0x39,0x43,0x00,0x68,0x11,0x68,0x19,0xc6,0x00,
  0xf1,0x73,0xff,0xff,0xdf,0xff,0xff,0xff,0xff,0xff,0xff,0xff,0xff,0xff,0xff,0xff,0xff,0xff,0xff,0xff,0xff,0xff,0xff,0xff,
  0xff,0xff,0xff,0xff,0xff,0xff,0xff,0xff,0xff,0xff,0x9f,0xe7,0xdf,0xf7,0xff,0xff,0xff,0xff,0xff,0xff,0xff,0xff,0xff,0xff,
  0xff,0xff,0x7f,0xdf,0xff,0xff,0xff,0xff,0xff,0xff,0xff,0xff,0xff,0xff,0xff,0xff,0xff,0xff,0xff,0xff,0xff,0xff,0xff,0xff,
  0xff,0xff,0xff,0xff,0xff,0xff,0xff,0xff,0xff,0xff,0xff,0xff,0xff,0xff,0xff,0xff,0xff,0xff,0xff,0xff,0xff,0xff,0xff,0xff,
  0xff,0xff,0xff,0xff,0xff,0xff,0xff,0xff,0xff,0xff,0xff,0xff,0xff,0xff,0xff,0xff,0xff,0xff,0xff,0xff,0xff,0xff,0xff,0xff,
  0xff,0xff,0xff,0xff,0xff,0xff,0xff,0xff,0xff,0xff,0xff,0xff,0xff,0xff,0xff,0xff,0xff,0xff,0xff,0xff,0xff,0xff,0xff,0xff,
  0xff,0xff,0xff,0xff,0xff,0xff,0xff,0xff,0xff,0xff,0xff,0xff,0xff,0xff,0xff,0xff,0xff,0xff,0xff,0xff,0xff,0xff,0xff,0xff,
  0xff,0xff,0xff,0xff,0xff,0xff,0xff,0xff,0xff,0xff,0xff,0xff,0xff,0xff,0xff,0xff,0xff,0xff,0xff,0xff,0xff,0xff,0xff,0xff,
  0xff,0xff,0xff,0xff,0xff,0xff,0xff,0xff,0xff,0xff,0xff,0xff,0xff,0xff,0xff,0xff,0xff,0xff,0xff,0xff,0xff,0xff,0xff,0xff,
  0xff,0xff,0xff,0xff,0xff,0xff,0xff,0xff,0xff,0xff,0xff,0xff,0xff,0xff,0xff,0xff,0xff,0xff,0xff,0xff,0xff,0xff,0xff,0xff,
  0xff,0xff,0xff,0xff,0xff,0xff,0xff,0xff,0xff,0xff,0xff,0xff,0xff,0xff,0xff,0xff,0xff,0xff,0xff,0xff,0xff,0xff,0xff,0xff,
  0xff,0xff,0xff,0xff,0xff,0xff,0xff,0xff,0xff,0xff,0xff,0xff,0xff,0xff,0xff,0xff,0xff,0xff,0xff,0xff,0xff,0xff,0xff,0xff,
  0xff,0xff,0xff,0xff,0xff,0xff,0xff,0xff,0xdf,0xf7,0xdf,0xf7,0xdf,0xf7,0xdf,0xf7,0xdf,0xf7,0xdf,0xf7,0xdf,0xf7,0xdf,0xf7,
  0xdf,0xf7,0xdf,0xff,0xdf,0xff,0xdf,0xff,0xff,0xff,0xff,0xff,0xff,0xff,0xff,0xff,0xff,0xff,0xff,0xff,0xff,0xff,0xff,0xff,
  0xff,0xff,0xff,0xff,0xff,0xff,0xff,0xff,0xff,0xff,0xff,0xff,0xff,0xff,0xff,0xff,0xff,0xff,0xff,0xff,0xff,0xff,0xff,0xff,
  0xff,0xff,0xff,0xff,0xff,0xff,0xff,0xff,0xff,0xff,0xff,0xff,0xff,0xff,0xff,0xff,0xff,0xff,0xff,0xff,0xff,0xff,0xff,0xff,
  0xff,0xff,0xff,0xff,0xff,0xff,0xff,0xff,0xff,0xff,0xff,0xff,0xff,0xff,0xff,0xff,0xff,0xff,0xff,0xff,0xff,0xff,0xff,0xff,
  0xff,0xff,0xff,0xff,0x9f,0x9e,0x9f,0xdf,0xff,0xff,0xff,0xff,0xff,0xff,0xff,0xff,0xff,0xff,0xff,0xff,0xdf,0xf7,0x7f,0xdf,
  0xff,0xff,0xff,0xff,0xff,0xff,0xff,0xff,0xdf,0xff,0xdf,0xff,0xbf,0xf7,0xff,0xff,0xd4,0x94,0x44,0x00,0x28,0x01,0x11,0x02,
  0x7e,0x04,0xdf,0x67,0xff,0xbf,0x3f,0x15,0x54,0x02,0x4a,0x01,0xe7,0x08,0xc6,0x08,0xc6,0x08,0xc6,0x08,0xe6,0x08,0x4a,0x09,
  0x37,0x03,0xdf,0x46,0xff,0xbf,0x1f,0x2e,0x96,0x02,0x8c,0x01,0xc6,0x00,0xa8,0x29,0xbe,0xf7,0xff,0xff,0xdf,0xff,0xdf,0xf7,
  0xdf,0xf7,0xdf,0xf7,0xdf,0xf7,0xbf,0xf7,0xbf,0xf7,0xbf,0xf7,0xbf,0xf7,0xbf,0xef,0xbf,0xef,0xbf,0xef,0xbf,0xef,0x9f,0xef,
  0x9f,0xef,0x9f,0xef,0x9f,0xef,0x9f,0xef,0x9f,0xef,0x9f,0xef,0x9f,0xef,0x9f,0xef,0x9f,0xef,0x9f,0xef,0x9f,0xef,0x9f,0xef,
  0x9f,0xef,0x9f,0xef,0x9f,0xef,0x9f,0xef,0xbf,0xef,0xbf,0xef,0xbf,0xef,0xbf,0xef,0xbf,0xef,0xbf,0xef,0xbf,0xef,0xbf,0xf7,
  0xbf,0xf7,0xbf,0xf7,0xdf,0xf7,0xdf,0xf7,0xbf,0xf7,0xff,0xff,0x1c,0xe7,0x06,0x11,0xc5,0x08,0x06,0x09,0x07,0x11,0xe7,0x08,
  0xca,0x29,0x9e,0xf7,0xff,0xff,0xdf,0xff,0xff,0xff,0xff,0xff,0xff,0xff,0xff,0xff,0xff,0xff,0xff,0xff,0xff,0xff,0xff,0xff,
  0xdf,0xff,0xff,0xff,0xd7,0xb5,0x22,0x00,0xe5,0x08,0x48,0x11,0x48,0x11,0x28,0x09,0x59,0xc6,0xff,0xff,0xff,0xff,0xff,0xff,
  0xff,0xff,0xff,0xff,0xff,0xff,0xff,0xff,0xff,0xff,0xff,0xff,0xff,0xff,0xff,0xff,0xff,0xff,0xff,0xff,0xff,0xff,0xff,0xff,
  0xff,0xff,0x9f,0xe7,0xdf,0xf7,0xff,0xff,0xff,0xff,0xff,0xff,0xff,0xff,0xff,0xff,0xff,0xff,0x7f,0xdf,0xdf,0xf7,0xff,0xff,
  0xff,0xff,0xff,0xff,0xff,0xff,0xff,0xff,0xff,0xff,0xff,0xff,0xff,0xff,0xdf,0xff,0xff,0xff,0xff,0xff,0xff,0xff,0xff,0xff,
  0xff,0xff,0xff,0xff,0xff,0xff,0xff,0xff,0xff,0xff,0xff,0xff,0xff,0xff,0xff,0xff,0xff,0xff,0xff,0xff,0xff,0xff,0xff,0xff,
  0xff,0xff,0xff,0xff,0xff,0xff,0xff,0xff,0xff,0xff,0xff,0xff,0xff,0xff,0xff,0xff,0xff,0xff,0xff,0xff,0xff,0xff,0xff,0xff,
  0xff,0xff,0xff,0xff,0xff,0xff,0xff,0xff,0xff,0xff,0xff,0xff,0xff,0xff,0xff,0xff,0xff,0xff,0xff,0xff,0xff,0xff,0xff,0xff,
  0xff,0xff,0xff,0xff,0xff,0xff,0xff,0xff,0xff,0xff,0xff,0xff,0xff,0xff,0xff,0xff,0xff,0xff,0xff,0xff,0xff,0xff,0xff,0xff,
  0xff,0xff,0xff,0xff,0xff,0xff,0xff,0xff,0xff,0xff,0xff,0xff,0xff,0xff,0xff,0xff,0xff,0xff,0xff,0xff,0xff,0xff,0xff,0xff,
  0xff,0xff,0xff,0xff,0xff,0xff,0xff,0xff,0xff,0xff,0xff,0xff,0xff,0xff,0xff,0xff,0xff,0xff,0xff,0xff,0xff,0xff,0xff,0xff,
  0xff,0xff,0xff,0xff,0xff,0xff,0xff,0xff,0xff,0xff,0xff,0xff,0xff,0xff,0xff,0xff,0xff,0xff,0xff,0xff,0xff,0xff,0xff,0xff,
  0xff,0xff,0xff,0xff,0xff,0xff,0xff,0xff,0xff,0xff,0xff,0xff,0xff,0xff,0xff,0xff,0xff,0xff,0xff,0xff,0xff,0xff,0xff,0xff,
  0xff,0xff,0xff,0xff,0xff,0xff,0xff,0xff,0xff,0xff,0xff,0xff,0xff,0xff,0xff,0xff,0xff,0xff,0xff,0xff,0xff,0xff,0xff,0xff,
  0xdf,0xf7,0xdf,0xf7,0xdf,0xf7,0xdf,0xf7,0xdf,0xf7,0xdf,0xf7,0xdf,0xf7,0xdf,0xf7,0xdf,0xf7,0xdf,0xf7,0xdf,0xff,0xdf,0xff,
  0xdf,0xff,0xff,0xff,0xff,0xff,0xff,0xff,0xdf,0xff,0xff,0xff,0xff,0xff,0xff,0xff,0xff,0xff,0xff,0xff,0xff,0xff,0xff,0xff,
  0xff,0xff,0xff,0xff,0xff,0xff,0xff,0xff,0xff,0xff,0xff,0xff,0xff,0xff,0xff,0xff,0xff,0xff,0xff,0xff,0xff,0xff,0xff,0xff,
  0xff,0xff,0xff,0xff,0xff,0xff,0xff,0xff,0xff,0xff,0xff,0xff,0xff,0xff,0xff,0xff,0xff,0xff,0xff,0xff,0xff,0xff,0xff,0xff,
  0xff,0xff,0xff,0xff,0xff,0xff,0xff,0xff,0xff,0xff,0xff,0xff,0xff,0xff,0xff,0xff,0xff,0xff,0xdf,0xf7,0x7f,0x96,0xbf,0xef,
  0xff,0xff,0xff,0xff,0xff,0xff,0xff,0xff,0xff,0xff,0xff,0xff,0xbf,0xf7,0x7f,0xdf,0xff,0xff,0xff,0xff,0xff,0xff,0xff,0xff,
  0xdf,0xff,0xdf,0xff,0xbf,0xf7,0xff,0xff,0x11,0x7c,0x44,0x00,0x69,0x09,0x53,0x02,0x1f,0x05,0xff,0x7f,0xdf,0xa7,0x9d,0x04,
  0xcf,0x01,0x08,0x01,0xc6,0x08,0xc6,0x08,0xc5,0x08,0xc5,0x08,0xe6,0x08,0x4a,0x09,0xf8,0x02,0x9f,0x3e,0xff,0xcf,0x3f,0x36,
  0xb6,0x02,0x6b,0x01,0xa5,0x00,0x46,0x21,0x7e,0xef,0xff,0xff,0xdf,0xf7,0xdf,0xf7,0xdf,0xf7,0xdf,0xf7,0xdf,0xf7,0xbf,0xf7,
  0xbf,0xf7,0xbf,0xf7,0xbf,0xf7,0xbf,0xef,0xbf,0xef,0xbf,0xef,0xbf,0xef,0x9f,0xef,0x9f,0xef,0x9f,0xef,0x9f,0xef,0x9f,0xef,
  0x9f,0xef,0x9f,0xef,0x9f,0xef,0x9f,0xef,0x9f,0xef,0x9f,0xef,0x9f,0xef,0x9f,0xef,0x9f,0xef,0x9f,0xef,0x9f,0xef,0x9f,0xef,
  0x9f,0xef,0xbf,0xef,0xbf,0xef,0x9f,0xef,0xbf,0xef,0xbf,0xef,0xbf,0xef,0xbf,0xef,0xbf,0xf7,0xbf,0xf7,0xbf,0xf7,0xbf,0xf7,
  0xdf,0xf7,0xbf,0xf7,0xff,0xff,0xf4,0x9c,0x44,0x00,0x27,0x11,0x07,0x09,0x27,0x11,0xa5,0x00,0xf1,0x73,0xff,0xff,0xff,0xff,
  0xff,0xff,0xff,0xff,0xff,0xff,0xff,0xff,0xff,0xff,0xff,0xff,0xff,0xff,0xff,0xff,0xff,0xff,0x7e,0xef,0x0a,0x32,0x64,0x00,
  0x27,0x11,0x68,0x11,0xa5,0x00,0x6f,0x63,0xff,0xff,0xff,0xff,0xff,0xff,0xff,0xff,0xff,0xff,0xff,0xff,0xff,0xff,0xff,0xff,
  0xff,0xff,0xff,0xff,0xff,0xff,0xff,0xff,0xff,0xff,0xff,0xff,0xff,0xff,0xff,0xff,0xff,0xff,0x9f,0xe7,0xdf,0xf7,0xff,0xff,
  0xff,0xff,0xff,0xff,0xff,0xff,0xff,0xff,0xff,0xff,0x7f,0xdf,0xdf,0xf7,0xff,0xff,0xff,0xff,0xff,0xff,0xff,0xff,0xff,0xff,
  0xff,0xff,0xff,0xff,0xff,0xff,0xff,0xff,0xff,0xff,0xff,0xff,0xff,0xff,0xff,0xff,0xff,0xff,0xff,0xff,0xff,0xff,0xff,0xff,
  0xff,0xff,0xff,0xff,0xff,0xff,0xff,0xff,0xff,0xff,0xff,0xff,0xff,0xff,0xff,0xff,0xff,0xff,0xff,0xff,0xff,0xff,0xff,0xff,
  0xff,0xff,0xff,0xff,0xff,0xff,0xff,0xff,0xff,0xff,0xff,0xff,0xff,0xff,0xff,0xff,0xff,0xff,0xff,0xff,0xff,0xff,0xff,0xff,
  0xff,0xff,0xff,0xff,0xff,0xff,0xff,0xff,0xff,0xff,0xff,0xff,0xff,0xff,0xff,0xff,0xff,0xff,0xff,0xff,0xff,0xff,0xff,0xff,
  0xff,0xff,0xff,0xff,0xff,0xff,0xff,0xff,0xff,0xff,0xff,0xff,0xff,0xff,0xff,0xff,0xff,0xff,0xff,0xff,0xff,0xff,0xff,0xff,
  0xff,0xff,0xff,0xff,0xff,0xff,0xff,0xff,0xff,0xff,0xff,0xff,0xff,0xff,0xff,0xff,0xff,0xff,0xff,0xff,0xff,0xff,0xff,0xff,
  0xff,0xff,0xff,0xff,0xff,0xff,0xff,0xff,0xff,0xff,0xff,0xff,0xff,0xff,0xff,0xff,0xff,0xff,0xff,0xff,0xff,0xff,0xff,0xff,
  0xff,0xff,0xff,0xff,0xff,0xff,0xff,0xff,0xff,0xff,0xff,0xff,0xff,0xff,0xff,0xff,0xff,0xff,0xff,0xff,0xff,0xff,0xff,0xff,
  0xff,0xff,0xff,0xff,0xff,0xff,0xff,0xff,0xff,0xff,0xff,0xff,0xff,0xff,0xff,0xff,0xff,0xff,0xff,0xff,0xff,0xff,0xff,0xff,
  0xff,0xff,0xff,0xff,0xff,0xff,0xff,0xff,0xff,0xff,0xff,0xff,0xff,0xff,0xff,0xff,0xdf,0xf7,0xbf,0xf7,0xdf,0xf7,0xdf,0xf7,
  0xdf,0xf7,0xdf,0xf7,0xdf,0xf7,0xdf,0xf7,0xdf,0xf7,0xdf,0xf7,0xdf,0xf7,0xdf,0xff,0xdf,0xff,0xdf,0xff,0xdf,0xff,0xff,0xff,
  0xff,0xff,0xff,0xff,0xff,0xff,0xff,0xff,0xff,0xff,0xff,0xff,0xff,0xff,0xff,0xff,0xff,0xff,0xff,0xff,0xff,0xff,0xff,0xff,
  0xff,0xff,0xff,0xff,0xff,0xff,0xff,0xff,0xff,0xff,0xff,0xff,0xff,0xff,0xff,0xff,0xff,0xff,0xff,0xff,0xff,0xff,0xff,0xff,
  0xff,0xff,0xff,0xff,0xff,0xff,0xff,0xff,0xff,0xff,0xff,0xff,0xff,0xff,0xff,0xff,0xff,0xff,0xff,0xff,0xff,0xff,0xff,0xff,
  0xff,0xff,0xff,0xff,0xff,0xff,0xff,0xff,0xff,0xff,0xbf,0xf7,0x7f,0x96,0xdf,0xef,0xff,0xff,0xff,0xff,0xff,0xff,0xff,0xff,
  0xff,0xff,0xff,0xff,0xbf,0xef,0x7f,0xe7,0xff,0xff,0xff,0xff,0xff,0xff,0xff,0xff,0xdf,0xff,0xdf,0xff,0xdf,0xf7,0xff,0xff,
  0x52,0x84,0x44,0x00,0x49,0x09,0x32,0x02,0xbe,0x04,0xff,0x67,0xff,0x9f,0xbd,0x04,0xf0,0x01,0x08,0x01,0xe6,0x08,0xe6,0x08,
  0xc6,0x08,0xc6,0x08,0xe6,0x08,0x6b,0x09,0x3a,0x03,0xff,0x56,0xff,0xc7,0xff,0x25,0x53,0x02,0x49,0x01,0x85,0x00,0xe9,0x31,
  0xdf,0xff,0xff,0xff,0xdf,0xf7,0xdf,0xf7,0xdf,0xf7,0xdf,0xf7,0xdf,0xf7,0xbf,0xf7,0xbf,0xf7,0xbf,0xf7,0xbf,0xf7,0xbf,0xef,
  0xbf,0xef,0x9f,0xef,0x9f,0xef,0x9f,0xef,0x9f,0xef,0x9f,0xef,0x9f,0xef,0x9f,0xef,0x9f,0xef,0x9f,0xef,0x9f,0xef,0x9f,0xef,
  0x9f,0xef,0x9f,0xef,0x9f,0xef,0x9f,0xef,0x9f,0xef,0x9f,0xef,0x9f,0xef,0x9f,0xef,0x9f,0xef,0x9f,0xef,0xbf,0xef,0x9f,0xef,
  0x9f,0xef,0xbf,0xef,0xbf,0xef,0xbf,0xef,0xbf,0xf7,0xbf,0xf7,0xbf,0xf7,0xbf,0xf7,0xdf,0xf7,0xbf,0xf7,0xbf,0xef,0xff,0xff,
  0xcd,0x4a,0x85,0x00,0x27,0x11,0x07,0x09,0x27,0x09,0xa5,0x00,0xe9,0x31,0xb3,0x94,0x5d,0xef,0xff,0xff,0xff,0xff,0xff,0xff,
  0xff,0xff,0xff,0xff,0xff,0xff,0xff,0xff,0xff,0xff,0x39,0xc6,0x43,0x00,0xc5,0x08,0x48,0x11,0x48,0x11,0x48,0x19,0xfc,0xde,
  0xff,0xff,0xff,0xff,0xff,0xff,0xff,0xff,0xff,0xff,0xff,0xff,0xff,0xff,0xff,0xff,0xff,0xff,0xff,0xff,0xff,0xff,0xff,0xff,
  0xff,0xff,0xff,0xff,0xff,0xff,0xff,0xff,0xff,0xff,0x9f,0xe7,0xbf,0xef,0xff,0xff,0xff,0xff,0xff,0xff,0xff,0xff,0xff,0xff,
  0xff,0xff,0x7f,0xdf,0xdf,0xf7,0xff,0xff,0xff,0xff,0xff,0xff,0xff,0xff,0xff,0xff,0xff,0xff,0xff,0xff,0xff,0xff,0xff,0xff,
  0xff,0xff,0xff,0xff,0xff,0xff,0xff,0xff,0xff,0xff,0xff,0xff,0xff,0xff,0xff,0xff,0xff,0xff,0xff,0xff,0xff,0xff,0xff,0xff,
  0xff,0xff,0xff,0xff,0xff,0xff,0xff,0xff,0xff,0xff,0xff,0xff,0xff,0xff,0xff,0xff,0xff,0xff,0xff,0xff,0xff,0xff,0xff,0xff,
  0xff,0xff,0xff,0xff,0xff,0xff,0xff,0xff,0xff,0xff,0xff,0xff,0xff,0xff,0xff,0xff,0xff,0xff,0xff,0xff,0xff,0xff,0xff,0xff,
  0xff,0xff,0xff,0xff,0xff,0xff,0xff,0xff,0xff,0xff,0xff,0xff,0xff,0xff,0xff,0xff,0xff,0xff,0xff,0xff,0xff,0xff,0xff,0xff,
  0xff,0xff,0xff,0xff,0xff,0xff,0xff,0xff,0xff,0xff,0xff,0xff,0xff,0xff,0xff,0xff,0xff,0xff,0xff,0xff,0xff,0xff,0xff,0xff,
  0xff,0xff,0xff,0xff,0xff,0xff,0xff,0xff,0xff,0xff,0xff,0xff,0xff,0xff,0xff,0xff,0xff,0xff,0xff,0xff,0xff,0xff,0xff,0xff,
  0xff,0xff,0xff,0xff,0xff,0xff,0xff,0xff,0xff,0xff,0xff,0xff,0xff,0xff,0xff,0xff,0xff,0xff,0xff,0xff,0xff,0xff,0xff,0xff,
  0xff,0xff,0xff,0xff,0xff,0xff,0xff,0xff,0xff,0xff,0xff,0xff,0xff,0xff,0xff,0xff,0xff,0xff,0xff,0xff,0xff,0xff,0xff,0xff,
  0xff,0xff,0xff,0xff,0xff,0xff,0xff,0xff,0xff,0xff,0xff,0xff,0xff,0xff,0xff,0xff,0xff,0xff,0xff,0xff,0xff,0xff,0xff,0xff,
  0xff,0xff,0xff,0xff,0xff,0xff,0xff,0xff,0xbf,0xf7,0xdf,0xf7,0xdf,0xf7,0xbf,0xf7,0xdf,0xf7,0xdf,0xf7,0xdf,0xf7,0xdf,0xf7,
  0xdf,0xf7,0xdf,0xf7,0xdf,0xf7,0xdf,0xf7,0xdf,0xf7,0xdf,0xff,0xdf,0xff,0xff,0xff,0xff,0xff,0xdf,0xff,0xff,0xff,0xff,0xff,
  0xff,0xff,0xff,0xff,0xff,0xff,0xff,0xff,0xff,0xff,0xff,0xff,0xff,0xff,0xff,0xff,0xff,0xff,0xff,0xff,0xff,0xff,0xff,0xff,
  0xff,0xff,0xff,0xff,0xff,0xff,0xff,0xff,0xff,0xff,0xff,0xff,0xff,0xff,0xff,0xff,0xff,0xff,0xff,0xff,0xff,0xff,0xff,0xff,
  0xff,0xff,0xff,0xff,0xff,0xff,0xff,0xff,0xff,0xff,0xff,0xff,0xff,0xff,0xff,0xff,0xff,0xff,0xff,0xff,0xff,0xff,0xff,0xff,
  0xff,0xff,0xbf,0xef,0x7f,0x9e,0xdf,0xf7,0xff,0xff,0xff,0xff,0xff,0xff,0xff,0xff,0xff,0xff,0xff,0xff,0x9f,0xef,0x7f,0xe7,
  0xff,0xff,0xff,0xff,0xff,0xff,0xdf,0xff,0xdf,0xff,0xdf,0xff,0xdf,0xf7,0xff,0xff,0xb3,0x94,0x44,0x00,0x27,0x01,0xce,0x01,
  0xba,0x03,0x5f,0x37,0xff,0xaf,0x3f,0x26,0xb7,0x02,0x8b,0x01,0x07,0x09,0xe6,0x08,0xe6,0x08,0xe6,0x08,0x07,0x01,0xef,0x09,
  0x5d,0x04,0xbf,0x7f,0xff,0xb7,0x3e,0x0d,0x11,0x02,0x49,0x09,0x65,0x00,0xed,0x52,0xff,0xff,0xdf,0xf7,0xdf,0xf7,0xdf,0xf7,
  0xdf,0xf7,0xdf,0xf7,0xdf,0xf7,0xbf,0xf7,0xbf,0xf7,0xbf,0xf7,0xbf,0xf7,0xbf,0xef,0xbf,0xef,0x9f,0xef,0xbf,0xef,0x9f,0xef,
  0x9f,0xef,0x9f,0xef,0x9f,0xef,0x9f,0xef,0x9f,0xef,0x9f,0xef,0x9f,0xef,0x9f,0xef,0x9f,0xef,0x9f,0xe7,0x9f,0xef,0x9f,0xef,
  0x9f,0xef,0x9f,0xef,0x9f,0xef,0x9f,0xef,0x9f,0xef,0x9f,0xef,0x9f,0xef,0x9f,0xef,0x9f,0xef,0xbf,0xef,0xbf,0xef,0xbf,0xef,
  0xbf,0xf7,0xbf,0xf7,0xbf,0xf7,0xbf,0xf7,0xbf,0xf7,0xdf,0xf7,0xbf,0xf7,0xff,0xff,0xfc,0xde,0x27,0x11,0x07,0x09,0x27,0x11,
  0xe6,0x08,0xe6,0x08,0x85,0x00,0x64,0x00,0x68,0x19,0x2d,0x5b,0xd3,0x9c,0x7d,0xef,0xff,0xff,0xff,0xff,0xff,0xff,0xff,0xff,
  0xff,0xff,0xdf,0xff,0x6a,0x42,0x22,0x00,0x27,0x11,0xc6,0x00,0x53,0x84,0xff,0xff,0xdf,0xff,0xff,0xff,0xff,0xff,0xff,0xff,
  0xff,0xff,0xff,0xff,0xff,0xff,0xff,0xff,0xff,0xff,0xff,0xff,0xff,0xff,0xff,0xff,0xff,0xff,0xff,0xff,0xff,0xff,0xff,0xff,
  0xff,0xff,0x9f,0xe7,0xbf,0xef,0xff,0xff,0xff,0xff,0xff,0xff,0xff,0xff,0xff,0xff,0xff,0xff,0x7f,0xdf,0xbf,0xf7,0xff,0xff,
  0xff,0xff,0xff,0xff,0xff,0xff,0xff,0xff,0xff,0xff,0xff,0xff,0xff,0xff,0xff,0xff,0xff,0xff,0xff,0xff,0xff,0xff,0xff,0xff,
  0xff,0xff,0xff,0xff,0xdf,0xff,0xff,0xff,0xff,0xff,0xff,0xff,0xff,0xff,0xff,0xff,0xff,0xff,0xff,0xff,0xff,0xff,0xff,0xff,
  0xff,0xff,0xff,0xff,0xff,0xff,0xff,0xff,0xff,0xff,0xff,0xff,0xff,0xff,0xff,0xff,0xff,0xff,0xff,0xff,0xff,0xff,0xff,0xff,
  0xff,0xff,0xff,0xff,0xff,0xff,0xff,0xff,0xff,0xff,0xff,0xff,0xff,0xff,0xff,0xff,0xff,0xff,0xff,0xff,0xff,0xff,0xff,0xff,
  0xff,0xff,0xff,0xff,0xff,0xff,0xff,0xff,0xff,0xff,0xff,0xff,0xff,0xff,0xff,0xff,0xff,0xff,0xff,0xff,0xff,0xff,0xff,0xff,
  0xff,0xff,0xff,0xff,0xff,0xff,0xff,0xff,0xff,0xff,0xff,0xff,0xff,0xff,0xff,0xff,0xff,0xff,0xff,0xff,0xff,0xff,0xff,0xff,
  0xff,0xff,0xff,0xff,0xff,0xff,0xff,0xff,0xff,0xff,0xff,0xff,0xff,0xff,0xff,0xff,0xff,0xff,0xff,0xff,0xff,0xff,0xff,0xff,
  0xff,0xff,0xff,0xff,0xff,0xff,0xff,0xff,0xff,0xff,0xff,0xff,0xff,0xff,0xff,0xff,0xff,0xff,0xff,0xff,0xff,0xff,0xff,0xff,
  0xff,0xff,0xff,0xff,0xff,0xff,0xff,0xff,0xff,0xff,0xff,0xff,0xff,0xff,0xff,0xff,0xff,0xff,0xff,0xff,0xff,0xff,0xff,0xff,
  0xff,0xff,0xff,0xff,0xff,0xff,0xff,0xff,0xff,0xff,0xff,0xff,0xff,0xff,0xff,0xff,0xff,0xff,0xff,0xff,0xff,0xff,0xff,0xff,
  0xdf,0xf7,0xdf,0xf7,0xdf,0xf7,0xbf,0xf7,0xdf,0xf7,0xdf,0xf7,0xdf,0xf7,0xdf,0xf7,0xdf,0xf7,0xdf,0xf7,0xdf,0xf7,0xdf,0xf7,
  0xdf,0xf7,0xdf,0xff,0xdf,0xff,0xdf,0xff,0xff,0xff,0xff,0xff,0xdf,0xff,0xff,0xff,0xff,0xff,0xff,0xff,0xff,0xff,0xff,0xff,
  0xff,0xff,0xff,0xff,0xff,0xff,0xff,0xff,0xff,0xff,0xff,0xff,0xff,0xff,0xff,0xff,0xff,0xff,0xff,0xff,0xff,0xff,0xff,0xff,
  0xff,0xff,0xff,0xff,0xff,0xff,0xff,0xff,0xff,0xff,0xff,0xff,0xff,0xff,0xff,0xff,0xff,0xff,0xff,0xff,0xff,0xff,0xff,0xff,
  0xff,0xff,0xff,0xff,0xff,0xff,0xff,0xff,0xff,0xff,0xff,0xff,0xff,0xff,0xff,0xff,0xff,0xff,0xbf,0xef,0x9f,0x9e,0xff,0xff,
  0xff,0xff,0xff,0xff,0xff,0xff,0xff,0xff,0xff,0xff,0xff,0xff,0x9f,0xef,0x9f,0xe7,0xff,0xff,0xff,0xff,0xff,0xff,0xdf,0xff,
  0xdf,0xff,0xdf,0xff,0xdf,0xf7,0xff,0xff,0xf1,0x7b,0x23,0x00,0x07,0x09,0x6a,0x01,0xb5,0x02,0x1e,0x0e,0xff,0xa7,0xbf,0x97,
  0x7e,0x04,0x34,0x02,0x6b,0x01,0x07,0x01,0x07,0x09,0x49,0x09,0xef,0x09,0x5a,0x03,0x7f,0x26,0xff,0xc7,0x7f,0x6f,0xfc,0x03,
  0xef,0x01,0x49,0x09,0x43,0x00,0x93,0x8c,0xff,0xff,0xbf,0xf7,0xdf,0xff,0xdf,0xf7,0xdf,0xf7,0xdf,0xf7,0xdf,0xf7,0xbf,0xf7,
  0xbf,0xf7,0xbf,0xf7,0xbf,0xef,0xbf,0xef,0xbf,0xef,0xbf,0xef,0x9f,0xef,0x9f,0xef,0x9f,0xef,0x9f,0xef,0x9f,0xef,0x9f,0xef,
  0x9f,0xef,0x9f,0xef,0x9f,0xef,0x9f,0xef,0x9f,0xef,0x9f,0xef,0x9f,0xef,0x9f,0xef,0x9f,0xef,0x9f,0xef,0x9f,0xef,0x9f,0xef,
  0x9f,0xef,0x9f,0xef,0x9f,0xef,0x9f,0xef,0x9f,0xef,0x9f,0xef,0xbf,0xef,0xbf,0xef,0xbf,0xef,0xbf,0xf7,0xbf,0xf7,0xbf,0xf7,
  0xbf,0xf7,0xdf,0xf7,0xdf,0xf7,0xbf,0xf7,0xff,0xff,0x15,0x9d,0xa6,0x00,0x47,0x11,0x06,0x09,0x06,0x09,0x07,0x11,0x27,0x11,
  0xe6,0x08,0x43,0x00,0x00,0x00,0x6a,0x4a,0xff,0xff,0xff,0xff,0xff,0xff,0xff,0xff,0xdf,0xff,0xff,0xff,0xf8,0xbd,0x63,0x00,
  0xc6,0x08,0x47,0x19,0x5d,0xef,0xff,0xff,0xff,0xff,0xff,0xff,0xff,0xff,0xff,0xff,0xff,0xff,0xff,0xff,0xff,0xff,0xff,0xff,
  0xff,0xff,0xff,0xff,0xff,0xff,0xff,0xff,0xff,0xff,0xff,0xff,0xff,0xff,0xff,0xff,0xff,0xff,0x9f,0xe7,0xbf,0xef,0xff,0xff,
  0xff,0xff,0xff,0xff,0xff,0xff,0xff,0xff,0xff,0xff,0x7f,0xdf,0xbf,0xf7,0xff,0xff,0xff,0xff,0xff,0xff,0xff,0xff,0xff,0xff,
  0xff,0xff,0xff,0xff,0xff,0xff,0xff,0xff,0xff,0xff,0xff,0xff,0xff,0xff,0xff,0xff,0xff,0xff,0xff,0xff,0xff,0xff,0xff,0xff,
  0xff,0xff,0xff,0xff,0xff,0xff,0xff,0xff,0xff,0xff,0xff,0xff,0xff,0xff,0xff,0xff,0xff,0xff,0xff,0xff,0xff,0xff,0xff,0xff,
  0xff,0xff,0xff,0xff,0xff,0xff,0xff,0xff,0xff,0xff,0xff,0xff,0xff,0xff,0xff,0xff,0xff,0xff,0xff,0xff,0xff,0xff,0xff,0xff,
  0xff,0xff,0xff,0xff,0xff,0xff,0xff,0xff,0xff,0xff,0xff,0xff,0xff,0xff,0xff,0xff,0xff,0xff,0xff,0xff,0xff,0xff,0xff,0xff,
  0xff,0xff,0xff,0xff,0xff,0xff,0xff,0xff,0xff,0xff,0xff,0xff,0xff,0xff,0xff,0xff,0xff,0xff,0xff,0xff,0xff,0xff,0xff,0xff,
  0xff,0xff,0xff,0xff,0xff,0xff,0xff,0xff,0xff,0xff,0xff,0xff,0xff,0xff,0xff,0xff,0xff,0xff,0xff,0xff,0xff,0xff,0xff,0xff,
  0xff,0xff,0xff,0xff,0xff,0xff,0xff,0xff,0xff,0xff,0xff,0xff,0xff,0xff,0xff,0xff,0xff,0xff,0xff,0xff,0xff,0xff,0xff,0xff,
  0xff,0xff,0xff,0xff,0xff,0xff,0xff,0xff,0xff,0xff,0xff,0xff,0xff,0xff,0xff,0xff,0xff,0xff,0xff,0xff,0xff,0xff,0xff,0xff,
  0xff,0xff,0xff,0xff,0xff,0xff,0xff,0xff,0xff,0xff,0xff,0xff,0xff,0xff,0xff,0xff,0xff,0xff,0xff,0xff,0xff,0xff,0xff,0xff,
  0xff,0xff,0xff,0xff,0xff,0xff,0xff,0xff,0xff,0xff,0xff,0xff,0xff,0xff,0xff,0xff,0xbf,0xf7,0xbf,0xf7,0xdf,0xf7,0xdf,0xf7,
  0xdf,0xf7,0xdf,0xf7,0xdf,0xf7,0xdf,0xf7,0xdf,0xf7,0xdf,0xf7,0xdf,0xf7,0xdf,0xf7,0xdf,0xf7,0xdf,0xf7,0xdf,0xf7,0xdf,0xff,
  0xdf,0xff,0xff,0xff,0xdf,0xff,0xdf,0xff,0xff,0xff,0xff,0xff,0xff,0xff,0xff,0xff,0xff,0xff,0xff,0xff,0xff,0xff,0xff,0xff,
  0xff,0xff,0xff,0xff,0xff,0xff,0xff,0xff,0xff,0xff,0xff,0xff,0xff,0xff,0xff,0xff,0xff,0xff,0xff,0xff,0xff,0xff,0xff,0xff,
  0xff,0xff,0xff,0xff,0xff,0xff,0xff,0xff,0xff,0xff,0xff,0xff,0xff,0xff,0xff,0xff,0xff,0xff,0xff,0xff,0xff,0xff,0xff,0xff,
  0xff,0xff,0xff,0xff,0xff,0xff,0xff,0xff,0xff,0xff,0x9f,0xef,0x7f,0x9e,0xff,0xff,0xff,0xff,0xff,0xff,0xff,0xff,0xff,0xff,
  0xff,0xff,0xff,0xff,0x9f,0xef,0x9f,0xe7,0xff,0xff,0xff,0xff,0xff,0xff,0xff,0xff,0xdf,0xff,0xdf,0xff,0xdf,0xf7,0xff,0xff,
  0x6e,0x6b,0x02,0x00,0xe6,0x08,0x49,0x01,0x32,0x02,0x5d,0x04,0x9f,0x4f,0xff,0xd7,0x5f,0x77,0x5d,0x04,0x76,0x02,0x12,0x02,
  0x12,0x02,0x75,0x02,0xdb,0x03,0x3f,0x2e,0xdf,0xb7,0xff,0xaf,0x7e,0x0d,0x75,0x02,0x8b,0x01,0x08,0x01,0xc5,0x08,0xdb,0xde,
  0xff,0xff,0xdf,0xf7,0xdf,0xff,0xdf,0xf7,0xdf,0xf7,0xdf,0xf7,0xbf,0xf7,0xbf,0xf7,0xbf,0xf7,0xbf,0xf7,0xbf,0xef,0xbf,0xef,
  0xbf,0xef,0x9f,0xef,0x9f,0xef,0x9f,0xef,0x9f,0xef,0x9f,0xef,0x9f,0xef,0x9f,0xef,0x9f,0xef,0x9f,0xef,0x9f,0xef,0x9f,0xef,
  0x9f,0xef,0x9f,0xef,0x9f,0xef,0x9f,0xef,0x9f,0xef,0x9f,0xef,0x9f,0xef,0x9f,0xef,0x9f,0xef,0x9f,0xef,0x9f,0xef,0x9f,0xef,
  0x9f,0xef,0x9f,0xef,0xbf,0xef,0xbf,0xef,0xbf,0xef,0xbf,0xef,0xbf,0xf7,0xbf,0xf7,0xbf,0xf7,0xbf,0xf7,0xdf,0xf7,0xdf,0xf7,
  0xdf,0xff,0xdf,0xff,0x6b,0x42,0x02,0x00,0xa5,0x00,0xe6,0x08,0x27,0x11,0x27,0x11,0x27,0x11,0x27,0x11,0x84,0x08,0x00,0x00,
  0xd3,0x94,0xff,0xff,0xdf,0xff,0xff,0xff,0xff,0xff,0xff,0xff,0xff,0xff,0x6b,0x42,0x03,0x00,0x93,0x8c,0xff,0xff,0xdf,0xff,
  0xff,0xff,0xff,0xff,0xff,0xff,0xff,0xff,0xff,0xff,0xff,0xff,0xff,0xff,0xff,0xff,0xff,0xff,0xff,0xff,0xff,0xff,0xff,0xff,
  0xff,0xff,0xff,0xff,0xff,0xff,0xff,0xff,0xff,0xff,0x7f,0xe7,0xbf,0xef,0xff,0xff,0xff,0xff,0xff,0xff,0xff,0xff,0xff,0xff,
  0xff,0xff,0x7f,0xdf,0xdf,0xf7,0xff,0xff,0xff,0xff,0xff,0xff,0xff,0xff,0xff,0xff,0xff,0xff,0xff,0xff,0xff,0xff,0xff,0xff,
  0xff,0xff,0xff,0xff,0xdf,0xff,0xdf,0xff,0xff,0xff,0xff,0xff,0xff,0xff,0xff,0xff,0xff,0xff,0xff,0xff,0xff,0xff,0xff,0xff,
  0xff,0xff,0xff,0xff,0xff,0xff,0xff,0xff,0xff,0xff,0xff,0xff,0xff,0xff,0xff,0xff,0xff,0xff,0xff,0xff,0xff,0xff,0xff,0xff,
  0xff,0xff,0xff,0xff,0xff,0xff,0xff,0xff,0xff,0xff,0xff,0xff,0xff,0xff,0xff,0xff,0xff,0xff,0xff,0xff,0xff,0xff,0xff,0xff,
  0xff,0xff,0xff,0xff,0xff,0xff,0xff,0xff,0xff,0xff,0xff,0xff,0xff,0xff,0xff,0xff,0xff,0xff,0xff,0xff,0xff,0xff,0xff,0xff,
  0xff,0xff,0xff,0xff,0xff,0xff,0xff,0xff,0xff,0xff,0xff,0xff,0xff,0xff,0xff,0xff,0xff,0xff,0xff,0xff,0xff,0xff,0xff,0xff,
  0xff,0xff,0xff,0xff,0xff,0xff,0xff,0xff,0xff,0xff,0xff,0xff,0xff,0xff,0xff,0xff,0xff,0xff,0xff,0xff,0xff,0xff,0xff,0xff,
  0xff,0xff,0xff,0xff,0xff,0xff,0xff,0xff,0xff,0xff,0xff,0xff,0xff,0xff,0xff,0xff,0xff,0xff,0xff,0xff,0xff,0xff,0xff,0xff,
  0xff,0xff,0xff,0xff,0xff,0xff,0xff,0xff,0xff,0xff,0xff,0xff,0xff,0xff,0xff,0xff,0xff,0xff,0xff,0xff,0xff,0xff,0xff,0xff,
  0xff,0xff,0xff,0xff,0xff,0xff,0xff,0xff,0xff,0xff,0xff,0xff,0xff,0xff,0xff,0xff,0xff,0xff,0xff,0xff,0xff,0xff,0xff,0xff,
  0xff,0xff,0xff,0xff,0xff,0xff,0xff,0xff,0xbf,0xf7,0xbf,0xf7,0xbf,0xf7,0xbf,0xf7,0xdf,0xf7,0xbf,0xf7,0xdf,0xf7,0xdf,0xf7,
  0xdf,0xf7,0xdf,0xf7,0xdf,0xf7,0xdf,0xf7,0xdf,0xf7,0xdf,0xf7,0xdf,0xf7,0xdf,0xf7,0xdf,0xff,0xdf,0xff,0xdf,0xff,0xff,0xff,
  0xdf,0xff,0xff,0xff,0xff,0xff,0xff,0xff,0xff,0xff,0xff,0xff,0xff,0xff,0xff,0xff,0xff,0xff,0xff,0xff,0xff,0xff,0xff,0xff,
  0xff,0xff,0xff,0xff,0xff,0xff,0xff,0xff,0xff,0xff,0xff,0xff,0xff,0xff,0xff,0xff,0xff,0xff,0xff,0xff,0xff,0xff,0xff,0xff,
  0xff,0xff,0xff,0xff,0xff,0xff,0xff,0xff,0xff,0xff,0xff,0xff,0xff,0xff,0xff,0xff,0xff,0xff,0xff,0xff,0xff,0xff,0xff,0xff,
  0xff,0xff,0x9f,0xef,0x7f,0x96,0xff,0xff,0xff,0xff,0xff,0xff,0xff,0xff,0xff,0xff,0xff,0xff,0xff,0xff,0x9f,0xef,0x9f,0xe7,
  0xff,0xff,0xff,0xff,0xff,0xff,0xff,0xff,0xdf,0xff,0xdf,0xf7,0xbf,0xf7,0xff,0xff,0x4e,0x63,0x01,0x00,0xe6,0x08,0x28,0x01,
  0xcd,0x01,0xb6,0x02,0xbd,0x04,0xbf,0x57,0xff,0xb7,0xbf,0x87,0x5f,0x36,0x7f,0x15,0x3f,0x15,0xff,0x25,0x1f,0x57,0xff,0xb7,
  0xff,0xa7,0x3f,0x26,0x39,0x03,0xad,0x01,0x28,0x09,0x44,0x00,0x4e,0x63,0xff,0xff,0xdf,0xf7,0xdf,0xf7,0xdf,0xf7,0xdf,0xf7,
  0xdf,0xf7,0xdf,0xf7,0xbf,0xf7,0xbf,0xf7,0xbf,0xf7,0xbf,0xf7,0xbf,0xef,0xbf,0xef,0xbf,0xef,0x9f,0xef,0x9f,0xef,0x9f,0xef,
  0x9f,0xef,0x9f,0xef,0x9f,0xef,0x9f,0xef,0x9f,0xef,0x9f,0xef,0x9f,0xef,0x9f,0xef,0x9f,0xef,0x9f,0xef,0x9f,0xef,0x9f,0xef,
  0x9f,0xef,0x9f,0xef,0x9f,0xef,0x9f,0xef,0x9f,0xef,0x9f,0xef,0x9f,0xef,0x9f,0xef,0x9f,0xef,0xbf,0xef,0x9f,0xef,0xbf,0xef,
  0xbf,0xef,0xbf,0xef,0xbf,0xf7,0xbf,0xf7,0xbf,0xf7,0xbf,0xf7,0xdf,0xf7,0xdf,0xf7,0xdf,0xf7,0xff,0xff,0xfc,0xde,0x52,0x84,
  0xcc,0x4a,0x68,0x21,0xa5,0x00,0x64,0x00,0xa5,0x00,0x07,0x09,0x27,0x11,0x85,0x08,0xa4,0x10,0xdb,0xde,0xff,0xff,0xdf,0xff,
  0xff,0xff,0xff,0xff,0xff,0xff,0x55,0xa5,0x06,0x19,0xbe,0xf7,0xff,0xff,0xff,0xff,0xff,0xff,0xff,0xff,0xff,0xff,0xff,0xff,
  0xff,0xff,0xff,0xff,0xff,0xff,0xff,0xff,0xff,0xff,0xff,0xff,0xff,0xff,0xff,0xff,0xff,0xff,0xff,0xff,0xff,0xff,0xff,0xff,
  0xff,0xff,0x7f,0xdf,0xbf,0xef,0xff,0xff,0xff,0xff,0xff,0xff,0xff,0xff,0xff,0xff,0xff,0xff,0x7f,0xdf,0xdf,0xf7,0xff,0xff,
  0xff,0xff,0xff,0xff,0xff,0xff,0xff,0xff,0xff,0xff,0xff,0xff,0xdf,0xff,0xff,0xff,0xff,0xff,0xff,0xff,0xdf,0xff,0xdf,0xff,
  0xff,0xff,0xff,0xff,0xff,0xff,0xff,0xff,0xff,0xff,0xff,0xff,0xff,0xff,0xff,0xff,0xff,0xff,0xff,0xff,0xff,0xff,0xff,0xff,
  0xff,0xff,0xff,0xff,0xff,0xff,0xff,0xff,0xff,0xff,0xff,0xff,0xff,0xff,0xff,0xff,0xff,0xff,0xff,0xff,0xff,0xff,0xff,0xff,
  0xff,0xff,0xff,0xff,0xff,0xff,0xff,0xff,0xff,0xff,0xff,0xff,0xff,0xff,0xff,0xff,0xff,0xff,0xff,0xff,0xff,0xff,0xff,0xff,
  0xff,0xff,0xff,0xff,0xff,0xff,0xff,0xff,0xff,0xff,0xff,0xff,0xff,0xff,0xff,0xff,0xff,0xff,0xff,0xff,0xff,0xff,0xff,0xff,
  0xff,0xff,0xff,0xff,0xff,0xff,0xff,0xff,0xff,0xff,0xff,0xff,0xff,0xff,0xff,0xff,0xff,0xff,0xff,0xff,0xff,0xff,0xff,0xff,
  0xff,0xff,0xff,0xff,0xff,0xff,0xff,0xff,0xff,0xff,0xff,0xff,0xff,0xff,0xff,0xff,0xff,0xff,0xff,0xff,0xff,0xff,0xff,0xff,
  0xff,0xff,0xff,0xff,0xff,0xff,0xff,0xff,0xff,0xff,0xff,0xff,0xff,0xff,0xff,0xff,0xff,0xff,0xff,0xff,0xff,0xff,0xff,0xff,
  0xff,0xff,0xff,0xff,0xff,0xff,0xff,0xff,0xff,0xff,0xff,0xff,0xff,0xff,0xff,0xff,0xff,0xff,0xff,0xff,0xff,0xff,0xff,0xff,
  0xff,0xff,0xff,0xff,0xff,0xff,0xff,0xff,0xff,0xff,0xff,0xff,0xff,0xff,0xff,0xff,0xff,0xff,0xff,0xff,0xff,0xff,0xff,0xff,
  0xbf,0xf7,0xbf,0xf7,0xbf,0xf7,0xbf,0xf7,0xdf,0xf7,0xdf,0xf7,0xdf,0xf7,0xdf,0xf7,0xbf,0xf7,0xdf,0xf7,0xdf,0xf7,0xdf,0xf7,
  0xdf,0xf7,0xdf,0xf7,0xdf,0xf7,0xdf,0xf7,0xdf,0xf7,0xdf,0xff,0xdf,0xff,0xdf,0xff,0xdf,0xff,0xff,0xff,0xff,0xff,0xdf,0xff,
  0xff,0xff,0xff,0xff,0xff,0xff,0xff,0xff,0xff,0xff,0xff,0xff,0xff,0xff,0xff,0xff,0xff,0xff,0xff,0xff,0xff,0xff,0xff,0xff,
  0xff,0xff,0xff,0xff,0xff,0xff,0xff,0xff,0xff,0xff,0xff,0xff,0xff,0xff,0xff,0xff,0xff,0xff,0xff,0xff,0xff,0xff,0xff,0xff,
  0xff,0xff,0xff,0xff,0xff,0xff,0xff,0xff,0xff,0xff,0xff,0xff,0xff,0xff,0xff,0xff,0xff,0xff,0xbf,0xef,0x9f,0x9e,0xdf,0xf7,
  0xff,0xff,0xff,0xff,0xff,0xff,0xff,0xff,0xff,0xff,0xff,0xff,0xbf,0xef,0x9f,0xe7,0xff,0xff,0xff,0xff,0xff,0xff,0xff,0xff,
  0xdf,0xf7,0xdf,0xf7,0xbf,0xf7,0xff,0xff,0x6e,0x6b,0x02,0x00,0xe6,0x08,0x07,0x09,0x28,0x09,0xad,0x01,0x74,0x02,0x7b,0x04,
  0xff,0x2e,0xff,0x87,0xff,0xaf,0xff,0xb7,0xff,0xbf,0xff,0xb7,0xff,0xaf,0x9f,0x5f,0x9e,0x0d,0x18,0x03,0x10,0x02,0x6a,0x01,
  0xa5,0x00,0xe5,0x10,0x1c,0xe7,0xff,0xff,0xdf,0xff,0xdf,0xff,0xdf,0xf7,0xdf,0xf7,0xdf,0xf7,0xdf,0xf7,0xbf,0xf7,0xbf,0xf7,
  0xbf,0xf7,0xbf,0xf7,0xbf,0xef,0xbf,0xef,0x9f,0xef,0xbf,0xef,0x9f,0xef,0x9f,0xef,0x9f,0xef,0x9f,0xef,0x9f,0xef,0x9f,0xef,
  0x9f,0xef,0x9f,0xef,0x9f,0xef,0x9f,0xef,0x9f,0xef,0x9f,0xef,0x9f,0xef,0x9f,0xef,0x9f,0xef,0x9f,0xef,0x9f,0xef,0x9f,0xef,
  0x9f,0xef,0x9f,0xef,0x9f,0xef,0x9f,0xef,0x9f,0xef,0x9f,0xef,0xbf,0xef,0xbf,0xef,0xbf,0xef,0xbf,0xef,0xbf,0xf7,0xbf,0xf7,
  0xbf,0xf7,0xbf,0xf7,0xdf,0xf7,0xdf,0xf7,0xdf,0xf7,0xdf,0xf7,0xff,0xff,0xff,0xff,0xff,0xff,0x5d,0xe7,0xf8,0xbd,0x32,0x7c,
  0x8c,0x42,0x68,0x19,0x07,0x09,0xa5,0x00,0x00,0x00,0xe8,0x39,0xff,0xff,0xdf,0xff,0xff,0xff,0xff,0xff,0xff,0xff,0x9e,0xf7,
  0x18,0xc6,0xff,0xff,0xff,0xff,0xff,0xff,0xff,0xff,0xff,0xff,0xff,0xff,0xff,0xff,0xff,0xff,0xff,0xff,0xff,0xff,0xff,0xff,
  0xff,0xff,0xff,0xff,0xff,0xff,0xff,0xff,0xff,0xff,0xff,0xff,0xff,0xff,0xff,0xff,0xff,0xff,0x7f,0xdf,0xbf,0xef,0xff,0xff,
  0xff,0xff,0xff,0xff,0xff,0xff,0xff,0xff,0xff,0xff,0x7f,0xdf,0xdf,0xf7,0xff,0xff,0xff,0xff,0xff,0xff,0xff,0xff,0xff,0xff,
  0xff,0xff,0xff,0xff,0xff,0xff,0xff,0xff,0xff,0xff,0xdf,0xff,0xff,0xff,0xff,0xff,0xff,0xff,0xff,0xff,0xff,0xff,0xff,0xff,
  0xff,0xff,0xff,0xff,0xff,0xff,0xff,0xff,0xff,0xff,0xff,0xff,0xff,0xff,0xff,0xff,0xff,0xff,0xff,0xff,0xff,0xff,0xff,0xff,
  0xff,0xff,0xff,0xff,0xff,0xff,0xff,0xff,0xff,0xff,0xff,0xff,0xff,0xff,0xff,0xff,0xff,0xff,0xff,0xff,0xff,0xff,0xff,0xff,
  0xff,0xff,0xff,0xff,0xff,0xff,0xff,0xff,0xff,0xff,0xff,0xff,0xff,0xff,0xff,0xff,0xff,0xff,0xff,0xff,0xff,0xff,0xff,0xff,
  0xff,0xff,0xff,0xff,0xff,0xff,0xff,0xff,0xff,0xff,0xff,0xff,0xff,0xff,0xff,0xff,0xff,0xff,0xff,0xff,0xff,0xff,0xff,0xff,
  0xff,0xff,0xff,0xff,0xff,0xff,0xff,0xff,0xff,0xff,0xff,0xff,0xff,0xff,0xff,0xff,0xff,0xff,0xff,0xff,0xff,0xff,0xff,0xff,
  0xff,0xff,0xff,0xff,0xff,0xff,0xff,0xff,0xff,0xff,0xff,0xff,0xff,0xff,0xff,0xff,0xff,0xff,0xff,0xff,0xff,0xff,0xff,0xff,
  0xff,0xff,0xff,0xff,0xff,0xff,0xff,0xff,0xff,0xff,0xff,0xff,0xff,0xff,0xff,0xff,0xff,0xff,0xff,0xff,0xff,0xff,0xff,0xff,
  0xff,0xff,0xff,0xff,0xff,0xff,0xff,0xff,0xff,0xff,0xff,0xff,0xff,0xff,0xff,0xff,0xff,0xff,0xff,0xff,0xff,0xff,0xff,0xff,
  0xff,0xff,0xff,0xff,0xff,0xff,0xff,0xff,0xff,0xff,0xff,0xff,0xff,0xff,0xff,0xff,0xbf,0xf7,0xbf,0xf7,0xbf,0xf7,0xbf,0xf7,
  0xbf,0xf7,0xdf,0xf7,0xbf,0xf7,0xbf,0xf7,0xdf,0xf7,0xdf,0xf7,0xdf,0xf7,0xdf,0xf7,0xdf,0xf7,0xdf,0xf7,0xdf,0xf7,0xdf,0xf7,
  0xdf,0xf7,0xdf,0xff,0xdf,0xff,0xdf,0xff,0xdf,0xff,0xff,0xff,0xff,0xff,0xdf,0xff,0xff,0xff,0xff,0xff,0xff,0xff,0xff,0xff,
  0xff,0xff,0xff,0xff,0xff,0xff,0xff,0xff,0xff,0xff,0xff,0xff,0xff,0xff,0xff,0xff,0xff,0xff,0xff,0xff,0xff,0xff,0xff,0xff,
  0xff,0xff,0xff,0xff,0xff,0xff,0xff,0xff,0xff,0xff,0xff,0xff,0xff,0xff,0xff,0xff,0xff,0xff,0xff,0xff,0xff,0xff,0xff,0xff,
  0xff,0xff,0xff,0xff,0xff,0xff,0xff,0xff,0xff,0xff,0xbf,0xf7,0x7f,0x9e,0xdf,0xf7,0xff,0xff,0xff,0xff,0xff,0xff,0xff,0xff,
  0xff,0xff,0xff,0xff,0xbf,0xef,0x9f,0xe7,0xff,0xff,0xff,0xff,0xff,0xff,0xdf,0xff,0xdf,0xff,0xdf,0xf7,0xbf,0xf7,0xff,0xff,
  0x6e,0x6b,0x02,0x00,0xa4,0x08,0xe6,0x08,0x07,0x09,0x07,0x09,0x8b,0x01,0x31,0x02,0x58,0x03,0x1d,0x0d,0x9f,0x2e,0x3f,0x4f,
  0x5f,0x57,0xdf,0x3e,0xdf,0x1d,0x7c,0x04,0xd6,0x02,0xee,0x01,0x49,0x01,0x07,0x01,0xa5,0x00,0x76,0xad,0xff,0xff,0xdf,0xff,
  0xff,0xff,0xdf,0xff,0xdf,0xf7,0xdf,0xf7,0xdf,0xf7,0xbf,0xf7,0xbf,0xf7,0xbf,0xf7,0xbf,0xf7,0xbf,0xf7,0xbf,0xef,0xbf,0xef,
  0xbf,0xef,0xbf,0xef,0x9f,0xef,0x9f,0xef,0x9f,0xef,0x9f,0xef,0x9f,0xef,0x9f,0xef,0x9f,0xef,0x9f,0xef,0x9f,0xef,0x9f,0xef,
  0x9f,0xef,0x9f,0xef,0x9f,0xef,0x9f,0xef,0x9f,0xef,0x9f,0xef,0x9f,0xef,0x9f,0xef,0x9f,0xef,0x9f,0xef,0x9f,0xef,0x9f,0xef,
  0xbf,0xef,0xbf,0xef,0xbf,0xef,0xbf,0xef,0xbf,0xef,0xbf,0xef,0xbf,0xef,0xbf,0xf7,0xbf,0xf7,0xbf,0xf7,0xbf,0xf7,0xdf,0xf7,
  0xdf,0xf7,0xdf,0xf7,0xdf,0xf7,0xdf,0xf7,0xdf,0xf7,0xff,0xff,0xff,0xff,0xff,0xff,0xff,0xff,0x5d,0xe7,0xf8,0xbd,0x52,0x84,
  0x8b,0x4a,0x82,0x10,0xb3,0x94,0xff,0xff,0xff,0xff,0xff,0xff,0xff,0xff,0xff,0xff,0xff,0xff,0xff,0xff,0xff,0xff,0xff,0xff,
  0xff,0xff,0xff,0xff,0xff,0xff,0xff,0xff,0xff,0xff,0xff,0xff,0xff,0xff,0xff,0xff,0xff,0xff,0xff,0xff,0xff,0xff,0xff,0xff,
  0xff,0xff,0xff,0xff,0xff,0xff,0xff,0xff,0xff,0xff,0x5f,0xdf,0xbf,0xf7,0xff,0xff,0xff,0xff,0xff,0xff,0xff,0xff,0xff,0xff,
  0xff,0xff,0x7f,0xdf,0xdf,0xff,0xff,0xff,0xff,0xff,0xff,0xff,0xff,0xff,0xff,0xff,0xff,0xff,0xff,0xff,0xff,0xff,0xff,0xff,
  0xff,0xff,0xff,0xff,0xff,0xff,0xff,0xff,0xff,0xff,0xff,0xff,0xff,0xff,0xff,0xff,0xff,0xff,0xff,0xff,0xff,0xff,0xff,0xff,
  0xff,0xff,0xff,0xff,0xff,0xff,0xff,0xff,0xff,0xff,0xff,0xff,0xff,0xff,0xff,0xff,0xff,0xff,0xff,0xff,0xff,0xff,0xff,0xff,
  0xff,0xff,0xff,0xff,0xff,0xff,0xff,0xff,0xff,0xff,0xff,0xff,0xff,0xff,0xff,0xff,0xff,0xff,0xff,0xff,0xff,0xff,0xff,0xff,
  0xff,0xff,0xff,0xff,0xff,0xff,0xff,0xff,0xff,0xff,0xff,0xff,0xff,0xff,0xff,0xff,0xff,0xff,0xff,0xff,0xff,0xff,0xff,0xff,
  0xff,0xff,0xff,0xff,0xff,0xff,0xff,0xff,0xff,0xff,0xff,0xff,0xff,0xff,0xff,0xff,0xff,0xff,0xff,0xff,0xff,0xff,0xff,0xff,
  0xff,0xff,0xff,0xff,0xff,0xff,0xff,0xff,0xff,0xff,0xff,0xff,0xff,0xff,0xff,0xff,0xff,0xff,0xff,0xff,0xff,0xff,0xff,0xff,
  0xff,0xff,0xff,0xff,0xff,0xff,0xff,0xff,0xff,0xff,0xff,0xff,0xff,0xff,0xff,0xff,0xff,0xff,0xff,0xff,0xff,0xff,0xff,0xff,
  0xff,0xff,0xff,0xff,0xff,0xff,0xff,0xff,0xff,0xff,0xff,0xff,0xff,0xff,0xff,0xff,0xff,0xff,0xff,0xff,0xff,0xff,0xff,0xff,
  0xff,0xff,0xff,0xff,0xff,0xff,0xff,0xff,0xff,0xff,0xff,0xff,0xff,0xff,0xff,0xff,0xff,0xff,0xff,0xff,0xff,0xff,0xff,0xff,
  0xff,0xff,0xff,0xff,0xff,0xff,0xff,0xff,0xbf,0xf7,0xbf,0xef,0xbf,0xf7,0xbf,0xf7,0xbf,0xf7,0xbf,0xf7,0xbf,0xf7,0xbf,0xf7,
  0xdf,0xf7,0xdf,0xf7,0xdf,0xf7,0xdf,0xf7,0xdf,0xf7,0xdf,0xf7,0xdf,0xf7,0xdf,0xf7,0xdf,0xf7,0xdf,0xf7,0xdf,0xff,0xdf,0xff,
  0xdf,0xff,0xdf,0xff,0xff,0xff,0xdf,0xff,0xdf,0xff,0xff,0xff,0xff,0xff,0xff,0xff,0xff,0xff,0xff,0xff,0xff,0xff,0xff,0xff,
  0xff,0xff,0xff,0xff,0xff,0xff,0xff,0xff,0xff,0xff,0xff,0xff,0xff,0xff,0xff,0xff,0xff,0xff,0xff,0xff,0xff,0xff,0xff,0xff,
  0xff,0xff,0xff,0xff,0xff,0xff,0xff,0xff,0xff,0xff,0xff,0xff,0xff,0xff,0xff,0xff,0xff,0xff,0xff,0xff,0xff,0xff,0xff,0xff,
  0xff,0xff,0xdf,0xf7,0x5f,0x96,0xbf,0xef,0xff,0xff,0xff,0xff,0xff,0xff,0xff,0xff,0xff,0xff,0xff,0xff,0xbf,0xf7,0x9f,0xe7,
  0xff,0xff,0xff,0xff,0xff,0xff,0xdf,0xff,0xdf,0xf7,0xdf,0xf7,0xbf,0xf7,0xff,0xff,0xaf,0x73,0x02,0x00,0xa4,0x08,0x84,0x00,
  0xc6,0x08,0xe6,0x08,0x07,0x09,0x49,0x01,0xce,0x09,0x33,0x02,0xb6,0x02,0x38,0x03,0x38,0x03,0xf6,0x02,0x74,0x02,0x11,0x02,
  0xcd,0x01,0x4a,0x01,0x07,0x09,0xc6,0x00,0x89,0x21,0xbe,0xf7,0xff,0xff,0xff,0xff,0xff,0xff,0xdf,0xff,0xdf,0xf7,0xdf,0xf7,
  0xdf,0xf7,0xbf,0xf7,0xbf,0xf7,0xbf,0xf7,0xbf,0xf7,0xbf,0xf7,0xbf,0xef,0xbf,0xef,0xbf,0xef,0x9f,0xef,0x9f,0xef,0x9f,0xef,
  0x9f,0xef,0x9f,0xef,0x9f,0xef,0x9f,0xef,0x9f,0xef,0x9f,0xef,0x9f,0xef,0x9f,0xef,0x9f,0xef,0x9f,0xef,0x9f,0xef,0x9f,0xef,
  0x9f,0xef,0x9f,0xef,0x9f,0xef,0x9f,0xef,0x9f,0xef,0x9f,0xef,0x9f,0xef,0x9f,0xef,0x9f,0xef,0xbf,0xef,0xbf,0xef,0xbf,0xef,
  0xbf,0xef,0xbf,0xef,0xbf,0xf7,0xbf,0xf7,0xbf,0xf7,0xbf,0xf7,0xbf,0xf7,0xdf,0xf7,0xdf,0xf7,0xdf,0xf7,0xdf,0xf7,0xdf,0xf7,
  0xdf,0xff,0xdf,0xff,0xdf,0xff,0xdf,0xff,0xff,0xff,0xff,0xff,0xff,0xff,0xff,0xff,0xff,0xff,0x5d,0xef,0x9a,0xd6,0xff,0xff,
  0xff,0xff,0xff,0xff,0xff,0xff,0xff,0xff,0xff,0xff,0xff,0xff,0xff,0xff,0xff,0xff,0xff,0xff,0xff,0xff,0xff,0xff,0xff,0xff,
  0xff,0xff,0xff,0xff,0xff,0xff,0xff,0xff,0xff,0xff,0xff,0xff,0xff,0xff,0xff,0xff,0xff,0xff,0xff,0xff,0xff,0xff,0xff,0xff,
  0xff,0xff,0x5f,0xd7,0xdf,0xf7,0xff,0xff,0xff,0xff,0xff,0xff,0xff,0xff,0xff,0xff,0xff,0xff,0x7f,0xdf,0xff,0xff,0xff,0xff,
  0xff,0xff,0xff,0xff,0xff,0xff,0xff,0xff,0xff,0xff,0xff,0xff,0xff,0xff,0xff,0xff,0xff,0xff,0xff,0xff,0xff,0xff,0xff,0xff,
  0xff,0xff,0xff,0xff,0xff,0xff,0xff,0xff,0xff,0xff,0xff,0xff,0xff,0xff,0xff,0xff,0xff,0xff,0xff,0xff,0xff,0xff,0xff,0xff,
  0xff,0xff,0xff,0xff,0xff,0xff,0xff,0xff,0xff,0xff,0xff,0xff,0xff,0xff,0xff,0xff,0xff,0xff,0xff,0xff,0xff,0xff,0xff,0xff,
  0xff,0xff,0xff,0xff,0xff,0xff,0xff,0xff,0xff,0xff,0xff,0xff,0xff,0xff,0xff,0xff,0xff,0xff,0xff,0xff,0xff,0xff,0xff,0xff,
  0xff,0xff,0xff,0xff,0xff,0xff,0xff,0xff,0xff,0xff,0xff,0xff,0xff,0xff,0xff,0xff,0xff,0xff,0xff,0xff,0xff,0xff,0xff,0xff,
  0xff,0xff,0xff,0xff,0xff,0xff,0xff,0xff,0xff,0xff,0xff,0xff,0xff,0xff,0xff,0xff,0xff,0xff,0xff,0xff,0xff,0xff,0xff,0xff,
  0xff,0xff,0xff,0xff,0xff,0xff,0xff,0xff,0xff,0xff,0xff,0xff,0xff,0xff,0xff,0xff,0xff,0xff,0xff,0xff,0xff,0xff,0xff,0xff,
  0xff,0xff,0xff,0xff,0xff,0xff,0xff,0xff,0xff,0xff,0xff,0xff,0xff,0xff,0xff,0xff,0xff,0xff,0xff,0xff,0xff,0xff,0xff,0xff,
  0xff,0xff,0xff,0xff,0xff,0xff,0xff,0xff,0xff,0xff,0xff,0xff,0xff,0xff,0xff,0xff,0xff,0xff,0xff,0xff,0xff,0xff,0xff,0xff,
  0xff,0xff,0xff,0xff,0xff,0xff,0xff,0xff,0xff,0xff,0xff,0xff,0xff,0xff,0xff,0xff,0xff,0xff,0xff,0xff,0xff,0xff,0xff,0xff,
  0xbf,0xef,0xbf,0xef,0xbf,0xef,0xbf,0xf7,0xbf,0xf7,0xbf,0xf7,0xbf,0xf7,0xbf,0xf7,0xbf,0xf7,0xbf,0xf7,0xbf,0xf7,0xdf,0xf7,
  0xdf,0xf7,0xdf,0xf7,0xdf,0xf7,0xdf,0xf7,0xdf,0xf7,0xdf,0xf7,0xdf,0xf7,0xdf,0xff,0xdf,0xff,0xdf,0xff,0xdf,0xff,0xdf,0xff,
  0xdf,0xff,0xff,0xff,0xff,0xff,0xff,0xff,0xff,0xff,0xff,0xff,0xff,0xff,0xff,0xff,0xff,0xff,0xff,0xff,0xff,0xff,0xff,0xff,
  0xff,0xff,0xff,0xff,0xff,0xff,0xff,0xff,0xff,0xff,0xff,0xff,0xff,0xff,0xff,0xff,0xff,0xff,0xff,0xff,0xff,0xff,0xff,0xff,
  0xff,0xff,0xff,0xff,0xff,0xff,0xff,0xff,0xff,0xff,0xff,0xff,0xff,0xff,0xff,0xff,0xff,0xff,0xff,0xff,0x7f,0x9e,0x9f,0xe7,
  0xff,0xff,0xff,0xff,0xff,0xff,0xff,0xff,0xff,0xff,0xff,0xff,0xdf,0xf7,0x7f,0xe7,0xff,0xff,0xff,0xff,0xff,0xff,0xdf,0xff,
  0xdf,0xff,0xdf,0xff,0xbf,0xf7,0xff,0xff,0x11,0x7c,0x02,0x00,0xa4,0x08,0x83,0x00,0x84,0x00,0xc5,0x08,0xe6,0x08,0x07,0x09,
  0x28,0x01,0x6a,0x01,0x6b,0x01,0x6b,0x01,0x8c,0x01,0x8c,0x01,0x6a,0x01,0x49,0x01,0x08,0x01,0xe7,0x00,0x07,0x09,0x27,0x09,
  0x48,0x11,0xfc,0xde,0xff,0xff,0xdf,0xff,0xdf,0xff,0xdf,0xf7,0xdf,0xf7,0xdf,0xf7,0xdf,0xf7,0xdf,0xf7,0xbf,0xf7,0xbf,0xf7,
  0xbf,0xf7,0xbf,0xf7,0xbf,0xef,0xbf,0xef,0xbf,0xef,0x9f,0xef,0x9f,0xef,0x9f,0xef,0x9f,0xef,0x9f,0xef,0x9f,0xef,0x9f,0xef,
  0x9f,0xef,0x9f,0xef,0x9f,0xef,0x9f,0xef,0x9f,0xef,0x9f,0xef,0x9f,0xef,0x9f,0xef,0x9f,0xef,0x9f,0xef,0x9f,0xef,0x9f,0xef,
  0x9f,0xef,0x9f,0xef,0x9f,0xef,0x9f,0xef,0x9f,0xef,0xbf,0xef,0xbf,0xef,0xbf,0xef,0xbf,0xef,0xbf,0xef,0xbf,0xf7,0xbf,0xf7,
  0xbf,0xf7,0xbf,0xf7,0xbf,0xf7,0xdf,0xf7,0xdf,0xf7,0xdf,0xf7,0xdf,0xf7,0xdf,0xf7,0xdf,0xff,0xff,0xff,0xff,0xff,0xff,0xff,
  0xff,0xff,0xdf,0xff,0xdf,0xff,0xdf,0xf7,0xdf,0xff,0xff,0xff,0xff,0xff,0xff,0xff,0xff,0xff,0xff,0xff,0xff,0xff,0xff,0xff,
  0xff,0xff,0xff,0xff,0xff,0xff,0xff,0xff,0xff,0xff,0xff,0xff,0xff,0xff,0xff,0xff,0xff,0xff,0xff,0xff,0xff,0xff,0xff,0xff,
  0xff,0xff,0xff,0xff,0xff,0xff,0xff,0xff,0xff,0xff,0xff,0xff,0xff,0xff,0xff,0xff,0xff,0xff,0x3f,0xd7,0xdf,0xff,0xff,0xff,
  0xff,0xff,0xff,0xff,0xff,0xff,0xff,0xff,0xff,0xff,0x7f,0xdf,0xff,0xff,0xff,0xff,0xff,0xff,0xff,0xff,0xff,0xff,0xff,0xff,
  0xff,0xff,0xff,0xff,0xff,0xff,0xdf,0xff,0xff,0xff,0xff,0xff,0xff,0xff,0xff,0xff,0xff,0xff,0xff,0xff,0xdf,0xff,0xff,0xff,
  0xff,0xff,0xff,0xff,0xff,0xff,0xff,0xff,0xff,0xff,0xff,0xff,0xff,0xff,0xff,0xff,0xff,0xff,0xff,0xff,0xff,0xff,0xff,0xff,
  0xff,0xff,0xff,0xff,0xff,0xff,0xff,0xff,0xff,0xff,0xff,0xff,0xff,0xff,0xff,0xff,0xff,0xff,0xff,0xff,0xff,0xff,0xff,0xff,
  0xff,0xff,0xff,0xff,0xff,0xff,0xff,0xff,0xff,0xff,0xff,0xff,0xff,0xff,0xff,0xff,0xff,0xff,0xff,0xff,0xff,0xff,0xff,0xff,
  0xff,0xff,0xff,0xff,0xff,0xff,0xff,0xff,0xff,0xff,0xff,0xff,0xff,0xff,0xff,0xff,0xff,0xff,0xff,0xff,0xff,0xff,0xff,0xff,
  0xff,0xff,0xff,0xff,0xff,0xff,0xff,0xff,0xff,0xff,0xff,0xff,0xff,0xff,0xff,0xff,0xff,0xff,0xff,0xff,0xff,0xff,0xff,0xff,
  0xff,0xff,0xff,0xff,0xff,0xff,0xff,0xff,0xff,0xff,0xff,0xff,0xff,0xff,0xff,0xff,0xff,0xff,0xff,0xff,0xff,0xff,0xff,0xff,
  0xff,0xff,0xff,0xff,0xff,0xff,0xff,0xff,0xff,0xff,0xff,0xff,0xff,0xff,0xff,0xff,0xff,0xff,0xff,0xff,0xff,0xff,0xff,0xff,
  0xff,0xff,0xff,0xff,0xff,0xff,0xff,0xff,0xff,0xff,0xff,0xff,0xff,0xff,0xff,0xff,0xff,0xff,0xff,0xff,0xff,0xff,0xff,0xff,
  0xff,0xff,0xff,0xff,0xff,0xff,0xff,0xff,0xff,0xff,0xff,0xff,0xff,0xff,0xff,0xff,0xbf,0xef,0xbf,0xef,0xbf,0xef,0xbf,0xef,
  0xbf,0xf7,0xbf,0xf7,0xbf,0xf7,0xbf,0xf7,0xbf,0xf7,0xbf,0xf7,0xbf,0xf7,0xdf,0xf7,0xdf,0xf7,0xdf,0xf7,0xdf,0xf7,0xdf,0xf7,
  0xdf,0xf7,0xdf,0xf7,0xdf,0xf7,0xdf,0xf7,0xdf,0xff,0xdf,0xff,0xdf,0xff,0xff,0xff,0xff,0xff,0xdf,0xff,0xff,0xff,0xff,0xff,
  0xff,0xff,0xff,0xff,0xff,0xff,0xff,0xff,0xff,0xff,0xff,0xff,0xff,0xff,0xff,0xff,0xff,0xff,0xff,0xff,0xff,0xff,0xff,0xff,
  0xff,0xff,0xff,0xff,0xff,0xff,0xff,0xff,0xff,0xff,0xff,0xff,0xff,0xff,0xff,0xff,0xff,0xff,0xff,0xff,0xff,0xff,0xff,0xff,
  0xff,0xff,0xff,0xff,0xff,0xff,0xff,0xff,0xff,0xff,0xff,0xff,0x9f,0x9e,0x7f,0xd7,0xff,0xff,0xff,0xff,0xff,0xff,0xff,0xff,
  0xff,0xff,0xff,0xff,0xdf,0xf7,0x7f,0xdf,0xff,0xff,0xff,0xff,0xff,0xff,0xff,0xff,0xdf,0xf7,0xdf,0xf7,0xdf,0xf7,0xff,0xff,
  0xb2,0x94,0x01,0x00,0xa4,0x08,0x84,0x00,0x84,0x00,0x84,0x00,0xa4,0x00,0xe6,0x08,0x07,0x09,0x07,0x09,0x07,0x01,0x07,0x09,
  0x07,0x09,0x07,0x09,0x07,0x09,0xe7,0x08,0xe6,0x08,0x07,0x09,0x28,0x11,0x48,0x11,0xc6,0x00,0x18,0xc6,0xff,0xff,0xdf,0xff,
  0xdf,0xff,0xdf,0xf7,0xdf,0xf7,0xdf,0xf7,0xdf,0xf7,0xdf,0xf7,0xbf,0xf7,0xbf,0xf7,0xbf,0xf7,0xbf,0xef,0xbf,0xef,0xbf,0xef,
  0xbf,0xef,0xbf,0xef,0x9f,0xef,0x9f,0xef,0x9f,0xef,0x9f,0xef,0x9f,0xef,0x9f,0xef,0x9f,0xef,0x9f,0xef,0x9f,0xef,0x9f,0xef,
  0x9f,0xef,0x9f,0xef,0x9f,0xef,0x9f,0xef,0x9f,0xef,0x9f,0xef,0x9f,0xef,0x9f,0xef,0x9f,0xef,0x9f,0xef,0x9f,0xef,0xbf,0xef,
  0x9f,0xef,0xbf,0xef,0xbf,0xef,0xbf,0xef,0xbf,0xef,0xbf,0xef,0xbf,0xf7,0xbf,0xf7,0xbf,0xf7,0xbf,0xf7,0xbf,0xf7,0xdf,0xf7,
  0xdf,0xf7,0xdf,0xf7,0xdf,0xf7,0xdf,0xf7,0xdf,0xf7,0xdf,0xff,0xff,0xff,0xff,0xff,0xff,0xff,0xff,0xff,0xff,0xff,0xff,0xff,
  0xff,0xff,0xff,0xff,0xff,0xff,0xff,0xff,0xff,0xff,0xff,0xff,0xff,0xff,0xff,0xff,0xff,0xff,0xff,0xff,0xff,0xff,0xff,0xff,
  0xff,0xff,0xff,0xff,0xff,0xff,0xff,0xff,0xff,0xff,0xff,0xff,0xff,0xff,0xff,0xff,0xff,0xff,0xff,0xff,0xff,0xff,0xff,0xff,
  0xff,0xff,0xff,0xff,0xff,0xff,0xff,0xff,0xdf,0xf7,0x3f,0xcf,0xff,0xff,0xff,0xff,0xff,0xff,0xff,0xff,0xff,0xff,0xff,0xff,
  0xdf,0xf7,0x7f,0xdf,0xff,0xff,0xff,0xff,0xff,0xff,0xff,0xff,0xff,0xff,0xff,0xff,0xff,0xff,0xff,0xff,0xff,0xff,0xff,0xff,
  0xff,0xff,0xff,0xff,0xff,0xff,0xff,0xff,0xdf,0xff,0xdf,0xff,0xdf,0xff,0xff,0xff,0xff,0xff,0xff,0xff,0xff,0xff,0xff,0xff,
  0xff,0xff,0xff,0xff,0xff,0xff,0xff,0xff,0xff,0xff,0xff,0xff,0xff,0xff,0xff,0xff,0xff,0xff,0xff,0xff,0xff,0xff,0xff,0xff,
  0xff,0xff,0xff,0xff,0xff,0xff,0xff,0xff,0xff,0xff,0xff,0xff,0xff,0xff,0xff,0xff,0xff,0xff,0xff,0xff,0xff,0xff,0xff,0xff,
  0xff,0xff,0xff,0xff,0xff,0xff,0xff,0xff,0xff,0xff,0xff,0xff,0xff,0xff,0xff,0xff,0xff,0xff,0xff,0xff,0xff,0xff,0xff,0xff,
  0xff,0xff,0xff,0xff,0xff,0xff,0xff,0xff,0xff,0xff,0xff,0xff,0xff,0xff,0xff,0xff,0xff,0xff,0xff,0xff,0xff,0xff,0xff,0xff,
  0xff,0xff,0xff,0xff,0xff,0xff,0xff,0xff,0xff,0xff,0xff,0xff,0xff,0xff,0xff,0xff,0xff,0xff,0xff,0xff,0xff,0xff,0xff,0xff,
  0xff,0xff,0xff,0xff,0xff,0xff,0xff,0xff,0xff,0xff,0xff,0xff,0xff,0xff,0xff,0xff,0xff,0xff,0xff,0xff,0xff,0xff,0xff,0xff,
  0xff,0xff,0xff,0xff,0xff,0xff,0xff,0xff,0xff,0xff,0xff,0xff,0xff,0xff,0xff,0xff,0xff,0xff,0xff,0xff,0xff,0xff,0xff,0xff,
  0xff,0xff,0xff,0xff,0xff,0xff,0xff,0xff,0xff,0xff,0xff,0xff,0xff,0xff,0xff,0xff,0xff,0xff,0xff,0xff,0xff,0xff,0xff,0xff,
  0xff,0xff,0xff,0xff,0xff,0xff,0xff,0xff,0xbf,0xef,0xbf,0xef,0xbf,0xef,0xbf,0xef,0xbf,0xf7,0xbf,0xf7,0xbf,0xef,0xbf,0xf7,
  0xbf,0xf7,0xbf,0xf7,0xbf,0xf7,0xbf,0xf7,0xdf,0xf7,0xdf,0xf7,0xdf,0xf7,0xdf,0xf7,0xdf,0xf7,0xdf,0xf7,0xdf,0xf7,0xdf,0xf7,
  0xdf,0xf7,0xdf,0xf7,0xdf,0xff,0xdf,0xff,0xdf,0xff,0xdf,0xff,0xdf,0xff,0xff,0xff,0xff,0xff,0xff,0xff,0xff,0xff,0xff,0xff,
  0xff,0xff,0xff,0xff,0xff,0xff,0xff,0xff,0xff,0xff,0xff,0xff,0xff,0xff,0xff,0xff,0xff,0xff,0xff,0xff,0xff,0xff,0xff,0xff,
  0xff,0xff,0xff,0xff,0xff,0xff,0xff,0xff,0xff,0xff,0xff,0xff,0xff,0xff,0xff,0xff,0xff,0xff,0xff,0xff,0xff,0xff,0xff,0xff,
  0xff,0xff,0xff,0xff,0xbf,0xa6,0x3f,0xc7,0xff,0xff,0xff,0xff,0xff,0xff,0xff,0xff,0xff,0xff,0xff,0xff,0xff,0xff,0x7f,0xdf,
  0xdf,0xff,0xff,0xff,0xdf,0xff,0xdf,0xff,0xdf,0xff,0xdf,0xf7,0xbf,0xf7,0xff,0xff,0x55,0xa5,0x01,0x00,0x84,0x00,0x84,0x00,
  0x84,0x00,0x84,0x00,0x84,0x00,0x84,0x00,0x84,0x00,0xa5,0x00,0xc5,0x00,0xc5,0x08,0xe6,0x08,0x07,0x09,0x07,0x09,0x28,0x09,
  0x48,0x11,0x48,0x11,0x28,0x11,0x48,0x11,0xa6,0x00,0x15,0x9d,0xff,0xff,0xdf,0xf7,0xdf,0xff,0xdf,0xff,0xdf,0xf7,0xdf,0xf7,
  0xdf,0xf7,0xdf,0xf7,0xbf,0xf7,0xbf,0xf7,0xbf,0xf7,0xbf,0xef,0xbf,0xef,0xbf,0xef,0xbf,0xef,0xbf,0xef,0x9f,0xef,0x9f,0xef,
  0x9f,0xef,0x9f,0xef,0x9f,0xef,0x9f,0xef,0x9f,0xef,0x9f,0xef,0x9f,0xef,0x9f,0xef,0x9f,0xef,0x9f,0xef,0x9f,0xef,0x9f,0xef,
  0x9f,0xef,0x9f,0xef,0x9f,0xef,0x9f,0xef,0x9f,0xef,0x9f,0xef,0x9f,0xef,0x9f,0xef,0xbf,0xef,0xbf,0xef,0xbf,0xef,0xbf,0xef,
  0xbf,0xf7,0xbf,0xf7,0xbf,0xf7,0xbf,0xf7,0xdf,0xf7,0xbf,0xf7,0xdf,0xf7,0xdf,0xf7,0xdf,0xf7,0xdf,0xf7,0xdf,0xf7,0xdf,0xf7,
  0xdf,0xf7,0xdf,0xf7,0xdf,0xff,0xdf,0xff,0xff,0xff,0xff,0xff,0xff,0xff,0xff,0xff,0xff,0xff,0xff,0xff,0xff,0xff,0xff,0xff,
  0xff,0xff,0xff,0xff,0xff,0xff,0xff,0xff,0xff,0xff,0xff,0xff,0xff,0xff,0xff,0xff,0xff,0xff,0xff,0xff,0xff,0xff,0xff,0xff,
  0xff,0xff,0xff,0xff,0xff,0xff,0xff,0xff,0xff,0xff,0xff,0xff,0xff,0xff,0xff,0xff,0xff,0xff,0xff,0xff,0xff,0xff,0xff,0xff,
  0xbf,0xef,0x3f,0xd7,0xff,0xff,0xff,0xff,0xff,0xff,0xff,0xff,0xff,0xff,0xff,0xff,0xbf,0xf7,0x7f,0xe7,0xff,0xff,0xff,0xff,
  0xff,0xff,0xff,0xff,0xff,0xff,0xff,0xff,0xff,0xff,0xff,0xff,0xff,0xff,0xdf,0xff,0xff,0xff,0xff,0xff,0xff,0xff,0xff,0xff,
  0xdf,0xff,0xdf,0xff,0xdf,0xff,0xff,0xff,0xdf,0xff,0xff,0xff,0xff,0xff,0xff,0xff,0xff,0xff,0xff,0xff,0xff,0xff,0xff,0xff,
  0xff,0xff,0xff,0xff,0xff,0xff,0xff,0xff,0xff,0xff,0xff,0xff,0xff,0xff,0xff,0xff,0xff,0xff,0xff,0xff,0xff,0xff,0xff,0xff,
  0xff,0xff,0xff,0xff,0xff,0xff,0xff,0xff,0xff,0xff,0xff,0xff,0xff,0xff,0xff,0xff,0xff,0xff,0xff,0xff,0xff,0xff,0xff,0xff,
  0xff,0xff,0xff,0xff,0xff,0xff,0xff,0xff,0xff,0xff,0xff,0xff,0xff,0xff,0xff,0xff,0xff,0xff,0xff,0xff,0xff,0xff,0xff,0xff,
  0xff,0xff,0xff,0xff,0xff,0xff,0xff,0xff,0xff,0xff,0xff,0xff,0xff,0xff,0xff,0xff,0xff,0xff,0xff,0xff,0xff,0xff,0xff,0xff,
  0xff,0xff,0xff,0xff,0xff,0xff,0xff,0xff,0xff,0xff,0xff,0xff,0xff,0xff,0xff,0xff,0xff,0xff,0xff,0xff,0xff,0xff,0xff,0xff,
  0xff,0xff,0xff,0xff,0xff,0xff,0xff,0xff,0xff,0xff,0xff,0xff,0xff,0xff,0xff,0xff,0xff,0xff,0xff,0xff,0xff,0xff,0xff,0xff,
  0xff,0xff,0xff,0xff,0xff,0xff,0xff,0xff,0xff,0xff,0xff,0xff,0xff,0xff,0xff,0xff,0xff,0xff,0xff,0xff,0xff,0xff,0xff,0xff,
  0xff,0xff,0xff,0xff,0xff,0xff,0xff,0xff,0xff,0xff,0xff,0xff,0xff,0xff,0xff,0xff,0xff,0xff,0xff,0xff,0xff,0xff,0xff,0xff,
  0xbf,0xef,0xbf,0xef,0xbf,0xef,0xbf,0xef,0xbf,0xef,0xbf,0xef,0xbf,0xf7,0xbf,0xf7,0xbf,0xf7,0xbf,0xf7,0xbf,0xf7,0xbf,0xf7,
  0xbf,0xf7,0xbf,0xf7,0xdf,0xf7,0xdf,0xf7,0xdf,0xf7,0xdf,0xf7,0xdf,0xf7,0xdf,0xf7,0xdf,0xf7,0xdf,0xf7,0xdf,0xf7,0xdf,0xff,
  0xdf,0xff,0xdf,0xff,0xdf,0xff,0xdf,0xff,0xff,0xff,0xff,0xff,0xff,0xff,0xff,0xff,0xff,0xff,0xff,0xff,0xff,0xff,0xff,0xff,
  0xff,0xff,0xff,0xff,0xff,0xff,0xff,0xff,0xff,0xff,0xff,0xff,0xff,0xff,0xff,0xff,0xff,0xff,0xff,0xff,0xff,0xff,0xff,0xff,
  0xff,0xff,0xff,0xff,0xff,0xff,0xff,0xff,0xff,0xff,0xff,0xff,0xff,0xff,0xff,0xff,0xff,0xff,0xff,0xff,0xdf,0xb6,0xff,0xb6,
  0xff,0xff,0xff,0xff,0xff,0xff,0xff,0xff,0xff,0xff,0xff,0xff,0xff,0xff,0x7f,0xdf,0xdf,0xf7,0xff,0xff,0xdf,0xff,0xdf,0xff,
  0xdf,0xf7,0xdf,0xf7,0xdf,0xf7,0xff,0xff,0x18,0xc6,0x22,0x00,0x84,0x00,0x84,0x00,0x84,0x00,0x84,0x00,0x84,0x00,0x84,0x00,
  0x84,0x00,0x63,0x00,0x64,0x00,0x63,0x00,0xe6,0x08,0x69,0x11,0x48,0x11,0x48,0x11,0x48,0x11,0x48,0x11,0x48,0x11,0x69,0x11,
  0xa6,0x00,0xd1,0x73,0xff,0xff,0xdf,0xf7,0xdf,0xff,0xdf,0xff,0xdf,0xf7,0xdf,0xf7,0xdf,0xf7,0xdf,0xf7,0xbf,0xf7,0xbf,0xf7,
  0xbf,0xf7,0xbf,0xf7,0xbf,0xef,0xbf,0xef,0xbf,0xef,0xbf,0xef,0x9f,0xef,0x9f,0xef,0x9f,0xef,0x9f,0xef,0x9f,0xef,0x9f,0xef,
  0x9f,0xef,0x9f,0xef,0x9f,0xef,0x9f,0xef,0x9f,0xef,0x9f,0xef,0x9f,0xef,0x9f,0xef,0x9f,0xef,0x9f,0xef,0x9f,0xef,0x9f,0xef,
  0x9f,0xef,0x9f,0xef,0x9f,0xef,0xbf,0xef,0xbf,0xef,0xbf,0xef,0xbf,0xef,0xbf,0xef,0xbf,0xef,0xbf,0xf7,0xbf,0xf7,0xbf,0xf7,
  0xbf,0xf7,0xbf,0xf7,0xbf,0xf7,0xdf,0xf7,0xdf,0xf7,0xdf,0xf7,0xdf,0xf7,0xdf,0xf7,0xdf,0xf7,0xdf,0xf7,0xdf,0xf7,0xdf,0xff,
  0xdf,0xff,0xff,0xff,0xff,0xff,0xff,0xff,0xff,0xff,0xdf,0xff,0xdf,0xff,0xff,0xff,0xff,0xff,0xff,0xff,0xff,0xff,0xff,0xff,
  0xff,0xff,0xdf,0xff,0xdf,0xff,0xdf,0xff,0xdf,0xff,0xdf,0xff,0xff,0xff,0xdf,0xff,0xff,0xff,0xdf,0xff,0xff,0xff,0xff,0xff,
  0xff,0xff,0xff,0xff,0xff,0xff,0xff,0xff,0xff,0xff,0xff,0xff,0xff,0xff,0xff,0xff,0x9f,0xe7,0x5f,0xdf,0xff,0xff,0xff,0xff,
  0xff,0xff,0xff,0xff,0xff,0xff,0xff,0xff,0xbf,0xef,0x9f,0xe7,0xff,0xff,0xff,0xff,0xff,0xff,0xff,0xff,0xff,0xff,0xff,0xff,
  0xff,0xff,0xff,0xff,0xdf,0xff,0xdf,0xff,0xff,0xff,0xff,0xff,0xff,0xff,0xff,0xff,0xdf,0xff,0xff,0xff,0xff,0xff,0xff,0xff,
  0xff,0xff,0xff,0xff,0xff,0xff,0xff,0xff,0xff,0xff,0xff,0xff,0xff,0xff,0xff,0xff,0xff,0xff,0xff,0xff,0xff,0xff,0xff,0xff,
  0xff,0xff,0xff,0xff,0xff,0xff,0xff,0xff,0xff,0xff,0xff,0xff,0xff,0xff,0xff,0xff,0xff,0xff,0xff,0xff,0xff,0xff,0xff,0xff,
  0xff,0xff,0xff,0xff,0xff,0xff,0xff,0xff,0xff,0xff,0xff,0xff,0xff,0xff,0xff,0xff,0xff,0xff,0xff,0xff,0xff,0xff,0xff,0xff,
  0xff,0xff,0xff,0xff,0xff,0xff,0xff,0xff,0xff,0xff,0xff,0xff,0xff,0xff,0xff,0xff,0xff,0xff,0xff,0xff,0xff,0xff,0xff,0xff,
  0xff,0xff,0xff,0xff,0xff,0xff,0xff,0xff,0xff,0xff,0xff,0xff,0xff,0xff,0xff,0xff,0xff,0xff,0xff,0xff,0xff,0xff,0xff,0xff,
  0xff,0xff,0xff,0xff,0xff,0xff,0xff,0xff,0xff,0xff,0xff,0xff,0xff,0xff,0xff,0xff,0xff,0xff,0xff,0xff,0xff,0xff,0xff,0xff,
  0xff,0xff,0xff,0xff,0xff,0xff,0xff,0xff,0xff,0xff,0xff,0xff,0xff,0xff,0xff,0xff,0xff,0xff,0xff,0xff,0xff,0xff,0xff,0xff,
  0xff,0xff,0xff,0xff,0xff,0xff,0xff,0xff,0xff,0xff,0xff,0xff,0xff,0xff,0xff,0xff,0xff,0xff,0xff,0xff,0xff,0xff,0xff,0xff,
  0xff,0xff,0xff,0xff,0xff,0xff,0xff,0xff,0xff,0xff,0xff,0xff,0xff,0xff,0xff,0xff,0xbf,0xef,0xbf,0xef,0xbf,0xef,0xbf,0xef,
  0xbf,0xef,0xbf,0xef,0xbf,0xef,0xbf,0xef,0xbf,0xef,0xbf,0xef,0xbf,0xef,0xbf,0xf7,0xbf,0xf7,0xbf,0xf7,0xdf,0xf7,0xdf,0xf7,
  0xdf,0xf7,0xdf,0xf7,0xdf,0xf7,0xdf,0xf7,0xdf,0xf7,0xdf,0xf7,0xdf,0xf7,0xdf,0xf7,0xdf,0xf7,0xdf,0xff,0xdf,0xff,0xdf,0xff,
  0xff,0xff,0xff,0xff,0xff,0xff,0xff,0xff,0xff,0xff,0xff,0xff,0xff,0xff,0xff,0xff,0xff,0xff,0xff,0xff,0xff,0xff,0xff,0xff,
  0xff,0xff,0xff,0xff,0xff,0xff,0xff,0xff,0xff,0xff,0xff,0xff,0xff,0xff,0xff,0xff,0xff,0xff,0xff,0xff,0xff,0xff,0xff,0xff,
  0xff,0xff,0xff,0xff,0xff,0xff,0xff,0xff,0xff,0xff,0xff,0xff,0x1f,0xc7,0xbf,0xa6,0xff,0xff,0xff,0xff,0xff,0xff,0xff,0xff,
  0xff,0xff,0xff,0xff,0xff,0xff,0x7f,0xe7,0xbf,0xef,0xff,0xff,0xff,0xff,0xdf,0xff,0xdf,0xf7,0xdf,0xf7,0xdf,0xf7,0xff,0xff,
  0x1c,0xdf,0xa4,0x08,0x64,0x00,0xa4,0x00,0x84,0x00,0x84,0x00,0x84,0x00,0x84,0x00,0x84,0x00,0x84,0x00,0x84,0x00,0x63,0x00,
  0xe6,0x08,0x8a,0x11,0x48,0x11,0x48,0x11,0x48,0x11,0x68,0x11,0x68,0x11,0x68,0x11,0xc6,0x00,0x6c,0x42,0xff,0xff,0xff,0xff,
  0xdf,0xff,0xdf,0xff,0xdf,0xf7,0xdf,0xf7,0xdf,0xf7,0xdf,0xf7,0xbf,0xf7,0xbf,0xf7,0xbf,0xf7,0xbf,0xf7,0xbf,0xf7,0xbf,0xef,
  0xbf,0xef,0xbf,0xef,0x9f,0xef,0x9f,0xef,0x9f,0xef,0x9f,0xef,0x9f,0xef,0x9f,0xef,0x9f,0xef,0x9f,0xef,0x9f,0xef,0x9f,0xef,
  0x9f,0xef,0x9f,0xef,0x9f,0xef,0x9f,0xef,0x9f,0xef,0x9f,0xef,0x9f,0xef,0xbf,0xef,0xbf,0xef,0xbf,0xef,0x9f,0xef,0xbf,0xef,
  0xbf,0xef,0xbf,0xef,0xbf,0xef,0xbf,0xef,0xbf,0xef,0xbf,0xf7,0xbf,0xf7,0xbf,0xf7,0xbf,0xf7,0xbf,0xf7,0xdf,0xf7,0xdf,0xf7,
  0xdf,0xf7,0xdf,0xf7,0xdf,0xf7,0xdf,0xf7,0xdf,0xf7,0xdf,0xf7,0xdf,0xf7,0xdf,0xf7,0xdf,0xff,0xdf,0xff,0xdf,0xff,0xdf,0xff,
  0xdf,0xff,0xdf,0xff,0xff,0xff,0xff,0xff,0xff,0xff,0xff,0xff,0xdf,0xff,0xff,0xff,0xdf,0xff,0xdf,0xff,0xff,0xff,0xdf,0xff,
  0xdf,0xff,0xdf,0xff,0xdf,0xff,0xdf,0xff,0xff,0xff,0xdf,0xff,0xff,0xff,0xff,0xff,0xff,0xff,0xff,0xff,0xff,0xff,0xff,0xff,
  0xff,0xff,0xff,0xff,0xff,0xff,0xff,0xff,0x5f,0xdf,0x9f,0xe7,0xff,0xff,0xff,0xff,0xff,0xff,0xff,0xff,0xff,0xff,0xff,0xff,
  0x9f,0xe7,0xbf,0xef,0xff,0xff,0xff,0xff,0xff,0xff,0xff,0xff,0xff,0xff,0xff,0xff,0xff,0xff,0xff,0xff,0xff,0xff,0xff,0xff,
  0xff,0xff,0xff,0xff,0xff,0xff,0xff,0xff,0xff,0xff,0xff,0xff,0xdf,0xff,0xff,0xff,0xff,0xff,0xff,0xff,0xff,0xff,0xff,0xff,
  0xff,0xff,0xff,0xff,0xff,0xff,0xff,0xff,0xff,0xff,0xff,0xff,0xff,0xff,0xff,0xff,0xff,0xff,0xff,0xff,0xff,0xff,0xff,0xff,
  0xff,0xff,0xff,0xff,0xff,0xff,0xff,0xff,0xff,0xff,0xff,0xff,0xff,0xff,0xff,0xff,0xff,0xff,0xff,0xff,0xff,0xff,0xff,0xff,
  0xff,0xff,0xff,0xff,0xff,0xff,0xff,0xff,0xff,0xff,0xff,0xff,0xff,0xff,0xff,0xff,0xff,0xff,0xff,0xff,0xff,0xff,0xff,0xff,
  0xff,0xff,0xff,0xff,0xff,0xff,0xff,0xff,0xff,0xff,0xff,0xff,0xff,0xff,0xff,0xff,0xff,0xff,0xff,0xff,0xff,0xff,0xff,0xff,
  0xff,0xff,0xff,0xff,0xff,0xff,0xff,0xff,0xff,0xff,0xff,0xff,0xff,0xff,0xff,0xff,0xff,0xff,0xff,0xff,0xff,0xff,0xff,0xff,
  0xff,0xff,0xff,0xff,0xff,0xff,0xff,0xff,0xff,0xff,0xff,0xff,0xff,0xff,0xff,0xff,0xff,0xff,0xff,0xff,0xff,0xff,0xff,0xff,
  0xff,0xff,0xff,0xff,0xff,0xff,0xff,0xff,0xff,0xff,0xff,0xff,0xff,0xff,0xff,0xff,0xff,0xff,0xff,0xff,0xff,0xff,0xff,0xff,
  0xff,0xff,0xff,0xff,0xff,0xff,0xff,0xff,0xff,0xff,0xff,0xff,0xff,0xff,0xff,0xff,0xff,0xff,0xff,0xff,0xff,0xff,0xff,0xff,
  0xff,0xff,0xff,0xff,0xff,0xff,0xff,0xff,0xbf,0xef,0xbf,0xef,0xbf,0xef,0xbf,0xef,0xbf,0xef,0xbf,0xef,0xbf,0xef,0xbf,0xef,
  0xbf,0xef,0xbf,0xef,0xbf,0xef,0xbf,0xf7,0xbf,0xf7,0xdf,0xf7,0xbf,0xf7,0xdf,0xf7,0xdf,0xf7,0xdf,0xf7,0xdf,0xf7,0xdf,0xf7,
  0xdf,0xf7,0xdf,0xf7,0xdf,0xf7,0xdf,0xf7,0xdf,0xf7,0xdf,0xf7,0xdf,0xff,0xdf,0xff,0xdf,0xff,0xdf,0xff,0xff,0xff,0xff,0xff,
  0xff,0xff,0xff,0xff,0xff,0xff,0xff,0xff,0xff,0xff,0xff,0xff,0xff,0xff,0xff,0xff,0xff,0xff,0xff,0xff,0xff,0xff,0xff,0xff,
  0xff,0xff,0xff,0xff,0xff,0xff,0xff,0xff,0xff,0xff,0xff,0xff,0xff,0xff,0xff,0xff,0xff,0xff,0xff,0xff,0xff,0xff,0xff,0xff,
  0xff,0xff,0xff,0xff,0x7f,0xdf,0x7f,0x96,0xff,0xff,0xff,0xff,0xff,0xff,0xff,0xff,0xff,0xff,0xff,0xff,0xff,0xff,0x9f,0xef,
  0x9f,0xe7,0xff,0xff,0xdf,0xff,0xdf,0xff,0xdf,0xff,0xdf,0xf7,0xdf,0xf7,0xdf,0xf7,0xdf,0xf7,0xa8,0x29,0x43,0x00,0xa4,0x08,
  0x84,0x00,0x84,0x00,0x84,0x00,0x84,0x00,0x84,0x00,0x84,0x00,0x84,0x00,0x84,0x00,0xa5,0x08,0x8a,0x11,0x69,0x11,0x69,0x11,
  0x69,0x11,0x69,0x11,0x69,0x11,0x68,0x11,0x28,0x11,0x68,0x19,0x1c,0xe7,0xff,0xff,0xdf,0xff,0xdf,0xff,0xdf,0xf7,0xdf,0xf7,
  0xdf,0xf7,0xdf,0xf7,0xbf,0xf7,0xbf,0xf7,0xbf,0xf7,0xbf,0xf7,0xbf,0xf7,0xbf,0xef,0xbf,0xef,0xbf,0xef,0x9f,0xef,0x9f,0xef,
  0x9f,0xef,0x9f,0xef,0x9f,0xef,0x9f,0xef,0x9f,0xef,0x9f,0xef,0x9f,0xef,0x9f,0xef,0x9f,0xef,0x9f,0xef,0x9f,0xef,0x9f,0xef,
  0x9f,0xef,0x9f,0xef,0x9f,0xef,0xbf,0xef,0xbf,0xef,0xbf,0xef,0xbf,0xef,0xbf,0xef,0xbf,0xef,0xbf,0xef,0xbf,0xef,0xbf,0xf7,
  0xbf,0xf7,0xbf,0xf7,0xbf,0xf7,0xbf,0xf7,0xbf,0xf7,0xbf,0xf7,0xdf,0xf7,0xdf,0xf7,0xdf,0xf7,0xdf,0xf7,0xdf,0xf7,0xdf,0xf7,
  0xdf,0xf7,0xdf,0xf7,0xdf,0xf7,0xdf,0xf7,0xdf,0xff,0xdf,0xf7,0xdf,0xf7,0xdf,0xff,0xdf,0xff,0xdf,0xff,0xdf,0xff,0xdf,0xff,
  0xff,0xff,0xff,0xff,0xff,0xff,0xdf,0xff,0xdf,0xff,0xdf,0xff,0xdf,0xff,0xff,0xff,0xdf,0xff,0xdf,0xff,0xdf,0xff,0xdf,0xff,
  0xff,0xff,0xff,0xff,0xff,0xff,0xff,0xff,0xff,0xff,0xff,0xff,0xff,0xff,0xff,0xff,0xff,0xff,0xff,0xff,0xff,0xff,0xff,0xff,
  0x3f,0xcf,0xbf,0xef,0xff,0xff,0xff,0xff,0xff,0xff,0xff,0xff,0xff,0xff,0xff,0xff,0x7f,0xdf,0xdf,0xf7,0xff,0xff,0xff,0xff,
  0xff,0xff,0xff,0xff,0xff,0xff,0xff,0xff,0xff,0xff,0xff,0xff,0xff,0xff,0xff,0xff,0xff,0xff,0xdf,0xff,0xdf,0xff,0xff,0xff,
  0xff,0xff,0xdf,0xff,0xff,0xff,0xff,0xff,0xff,0xff,0xff,0xff,0xff,0xff,0xff,0xff,0xff,0xff,0xff,0xff,0xff,0xff,0xff,0xff,
  0xff,0xff,0xff,0xff,0xff,0xff,0xff,0xff,0xff,0xff,0xff,0xff,0xff,0xff,0xff,0xff,0xff,0xff,0xff,0xff,0xff,0xff,0xff,0xff,
  0xff,0xff,0xff,0xff,0xff,0xff,0xff,0xff,0xff,0xff,0xff,0xff,0xff,0xff,0xff,0xff,0xff,0xff,0xff,0xff,0xff,0xff,0xff,0xff,
  0xff,0xff,0xff,0xff,0xff,0xff,0xff,0xff,0xff,0xff,0xff,0xff,0xff,0xff,0xff,0xff,0xff,0xff,0xff,0xff,0xff,0xff,0xff,0xff,
  0xff,0xff,0xff,0xff,0xff,0xff,0xff,0xff,0xff,0xff,0xff,0xff,0xff,0xff,0xff,0xff,0xff,0xff,0xff,0xff,0xff,0xff,0xff,0xff,
  0xff,0xff,0xff,0xff,0xff,0xff,0xff,0xff,0xff,0xff,0xff,0xff,0xff,0xff,0xff,0xff,0xff,0xff,0xff,0xff,0xff,0xff,0xff,0xff,
  0xff,0xff,0xff,0xff,0xff,0xff,0xff,0xff,0xff,0xff,0xff,0xff,0xff,0xff,0xff,0xff,0xff,0xff,0xff,0xff,0xff,0xff,0xff,0xff,
  0xff,0xff,0xff,0xff,0xff,0xff,0xff,0xff,0xff,0xff,0xff,0xff,0xff,0xff,0xff,0xff,0xff,0xff,0xff,0xff,0xff,0xff,0xff,0xff,
  0xff,0xff,0xff,0xff,0xff,0xff,0xff,0xff,0xff,0xff,0xff,0xff,0xff,0xff,0xff,0xff,0xff,0xff,0xff,0xff,0xff,0xff,0xff,0xff,
  0xbf,0xef,0xbf,0xef,0xbf,0xef,0xbf,0xef,0xbf,0xef,0xbf,0xef,0xbf,0xef,0xbf,0xef,0xbf,0xef,0xbf,0xef,0xbf,0xef,0xbf,0xf7,
  0xbf,0xf7,0xdf,0xf7,0xbf,0xf7,0xbf,0xf7,0xdf,0xf7,0xbf,0xf7,0xdf,0xf7,0xdf,0xf7,0xdf,0xf7,0xdf,0xf7,0xdf,0xf7,0xdf,0xf7,
  0xdf,0xf7,0xdf,0xf7,0xdf,0xff,0xdf,0xff,0xdf,0xff,0xff,0xff,0xdf,0xff,0xff,0xff,0xff,0xff,0xff,0xff,0xdf,0xff,0xff,0xff,
  0xff,0xff,0xff,0xff,0xff,0xff,0xff,0xff,0xff,0xff,0xff,0xff,0xff,0xff,0xff,0xff,0xff,0xff,0xff,0xff,0xff,0xff,0xff,0xff,
  0xff,0xff,0xff,0xff,0xff,0xff,0xff,0xff,0xff,0xff,0xff,0xff,0xff,0xff,0xff,0xff,0xff,0xff,0xff,0xff,0xbf,0xef,0x7f,0x96,
  0xdf,0xf7,0xff,0xff,0xff,0xff,0xff,0xff,0xff,0xff,0xff,0xff,0xff,0xff,0xbf,0xf7,0x7f,0xdf,0xff,0xff,0xff,0xff,0xdf,0xff,
  0xdf,0xf7,0xdf,0xf7,0xdf,0xf7,0xbf,0xf7,0xff,0xff,0x0d,0x5b,0x23,0x00,0xa5,0x08,0x84,0x00,0x84,0x00,0x84,0x00,0x84,0x00,
  0x84,0x00,0x84,0x00,0x84,0x00,0x84,0x00,0x84,0x00,0x48,0x11,0x8a,0x19,0x89,0x19,0x89,0x19,0x69,0x19,0x69,0x11,0x68,0x11,
  0x69,0x19,0xe7,0x00,0x56,0xa5,0xff,0xff,0xdf,0xf7,0xdf,0xff,0xdf,0xf7,0xdf,0xf7,0xdf,0xf7,0xdf,0xf7,0xdf,0xf7,0xbf,0xf7,
  0xbf,0xf7,0xbf,0xf7,0xbf,0xf7,0xbf,0xef,0xbf,0xef,0xbf,0xef,0xbf,0xef,0x9f,0xef,0x9f,0xef,0x9f,0xef,0x9f,0xef,0x9f,0xef,
  0x9f,0xef,0x9f,0xef,0x9f,0xef,0x9f,0xef,0x9f,0xef,0x9f,0xef,0x9f,0xef,0x9f,0xef,0x9f,0xef,0x9f,0xef,0xbf,0xef,0xbf,0xef,
  0xbf,0xef,0xbf,0xef,0xbf,0xef,0xbf,0xef,0xbf,0xef,0xbf,0xf7,0xbf,0xf7,0xbf,0xf7,0xbf,0xf7,0xbf,0xf7,0xbf,0xf7,0xbf,0xf7,
  0xbf,0xf7,0xbf,0xf7,0xdf,0xf7,0xdf,0xf7,0xdf,0xf7,0xdf,0xf7,0xdf,0xf7,0xdf,0xf7,0xdf,0xf7,0xdf,0xf7,0xdf,0xf7,0xdf,0xf7,
  0xdf,0xf7,0xdf,0xf7,0xdf,0xf7,0xdf,0xf7,0xdf,0xff,0xdf,0xff,0xdf,0xff,0xdf,0xff,0xdf,0xff,0xff,0xff,0xdf,0xff,0xdf,0xff,
  0xdf,0xff,0xdf,0xff,0xdf,0xff,0xdf,0xff,0xdf,0xff,0xdf,0xff,0xdf,0xff,0xdf,0xff,0xdf,0xff,0xdf,0xff,0xff,0xff,0xff,0xff,
  0xff,0xff,0xff,0xff,0xff,0xff,0xff,0xff,0xff,0xff,0xff,0xff,0xff,0xff,0xdf,0xff,0x1f,0xc7,0xff,0xff,0xff,0xff,0xff,0xff,
  0xff,0xff,0xff,0xff,0xff,0xff,0xff,0xff,0x5f,0xdf,0xff,0xff,0xff,0xff,0xff,0xff,0xff,0xff,0xff,0xff,0xff,0xff,0xff,0xff,
  0xff,0xff,0xff,0xff,0xff,0xff,0xff,0xff,0xff,0xff,0xff,0xff,0xdf,0xff,0xff,0xff,0xdf,0xff,0xff,0xff,0xff,0xff,0xff,0xff,
  0xff,0xff,0xff,0xff,0xff,0xff,0xff,0xff,0xff,0xff,0xff,0xff,0xff,0xff,0xff,0xff,0xff,0xff,0xff,0xff,0xff,0xff,0xff,0xff,
  0xff,0xff,0xff,0xff,0xff,0xff,0xff,0xff,0xff,0xff,0xff,0xff,0xff,0xff,0xff,0xff,0xff,0xff,0xff,0xff,0xff,0xff,0xff,0xff,
  0xff,0xff,0xff,0xff,0xff,0xff,0xff,0xff,0xff,0xff,0xff,0xff,0xff,0xff,0xff,0xff,0xff,0xff,0xff,0xff,0xff,0xff,0xff,0xff,
  0xff,0xff,0xff,0xff,0xff,0xff,0xff,0xff,0xff,0xff,0xff,0xff,0xff,0xff,0xff,0xff,0xff,0xff,0xff,0xff,0xff,0xff,0xff,0xff,
  0xff,0xff,0xff,0xff,0xff,0xff,0xff,0xff,0xff,0xff,0xff,0xff,0xff,0xff,0xff,0xff,0xff,0xff,0xff,0xff,0xff,0xff,0xff,0xff,
  0xff,0xff,0xff,0xff,0xff,0xff,0xff,0xff,0xff,0xff,0xff,0xff,0xff,0xff,0xff,0xff,0xff,0xff,0xff,0xff,0xff,0xff,0xff,0xff,
  0xff,0xff,0xff,0xff,0xff,0xff,0xff,0xff,0xff,0xff,0xff,0xff,0xff,0xff,0xff,0xff,0xff,0xff,0xff,0xff,0xff,0xff,0xff,0xff,
  0xff,0xff,0xff,0xff,0xff,0xff,0xff,0xff,0xff,0xff,0xff,0xff,0xff,0xff,0xff,0xff,0xff,0xff,0xff,0xff,0xff,0xff,0xff,0xff,
  0xff,0xff,0xff,0xff,0xff,0xff,0xff,0xff,0xff,0xff,0xff,0xff,0xff,0xff,0xff,0xff,0xbf,0xef,0xbf,0xef,0xbf,0xef,0xbf,0xef,
  0xbf,0xef,0xbf,0xef,0xbf,0xef,0xbf,0xef,0xbf,0xef,0xbf,0xef,0xbf,0xef,0xbf,0xf7,0xbf,0xf7,0xbf,0xf7,0xbf,0xf7,0xbf,0xf7,
  0xbf,0xf7,0xdf,0xf7,0xdf,0xf7,0xdf,0xf7,0xdf,0xf7,0xdf,0xf7,0xdf,0xf7,0xdf,0xf7,0xdf,0xf7,0xdf,0xf7,0xdf,0xf7,0xdf,0xf7,
  0xdf,0xff,0xdf,0xff,0xdf,0xff,0xdf,0xff,0xff,0xff,0xff,0xff,0xff,0xff,0xff,0xff,0xff,0xff,0xff,0xff,0xff,0xff,0xff,0xff,
  0xff,0xff,0xff,0xff,0xff,0xff,0xff,0xff,0xff,0xff,0xff,0xff,0xff,0xff,0xff,0xff,0xff,0xff,0xff,0xff,0xff,0xff,0xff,0xff,
  0xff,0xff,0xff,0xff,0xff,0xff,0xff,0xff,0xff,0xff,0xff,0xff,0xff,0xff,0x7f,0x96,0x7f,0xdf,0xff,0xff,0xff,0xff,0xff,0xff,
  0xff,0xff,0xff,0xff,0xff,0xff,0xff,0xff,0x7f,0xdf,0xdf,0xff,0xff,0xff,0xdf,0xff,0xdf,0xff,0xdf,0xf7,0xdf,0xf7,0xbf,0xf7,
  0xff,0xff,0xd4,0x94,0x02,0x00,0xa5,0x08,0x84,0x00,0x84,0x00,0x84,0x00,0x84,0x00,0x84,0x00,0x84,0x00,0x84,0x00,0x84,0x00,
  0x63,0x00,0x07,0x11,0xaa,0x19,0x89,0x19,0x89,0x19,0x89,0x19,0x69,0x19,0x69,0x11,0x69,0x19,0x08,0x09,0xee,0x4a,0xff,0xff,
  0xdf,0xff,0xdf,0xff,0xdf,0xf7,0xdf,0xf7,0xdf,0xf7,0xdf,0xf7,0xdf,0xf7,0xdf,0xf7,0xbf,0xf7,0xbf,0xf7,0xbf,0xf7,0xbf,0xef,
  0xbf,0xef,0xbf,0xef,0xbf,0xef,0xbf,0xef,0x9f,0xef,0x9f,0xef,0x9f,0xef,0x9f,0xef,0x9f,0xef,0x9f,0xef,0x9f,0xef,0x9f,0xef,
  0x9f,0xef,0xbf,0xef,0x9f,0xef,0x9f,0xef,0x9f,0xef,0xbf,0xef,0xbf,0xef,0xbf,0xef,0xbf,0xef,0xbf,0xef,0xbf,0xef,0xbf,0xef,
  0xbf,0xf7,0xbf,0xf7,0xbf,0xef,0xbf,0xf7,0xbf,0xf7,0xbf,0xf7,0xbf,0xf7,0xbf,0xf7,0xdf,0xf7,0xdf,0xf7,0xdf,0xf7,0xdf,0xf7,
  0xdf,0xf7,0xdf,0xf7,0xdf,0xf7,0xdf,0xf7,0xdf,0xf7,0xdf,0xf7,0xdf,0xf7,0xdf,0xf7,0xdf,0xf7,0xdf,0xf7,0xdf,0xff,0xdf,0xff,
  0xdf,0xf7,0xdf,0xff,0xdf,0xff,0xdf,0xff,0xdf,0xff,0xdf,0xff,0xdf,0xff,0xdf,0xff,0xdf,0xff,0xdf,0xff,0xdf,0xff,0xdf,0xff,
  0xdf,0xff,0xdf,0xff,0xdf,0xff,0xdf,0xff,0xdf,0xff,0xff,0xff,0xff,0xff,0xff,0xff,0xff,0xff,0xff,0xff,0xff,0xff,0xff,0xff,
  0xff,0xff,0xff,0xff,0xff,0xff,0x9f,0xef,0x3f,0xcf,0xff,0xff,0xff,0xff,0xff,0xff,0xff,0xff,0xff,0xff,0xff,0xff,0xdf,0xf7,
  0x5f,0xdf,0xff,0xff,0xff,0xff,0xff,0xff,0xff,0xff,0xff,0xff,0xff,0xff,0xff,0xff,0xff,0xff,0xff,0xff,0xff,0xff,0xff,0xff,
  0xff,0xff,0xff,0xff,0xff,0xff,0xff,0xff,0xff,0xff,0xff,0xff,0xff,0xff,0xff,0xff,0xff,0xff,0xff,0xff,0xff,0xff,0xff,0xff,
  0xff,0xff,0xff,0xff,0xff,0xff,0xff,0xff,0xff,0xff,0xff,0xff,0xff,0xff,0xff,0xff,0xff,0xff,0xff,0xff,0xff,0xff,0xff,0xff,
  0xff,0xff,0xff,0xff,0xff,0xff,0xff,0xff,0xff,0xff,0xff,0xff,0xff,0xff,0xff,0xff,0xff,0xff,0xff,0xff,0xff,0xff,0xff,0xff,
  0xff,0xff,0xff,0xff,0xff,0xff,0xff,0xff,0xff,0xff,0xff,0xff,0xff,0xff,0xff,0xff,0xff,0xff,0xff,0xff,0xff,0xff,0xff,0xff,
  0xff,0xff,0xff,0xff,0xff,0xff,0xff,0xff,0xff,0xff,0xff,0xff,0xff,0xff,0xff,0xff,0xff,0xff,0xff,0xff,0xff,0xff,0xff,0xff,
  0xff,0xff,0xff,0xff,0xff,0xff,0xff,0xff,0xff,0xff,0xff,0xff,0xff,0xff,0xff,0xff,0xff,0xff,0xff,0xff,0xff,0xff,0xff,0xff,
  0xff,0xff,0xff,0xff,0xff,0xff,0xff,0xff,0xff,0xff,0xff,0xff,0xff,0xff,0xff,0xff,0xff,0xff,0xff,0xff,0xff,0xff,0xff,0xff,
  0xff,0xff,0xff,0xff,0xff,0xff,0xff,0xff,0xff,0xff,0xff,0xff,0xff,0xff,0xff,0xff,0xff,0xff,0xff,0xff,0xff,0xff,0xff,0xff,
  0xff,0xff,0xff,0xff,0xff,0xff,0xff,0xff,0xff,0xff,0xff,0xff,0xff,0xff,0xff,0xff,0xff,0xff,0xff,0xff,0xff,0xff,0xff,0xff,
  0xff,0xff,0xff,0xff,0xff,0xff,0xff,0xff,0xbf,0xef,0xbf,0xef,0xbf,0xef,0xbf,0xef,0xbf,0xef,0xbf,0xef,0xbf,0xef,0xbf,0xef,
  0xbf,0xef,0xbf,0xef,0xbf,0xef,0xbf,0xef,0xbf,0xef,0xbf,0xf7,0xbf,0xf7,0xbf,0xf7,0xbf,0xf7,0xbf,0xf7,0xdf,0xf7,0xdf,0xf7,
  0xdf,0xf7,0xdf,0xf7,0xdf,0xf7,0xdf,0xf7,0xdf,0xf7,0xdf,0xf7,0xdf,0xf7,0xdf,0xf7,0xdf,0xff,0xdf,0xff,0xdf,0xff,0xdf,0xff,
  0xdf,0xff,0xdf,0xff,0xff,0xff,0xff,0xff,0xff,0xff,0xff,0xff,0xff,0xff,0xff,0xff,0xff,0xff,0xff,0xff,0xff,0xff,0xff,0xff,
  0xff,0xff,0xff,0xff,0xff,0xff,0xff,0xff,0xff,0xff,0xff,0xff,0xff,0xff,0xff,0xff,0xff,0xff,0xff,0xff,0xff,0xff,0xff,0xff,
  0xff,0xff,0xff,0xff,0xff,0xff,0xbf,0xae,0xff,0xbe,0xff,0xff,0xff,0xff,0xff,0xff,0xff,0xff,0xff,0xff,0xff,0xff,0xff,0xff,
  0x7f,0xe7,0xbf,0xf7,0xff,0xff,0xdf,0xff,0xdf,0xff,0xdf,0xf7,0xdf,0xf7,0xdf,0xf7,0xff,0xff,0x9a,0xce,0x83,0x00,0x84,0x00,
  0x84,0x00,0x84,0x00,0x84,0x00,0x84,0x00,0x84,0x00,0x84,0x00,0x84,0x00,0x84,0x00,0x84,0x00,0xa5,0x08,0xaa,0x19,0xaa,0x19,
  0x8a,0x19,0x89,0x19,0x89,0x19,0x89,0x19,0x69,0x19,0x69,0x11,0x48,0x11,0x9b,0xd6,0xff,0xff,0xdf,0xf7,0xdf,0xf7,0xdf,0xf7,
  0xdf,0xf7,0xdf,0xf7,0xdf,0xf7,0xdf,0xf7,0xdf,0xf7,0xbf,0xf7,0xbf,0xf7,0xbf,0xf7,0xbf,0xef,0xbf,0xef,0xbf,0xef,0xbf,0xef,
  0xbf,0xef,0xbf,0xef,0x9f,0xef,0x9f,0xef,0x9f,0xef,0x9f,0xef,0x9f,0xef,0x9f,0xef,0x9f,0xef,0x9f,0xef,0x9f,0xef,0xbf,0xef,
  0xbf,0xef,0xbf,0xef,0xbf,0xef,0xbf,0xef,0xbf,0xef,0xbf,0xef,0xbf,0xef,0xbf,0xf7,0xbf,0xf7,0xbf,0xf7,0xbf,0xf7,0xbf,0xf7,
  0xbf,0xf7,0xbf,0xf7,0xdf,0xf7,0xdf,0xf7,0xdf,0xf7,0xdf,0xf7,0xdf,0xf7,0xdf,0xf7,0xdf,0xf7,0xdf,0xf7,0xdf,0xf7,0xdf,0xf7,
  0xdf,0xf7,0xdf,0xf7,0xdf,0xf7,0xdf,0xf7,0xdf,0xf7,0xdf,0xf7,0xdf,0xff,0xdf,0xff,0xdf,0xff,0xff,0xff,0xdf,0xff,0xdf,0xff,
  0xdf,0xff,0xdf,0xff,0xdf,0xff,0xdf,0xff,0xdf,0xff,0xdf,0xff,0xdf,0xff,0xdf,0xff,0xdf,0xff,0xdf,0xff,0xdf,0xff,0xff,0xff,
  0xdf,0xff,0xdf,0xff,0xff,0xff,0xff,0xff,0xff,0xff,0xff,0xff,0xff,0xff,0xff,0xff,0xff,0xff,0xff,0xff,0xff,0xff,0x5f,0xd7,
  0x7f,0xdf,0xff,0xff,0xff,0xff,0xff,0xff,0xff,0xff,0xff,0xff,0xff,0xff,0xbf,0xef,0x9f,0xe7,0xff,0xff,0xff,0xff,0xff,0xff,
  0xff,0xff,0xff,0xff,0xff,0xff,0xff,0xff,0xff,0xff,0xff,0xff,0xff,0xff,0xff,0xff,0xff,0xff,0xff,0xff,0xff,0xff,0xff,0xff,
  0xff,0xff,0xff,0xff,0xff,0xff,0xff,0xff,0xff,0xff,0xff,0xff,0xff,0xff,0xff,0xff,0xff,0xff,0xff,0xff,0xff,0xff,0xff,0xff,
  0xff,0xff,0xff,0xff,0xff,0xff,0xff,0xff,0xff,0xff,0xff,0xff,0xff,0xff,0xff,0xff,0xff,0xff,0xff,0xff,0xff,0xff,0xff,0xff,
  0xff,0xff,0xff,0xff,0xff,0xff,0xff,0xff,0xff,0xff,0xff,0xff,0xff,0xff,0xff,0xff,0xff,0xff,0xff,0xff,0xff,0xff,0xff,0xff,
  0xff,0xff,0xff,0xff,0xff,0xff,0xff,0xff,0xff,0xff,0xff,0xff,0xff,0xff,0xff,0xff,0xff,0xff,0xff,0xff,0xff,0xff,0xff,0xff,
  0xff,0xff,0xff,0xff,0xff,0xff,0xff,0xff,0xff,0xff,0xff,0xff,0xff,0xff,0xff,0xff,0xff,0xff,0xff,0xff,0xff,0xff,0xff,0xff,
  0xff,0xff,0xff,0xff,0xff,0xff,0xff,0xff,0xff,0xff,0xff,0xff,0xff,0xff,0xff,0xff,0xff,0xff,0xff,0xff,0xff,0xff,0xff,0xff,
  0xff,0xff,0xff,0xff,0xff,0xff,0xff,0xff,0xff,0xff,0xff,0xff,0xff,0xff,0xff,0xff,0xff,0xff,0xff,0xff,0xff,0xff,0xff,0xff,
  0xff,0xff,0xff,0xff,0xff,0xff,0xff,0xff,0xff,0xff,0xff,0xff,0xff,0xff,0xff,0xff,0xff,0xff,0xff,0xff,0xff,0xff,0xff,0xff,
  0xff,0xff,0xff,0xff,0xff,0xff,0xff,0xff,0xff,0xff,0xff,0xff,0xff,0xff,0xff,0xff,0xff,0xff,0xff,0xff,0xff,0xff,0xff,0xff,
  0xbf,0xef,0xbf,0xef,0xbf,0xef,0xbf,0xef,0xbf,0xef,0xbf,0xef,0xbf,0xef,0xbf,0xef,0xbf,0xef,0xbf,0xef,0xbf,0xef,0xbf,0xef,
  0xbf,0xf7,0xbf,0xf7,0xbf,0xf7,0xbf,0xf7,0xbf,0xf7,0xbf,0xf7,0xdf,0xf7,0xdf,0xf7,0xdf,0xf7,0xdf,0xf7,0xdf,0xf7,0xdf,0xf7,
  0xdf,0xf7,0xdf,0xf7,0xdf,0xf7,0xdf,0xf7,0xdf,0xff,0xdf,0xff,0xdf,0xff,0xdf,0xff,0xdf,0xff,0xdf,0xff,0xff,0xff,0xff,0xff,
  0xff,0xff,0xff,0xff,0xff,0xff,0xff,0xff,0xff,0xff,0xff,0xff,0xff,0xff,0xff,0xff,0xff,0xff,0xff,0xff,0xff,0xff,0xff,0xff,
  0xff,0xff,0xff,0xff,0xff,0xff,0xff,0xff,0xff,0xff,0xff,0xff,0xff,0xff,0xff,0xff,0xff,0xff,0xff,0xff,0xff,0xff,0x1f,0xc7,
  0x9f,0xa6,0xff,0xff,0xff,0xff,0xff,0xff,0xff,0xff,0xff,0xff,0xff,0xff,0xff,0xff,0x9f,0xef,0x9f,0xe7,0xff,0xff,0xdf,0xf7,
  0xdf,0xf7,0xdf,0xf7,0xdf,0xf7,0xdf,0xf7,0xdf,0xf7,0xdf,0xff,0xa8,0x29,0x43,0x00,0xa4,0x08,0x84,0x00,0xa4,0x00,0xa4,0x00,
  0x84,0x00,0x84,0x00,0x84,0x00,0x84,0x00,0x84,0x00,0x63,0x00,0x69,0x19,0xca,0x19,0xaa,0x19,0xaa,0x19,0x89,0x19,0x89,0x19,
  0x69,0x19,0x89,0x19,0xe7,0x00,0xb0,0x6b,0xff,0xff,0xdf,0xf7,0xff,0xff,0xdf,0xf7,0xdf,0xf7,0xdf,0xf7,0xdf,0xf7,0xdf,0xf7,
  0xdf,0xf7,0xbf,0xf7,0xbf,0xf7,0xbf,0xf7,0xbf,0xf7,0xbf,0xef,0xbf,0xef,0xbf,0xef,0xbf,0xef,0xbf,0xef,0xbf,0xef,0x9f,0xef,
  0x9f,0xef,0xbf,0xef,0xbf,0xef,0x9f,0xef,0x9f,0xef,0xbf,0xef,0xbf,0xef,0xbf,0xef,0xbf,0xef,0xbf,0xef,0xbf,0xef,0xbf,0xef,
  0xbf,0xef,0xbf,0xef,0xbf,0xef,0xbf,0xef,0xbf,0xef,0xbf,0xf7,0xbf,0xf7,0xbf,0xf7,0xbf,0xf7,0xdf,0xf7,0xdf,0xf7,0xdf,0xf7,
  0xdf,0xf7,0xdf,0xf7,0xdf,0xf7,0xdf,0xf7,0xdf,0xf7,0xdf,0xf7,0xdf,0xf7,0xdf,0xf7,0xdf,0xf7,0xdf,0xf7,0xdf,0xf7,0xdf,0xf7,
  0xdf,0xf7,0xdf,0xff,0xdf,0xff,0xff,0xff,0xdf,0xff,0xdf,0xff,0xdf,0xff,0xdf,0xff,0xdf,0xf7,0xdf,0xf7,0xdf,0xf7,0xdf,0xff,
  0xdf,0xff,0xdf,0xff,0xdf,0xff,0xdf,0xff,0xdf,0xff,0xdf,0xff,0xdf,0xff,0xdf,0xff,0xdf,0xff,0xdf,0xff,0xff,0xff,0xff,0xff,
  0xff,0xff,0xff,0xff,0xff,0xff,0xff,0xff,0xff,0xff,0xff,0xff,0xff,0xff,0x1f,0xc7,0xbf,0xef,0xff,0xff,0xff,0xff,0xff,0xff,
  0xff,0xff,0xff,0xff,0xff,0xff,0x7f,0xe7,0xbf,0xef,0xff,0xff,0xff,0xff,0xff,0xff,0xff,0xff,0xff,0xff,0xff,0xff,0xff,0xff,
  0xdf,0xff,0xff,0xff,0xff,0xff,0xff,0xff,0xff,0xff,0xff,0xff,0xff,0xff,0xff,0xff,0xff,0xff,0xff,0xff,0xff,0xff,0xff,0xff,
  0xff,0xff,0xff,0xff,0xff,0xff,0xff,0xff,0xff,0xff,0xff,0xff,0xff,0xff,0xff,0xff,0xff,0xff,0xff,0xff,0xff,0xff,0xff,0xff,
  0xff,0xff,0xff,0xff,0xff,0xff,0xff,0xff,0xff,0xff,0xff,0xff,0xff,0xff,0xff,0xff,0xff,0xff,0xff,0xff,0xff,0xff,0xff,0xff,
  0xff,0xff,0xff,0xff,0xff,0xff,0xff,0xff,0xff,0xff,0xff,0xff,0xff,0xff,0xff,0xff,0xff,0xff,0xff,0xff,0xff,0xff,0xff,0xff,
  0xff,0xff,0xff,0xff,0xff,0xff,0xff,0xff,0xff,0xff,0xff,0xff,0xff,0xff,0xff,0xff,0xff,0xff,0xff,0xff,0xff,0xff,0xff,0xff,
  0xff,0xff,0xff,0xff,0xff,0xff,0xff,0xff,0xff,0xff,0xff,0xff,0xff,0xff,0xff,0xff,0xff,0xff,0xff,0xff,0xff,0xff,0xff,0xff,
  0xff,0xff,0xff,0xff,0xff,0xff,0xff,0xff,0xff,0xff,0xff,0xff,0xff,0xff,0xff,0xff,0xff,0xff,0xff,0xff,0xff,0xff,0xff,0xff,
  0xff,0xff,0xff,0xff,0xff,0xff,0xff,0xff,0xff,0xff,0xff,0xff,0xff,0xff,0xff,0xff,0xff,0xff,0xff,0xff,0xff,0xff,0xff,0xff,
  0xff,0xff,0xff,0xff,0xff,0xff,0xff,0xff,0xff,0xff,0xff,0xff,0xff,0xff,0xff,0xff,0xff,0xff,0xff,0xff,0xff,0xff,0xff,0xff,
  0xff,0xff,0xff,0xff,0xff,0xff,0xff,0xff,0xff,0xff,0xff,0xff,0xff,0xff,0xff,0xff,0xbf,0xef,0xbf,0xef,0xbf,0xef,0xbf,0xef,
  0xbf,0xef,0xbf,0xef,0xbf,0xef,0xbf,0xef,0xbf,0xef,0xbf,0xef,0xbf,0xef,0xbf,0xef,0xbf,0xef,0xbf,0xef,0xbf,0xef,0xbf,0xf7,
  0xbf,0xf7,0xbf,0xf7,0xbf,0xf7,0xdf,0xf7,0xdf,0xf7,0xdf,0xf7,0xdf,0xf7,0xdf,0xf7,0xdf,0xf7,0xdf,0xf7,0xdf,0xf7,0xdf,0xf7,
  0xdf,0xf7,0xdf,0xf7,0xdf,0xff,0xdf,0xff,0xdf,0xff,0xdf,0xff,0xff,0xff,0xff,0xff,0xff,0xff,0xff,0xff,0xff,0xff,0xff,0xff,
  0xff,0xff,0xff,0xff,0xff,0xff,0xff,0xff,0xff,0xff,0xff,0xff,0xff,0xff,0xff,0xff,0xff,0xff,0xff,0xff,0xff,0xff,0xff,0xff,
  0xff,0xff,0xff,0xff,0xff,0xff,0xff,0xff,0xff,0xff,0xff,0xff,0xff,0xff,0x9f,0xe7,0x5f,0x96,0xdf,0xff,0xff,0xff,0xff,0xff,
  0xff,0xff,0xff,0xff,0xff,0xff,0xff,0xff,0xdf,0xf7,0x7f,0xe7,0xff,0xff,0xdf,0xff,0xdf,0xff,0xdf,0xff,0xdf,0xf7,0xdf,0xf7,
  0xbf,0xf7,0xff,0xff,0xaf,0x73,0x01,0x00,0xa4,0x08,0x84,0x00,0xa4,0x00,0xa4,0x00,0xa4,0x00,0x84,0x00,0x84,0x00,0x84,0x00,
  0x84,0x00,0x63,0x00,0xe6,0x10,0xcb,0x21,0xaa,0x19,0xaa,0x19,0xaa,0x19,0x89,0x19,0x89,0x19,0x89,0x19,0x68,0x11,0x28,0x11,
  0xbb,0xd6,0xff,0xff,0xdf,0xff,0xff,0xff,0xdf,0xff,0xdf,0xf7,0xdf,0xf7,0xdf,0xf7,0xbf,0xf7,0xbf,0xf7,0xbf,0xf7,0xbf,0xf7,
  0xbf,0xf7,0xbf,0xf7,0xbf,0xf7,0xbf,0xef,0xbf,0xef,0xbf,0xef,0xbf,0xef,0xbf,0xef,0xbf,0xef,0xbf,0xef,0x9f,0xef,0xbf,0xef,
  0xbf,0xef,0xbf,0xef,0xbf,0xef,0xbf,0xef,0xbf,0xef,0xbf,0xef,0xbf,0xef,0xbf,0xef,0xbf,0xef,0xbf,0xef,0xbf,0xf7,0xbf,0xf7,
  0xbf,0xf7,0xbf,0xf7,0xbf,0xf7,0xbf,0xf7,0xdf,0xf7,0xdf,0xf7,0xdf,0xf7,0xbf,0xf7,0xbf,0xf7,0xbf,0xf7,0xbf,0xf7,0xbf,0xf7,
  0xdf,0xf7,0xdf,0xf7,0xdf,0xf7,0xdf,0xf7,0xdf,0xf7,0xdf,0xf7,0xdf,0xf7,0xdf,0xf7,0xdf,0xf7,0xdf,0xf7,0xdf,0xf7,0xdf,0xf7,
  0xdf,0xf7,0xdf,0xf7,0xdf,0xff,0xdf,0xff,0xdf,0xf7,0xdf,0xf7,0xdf,0xf7,0xdf,0xff,0xdf,0xff,0xdf,0xff,0xdf,0xff,0xdf,0xff,
  0xdf,0xff,0xdf,0xff,0xdf,0xff,0xdf,0xff,0xdf,0xff,0xdf,0xff,0xff,0xff,0xff,0xff,0xff,0xff,0xff,0xff,0xff,0xff,0xff,0xff,
  0xff,0xff,0xff,0xff,0xdf,0xf7,0xff,0xbe,0xff,0xff,0xff,0xff,0xff,0xff,0xff,0xff,0xff,0xff,0xff,0xff,0xff,0xff,0x5f,0xdf,
  0xff,0xff,0xff,0xff,0xff,0xff,0xff,0xff,0xff,0xff,0xff,0xff,0xff,0xff,0xff,0xff,0xff,0xff,0xff,0xff,0xff,0xff,0xff,0xff,
  0xff,0xff,0xff,0xff,0xff,0xff,0xff,0xff,0xff,0xff,0xff,0xff,0xff,0xff,0xff,0xff,0xff,0xff,0xff,0xff,0xff,0xff,0xff,0xff,
  0xff,0xff,0xff,0xff,0xff,0xff,0xff,0xff,0xff,0xff,0xff,0xff,0xff,0xff,0xff,0xff,0xff,0xff,0xff,0xff,0xff,0xff,0xff,0xff,
  0xff,0xff,0xff,0xff,0xff,0xff,0xff,0xff,0xff,0xff,0xff,0xff,0xff,0xff,0xff,0xff,0xff,0xff,0xff,0xff,0xff,0xff,0xff,0xff,
  0xff,0xff,0xff,0xff,0xff,0xff,0xff,0xff,0xff,0xff,0xff,0xff,0xff,0xff,0xff,0xff,0xff,0xff,0xff,0xff,0xff,0xff,0xff,0xff,
  0xff,0xff,0xff,0xff,0xff,0xff,0xff,0xff,0xff,0xff,0xff,0xff,0xff,0xff,0xff,0xff,0xff,0xff,0xff,0xff,0xff,0xff,0xff,0xff,
  0xff,0xff,0xff,0xff,0xff,0xff,0xff,0xff,0xff,0xff,0xff,0xff,0xff,0xff,0xff,0xff,0xff,0xff,0xff,0xff,0xff,0xff,0xff,0xff,
  0xff,0xff,0xff,0xff,0xff,0xff,0xff,0xff,0xff,0xff,0xff,0xff,0xff,0xff,0xff,0xff,0xff,0xff,0xff,0xff,0xff,0xff,0xff,0xff,
  0xff,0xff,0xff,0xff,0xff,0xff,0xff,0xff,0xff,0xff,0xff,0xff,0xff,0xff,0xff,0xff,0xff,0xff,0xff,0xff,0xff,0xff,0xff,0xff,
  0xff,0xff,0xff,0xff,0xff,0xff,0xff,0xff,0xff,0xff,0xff,0xff,0xff,0xff,0xff,0xff,0xff,0xff,0xff,0xff,0xff,0xff,0xff,0xff,
  0xff,0xff,0xff,0xff,0xff,0xff,0xff,0xff,0xbf,0xef,0xbf,0xef,0xbf,0xef,0xbf,0xef,0xbf,0xef,0xbf,0xef,0xbf,0xef,0xbf,0xef,
  0xbf,0xef,0xbf,0xef,0xbf,0xef,0xbf,0xef,0xbf,0xef,0xbf,0xef,0xbf,0xef,0xbf,0xf7,0xbf,0xf7,0xbf,0xf7,0xbf,0xf7,0xbf,0xf7,
  0xdf,0xf7,0xdf,0xf7,0xdf,0xf7,0xdf,0xf7,0xdf,0xf7,0xdf,0xf7,0xdf,0xf7,0xdf,0xf7,0xdf,0xf7,0xdf,0xf7,0xdf,0xf7,0xdf,0xff,
  0xdf,0xff,0xdf,0xff,0xdf,0xff,0xdf,0xff,0xff,0xff,0xff,0xff,0xff,0xff,0xff,0xff,0xff,0xff,0xff,0xff,0xff,0xff,0xff,0xff,
  0xff,0xff,0xff,0xff,0xff,0xff,0xff,0xff,0xff,0xff,0xff,0xff,0xff,0xff,0xff,0xff,0xff,0xff,0xff,0xff,0xff,0xff,0xff,0xff,
  0xff,0xff,0xff,0xff,0xff,0xff,0xff,0xff,0x5f,0x96,0x7f,0xdf,0xff,0xff,0xff,0xff,0xff,0xff,0xff,0xff,0xff,0xff,0xff,0xff,
  0xff,0xff,0x7f,0xdf,0xdf,0xf7,0xff,0xff,0xff,0xff,0xdf,0xff,0xdf,0xf7,0xdf,0xf7,0xbf,0xf7,0xff,0xff,0x18,0xbe,0x43,0x00,
  0xa4,0x00,0x84,0x00,0x84,0x00,0xa4,0x00,0x84,0x00,0x84,0x00,0x84,0x00,0x84,0x00,0x84,0x00,0x84,0x00,0x84,0x00,0xaa,0x19,
  0xcb,0x21,0xaa,0x19,0xaa,0x19,0x8a,0x19,0x89,0x19,0x89,0x19,0x89,0x19,0x07,0x09,0x2f,0x5b,0xff,0xff,0xdf,0xff,0xff,0xff,
  0xdf,0xff,0xdf,0xf7,0xdf,0xf7,0xdf,0xf7,0xdf,0xf7,0xdf,0xf7,0xbf,0xf7,0xbf,0xf7,0xbf,0xf7,0xbf,0xf7,0xbf,0xf7,0xbf,0xef,
  0xbf,0xef,0xbf,0xef,0xbf,0xef,0xbf,0xef,0xbf,0xef,0xbf,0xef,0xbf,0xef,0xbf,0xef,0xbf,0xef,0xbf,0xef,0xbf,0xef,0xbf,0xef,
  0xbf,0xef,0xbf,0xef,0xbf,0xef,0xbf,0xef,0xbf,0xef,0xbf,0xef,0xbf,0xf7,0xbf,0xf7,0xbf,0xf7,0xbf,0xf7,0xbf,0xf7,0xdf,0xf7,
  0xdf,0xf7,0xdf,0xf7,0xdf,0xf7,0xff,0xff,0xff,0xff,0xff,0xff,0xff,0xff,0xff,0xff,0xff,0xff,0xff,0xff,0xff,0xff,0xff,0xff,
  0xff,0xff,0xff,0xff,0xff,0xff,0xff,0xff,0xff,0xff,0xff,0xff,0xff,0xff,0xff,0xff,0xff,0xff,0xff,0xff,0xff,0xff,0xdf,0xf7,
  0xdf,0xf7,0xdf,0xf7,0xdf,0xff,0xdf,0xf7,0xdf,0xff,0xdf,0xf7,0xdf,0xff,0xdf,0xff,0xdf,0xff,0xdf,0xff,0xdf,0xff,0xdf,0xff,
  0xdf,0xff,0xdf,0xff,0xff,0xff,0xff,0xff,0xff,0xff,0xff,0xff,0xff,0xff,0xff,0xff,0xff,0xff,0xff,0xff,0x5f,0xd7,0x3f,0xcf,
  0xff,0xff,0xff,0xff,0xff,0xff,0xff,0xff,0xff,0xff,0xff,0xff,0xdf,0xf7,0x7f,0xdf,0xff,0xff,0xff,0xff,0xff,0xff,0xff,0xff,
  0xff,0xff,0xff,0xff,0xff,0xff,0xff,0xff,0xff,0xff,0xff,0xff,0xff,0xff,0xff,0xff,0xff,0xff,0xff,0xff,0xff,0xff,0xff,0xff,
  0xff,0xff,0xff,0xff,0xff,0xff,0xff,0xff,0xff,0xff,0xff,0xff,0xff,0xff,0xff,0xff,0xff,0xff,0xff,0xff,0xff,0xff,0xff,0xff,
  0xff,0xff,0xff,0xff,0xff,0xff,0xff,0xff,0xff,0xff,0xff,0xff,0xff,0xff,0xff,0xff,0xff,0xff,0xff,0xff,0xff,0xff,0xff,0xff,
  0xff,0xff,0xff,0xff,0xff,0xff,0xff,0xff,0xff,0xff,0xff,0xff,0xff,0xff,0xff,0xff,0xff,0xff,0xff,0xff,0xff,0xff,0xff,0xff,
  0xff,0xff,0xff,0xff,0xff,0xff,0xff,0xff,0xff,0xff,0xff,0xff,0xff,0xff,0xff,0xff,0xff,0xff,0xff,0xff,0xff,0xff,0xff,0xff,
  0xff,0xff,0xff,0xff,0xff,0xff,0xff,0xff,0xff,0xff,0xff,0xff,0xff,0xff,0xff,0xff,0xff,0xff,0xff,0xff,0xff,0xff,0xff,0xff,
  0xff,0xff,0xff,0xff,0xff,0xff,0xff,0xff,0xff,0xff,0xff,0xff,0xff,0xff,0xff,0xff,0xff,0xff,0xff,0xff,0xff,0xff,0xff,0xff,
  0xff,0xff,0xff,0xff,0xff,0xff,0xff,0xff,0xff,0xff,0xff,0xff,0xff,0xff,0xff,0xff,0xff,0xff,0xff,0xff,0xff,0xff,0xff,0xff,
  0xff,0xff,0xff,0xff,0xff,0xff,0xff,0xff,0xff,0xff,0xff,0xff,0xff,0xff,0xff,0xff,0xff,0xff,0xff,0xff,0xff,0xff,0xff,0xff,
  0xff,0xff,0xff,0xff,0xff,0xff,0xff,0xff,0xff,0xff,0xff,0xff,0xff,0xff,0xff,0xff,0xff,0xff,0xff,0xff,0xff,0xff,0xff,0xff,
  0xbf,0xef,0xbf,0xef,0x9f,0xef,0xbf,0xef,0xbf,0xef,0xbf,0xef,0xbf,0xef,0xbf,0xef,0xbf,0xef,0xbf,0xef,0xbf,0xef,0xbf,0xef,
  0xbf,0xef,0xbf,0xef,0xbf,0xef,0xbf,0xef,0xbf,0xf7,0xbf,0xf7,0xbf,0xf7,0xbf,0xf7,0xdf,0xf7,0xdf,0xf7,0xdf,0xf7,0xdf,0xf7,
  0xbf,0xf7,0xdf,0xf7,0xdf,0xf7,0xdf,0xf7,0xdf,0xf7,0xdf,0xf7,0xdf,0xf7,0xdf,0xf7,0xdf,0xf7,0xdf,0xff,0xdf,0xff,0xdf,0xff,
  0xdf,0xff,0xff,0xff,0xff,0xff,0xff,0xff,0xff,0xff,0xff,0xff,0xff,0xff,0xff,0xff,0xff,0xff,0xff,0xff,0xff,0xff,0xff,0xff,
  0xff,0xff,0xff,0xff,0xff,0xff,0xff,0xff,0xff,0xff,0xff,0xff,0xff,0xff,0xff,0xff,0xff,0xff,0xff,0xff,0xff,0xff,0xff,0xff,
  0xbf,0xae,0xdf,0xb6,0xff,0xff,0xff,0xff,0xff,0xff,0xff,0xff,0xff,0xff,0xff,0xff,0xff,0xff,0x9f,0xef,0x9f,0xef,0xff,0xff,
  0xdf,0xff,0xdf,0xff,0xdf,0xf7,0xdf,0xf7,0xdf,0xf7,0xdf,0xf7,0xbf,0xf7,0xc8,0x31,0x43,0x00,0xa4,0x08,0xa4,0x00,0xa4,0x00,
  0x84,0x00,0x84,0x00,0x84,0x00,0x84,0x00,0x84,0x00,0x84,0x00,0x63,0x00,0x27,0x11,0xeb,0x21,0xaa,0x19,0xaa,0x19,0xaa,0x19,
  0xaa,0x19,0x89,0x19,0x89,0x19,0x89,0x19,0x08,0x09,0xb7,0xad,0xff,0xff,0xdf,0xff,0xdf,0xff,0xdf,0xff,0xdf,0xf7,0xdf,0xf7,
  0xdf,0xf7,0xdf,0xf7,0xdf,0xf7,0xbf,0xf7,0xbf,0xf7,0xbf,0xf7,0xbf,0xf7,0xbf,0xef,0xbf,0xef,0xbf,0xef,0xbf,0xef,0xbf,0xef,
  0xbf,0xef,0xbf,0xef,0xbf,0xef,0xbf,0xef,0xbf,0xef,0xbf,0xef,0xbf,0xef,0xbf,0xef,0xbf,0xef,0xbf,0xef,0xbf,0xef,0xbf,0xef,
  0xbf,0xf7,0xbf,0xf7,0xbf,0xf7,0xbf,0xf7,0xbf,0xf7,0xbf,0xf7,0xdf,0xf7,0xdf,0xf7,0xdf,0xf7,0xdf,0xf7,0xff,0xff,0x72,0x8c,
  0x6a,0x4a,0xab,0x52,0xab,0x4a,0xab,0x4a,0x8b,0x4a,0xab,0x4a,0x8a,0x4a,0xcd,0x52,0x0e,0x53,0x2e,0x53,0x2f,0x5b,0x2e,0x53,
  0x0e,0x53,0xed,0x52,0xed,0x4a,0xed,0x52,0x0e,0x53,0x8c,0x4a,0xd4,0x94,0xff,0xff,0xdf,0xf7,0xdf,0xf7,0xdf,0xf7,0xdf,0xf7,
  0xdf,0xf7,0xdf,0xf7,0xdf,0xf7,0xdf,0xf7,0xdf,0xff,0xdf,0xff,0xdf,0xff,0xdf,0xff,0xdf,0xff,0xdf,0xff,0xff,0xff,0xff,0xff,
  0xff,0xff,0xff,0xff,0xff,0xff,0xff,0xff,0xff,0xff,0xff,0xff,0x1f,0xc7,0xbf,0xef,0xff,0xff,0xff,0xff,0xff,0xff,0xff,0xff,
  0xff,0xff,0xff,0xff,0x7f,0xe7,0x9f,0xef,0xff,0xff,0xff,0xff,0xff,0xff,0xff,0xff,0xff,0xff,0xff,0xff,0xff,0xff,0xff,0xff,
  0xff,0xff,0xff,0xff,0xff,0xff,0xff,0xff,0xff,0xff,0xff,0xff,0xdf,0xff,0xff,0xff,0xff,0xff,0xff,0xff,0xff,0xff,0xff,0xff,
  0xff,0xff,0xff,0xff,0xff,0xff,0xff,0xff,0xff,0xff,0xff,0xff,0xff,0xff,0xff,0xff,0xff,0xff,0xff,0xff,0xff,0xff,0xff,0xff,
  0xff,0xff,0xff,0xff,0xff,0xff,0xff,0xff,0xff,0xff,0xff,0xff,0xff,0xff,0xff,0xff,0xff,0xff,0xff,0xff,0xff,0xff,0xff,0xff,
  0xff,0xff,0xff,0xff,0xff,0xff,0xff,0xff,0xff,0xff,0xff,0xff,0xff,0xff,0xff,0xff,0xff,0xff,0xff,0xff,0xff,0xff,0xff,0xff,
  0xff,0xff,0xff,0xff,0xff,0xff,0xff,0xff,0xff,0xff,0xff,0xff,0xff,0xff,0xff,0xff,0xff,0xff,0xff,0xff,0xff,0xff,0xff,0xff,
  0xff,0xff,0xff,0xff,0xff,0xff,0xff,0xff,0xff,0xff,0xff,0xff,0xff,0xff,0xff,0xff,0xff,0xff,0xff,0xff,0xff,0xff,0xff,0xff,
  0xff,0xff,0xff,0xff,0xff,0xff,0xff,0xff,0xff,0xff,0xff,0xff,0xff,0xff,0xff,0xff,0xff,0xff,0xff,0xff,0xff,0xff,0xff,0xff,
  0xff,0xff,0xff,0xff,0xff,0xff,0xff,0xff,0xff,0xff,0xff,0xff,0xff,0xff,0xff,0xff,0xff,0xff,0xff,0xff,0xff,0xff,0xff,0xff,
  0xff,0xff,0xff,0xff,0xff,0xff,0xff,0xff,0xff,0xff,0xff,0xff,0xff,0xff,0xff,0xff,0xff,0xff,0xff,0xff,0xff,0xff,0xff,0xff,
  0xff,0xff,0xff,0xff,0xff,0xff,0xff,0xff,0xff,0xff,0xff,0xff,0xff,0xff,0xff,0xff,0xbf,0xef,0xbf,0xef,0xbf,0xef,0xbf,0xef,
  0xbf,0xef,0xbf,0xef,0xbf,0xef,0xbf,0xef,0xbf,0xef,0xbf,0xef,0xbf,0xef,0xbf,0xef,0xbf,0xef,0xbf,0xef,0xbf,0xef,0xbf,0xef,
  0xbf,0xef,0xbf,0xf7,0xbf,0xf7,0xbf,0xf7,0xbf,0xf7,0xbf,0xf7,0xdf,0xf7,0xbf,0xf7,0xdf,0xf7,0xdf,0xf7,0xdf,0xf7,0xdf,0xf7,
  0xdf,0xf7,0xdf,0xf7,0xdf,0xf7,0xdf,0xf7,0xdf,0xf7,0xdf,0xff,0xdf,0xff,0xdf,0xff,0xdf,0xff,0xff,0xff,0xff,0xff,0xff,0xff,
  0xff,0xff,0xff,0xff,0xff,0xff,0xff,0xff,0xff,0xff,0xff,0xff,0xff,0xff,0xff,0xff,0xff,0xff,0xff,0xff,0xff,0xff,0xff,0xff,
  0xff,0xff,0xff,0xff,0xff,0xff,0xff,0xff,0xff,0xff,0xff,0xff,0xff,0xff,0xff,0xff,0x7f,0xdf,0x5f,0x96,0xff,0xff,0xff,0xff,
  0xff,0xff,0xff,0xff,0xff,0xff,0xff,0xff,0xff,0xff,0xdf,0xf7,0x7f,0xdf,0xff,0xff,0xdf,0xff,0xdf,0xf7,0xdf,0xf7,0xdf,0xf7,
  0xdf,0xf7,0xbf,0xf7,0xff,0xff,0x72,0x8c,0x02,0x00,0xa5,0x08,0x84,0x00,0x84,0x00,0x84,0x00,0x84,0x00,0x84,0x00,0x84,0x00,
  0x84,0x00,0x84,0x00,0x84,0x00,0x84,0x08,0xaa,0x19,0xeb,0x21,0xca,0x19,0xaa,0x19,0xaa,0x19,0xaa,0x19,0x89,0x19,0x89,0x19,
  0x48,0x11,0xca,0x21,0x3c,0xe7,0xff,0xff,0xdf,0xf7,0xdf,0xff,0xdf,0xf7,0xdf,0xf7,0xdf,0xf7,0xdf,0xf7,0xdf,0xf7,0xbf,0xf7,
  0xbf,0xf7,0xbf,0xf7,0xbf,0xf7,0xbf,0xf7,0xbf,0xf7,0xbf,0xf7,0xbf,0xef,0xbf,0xef,0xbf,0xef,0xbf,0xef,0xbf,0xef,0xbf,0xef,
  0xbf,0xef,0xbf,0xef,0xbf,0xef,0xbf,0xef,0xbf,0xef,0xbf,0xef,0xbf,0xf7,0xbf,0xf7,0xbf,0xf7,0xbf,0xf7,0xbf,0xf7,0xbf,0xf7,
  0xbf,0xf7,0xdf,0xf7,0xdf,0xf7,0xdf,0xf7,0xbf,0xef,0xff,0xff,0x35,0xa5,0x02,0x00,0x02,0x00,0x01,0x00,0x02,0x00,0x02,0x00,
  0x01,0x00,0x01,0x00,0x01,0x00,0xc6,0x00,0xc6,0x00,0xc6,0x00,0xc6,0x00,0xa6,0x00,0xa6,0x00,0xa6,0x00,0xa5,0x00,0x85,0x00,
  0x85,0x00,0x44,0x00,0x59,0xc6,0xff,0xff,0xdf,0xf7,0xdf,0xf7,0xdf,0xf7,0xdf,0xff,0xdf,0xff,0xdf,0xff,0xdf,0xf7,0xdf,0xf7,
  0xdf,0xff,0xdf,0xff,0xdf,0xff,0xdf,0xff,0xff,0xff,0xdf,0xff,0xff,0xff,0xff,0xff,0xff,0xff,0xff,0xff,0xff,0xff,0xff,0xff,
  0xff,0xff,0xbf,0xef,0xff,0xbe,0xff,0xff,0xff,0xff,0xff,0xff,0xff,0xff,0xff,0xff,0xff,0xff,0xff,0xff,0x5f,0xdf,0xdf,0xf7,
  0xff,0xff,0xff,0xff,0xff,0xff,0xff,0xff,0xff,0xff,0xff,0xff,0xff,0xff,0xff,0xff,0xff,0xff,0xff,0xff,0xff,0xff,0xff,0xff,
  0xff,0xff,0xff,0xff,0xff,0xff,0xff,0xff,0xff,0xff,0xff,0xff,0xff,0xff,0xff,0xff,0xff,0xff,0xff,0xff,0xff,0xff,0xff,0xff,
  0xff,0xff,0xff,0xff,0xff,0xff,0xff,0xff,0xff,0xff,0xff,0xff,0xff,0xff,0xff,0xff,0xff,0xff,0xff,0xff,0xff,0xff,0xff,0xff,
  0xff,0xff,0xff,0xff,0xff,0xff,0xff,0xff,0xff,0xff,0xff,0xff,0xff,0xff,0xff,0xff,0xff,0xff,0xff,0xff,0xff,0xff,0xff,0xff,
  0xff,0xff,0xff,0xff,0xff,0xff,0xff,0xff,0xff,0xff,0xff,0xff,0xff,0xff,0xff,0xff,0xff,0xff,0xff,0xff,0xff,0xff,0xff,0xff,
  0xff,0xff,0xff,0xff,0xff,0xff,0xff,0xff,0xff,0xff,0xff,0xff,0xff,0xff,0xff,0xff,0xff,0xff,0xff,0xff,0xff,0xff,0xff,0xff,
  0xff,0xff,0xff,0xff,0xff,0xff,0xff,0xff,0xff,0xff,0xff,0xff,0xff,0xff,0xff,0xff,0xff,0xff,0xff,0xff,0xff,0xff,0xff,0xff,
  0xff,0xff,0xff,0xff,0xff,0xff,0xff,0xff,0xff,0xff,0xff,0xff,0xff,0xff,0xff,0xff,0xff,0xff,0xff,0xff,0xff,0xff,0xff,0xff,
  0xff,0xff,0xff,0xff,0xff,0xff,0xff,0xff,0xff,0xff,0xff,0xff,0xff,0xff,0xff,0xff,0xff,0xff,0xff,0xff,0xff,0xff,0xff,0xff,
  0xff,0xff,0xff,0xff,0xff,0xff,0xff,0xff,0xff,0xff,0xff,0xff,0xff,0xff,0xff,0xff,0xff,0xff,0xff,0xff,0xff,0xff,0xff,0xff,
  0xff,0xff,0xff,0xff,0xff,0xff,0xff,0xff,0x9f,0xef,0xbf,0xef,0xbf,0xef,0xbf,0xef,0xbf,0xef,0xbf,0xef,0xbf,0xef,0xbf,0xef,
  0xbf,0xef,0xbf,0xef,0xbf,0xef,0xbf,0xef,0xbf,0xef,0xbf,0xef,0xbf,0xef,0xbf,0xef,0xbf,0xef,0xbf,0xef,0xbf,0xef,0xbf,0xf7,
  0xbf,0xf7,0xbf,0xf7,0xbf,0xf7,0xbf,0xf7,0xbf,0xf7,0xdf,0xf7,0xdf,0xf7,0xdf,0xf7,0xdf,0xf7,0xdf,0xf7,0xdf,0xf7,0xdf,0xf7,
  0xdf,0xf7,0xdf,0xf7,0xdf,0xf7,0xdf,0xf7,0xdf,0xff,0xdf,0xff,0xdf,0xff,0xff,0xff,0xff,0xff,0xff,0xff,0xff,0xff,0xff,0xff,
  0xff,0xff,0xff,0xff,0xff,0xff,0xff,0xff,0xff,0xff,0xff,0xff,0xff,0xff,0xff,0xff,0xff,0xff,0xff,0xff,0xff,0xff,0xff,0xff,
  0xff,0xff,0xff,0xff,0xff,0xff,0xff,0xff,0xff,0xff,0x3f,0x8e,0x9f,0xe7,0xff,0xff,0xff,0xff,0xff,0xff,0xff,0xff,0xff,0xff,
  0xff,0xff,0xff,0xff,0x7f,0xe7,0xbf,0xf7,0xff,0xff,0xdf,0xf7,0xdf,0xff,0xdf,0xf7,0xdf,0xf7,0xdf,0xf7,0xff,0xff,0x3d,0xe7,
  0xe5,0x10,0x64,0x00,0x84,0x08,0x84,0x00,0x84,0x00,0x84,0x00,0x84,0x00,0x84,0x00,0x84,0x00,0x84,0x00,0x84,0x00,0x84,0x00,
  0x07,0x11,0xec,0x21,0xcb,0x19,0xaa,0x19,0xaa,0x19,0xaa,0x19,0xaa,0x19,0x89,0x19,0x89,0x19,0x08,0x09,0xad,0x42,0xbf,0xf7,
  0xff,0xff,0xdf,0xf7,0xdf,0xff,0xdf,0xf7,0xdf,0xf7,0xdf,0xf7,0xdf,0xf7,0xdf,0xf7,0xbf,0xf7,0xbf,0xf7,0xbf,0xf7,0xbf,0xf7,
  0xbf,0xf7,0xbf,0xf7,0xbf,0xf7,0xbf,0xf7,0xbf,0xef,0xbf,0xef,0xbf,0xef,0xbf,0xef,0xbf,0xef,0xbf,0xef,0xbf,0xef,0xbf,0xef,
  0xbf,0xf7,0xbf,0xf7,0xbf,0xf7,0xbf,0xf7,0xbf,0xf7,0xbf,0xf7,0xbf,0xf7,0xbf,0xf7,0xdf,0xf7,0xdf,0xf7,0xdf,0xf7,0xbf,0xf7,
  0xff,0xff,0x38,0xc6,0x62,0x08,0x63,0x00,0x84,0x08,0x84,0x00,0x63,0x00,0x63,0x00,0x84,0x00,0x84,0x00,0xe6,0x08,0x69,0x11,
  0x28,0x11,0x27,0x11,0x27,0x11,0x27,0x11,0x27,0x11,0x27,0x11,0x27,0x11,0x27,0x11,0x63,0x00,0x0d,0x5b,0xff,0xff,0xdf,0xf7,
  0xdf,0xff,0xdf,0xff,0xdf,0xff,0xdf,0xf7,0xdf,0xff,0xdf,0xf7,0xdf,0xff,0xdf,0xff,0xdf,0xff,0xdf,0xff,0xdf,0xff,0xdf,0xff,
  0xff,0xff,0xff,0xff,0xff,0xff,0xff,0xff,0xff,0xff,0xff,0xff,0xff,0xff,0xff,0xff,0xff,0xff,0x1f,0xcf,0x5f,0xd7,0xff,0xff,
  0xff,0xff,0xff,0xff,0xff,0xff,0xff,0xff,0xff,0xff,0xdf,0xf7,0x7f,0xdf,0xff,0xff,0xff,0xff,0xff,0xff,0xff,0xff,0xff,0xff,
  0xff,0xff,0xff,0xff,0xff,0xff,0xff,0xff,0xff,0xff,0xff,0xff,0xdf,0xff,0xff,0xff,0xff,0xff,0xff,0xff,0xff,0xff,0xff,0xff,
  0xff,0xff,0xff,0xff,0xff,0xff,0xff,0xff,0xff,0xff,0xff,0xff,0xff,0xff,0xff,0xff,0xff,0xff,0xff,0xff,0xff,0xff,0xff,0xff,
  0xdf,0xff,0xff,0xff,0xff,0xff,0xff,0xff,0xff,0xff,0xff,0xff,0xff,0xff,0xff,0xff,0xff,0xff,0xff,0xff,0xff,0xff,0xff,0xff,
  0xff,0xff,0xff,0xff,0xff,0xff,0xff,0xff,0xff,0xff,0xff,0xff,0xff,0xff,0xff,0xff,0xff,0xff,0xff,0xff,0xff,0xff,0xff,0xff,
  0xff,0xff,0xff,0xff,0xff,0xff,0xff,0xff,0xff,0xff,0xff,0xff,0xff,0xff,0xff,0xff,0xff,0xff,0xff,0xff,0xff,0xff,0xff,0xff,
  0xff,0xff,0xff,0xff,0xff,0xff,0xff,0xff,0xff,0xff,0xff,0xff,0xff,0xff,0xff,0xff,0xff,0xff,0xff,0xff,0xff,0xff,0xff,0xff,
  0xff,0xff,0xff,0xff,0xff,0xff,0xff,0xff,0xff,0xff,0xff,0xff,0xff,0xff,0xff,0xff,0xff,0xff,0xff,0xff,0xff,0xff,0xff,0xff,
  0xff,0xff,0xff,0xff,0xff,0xff,0xff,0xff,0xff,0xff,0xff,0xff,0xff,0xff,0xff,0xff,0xff,0xff,0xff,0xff,0xff,0xff,0xff,0xff,
  0xff,0xff,0xff,0xff,0xff,0xff,0xff,0xff,0xff,0xff,0xff,0xff,0xff,0xff,0xff,0xff,0xff,0xff,0xff,0xff,0xff,0xff,0xff,0xff,
  0xff,0xff,0xff,0xff,0xff,0xff,0xff,0xff,0xff,0xff,0xff,0xff,0xff,0xff,0xff,0xff,0xff,0xff,0xff,0xff,0xff,0xff,0xff,0xff,
  0xbf,0xef,0xbf,0xef,0xbf,0xef,0x9f,0xef,0xbf,0xef,0xbf,0xef,0xbf,0xef,0xbf,0xef,0xbf,0xef,0xbf,0xef,0xbf,0xef,0xbf,0xef,
  0xbf,0xef,0xbf,0xef,0xbf,0xef,0xbf,0xef,0xbf,0xef,0xbf,0xef,0xbf,0xef,0xbf,0xef,0xbf,0xf7,0xbf,0xf7,0xbf,0xf7,0xbf,0xf7,
  0xbf,0xf7,0xdf,0xf7,0xdf,0xf7,0xdf,0xf7,0xdf,0xf7,0xdf,0xf7,0xdf,0xf7,0xdf,0xf7,0xdf,0xf7,0xdf,0xf7,0xdf,0xf7,0xdf,0xf7,
  0xdf,0xff,0xdf,0xff,0xdf,0xff,0xff,0xff,0xdf,0xff,0xff,0xff,0xff,0xff,0xff,0xff,0xff,0xff,0xff,0xff,0xff,0xff,0xff,0xff,
  0xff,0xff,0xff,0xff,0xff,0xff,0xff,0xff,0xff,0xff,0xff,0xff,0xff,0xff,0xff,0xff,0xff,0xff,0xff,0xff,0xff,0xff,0xff,0xff,
  0xff,0xff,0xbf,0xae,0xdf,0xb6,0xff,0xff,0xff,0xff,0xff,0xff,0xff,0xff,0xff,0xff,0xff,0xff,0xff,0xff,0xbf,0xef,0x7f,0xe7,
  0xff,0xff,0xdf,0xf7,0xdf,0xf7,0xdf,0xf7,0xdf,0xf7,0xdf,0xf7,0xbf,0xf7,0xff,0xff,0x8f,0x73,0x02,0x00,0xa5,0x08,0x84,0x00,
  0x84,0x00,0x84,0x00,0x84,0x00,0x84,0x00,0x84,0x00,0x84,0x00,0x84,0x00,0xa4,0x00,0x64,0x00,0x69,0x19,0xeb,0x21,0xca,0x19,
  0xaa,0x19,0xaa,0x19,0xaa,0x19,0x8a,0x19,0x89,0x19,0x89,0x19,0xe7,0x00,0x6f,0x63,0xff,0xff,0xff,0xff,0xdf,0xf7,0xdf,0xff,
  0xdf,0xf7,0xdf,0xf7,0xdf,0xf7,0xdf,0xf7,0xdf,0xf7,0xdf,0xf7,0xbf,0xf7,0xbf,0xf7,0xbf,0xf7,0xbf,0xf7,0xbf,0xf7,0xbf,0xf7,
  0xbf,0xf7,0xbf,0xf7,0xbf,0xf7,0xbf,0xf7,0xbf,0xf7,0xbf,0xef,0xbf,0xef,0xbf,0xef,0xbf,0xf7,0xbf,0xf7,0xbf,0xf7,0xbf,0xf7,
  0xbf,0xf7,0xbf,0xf7,0xbf,0xf7,0xdf,0xf7,0xdf,0xf7,0xdf,0xf7,0xbf,0xf7,0xff,0xff,0x79,0xce,0xc5,0x10,0x43,0x00,0x83,0x00,
  0x63,0x00,0x63,0x00,0x63,0x00,0x63,0x00,0x63,0x00,0x63,0x00,0x07,0x11,0x27,0x11,0x07,0x11,0x07,0x09,0x07,0x09,0x06,0x09,
  0x06,0x09,0xe6,0x08,0x06,0x09,0x07,0x09,0xa5,0x08,0x7a,0xce,0xff,0xff,0xdf,0xf7,0xff,0xff,0xdf,0xff,0xdf,0xff,0xdf,0xf7,
  0xdf,0xf7,0xdf,0xf7,0xdf,0xff,0xdf,0xff,0xff,0xff,0xdf,0xff,0xdf,0xff,0xff,0xff,0xdf,0xff,0xff,0xff,0xff,0xff,0xff,0xff,
  0xff,0xff,0xff,0xff,0xff,0xff,0xff,0xff,0xdf,0xff,0xdf,0xb6,0xdf,0xf7,0xff,0xff,0xff,0xff,0xff,0xff,0xff,0xff,0xff,0xff,
  0xff,0xff,0x7f,0xe7,0x9f,0xef,0xff,0xff,0xff,0xff,0xff,0xff,0xff,0xff,0xff,0xff,0xff,0xff,0xff,0xff,0xff,0xff,0xff,0xff,
  0xff,0xff,0xff,0xff,0xdf,0xff,0xff,0xff,0xff,0xff,0xff,0xff,0xff,0xff,0xff,0xff,0xff,0xff,0xff,0xff,0xff,0xff,0xff,0xff,
  0xff,0xff,0xff,0xff,0xff,0xff,0xff,0xff,0xff,0xff,0xff,0xff,0xff,0xff,0xff,0xff,0xff,0xff,0xff,0xff,0xff,0xff,0xff,0xff,
  0xff,0xff,0xff,0xff,0xff,0xff,0xff,0xff,0xff,0xff,0xff,0xff,0xff,0xff,0xff,0xff,0xff,0xff,0xff,0xff,0xff,0xff,0xff,0xff,
  0xff,0xff,0xff,0xff,0xff,0xff,0xff,0xff,0xff,0xff,0xff,0xff,0xff,0xff,0xff,0xff,0xff,0xff,0xff,0xff,0xff,0xff,0xff,0xff,
  0xff,0xff,0xff,0xff,0xff,0xff,0xff,0xff,0xff,0xff,0xff,0xff,0xff,0xff,0xff,0xff,0xff,0xff,0xff,0xff,0xff,0xff,0xff,0xff,
  0xff,0xff,0xff,0xff,0xff,0xff,0xff,0xff,0xff,0xff,0xff,0xff,0xff,0xff,0xff,0xff,0xff,0xff,0xff,0xff,0xff,0xff,0xff,0xff,
  0xff,0xff,0xff,0xff,0xff,0xff,0xff,0xff,0xff,0xff,0xff,0xff,0xff,0xff,0xff,0xff,0xff,0xff,0xff,0xff,0xff,0xff,0xff,0xff,
  0xff,0xff,0xff,0xff,0xff,0xff,0xff,0xff,0xff,0xff,0xff,0xff,0xff,0xff,0xff,0xff,0xff,0xff,0xff,0xff,0xff,0xff,0xff,0xff,
  0xff,0xff,0xff,0xff,0xff,0xff,0xff,0xff,0xff,0xff,0xff,0xff,0xff,0xff,0xff,0xff,0xff,0xff,0xff,0xff,0xff,0xff,0xff,0xff,
  0xff,0xff,0xff,0xff,0xff,0xff,0xff,0xff,0xff,0xff,0xff,0xff,0xff,0xff,0xff,0xff,0xbf,0xef,0x9f,0xef,0x9f,0xef,0xbf,0xef,
  0xbf,0xef,0xbf,0xef,0xbf,0xef,0xbf,0xef,0xbf,0xef,0xbf,0xef,0xbf,0xef,0xbf,0xef,0xbf,0xef,0xbf,0xef,0xbf,0xef,0xbf,0xef,
  0xbf,0xef,0xbf,0xef,0xbf,0xef,0xbf,0xef,0xbf,0xef,0xbf,0xf7,0xbf,0xf7,0xbf,0xf7,0xbf,0xf7,0xbf,0xf7,0xbf,0xf7,0xdf,0xf7,
  0xdf,0xf7,0xdf,0xf7,0xdf,0xf7,0xdf,0xf7,0xdf,0xf7,0xdf,0xf7,0xdf,0xf7,0xdf,0xf7,0xdf,0xff,0xdf,0xff,0xdf,0xff,0xdf,0xff,
  0xdf,0xff,0xdf,0xff,0xff,0xff,0xff,0xff,0xff,0xff,0xff,0xff,0xff,0xff,0xff,0xff,0xff,0xff,0xff,0xff,0xff,0xff,0xff,0xff,
  0xff,0xff,0xff,0xff,0xff,0xff,0xff,0xff,0xff,0xff,0xff,0xff,0xff,0xff,0xff,0xff,0xff,0xff,0x9f,0xe7,0x5f,0x96,0xdf,0xff,
  0xff,0xff,0xff,0xff,0xff,0xff,0xff,0xff,0xff,0xff,0xff,0xff,0xff,0xff,0x7f,0xdf,0xdf,0xf7,0xdf,0xff,0xdf,0xf7,0xdf,0xf7,
  0xdf,0xf7,0xdf,0xf7,0xdf,0xf7,0xff,0xff,0xdb,0xd6,0xa4,0x08,0x84,0x00,0xa4,0x00,0x84,0x00,0x84,0x00,0x84,0x00,0x84,0x00,
  0x84,0x00,0x84,0x00,0x84,0x00,0x84,0x00,0x84,0x00,0xa4,0x08,0xcb,0x21,0xeb,0x21,0xcb,0x19,0xaa,0x19,0xaa,0x19,0xaa,0x19,
  0x89,0x19,0x89,0x19,0x89,0x19,0xe7,0x00,0xb1,0x6b,0xff,0xff,0xff,0xff,0xdf,0xf7,0xff,0xff,0xdf,0xf7,0xdf,0xf7,0xdf,0xf7,
  0xdf,0xf7,0xdf,0xf7,0xdf,0xf7,0xbf,0xf7,0xbf,0xf7,0xdf,0xf7,0xbf,0xf7,0xbf,0xf7,0xbf,0xf7,0xbf,0xf7,0xbf,0xf7,0xbf,0xf7,
  0xbf,0xf7,0xbf,0xf7,0xbf,0xf7,0xbf,0xf7,0xbf,0xf7,0xbf,0xf7,0xbf,0xf7,0xbf,0xf7,0xbf,0xf7,0xdf,0xf7,0xdf,0xf7,0xdf,0xf7,
  0xdf,0xf7,0xbf,0xf7,0xff,0xff,0x38,0xc6,0xc5,0x18,0x44,0x00,0xa4,0x08,0x84,0x00,0x84,0x00,0x84,0x00,0x84,0x00,0x63,0x00,
  0x63,0x00,0x63,0x00,0xc5,0x08,0x07,0x11,0x07,0x09,0x07,0x09,0x06,0x09,0xe6,0x08,0xe6,0x08,0xe6,0x08,0x06,0x09,0x65,0x00,
  0xd0,0x6b,0xff,0xff,0xdf,0xf7,0xdf,0xf7,0xdf,0xf7,0xdf,0xff,0xdf,0xf7,0xdf,0xf7,0xdf,0xf7,0xdf,0xf7,0xdf,0xf7,0xdf,0xff,
  0xdf,0xff,0xff,0xff,0xdf,0xff,0xdf,0xff,0xdf,0xff,0xff,0xff,0xff,0xff,0xff,0xff,0xff,0xff,0xff,0xff,0xff,0xff,0xff,0xff,
  0x5f,0xd7,0x1f,0xc7,0xff,0xff,0xff,0xff,0xff,0xff,0xff,0xff,0xff,0xff,0xff,0xff,0xff,0xff,0x3f,0xd7,0xdf,0xff,0xff,0xff,
  0xff,0xff,0xff,0xff,0xff,0xff,0xff,0xff,0xff,0xff,0xff,0xff,0xff,0xff,0xff,0xff,0xff,0xff,0xff,0xff,0xdf,0xff,0xff,0xff,
  0xff,0xff,0xff,0xff,0xff,0xff,0xff,0xff,0xff,0xff,0xff,0xff,0xff,0xff,0xff,0xff,0xff,0xff,0xff,0xff,0xff,0xff,0xff,0xff,
  0xff,0xff,0xff,0xff,0xff,0xff,0xff,0xff,0xff,0xff,0xff,0xff,0xff,0xff,0xff,0xff,0xff,0xff,0xff,0xff,0xff,0xff,0xff,0xff,
  0xff,0xff,0xff,0xff,0xff,0xff,0xff,0xff,0xff,0xff,0xff,0xff,0xff,0xff,0xff,0xff,0xff,0xff,0xff,0xff,0xff,0xff,0xff,0xff,
  0xff,0xff,0xff,0xff,0xff,0xff,0xff,0xff,0xff,0xff,0xff,0xff,0xff,0xff,0xff,0xff,0xff,0xff,0xff,0xff,0xff,0xff,0xff,0xff,
  0xff,0xff,0xff,0xff,0xff,0xff,0xff,0xff,0xff,0xff,0xff,0xff,0xff,0xff,0xff,0xff,0xff,0xff,0xff,0xff,0xff,0xff,0xff,0xff,
  0xff,0xff,0xff,0xff,0xff,0xff,0xff,0xff,0xff,0xff,0xff,0xff,0xff,0xff,0xff,0xff,0xff,0xff,0xff,0xff,0xff,0xff,0xff,0xff,
  0xff,0xff,0xff,0xff,0xff,0xff,0xff,0xff,0xff,0xff,0xff,0xff,0xff,0xff,0xff,0xff,0xff,0xff,0xff,0xff,0xff,0xff,0xff,0xff,
  0xff,0xff,0xff,0xff,0xff,0xff,0xff,0xff,0xff,0xff,0xff,0xff,0xff,0xff,0xff,0xff,0xff,0xff,0xff,0xff,0xff,0xff,0xff,0xff,
  0xff,0xff,0xff,0xff,0xff,0xff,0xff,0xff,0xff,0xff,0xff,0xff,0xff,0xff,0xff,0xff,0xff,0xff,0xff,0xff,0xff,0xff,0xff,0xff,
  0xff,0xff,0xff,0xff,0xff,0xff,0xff,0xff,0x9f,0xef,0x9f,0xef,0x9f,0xef,0x9f,0xef,0x9f,0xef,0xbf,0xef,0xbf,0xef,0xbf,0xef,
  0xbf,0xef,0xbf,0xef,0xbf,0xef,0xbf,0xef,0xbf,0xef,0xbf,0xef,0xbf,0xef,0xbf,0xef,0xbf,0xef,0xbf,0xef,0xbf,0xef,0xbf,0xef,
  0xbf,0xef,0xbf,0xef,0xbf,0xef,0xbf,0xf7,0xbf,0xf7,0xbf,0xf7,0xbf,0xf7,0xdf,0xf7,0xdf,0xf7,0xdf,0xf7,0xdf,0xf7,0xdf,0xf7,
  0xdf,0xf7,0xdf,0xf7,0xdf,0xf7,0xdf,0xf7,0xdf,0xf7,0xdf,0xff,0xdf,0xff,0xdf,0xff,0xdf,0xff,0xdf,0xff,0xff,0xff,0xff,0xff,
  0xff,0xff,0xff,0xff,0xff,0xff,0xff,0xff,0xff,0xff,0xff,0xff,0xff,0xff,0xff,0xff,0xff,0xff,0xff,0xff,0xff,0xff,0xff,0xff,
  0xff,0xff,0xff,0xff,0xff,0xff,0xff,0xff,0xff,0xff,0xff,0xff,0x7f,0x96,0x3f,0xcf,0xff,0xff,0xff,0xff,0xff,0xff,0xff,0xff,
  0xff,0xff,0xff,0xff,0xff,0xff,0x9f,0xef,0x9f,0xe7,0xff,0xff,0xdf,0xf7,0xdf,0xf7,0xdf,0xf7,0xdf,0xf7,0xdf,0xf7,0xbf,0xef,
  0xff,0xff,0xb0,0x73,0x02,0x00,0xc5,0x08,0x84,0x00,0x84,0x00,0x84,0x00,0x84,0x00,0x84,0x00,0x84,0x00,0x84,0x00,0x84,0x00,
  0xa4,0x00,0x84,0x00,0x06,0x11,0x0c,0x22,0xcb,0x21,0xca,0x19,0xaa,0x19,0xaa,0x19,0xaa,0x19,0x89,0x19,0x89,0x19,0x89,0x19,
  0xe7,0x00,0x4f,0x5b,0xbe,0xf7,0xff,0xff,0xdf,0xf7,0xdf,0xff,0xdf,0xf7,0xdf,0xf7,0xdf,0xf7,0xdf,0xf7,0xdf,0xf7,0xdf,0xf7,
  0xbf,0xf7,0xbf,0xf7,0xbf,0xf7,0xbf,0xf7,0xbf,0xf7,0xbf,0xf7,0xbf,0xf7,0xbf,0xf7,0xbf,0xf7,0xbf,0xf7,0xbf,0xf7,0xbf,0xf7,
  0xbf,0xf7,0xbf,0xf7,0xbf,0xf7,0xdf,0xf7,0xdf,0xf7,0xdf,0xf7,0xdf,0xf7,0xbf,0xf7,0xdf,0xf7,0xff,0xff,0x55,0xad,0x84,0x08,
  0x43,0x00,0xa4,0x08,0x84,0x00,0x84,0x00,0x84,0x00,0x84,0x00,0x84,0x00,0x84,0x00,0x63,0x00,0x43,0x00,0x63,0x00,0x07,0x09,
  0x06,0x09,0x06,0x09,0xe6,0x08,0xe6,0x08,0xe6,0x08,0xc6,0x08,0x84,0x00,0x26,0x19,0x5d,0xef,0xff,0xff,0xdf,0xf7,0xdf,0xf7,
  0xdf,0xf7,0xdf,0xf7,0xdf,0xf7,0xdf,0xf7,0xdf,0xf7,0xdf,0xf7,0xdf,0xff,0xdf,0xff,0xdf,0xff,0xdf,0xff,0xdf,0xff,0xdf,0xff,
  0xff,0xff,0xff,0xff,0xff,0xff,0xff,0xff,0xff,0xff,0xff,0xff,0xff,0xff,0xff,0xff,0xdf,0xbe,0xbf,0xef,0xff,0xff,0xff,0xff,
  0xff,0xff,0xff,0xff,0xff,0xff,0xff,0xff,0x9f,0xef,0x5f,0xdf,0xff,0xff,0xff,0xff,0xff,0xff,0xff,0xff,0xff,0xff,0xff,0xff,
  0xff,0xff,0xff,0xff,0xff,0xff,0xff,0xff,0xdf,0xff,0xff,0xff,0xff,0xff,0xff,0xff,0xff,0xff,0xff,0xff,0xff,0xff,0xff,0xff,
  0xff,0xff,0xff,0xff,0xff,0xff,0xff,0xff,0xdf,0xff,0xff,0xff,0xff,0xff,0xff,0xff,0xff,0xff,0xff,0xff,0xff,0xff,0xff,0xff,
  0xff,0xff,0xff,0xff,0xff,0xff,0xff,0xff,0xff,0xff,0xff,0xff,0xff,0xff,0xff,0xff,0xff,0xff,0xff,0xff,0xff,0xff,0xff,0xff,
  0xff,0xff,0xff,0xff,0xff,0xff,0xff,0xff,0xff,0xff,0xff,0xff,0xff,0xff,0xff,0xff,0xff,0xff,0xff,0xff,0xff,0xff,0xff,0xff,
  0xff,0xff,0xff,0xff,0xff,0xff,0xff,0xff,0xff,0xff,0xff,0xff,0xff,0xff,0xff,0xff,0xff,0xff,0xff,0xff,0xff,0xff,0xff,0xff,
  0xff,0xff,0xff,0xff,0xff,0xff,0xff,0xff,0xff,0xff,0xff,0xff,0xff,0xff,0xff,0xff,0xff,0xff,0xff,0xff,0xff,0xff,0xff,0xff,
  0xff,0xff,0xff,0xff,0xff,0xff,0xff,0xff,0xff,0xff,0xff,0xff,0xff,0xff,0xff,0xff,0xff,0xff,0xff,0xff,0xff,0xff,0xff,0xff,
  0xff,0xff,0xff,0xff,0xff,0xff,0xff,0xff,0xff,0xff,0xff,0xff,0xff,0xff,0xff,0xff,0xff,0xff,0xff,0xff,0xff,0xff,0xff,0xff,
  0xff,0xff,0xff,0xff,0xff,0xff,0xff,0xff,0xff,0xff,0xff,0xff,0xff,0xff,0xff,0xff,0xff,0xff,0xff,0xff,0xff,0xff,0xff,0xff,
  0xff,0xff,0xff,0xff,0xff,0xff,0xff,0xff,0xff,0xff,0xff,0xff,0xff,0xff,0xff,0xff,0xff,0xff,0xff,0xff,0xff,0xff,0xff,0xff,
  0x9f,0xef,0x9f,0xef,0x9f,0xef,0x9f,0xef,0x9f,0xef,0xbf,0xef,0xbf,0xef,0xbf,0xef,0xbf,0xef,0xbf,0xef,0xbf,0xef,0xbf,0xef,
  0xbf,0xef,0xbf,0xef,0xbf,0xef,0xbf,0xef,0xbf,0xef,0xbf,0xef,0xbf,0xef,0xbf,0xef,0xbf,0xef,0xbf,0xef,0xbf,0xef,0xbf,0xef,
  0xbf,0xf7,0xbf,0xf7,0xbf,0xf7,0xbf,0xf7,0xbf,0xf7,0xdf,0xf7,0xbf,0xf7,0xdf,0xf7,0xdf,0xf7,0xdf,0xf7,0xdf,0xf7,0xdf,0xf7,
  0xdf,0xf7,0xdf,0xf7,0xdf,0xf7,0xdf,0xff,0xdf,0xff,0xdf,0xff,0xdf,0xff,0xdf,0xff,0xff,0xff,0xff,0xff,0xff,0xff,0xff,0xff,
  0xff,0xff,0xff,0xff,0xff,0xff,0xff,0xff,0xff,0xff,0xff,0xff,0xff,0xff,0xff,0xff,0xff,0xff,0xff,0xff,0xff,0xff,0xff,0xff,
  0xff,0xff,0xff,0xff,0x3f,0xcf,0x7f,0x9e,0xff,0xff,0xff,0xff,0xff,0xff,0xff,0xff,0xff,0xff,0xff,0xff,0xff,0xff,0xdf,0xff,
  0x5f,0xdf,0xdf,0xf7,0xdf,0xff,0xdf,0xf7,0xdf,0xf7,0xdf,0xf7,0xdf,0xf7,0xbf,0xf7,0xdf,0xff,0x5d,0xe7,0x26,0x19,0x84,0x00,
  0xa4,0x08,0x84,0x00,0x84,0x00,0x84,0x00,0x84,0x00,0x84,0x00,0x84,0x00,0xa4,0x00,0x84,0x00,0xa4,0x00,0x83,0x00,0x47,0x11,
  0xeb,0x21,0xca,0x19,0xca,0x19,0xaa,0x19,0xaa,0x19,0xaa,0x19,0x89,0x19,0x69,0x19,0x89,0x19,0xe7,0x08,0x6c,0x42,0xbb,0xd6,
  0xff,0xff,0xff,0xff,0xdf,0xf7,0xdf,0xf7,0xdf,0xf7,0xdf,0xf7,0xdf,0xf7,0xdf,0xf7,0xdf,0xf7,0xdf,0xf7,0xdf,0xf7,0xdf,0xf7,
  0xdf,0xf7,0xdf,0xf7,0xbf,0xf7,0xbf,0xf7,0xdf,0xf7,0xbf,0xf7,0xbf,0xf7,0xdf,0xf7,0xdf,0xf7,0xdf,0xf7,0xdf,0xf7,0xdf,0xf7,
  0xdf,0xf7,0xdf,0xf7,0xdf,0xf7,0xff,0xff,0xbf,0xf7,0xd0,0x7b,0x43,0x00,0x84,0x00,0xa5,0x08,0x84,0x00,0x84,0x00,0x84,0x00,
  0x84,0x00,0x84,0x00,0x84,0x00,0x84,0x00,0x63,0x00,0x43,0x00,0x42,0x00,0xc6,0x08,0xe6,0x08,0xe6,0x08,0xe6,0x08,0xe6,0x08,
  0xc6,0x08,0xe6,0x08,0x02,0x00,0xf4,0x9c,0xff,0xff,0xdf,0xf7,0xdf,0xff,0xdf,0xf7,0xdf,0xf7,0xdf,0xf7,0xdf,0xf7,0xdf,0xf7,
  0xdf,0xff,0xdf,0xff,0xdf,0xff,0xdf,0xff,0xdf,0xff,0xdf,0xff,0xdf,0xff,0xdf,0xff,0xff,0xff,0xff,0xff,0xff,0xff,0xff,0xff,
  0xff,0xff,0xff,0xff,0xff,0xff,0x7f,0xdf,0x1f,0xc7,0xff,0xff,0xff,0xff,0xff,0xff,0xff,0xff,0xff,0xff,0xff,0xff,0xff,0xff,
  0x5f,0xd7,0xbf,0xf7,0xff,0xff,0xff,0xff,0xff,0xff,0xff,0xff,0xff,0xff,0xff,0xff,0xff,0xff,0xff,0xff,0xff,0xff,0xff,0xff,
  0xff,0xff,0xff,0xff,0xff,0xff,0xff,0xff,0xff,0xff,0xff,0xff,0xff,0xff,0xff,0xff,0xff,0xff,0xff,0xff,0xff,0xff,0xff,0xff,
  0xff,0xff,0xff,0xff,0xff,0xff,0xff,0xff,0xff,0xff,0xff,0xff,0xff,0xff,0xff,0xff,0xff,0xff,0xff,0xff,0xff,0xff,0xff,0xff,
  0xff,0xff,0xff,0xff,0xff,0xff,0xff,0xff,0xff,0xff,0xff,0xff,0xff,0xff,0xff,0xff,0xff,0xff,0xff,0xff,0xff,0xff,0xff,0xff,
  0xff,0xff,0xff,0xff,0xff,0xff,0xff,0xff,0xff,0xff,0xff,0xff,0xff,0xff,0xff,0xff,0xff,0xff,0xff,0xff,0xff,0xff,0xff,0xff,
  0xff,0xff,0xff,0xff,0xff,0xff,0xff,0xff,0xff,0xff,0xff,0xff,0xff,0xff,0xff,0xff,0xff,0xff,0xff,0xff,0xff,0xff,0xff,0xff,
  0xff,0xff,0xff,0xff,0xff,0xff,0xff,0xff,0xff,0xff,0xff,0xff,0xff,0xff,0xff,0xff,0xff,0xff,0xff,0xff,0xff,0xff,0xff,0xff,
  0xff,0xff,0xff,0xff,0xff,0xff,0xff,0xff,0xff,0xff,0xff,0xff,0xff,0xff,0xff,0xff,0xff,0xff,0xff,0xff,0xff,0xff,0xff,0xff,
  0xff,0xff,0xff,0xff,0xff,0xff,0xff,0xff,0xff,0xff,0xff,0xff,0xff,0xff,0xff,0xff,0xff,0xff,0xff,0xff,0xff,0xff,0xff,0xff,
  0xff,0xff,0xff,0xff,0xff,0xff,0xff,0xff,0xff,0xff,0xff,0xff,0xff,0xff,0xff,0xff,0xff,0xff,0xff,0xff,0xff,0xff,0xff,0xff,
  0xff,0xff,0xff,0xff,0xff,0xff,0xff,0xff,0xff,0xff,0xff,0xff,0xff,0xff,0xff,0xff,0x9f,0xef,0x9f,0xef,0x9f,0xef,0xbf,0xef,
  0x9f,0xef,0xbf,0xef,0xbf,0xef,0xbf,0xef,0xbf,0xef,0xbf,0xef,0xbf,0xef,0xbf,0xef,0xbf,0xef,0xbf,0xef,0xbf,0xef,0xbf,0xef,
  0xbf,0xef,0xbf,0xef,0xbf,0xef,0xbf,0xef,0xbf,0xef,0xbf,0xef,0xbf,0xef,0xbf,0xef,0xbf,0xef,0xbf,0xef,0xbf,0xf7,0xbf,0xef,
  0xbf,0xf7,0xbf,0xf7,0xbf,0xf7,0xbf,0xf7,0xdf,0xf7,0xdf,0xf7,0xdf,0xf7,0xdf,0xf7,0xdf,0xf7,0xdf,0xf7,0xdf,0xf7,0xdf,0xf7,
  0xdf,0xf7,0xdf,0xff,0xdf,0xff,0xdf,0xff,0xdf,0xff,0xdf,0xff,0xff,0xff,0xff,0xff,0xff,0xff,0xff,0xff,0xff,0xff,0xff,0xff,
  0xff,0xff,0xff,0xff,0xff,0xff,0xff,0xff,0xff,0xff,0xff,0xff,0xff,0xff,0xff,0xff,0xff,0xff,0xff,0xff,0xff,0xff,0x5f,0x96,
  0x9f,0xe7,0xff,0xff,0xff,0xff,0xff,0xff,0xff,0xff,0xff,0xff,0xff,0xff,0xff,0xff,0x9f,0xef,0x9f,0xe7,0xff,0xff,0xdf,0xf7,
  0xdf,0xf7,0xdf,0xf7,0xdf,0xf7,0xdf,0xf7,0xbf,0xf7,0xff,0xff,0xd4,0x94,0x02,0x00,0xa4,0x08,0x84,0x00,0x84,0x00,0x84,0x00,
  0x84,0x00,0xa4,0x00,0x84,0x00,0xa4,0x00,0x84,0x00,0x84,0x00,0x84,0x08,0x84,0x00,0x89,0x19,0x0c,0x22,0xca,0x21,0xca,0x19,
  0xaa,0x19,0xaa,0x19,0x89,0x19,0x89,0x19,0x89,0x19,0x89,0x19,0x08,0x09,0x48,0x19,0xb4,0x94,0xdf,0xff,0xff,0xff,0xff,0xff,
  0xdf,0xf7,0xdf,0xf7,0xdf,0xf7,0xdf,0xf7,0xdf,0xf7,0xdf,0xf7,0xdf,0xf7,0xdf,0xf7,0xdf,0xf7,0xdf,0xf7,0xdf,0xf7,0xdf,0xf7,
  0xdf,0xf7,0xdf,0xf7,0xdf,0xf7,0xdf,0xf7,0xdf,0xf7,0xdf,0xf7,0xdf,0xf7,0xbf,0xf7,0xdf,0xf7,0xff,0xff,0xff,0xff,0xf8,0xbd,
  0xe9,0x31,0x23,0x00,0xc5,0x08,0xa5,0x08,0xa5,0x08,0xa5,0x08,0xa4,0x00,0xa4,0x00,0xa4,0x00,0xa4,0x00,0x84,0x00,0x84,0x00,
  0x63,0x00,0x63,0x00,0x42,0x00,0xa4,0x08,0xe6,0x08,0xe6,0x08,0xc6,0x08,0xc5,0x08,0xe6,0x08,0x44,0x00,0x8c,0x4a,0xff,0xff,
  0xdf,0xf7,0xdf,0xf7,0xdf,0xff,0xdf,0xf7,0xdf,0xf7,0xdf,0xf7,0xdf,0xf7,0xdf,0xf7,0xdf,0xf7,0xdf,0xf7,0xdf,0xff,0xdf,0xff,
  0xdf,0xff,0xdf,0xff,0xdf,0xff,0xff,0xff,0xff,0xff,0xff,0xff,0xff,0xff,0xff,0xff,0xff,0xff,0xff,0xff,0xff,0xff,0xdf,0xb6,
  0xbf,0xf7,0xff,0xff,0xff,0xff,0xff,0xff,0xff,0xff,0xff,0xff,0xff,0xff,0xdf,0xf7,0x5f,0xd7,0xff,0xff,0xff,0xff,0xff,0xff,
  0xff,0xff,0xff,0xff,0xff,0xff,0xff,0xff,0xff,0xff,0xff,0xff,0xff,0xff,0xff,0xff,0xff,0xff,0xff,0xff,0xdf,0xff,0xdf,0xff,
  0xff,0xff,0xdf,0xff,0xff,0xff,0xff,0xff,0xff,0xff,0xff,0xff,0xff,0xff,0xff,0xff,0xff,0xff,0xff,0xff,0xff,0xff,0xdf,0xff,
  0xff,0xff,0xff,0xff,0xff,0xff,0xff,0xff,0xff,0xff,0xff,0xff,0xff,0xff,0xff,0xff,0xff,0xff,0xff,0xff,0xff,0xff,0xff,0xff,
  0xff,0xff,0xff,0xff,0xff,0xff,0xff,0xff,0xff,0xff,0xff,0xff,0xff,0xff,0xff,0xff,0xff,0xff,0xff,0xff,0xff,0xff,0xff,0xff,
  0xff,0xff,0xff,0xff,0xff,0xff,0xff,0xff,0xff,0xff,0xff,0xff,0xff,0xff,0xff,0xff,0xff,0xff,0xff,0xff,0xff,0xff,0xff,0xff,
  0xff,0xff,0xff,0xff,0xff,0xff,0xff,0xff,0xff,0xff,0xff,0xff,0xff,0xff,0xff,0xff,0xff,0xff,0xff,0xff,0xff,0xff,0xff,0xff,
  0xff,0xff,0xff,0xff,0xff,0xff,0xff,0xff,0xff,0xff,0xff,0xff,0xff,0xff,0xff,0xff,0xff,0xff,0xff,0xff,0xff,0xff,0xff,0xff,
  0xff,0xff,0xff,0xff,0xff,0xff,0xff,0xff,0xff,0xff,0xff,0xff,0xff,0xff,0xff,0xff,0xff,0xff,0xff,0xff,0xff,0xff,0xff,0xff,
  0xff,0xff,0xff,0xff,0xff,0xff,0xff,0xff,0xff,0xff,0xff,0xff,0xff,0xff,0xff,0xff,0xff,0xff,0xff,0xff,0xff,0xff,0xff,0xff,
  0xff,0xff,0xff,0xff,0xff,0xff,0xff,0xff,0xff,0xff,0xff,0xff,0xff,0xff,0xff,0xff,0xff,0xff,0xff,0xff,0xff,0xff,0xff,0xff,
  0xff,0xff,0xff,0xff,0xff,0xff,0xff,0xff,0x9f,0xef,0x9f,0xef,0x9f,0xef,0xbf,0xef,0xbf,0xef,0x9f,0xef,0xbf,0xef,0xbf,0xef,
  0xbf,0xef,0xbf,0xef,0xbf,0xef,0xbf,0xef,0xbf,0xef,0xbf,0xef,0xbf,0xef,0xbf,0xef,0xbf,0xef,0xbf,0xef,0xbf,0xef,0xbf,0xef,
  0xbf,0xef,0xbf,0xef,0xbf,0xef,0xbf,0xef,0xbf,0xef,0xbf,0xef,0xbf,0xef,0xbf,0xef,0xbf,0xf7,0xbf,0xf7,0xbf,0xf7,0xbf,0xf7,
  0xdf,0xf7,0xdf,0xf7,0xdf,0xf7,0xdf,0xf7,0xdf,0xf7,0xdf,0xf7,0xdf,0xf7,0xdf,0xf7,0xdf,0xf7,0xdf,0xf7,0xdf,0xf7,0xdf,0xff,
  0xdf,0xff,0xdf,0xff,0xdf,0xff,0xff,0xff,0xff,0xff,0xff,0xff,0xff,0xff,0xff,0xff,0xff,0xff,0xff,0xff,0xff,0xff,0xff,0xff,
  0xff,0xff,0xff,0xff,0xff,0xff,0xff,0xff,0xff,0xff,0xff,0xff,0xff,0xff,0xff,0xbe,0x9f,0xa6,0xff,0xff,0xff,0xff,0xff,0xff,
  0xff,0xff,0xff,0xff,0xff,0xff,0xff,0xff,0xff,0xff,0x7f,0xdf,0xdf,0xf7,0xdf,0xff,0xdf,0xf7,0xdf,0xf7,0xdf,0xf7,0xdf,0xf7,
  0xdf,0xf7,0xdf,0xf7,0xdf,0xff,0x09,0x3a,0x22,0x00,0xa4,0x08,0x84,0x00,0x84,0x00,0x84,0x00,0x84,0x00,0x84,0x00,0xa4,0x00,
  0x84,0x00,0x84,0x00,0xa4,0x00,0x84,0x00,0x84,0x00,0x8a,0x19,0xeb,0x21,0xaa,0x19,0xaa,0x19,0xaa,0x19,0xaa,0x19,0x89,0x19,
  0x89,0x19,0x69,0x19,0x89,0x19,0x48,0x11,0xe7,0x00,0x6c,0x3a,0x97,0xad,0xdf,0xff,0xff,0xff,0xff,0xff,0xdf,0xf7,0xdf,0xf7,
  0xdf,0xf7,0xdf,0xf7,0xdf,0xf7,0xdf,0xf7,0xdf,0xf7,0xdf,0xf7,0xdf,0xf7,0xdf,0xf7,0xdf,0xf7,0xdf,0xf7,0xdf,0xf7,0xdf,0xf7,
  0xbf,0xf7,0xdf,0xf7,0xff,0xff,0xff,0xff,0xff,0xff,0x59,0xce,0x0d,0x5b,0x84,0x00,0x64,0x00,0xe5,0x08,0xc5,0x08,0xa5,0x08,
  0xa5,0x08,0xa5,0x08,0xa5,0x08,0xa5,0x08,0xa5,0x08,0xa4,0x00,0xa4,0x08,0x84,0x00,0x84,0x00,0x84,0x00,0x63,0x00,0x84,0x00,
  0xc6,0x08,0xc5,0x08,0xc5,0x08,0xc5,0x08,0x84,0x00,0x06,0x11,0x1c,0xe7,0xff,0xff,0xdf,0xf7,0xdf,0xf7,0xdf,0xf7,0xdf,0xf7,
  0xdf,0xf7,0xdf,0xf7,0xdf,0xf7,0xdf,0xf7,0xdf,0xf7,0xdf,0xf7,0xdf,0xff,0xdf,0xff,0xdf,0xff,0xdf,0xff,0xdf,0xff,0xff,0xff,
  0xff,0xff,0xff,0xff,0xff,0xff,0xff,0xff,0xff,0xff,0xff,0xff,0x5f,0xd7,0x3f,0xcf,0xff,0xff,0xff,0xff,0xff,0xff,0xff,0xff,
  0xff,0xff,0xff,0xff,0xff,0xff,0x5f,0xdf,0xbf,0xef,0xff,0xff,0xff,0xff,0xff,0xff,0xff,0xff,0xff,0xff,0xff,0xff,0xff,0xff,
  0xff,0xff,0xff,0xff,0xff,0xff,0xff,0xff,0xff,0xff,0xff,0xff,0xff,0xff,0xdf,0xff,0xdf,0xff,0xdf,0xff,0xff,0xff,0xff,0xff,
  0xff,0xff,0xff,0xff,0xff,0xff,0xdf,0xff,0xff,0xff,0xff,0xff,0xff,0xff,0xff,0xff,0xff,0xff,0xff,0xff,0xff,0xff,0xff,0xff,
  0xff,0xff,0xff,0xff,0xff,0xff,0xff,0xff,0xff,0xff,0xff,0xff,0xff,0xff,0xff,0xff,0xff,0xff,0xff,0xff,0xff,0xff,0xff,0xff,
  0xff,0xff,0xff,0xff,0xff,0xff,0xff,0xff,0xff,0xff,0xff,0xff,0xff,0xff,0xff,0xff,0xff,0xff,0xff,0xff,0xff,0xff,0xff,0xff,
  0xff,0xff,0xff,0xff,0xff,0xff,0xff,0xff,0xff,0xff,0xff,0xff,0xff,0xff,0xff,0xff,0xff,0xff,0xff,0xff,0xff,0xff,0xff,0xff,
  0xff,0xff,0xff,0xff,0xff,0xff,0xff,0xff,0xff,0xff,0xff,0xff,0xff,0xff,0xff,0xff,0xff,0xff,0xff,0xff,0xff,0xff,0xff,0xff,
  0xff,0xff,0xff,0xff,0xff,0xff,0xff,0xff,0xff,0xff,0xff,0xff,0xff,0xff,0xff,0xff,0xff,0xff,0xff,0xff,0xff,0xff,0xff,0xff,
  0xff,0xff,0xff,0xff,0xff,0xff,0xff,0xff,0xff,0xff,0xff,0xff,0xff,0xff,0xff,0xff,0xff,0xff,0xff,0xff,0xff,0xff,0xff,0xff,
  0xff,0xff,0xff,0xff,0xff,0xff,0xff,0xff,0xff,0xff,0xff,0xff,0xff,0xff,0xff,0xff,0xff,0xff,0xff,0xff,0xff,0xff,0xff,0xff,
  0xff,0xff,0xff,0xff,0xff,0xff,0xff,0xff,0xff,0xff,0xff,0xff,0xff,0xff,0xff,0xff,0xff,0xff,0xff,0xff,0xff,0xff,0xff,0xff,
  0x9f,0xef,0x9f,0xef,0x9f,0xef,0xbf,0xef,0x9f,0xef,0x9f,0xef,0x9f,0xef,0xbf,0xef,0xbf,0xef,0xbf,0xef,0xbf,0xef,0xbf,0xef,
  0xbf,0xef,0xbf,0xef,0xbf,0xef,0xbf,0xef,0xbf,0xef,0xbf,0xef,0xbf,0xef,0xbf,0xef,0xbf,0xef,0xbf,0xef,0xbf,0xef,0xbf,0xef,
  0xbf,0xef,0xbf,0xef,0xbf,0xef,0xbf,0xef,0xbf,0xef,0xbf,0xef,0xbf,0xf7,0xbf,0xf7,0xbf,0xf7,0xbf,0xf7,0xdf,0xf7,0xdf,0xf7,
  0xdf,0xf7,0xdf,0xf7,0xdf,0xf7,0xdf,0xf7,0xdf,0xf7,0xdf,0xf7,0xdf,0xf7,0xdf,0xf7,0xdf,0xff,0xdf,0xff,0xdf,0xff,0xdf,0xff,
  0xdf,0xff,0xdf,0xff,0xff,0xff,0xff,0xff,0xff,0xff,0xff,0xff,0xff,0xff,0xff,0xff,0xff,0xff,0xff,0xff,0xff,0xff,0xff,0xff,
  0xff,0xff,0xff,0xff,0xff,0xff,0xdf,0xf7,0x1f,0x86,0x9f,0xe7,0xff,0xff,0xff,0xff,0xff,0xff,0xff,0xff,0xff,0xff,0xff,0xff,
  0xff,0xff,0x9f,0xef,0x7f,0xe7,0xff,0xff,0xdf,0xf7,0xdf,0xf7,0xdf,0xf7,0xdf,0xf7,0xdf,0xf7,0xbf,0xf7,0xff,0xff,0x9a,0xd6,
  0x84,0x08,0x84,0x00,0xa4,0x08,0x84,0x00,0x84,0x00,0x84,0x00,0x84,0x00,0x84,0x00,0xa4,0x00,0x84,0x00,0x84,0x00,0x84,0x00,
  0x84,0x00,0x84,0x00,0x89,0x19,0xeb,0x21,0xaa,0x19,0xaa,0x19,0xaa,0x19,0xaa,0x19,0x89,0x19,0x89,0x19,0x69,0x11,0x69,0x11,
  0x69,0x19,0x07,0x09,0xc6,0x00,0x4b,0x3a,0x15,0x9d,0x5d,0xe7,0xff,0xff,0xff,0xff,0xff,0xff,0xff,0xff,0xdf,0xf7,0xbf,0xf7,
  0xbf,0xf7,0xbf,0xf7,0xdf,0xf7,0xdf,0xf7,0xdf,0xf7,0xdf,0xf7,0xff,0xff,0xff,0xff,0xff,0xff,0xff,0xff,0x9e,0xf7,0xb7,0xb5,
  0xac,0x52,0xa4,0x00,0x44,0x00,0xc6,0x08,0xc6,0x08,0xc5,0x08,0xc5,0x08,0xc5,0x08,0xc5,0x08,0xa5,0x08,0xa5,0x08,0xa5,0x08,
  0xa5,0x08,0xa4,0x00,0xa5,0x08,0xa4,0x08,0xa4,0x00,0x84,0x00,0x84,0x00,0x84,0x00,0xa4,0x00,0xa5,0x00,0xa5,0x00,0xa5,0x08,
  0x02,0x00,0x76,0xad,0xff,0xff,0xdf,0xf7,0xdf,0xf7,0xdf,0xf7,0xdf,0xf7,0xdf,0xf7,0xdf,0xf7,0xdf,0xf7,0xdf,0xf7,0xdf,0xf7,
  0xdf,0xf7,0xdf,0xff,0xdf,0xff,0xdf,0xff,0xdf,0xff,0xdf,0xff,0xdf,0xff,0xff,0xff,0xff,0xff,0xff,0xff,0xff,0xff,0xff,0xff,
  0xff,0xff,0xdf,0xf7,0xbf,0xae,0xdf,0xf7,0xff,0xff,0xff,0xff,0xff,0xff,0xff,0xff,0xff,0xff,0xff,0xff,0xdf,0xf7,0x3f,0xd7,
  0xff,0xff,0xff,0xff,0xff,0xff,0xff,0xff,0xff,0xff,0xff,0xff,0xff,0xff,0xff,0xff,0xff,0xff,0xff,0xff,0xdf,0xff,0xff,0xff,
  0xdf,0xff,0xdf,0xff,0xdf,0xff,0xdf,0xff,0xdf,0xff,0xdf,0xff,0xdf,0xff,0xdf,0xff,0xdf,0xff,0xff,0xff,0xff,0xff,0xff,0xff,
  0xff,0xff,0xff,0xff,0xff,0xff,0xff,0xff,0xff,0xff,0xff,0xff,0xff,0xff,0xff,0xff,0xff,0xff,0xff,0xff,0xff,0xff,0xff,0xff,
  0xff,0xff,0xff,0xff,0xff,0xff,0xff,0xff,0xff,0xff,0xff,0xff,0xff,0xff,0xff,0xff,0xff,0xff,0xff,0xff,0xff,0xff,0xff,0xff,
  0xff,0xff,0xff,0xff,0xff,0xff,0xff,0xff,0xff,0xff,0xff,0xff,0xff,0xff,0xff,0xff,0xff,0xff,0xff,0xff,0xff,0xff,0xff,0xff,
  0xff,0xff,0xff,0xff,0xff,0xff,0xff,0xff,0xff,0xff,0xff,0xff,0xff,0xff,0xff,0xff,0xff,0xff,0xff,0xff,0xff,0xff,0xff,0xff,
  0xff,0xff,0xff,0xff,0xff,0xff,0xff,0xff,0xff,0xff,0xff,0xff,0xff,0xff,0xff,0xff,0xff,0xff,0xff,0xff,0xff,0xff,0xff,0xff,
  0xff,0xff,0xff,0xff,0xff,0xff,0xff,0xff,0xff,0xff,0xff,0xff,0xff,0xff,0xff,0xff,0xff,0xff,0xff,0xff,0xff,0xff,0xff,0xff,
  0xff,0xff,0xff,0xff,0xff,0xff,0xff,0xff,0xff,0xff,0xff,0xff,0xff,0xff,0xff,0xff,0xff,0xff,0xff,0xff,0xff,0xff,0xff,0xff,
  0xff,0xff,0xff,0xff,0xff,0xff,0xff,0xff,0xff,0xff,0xff,0xff,0xff,0xff,0xff,0xff,0xff,0xff,0xff,0xff,0xff,0xff,0xff,0xff,
  0xff,0xff,0xff,0xff,0xff,0xff,0xff,0xff,0xff,0xff,0xff,0xff,0xff,0xff,0xff,0xff,0x9f,0xef,0x9f,0xef,0x9f,0xef,0x9f,0xef,
  0x9f,0xef,0x9f,0xef,0x9f,0xef,0xbf,0xef,0xbf,0xef,0xbf,0xef,0xbf,0xef,0xbf,0xef,0xbf,0xef,0xbf,0xef,0xbf,0xef,0xbf,0xef,
  0xbf,0xef,0xbf,0xef,0xbf,0xef,0xbf,0xef,0xbf,0xef,0xbf,0xef,0xbf,0xef,0xbf,0xef,0xbf,0xef,0xbf,0xef,0xbf,0xef,0xbf,0xef,
  0xbf,0xef,0xbf,0xef,0xbf,0xef,0xbf,0xef,0xbf,0xef,0xbf,0xf7,0xbf,0xf7,0xbf,0xf7,0xbf,0xf7,0xdf,0xf7,0xdf,0xf7,0xdf,0xf7,
  0xdf,0xf7,0xdf,0xf7,0xdf,0xf7,0xdf,0xf7,0xdf,0xf7,0xdf,0xf7,0xdf,0xff,0xdf,0xff,0xdf,0xff,0xdf,0xff,0xff,0xff,0xff,0xff,
  0xff,0xff,0xff,0xff,0xff,0xff,0xff,0xff,0xff,0xff,0xff,0xff,0xff,0xff,0xff,0xff,0xff,0xff,0xff,0xff,0xff,0xff,0xff,0xff,
  0xff,0xbe,0x9f,0xa6,0xff,0xff,0xff,0xff,0xff,0xff,0xff,0xff,0xff,0xff,0xff,0xff,0xdf,0xff,0xff,0xff,0x7f,0xdf,0xbf,0xf7,
  0xdf,0xff,0xdf,0xf7,0xdf,0xf7,0xdf,0xf7,0xdf,0xf7,0xdf,0xf7,0xbf,0xf7,0xff,0xff,0xd4,0x94,0x02,0x00,0xa5,0x08,0x84,0x00,
  0x84,0x00,0x84,0x00,0x84,0x00,0x84,0x00,0x84,0x00,0x84,0x00,0x84,0x00,0x84,0x00,0x84,0x00,0x84,0x00,0x84,0x00,0x69,0x19,
  0xeb,0x21,0xaa,0x19,0xaa,0x19,0xaa,0x19,0x89,0x19,0x89,0x19,0x89,0x19,0x69,0x19,0x69,0x11,0x68,0x11,0x68,0x11,0x07,0x09,
  0xe7,0x00,0xa9,0x21,0x2f,0x5b,0x15,0x9d,0xbb,0xd6,0xbe,0xf7,0xff,0xff,0xff,0xff,0xff,0xff,0xff,0xff,0xff,0xff,0xff,0xff,
  0xff,0xff,0xff,0xff,0xbf,0xf7,0xfc,0xde,0x96,0xad,0x6f,0x6b,0x88,0x29,0x84,0x00,0x64,0x00,0xe6,0x08,0xe6,0x08,0xc5,0x08,
  0xc5,0x08,0xc5,0x08,0xc5,0x08,0xc5,0x08,0xc5,0x08,0xc5,0x08,0xa5,0x08,0xa5,0x08,0xa5,0x08,0xc5,0x08,0xa5,0x08,0xa5,0x08,
  0xa5,0x08,0xa5,0x08,0xa5,0x08,0xa4,0x00,0x84,0x00,0x63,0x00,0xa5,0x08,0x02,0x00,0xd0,0x73,0xff,0xff,0xbf,0xf7,0xdf,0xf7,
  0xdf,0xf7,0xdf,0xf7,0xdf,0xf7,0xdf,0xf7,0xdf,0xf7,0xdf,0xf7,0xdf,0xf7,0xdf,0xf7,0xdf,0xf7,0xdf,0xf7,0xdf,0xff,0xdf,0xff,
  0xdf,0xff,0xff,0xff,0xff,0xff,0xff,0xff,0xff,0xff,0xff,0xff,0xff,0xff,0xff,0xff,0xff,0xff,0x1f,0xc7,0x5f,0xd7,0xff,0xff,
  0xff,0xff,0xff,0xff,0xff,0xff,0xff,0xff,0xff,0xff,0xff,0xff,0x5f,0xdf,0x9f,0xef,0xff,0xff,0xff,0xff,0xff,0xff,0xff,0xff,
  0xff,0xff,0xff,0xff,0xff,0xff,0xff,0xff,0xff,0xff,0xff,0xff,0xff,0xff,0xff,0xff,0xdf,0xff,0xdf,0xff,0xdf,0xff,0xff,0xff,
  0xdf,0xff,0xdf,0xff,0xdf,0xff,0xdf,0xff,0xdf,0xff,0xdf,0xff,0xdf,0xff,0xff,0xff,0xff,0xff,0xff,0xff,0xff,0xff,0xff,0xff,
  0xff,0xff,0xff,0xff,0xff,0xff,0xff,0xff,0xff,0xff,0xff,0xff,0xff,0xff,0xff,0xff,0xff,0xff,0xff,0xff,0xff,0xff,0xff,0xff,
  0xff,0xff,0xff,0xff,0xff,0xff,0xff,0xff,0xff,0xff,0xff,0xff,0xff,0xff,0xff,0xff,0xff,0xff,0xff,0xff,0xff,0xff,0xff,0xff,
  0xff,0xff,0xff,0xff,0xff,0xff,0xff,0xff,0xff,0xff,0xff,0xff,0xff,0xff,0xff,0xff,0xff,0xff,0xff,0xff,0xff,0xff,0xff,0xff,
  0xff,0xff,0xff,0xff,0xff,0xff,0xff,0xff,0xff,0xff,0xff,0xff,0xff,0xff,0xff,0xff,0xff,0xff,0xff,0xff,0xff,0xff,0xff,0xff,
  0xff,0xff,0xff,0xff,0xff,0xff,0xff,0xff,0xff,0xff,0xff,0xff,0xff,0xff,0xff,0xff,0xff,0xff,0xff,0xff,0xff,0xff,0xff,0xff,
  0xff,0xff,0xff,0xff,0xff,0xff,0xff,0xff,0xff,0xff,0xff,0xff,0xff,0xff,0xff,0xff,0xff,0xff,0xff,0xff,0xff,0xff,0xff,0xff,
  0xff,0xff,0xff,0xff,0xff,0xff,0xff,0xff,0xff,0xff,0xff,0xff,0xff,0xff,0xff,0xff,0xff,0xff,0xff,0xff,0xff,0xff,0xff,0xff,
  0xff,0xff,0xff,0xff,0xff,0xff,0xff,0xff,0xff,0xff,0xff,0xff,0xff,0xff,0xff,0xff,0xff,0xff,0xff,0xff,0xff,0xff,0xff,0xff,
  0xff,0xff,0xff,0xff,0xff,0xff,0xff,0xff,0x9f,0xef,0x9f,0xef,0x9f,0xef,0x9f,0xef,0x9f,0xef,0x9f,0xef,0x9f,0xef,0xbf,0xef,
  0xbf,0xef,0xbf,0xef,0xbf,0xef,0xbf,0xef,0xbf,0xef,0xbf,0xef,0xbf,0xef,0xbf,0xef,0xbf,0xef,0xbf,0xef,0xbf,0xef,0xbf,0xef,
  0xbf,0xef,0xbf,0xef,0xbf,0xef,0xbf,0xef,0xbf,0xef,0xbf,0xef,0xbf,0xef,0xbf,0xef,0xbf,0xef,0xbf,0xef,0xbf,0xef,0xbf,0xef,
  0xbf,0xef,0xbf,0xef,0xbf,0xf7,0xbf,0xf7,0xbf,0xf7,0xbf,0xf7,0xbf,0xf7,0xdf,0xf7,0xdf,0xf7,0xdf,0xf7,0xdf,0xf7,0xdf,0xf7,
  0xdf,0xf7,0xdf,0xf7,0xdf,0xf7,0xdf,0xff,0xdf,0xff,0xdf,0xff,0xff,0xff,0xff,0xff,0xff,0xff,0xff,0xff,0xff,0xff,0xff,0xff,
  0xff,0xff,0xff,0xff,0xff,0xff,0xff,0xff,0xff,0xff,0xff,0xff,0xff,0xff,0xff,0xff,0xdf,0xff,0x5f,0x8e,0x9f,0xe7,0xff,0xff,
  0xff,0xff,0xff,0xff,0xff,0xff,0xff,0xff,0xdf,0xff,0xff,0xff,0xbf,0xf7,0x5f,0xdf,0xdf,0xff,0xdf,0xf7,0xdf,0xf7,0xdf,0xf7,
  0xdf,0xf7,0xdf,0xf7,0xdf,0xf7,0xbf,0xf7,0xff,0xff,0xed,0x5a,0x02,0x00,0xa5,0x08,0x84,0x00,0x84,0x00,0xa4,0x00,0x84,0x00,
  0x84,0x00,0x84,0x00,0x84,0x00,0x84,0x00,0x84,0x00,0x84,0x00,0x84,0x00,0x63,0x00,0x48,0x11,0xeb,0x21,0xaa,0x19,0xaa,0x19,
  0xaa,0x19,0x8a,0x19,0x89,0x19,0x69,0x19,0x69,0x11,0x68,0x11,0x48,0x11,0x68,0x11,0x68,0x11,0x27,0x09,0xc6,0x00,0xa6,0x00,
  0x27,0x11,0x0a,0x2a,0xed,0x4a,0x8f,0x63,0x11,0x7c,0x52,0x84,0x73,0x8c,0x52,0x84,0x6f,0x63,0xcc,0x4a,0xea,0x31,0x27,0x11,
  0x84,0x00,0x64,0x00,0xa5,0x00,0xe6,0x08,0xe6,0x08,0xe6,0x08,0xc6,0x08,0xc5,0x08,0xc6,0x08,0xc6,0x08,0xc5,0x08,0xc5,0x08,
  0xc5,0x08,0xc5,0x08,0xc5,0x08,0xc5,0x08,0xc5,0x08,0xc5,0x08,0xc5,0x08,0xc5,0x08,0xc5,0x08,0xa5,0x08,0xa5,0x08,0xa5,0x08,
  0x84,0x00,0x84,0x00,0x01,0x00,0x8b,0x4a,0xff,0xff,0xdf,0xf7,0xdf,0xf7,0xdf,0xf7,0xdf,0xf7,0xdf,0xf7,0xdf,0xf7,0xdf,0xf7,
  0xdf,0xf7,0xdf,0xf7,0xdf,0xf7,0xdf,0xf7,0xdf,0xf7,0xdf,0xff,0xdf,0xff,0xdf,0xff,0xdf,0xff,0xff,0xff,0xff,0xff,0xff,0xff,
  0xff,0xff,0xff,0xff,0xff,0xff,0xff,0xff,0x9f,0xef,0xff,0xbe,0xff,0xff,0xff,0xff,0xff,0xff,0xff,0xff,0xff,0xff,0xff,0xff,
  0xff,0xff,0xdf,0xf7,0x3f,0xd7,0xff,0xff,0xff,0xff,0xff,0xff,0xff,0xff,0xff,0xff,0xff,0xff,0xff,0xff,0xff,0xff,0xff,0xff,
  0xff,0xff,0xff,0xff,0xff,0xff,0xff,0xff,0xff,0xff,0xdf,0xff,0xdf,0xff,0xdf,0xff,0xdf,0xff,0xdf,0xff,0xff,0xff,0xdf,0xff,
  0xdf,0xff,0xff,0xff,0xff,0xff,0xff,0xff,0xff,0xff,0xff,0xff,0xff,0xff,0xff,0xff,0xff,0xff,0xff,0xff,0xff,0xff,0xff,0xff,
  0xff,0xff,0xff,0xff,0xff,0xff,0xff,0xff,0xff,0xff,0xff,0xff,0xff,0xff,0xff,0xff,0xff,0xff,0xff,0xff,0xff,0xff,0xff,0xff,
  0xff,0xff,0xff,0xff,0xff,0xff,0xff,0xff,0xff,0xff,0xff,0xff,0xff,0xff,0xff,0xff,0xff,0xff,0xff,0xff,0xff,0xff,0xff,0xff,
  0xff,0xff,0xff,0xff,0xff,0xff,0xff,0xff,0xff,0xff,0xff,0xff,0xff,0xff,0xff,0xff,0xff,0xff,0xff,0xff,0xff,0xff,0xff,0xff,
  0xff,0xff,0xff,0xff,0xff,0xff,0xff,0xff,0xff,0xff,0xff,0xff,0xff,0xff,0xff,0xff,0xff,0xff,0xff,0xff,0xff,0xff,0xff,0xff,
  0xff,0xff,0xff,0xff,0xff,0xff,0xff,0xff,0xff,0xff,0xff,0xff,0xff,0xff,0xff,0xff,0xff,0xff,0xff,0xff,0xff,0xff,0xff,0xff,
  0xff,0xff,0xff,0xff,0xff,0xff,0xff,0xff,0xff,0xff,0xff,0xff,0xff,0xff,0xff,0xff,0xff,0xff,0xff,0xff,0xff,0xff,0xff,0xff,
  0xff,0xff,0xff,0xff,0xff,0xff,0xff,0xff,0xff,0xff,0xff,0xff,0xff,0xff,0xff,0xff,0xff,0xff,0xff,0xff,0xff,0xff,0xff,0xff,
  0xff,0xff,0xff,0xff,0xff,0xff,0xff,0xff,0xff,0xff,0xff,0xff,0xff,0xff,0xff,0xff,0xff,0xff,0xff,0xff,0xff,0xff,0xff,0xff,
  0x9f,0xef,0x9f,0xef,0x9f,0xef,0xbf,0xef,0xbf,0xef,0xbf,0xef,0x9f,0xef,0xbf,0xef,0xbf,0xef,0xbf,0xef,0xbf,0xef,0xbf,0xef,
  0xbf,0xef,0x9f,0xef,0xbf,0xef,0x9f,0xef,0xbf,0xef,0xbf,0xef,0xbf,0xef,0xbf,0xef,0x9f,0xef,0xbf,0xef,0xbf,0xef,0xbf,0xef,
  0xbf,0xef,0xbf,0xef,0xbf,0xef,0xbf,0xef,0xbf,0xef,0xbf,0xef,0xbf,0xef,0xbf,0xef,0xbf,0xef,0xbf,0xef,0xbf,0xef,0xbf,0xef,
  0xbf,0xf7,0xbf,0xf7,0xbf,0xf7,0xbf,0xf7,0xbf,0xf7,0xdf,0xf7,0xdf,0xf7,0xdf,0xf7,0xdf,0xf7,0xdf,0xf7,0xdf,0xf7,0xdf,0xf7,
  0xdf,0xff,0xdf,0xff,0xdf,0xff,0xdf,0xff,0xff,0xff,0xff,0xff,0xff,0xff,0xff,0xff,0xff,0xff,0xff,0xff,0xff,0xff,0xff,0xff,
  0xff,0xff,0xff,0xff,0xff,0xff,0xff,0xff,0xff,0xff,0x1f,0xc7,0x5f,0x96,0xff,0xff,0xff,0xff,0xff,0xff,0xff,0xff,0xff,0xff,
  0xff,0xff,0xdf,0xff,0xff,0xff,0x9f,0xe7,0x9f,0xe7,0xff,0xff,0xdf,0xf7,0xdf,0xf7,0xdf,0xf7,0xdf,0xf7,0xdf,0xf7,0xdf,0xf7,
  0xdf,0xf7,0x9e,0xef,0x87,0x29,0x22,0x00,0xa5,0x08,0x84,0x00,0x84,0x00,0x84,0x00,0x84,0x00,0x84,0x00,0x84,0x00,0x84,0x00,
  0x84,0x00,0x84,0x00,0x84,0x00,0x84,0x00,0x63,0x00,0x06,0x11,0xca,0x19,0xcb,0x21,0xaa,0x19,0xaa,0x19,0x89,0x19,0x89,0x19,
  0x69,0x11,0x69,0x11,0x68,0x11,0x48,0x11,0x48,0x11,0x48,0x11,0x48,0x11,0x48,0x11,0x27,0x11,0xe7,0x08,0xc6,0x00,0xa5,0x00,
  0x85,0x00,0x85,0x00,0x85,0x00,0x64,0x00,0x64,0x00,0x85,0x00,0xc6,0x00,0xe6,0x08,0x06,0x09,0x06,0x09,0xe6,0x08,0xe6,0x08,
  0xe6,0x08,0xe6,0x08,0xe6,0x08,0xc6,0x08,0xc6,0x08,0xc6,0x08,0xc6,0x08,0xc5,0x08,0xc5,0x08,0xc5,0x08,0xc5,0x08,0xc5,0x08,
  0xc5,0x08,0xc5,0x08,0xc5,0x08,0xc5,0x08,0xc5,0x08,0xa5,0x08,0xa5,0x08,0xa5,0x08,0xa5,0x08,0x01,0x00,0xa8,0x31,0x9e,0xf7,
  0xdf,0xff,0xdf,0xf7,0xdf,0xf7,0xdf,0xf7,0xdf,0xf7,0xdf,0xf7,0xdf,0xf7,0xdf,0xf7,0xdf,0xf7,0xdf,0xf7,0xdf,0xf7,0xdf,0xf7,
  0xdf,0xff,0xdf,0xff,0xdf,0xff,0xdf,0xff,0xff,0xff,0xff,0xff,0xff,0xff,0xff,0xff,0xff,0xff,0xff,0xff,0xff,0xff,0xff,0xff,
  0xdf,0xbe,0xbf,0xef,0xff,0xff,0xff,0xff,0xff,0xff,0xff,0xff,0xff,0xff,0xff,0xff,0xff,0xff,0x3f,0xd7,0x9f,0xef,0xff,0xff,
  0xff,0xff,0xff,0xff,0xff,0xff,0xff,0xff,0xff,0xff,0xff,0xff,0xff,0xff,0xff,0xff,0xff,0xff,0xff,0xff,0xff,0xff,0xff,0xff,
  0xff,0xff,0xff,0xff,0xff,0xff,0xdf,0xff,0xdf,0xff,0xdf,0xff,0xff,0xff,0xff,0xff,0xff,0xff,0xff,0xff,0xdf,0xff,0xff,0xff,
  0xff,0xff,0xff,0xff,0xff,0xff,0xff,0xff,0xff,0xff,0xff,0xff,0xff,0xff,0xff,0xff,0xff,0xff,0xff,0xff,0xff,0xff,0xff,0xff,
  0xff,0xff,0xff,0xff,0xff,0xff,0xff,0xff,0xff,0xff,0xff,0xff,0xff,0xff,0xff,0xff,0xff,0xff,0xff,0xff,0xff,0xff,0xff,0xff,
  0xff,0xff,0xff,0xff,0xff,0xff,0xff,0xff,0xff,0xff,0xff,0xff,0xff,0xff,0xff,0xff,0xff,0xff,0xff,0xff,0xff,0xff,0xff,0xff,
  0xff,0xff,0xff,0xff,0xff,0xff,0xff,0xff,0xff,0xff,0xff,0xff,0xff,0xff,0xff,0xff,0xff,0xff,0xff,0xff,0xff,0xff,0xff,0xff,
  0xff,0xff,0xff,0xff,0xff,0xff,0xff,0xff,0xff,0xff,0xff,0xff,0xff,0xff,0xff,0xff,0xff,0xff,0xff,0xff,0xff,0xff,0xff,0xff,
  0xff,0xff,0xff,0xff,0xff,0xff,0xff,0xff,0xff,0xff,0xff,0xff,0xff,0xff,0xff,0xff,0xff,0xff,0xff,0xff,0xff,0xff,0xff,0xff,
  0xff,0xff,0xff,0xff,0xff,0xff,0xff,0xff,0xff,0xff,0xff,0xff,0xff,0xff,0xff,0xff,0xff,0xff,0xff,0xff,0xff,0xff,0xff,0xff,
  0xff,0xff,0xff,0xff,0xff,0xff,0xff,0xff,0xff,0xff,0xff,0xff,0xff,0xff,0xff,0xff,0xff,0xff,0xff,0xff,0xff,0xff,0xff,0xff,
  0xff,0xff,0xff,0xff,0xff,0xff,0xff,0xff,0xff,0xff,0xff,0xff,0xff,0xff,0xff,0xff,0xbf,0xef,0x9f,0xef,0x9f,0xef,0xbf,0xef,
  0xbf,0xef,0xbf,0xef,0xbf,0xef,0xbf,0xef,0xbf,0xef,0xbf,0xef,0xbf,0xef,0xbf,0xef,0xbf,0xef,0xbf,0xef,0xbf,0xef,0xbf,0xef,
  0xbf,0xef,0xbf,0xef,0xbf,0xef,0xbf,0xef,0xbf,0xef,0xbf,0xef,0xbf,0xef,0xbf,0xef,0xbf,0xef,0xbf,0xef,0xbf,0xef,0xbf,0xef,
  0xbf,0xef,0xbf,0xef,0xbf,0xef,0xbf,0xef,0xbf,0xef,0xbf,0xef,0xbf,0xef,0xbf,0xef,0xbf,0xf7,0xbf,0xf7,0xbf,0xf7,0xbf,0xf7,
  0xbf,0xf7,0xdf,0xf7,0xbf,0xf7,0xdf,0xf7,0xdf,0xf7,0xdf,0xf7,0xdf,0xf7,0xdf,0xf7,0xdf,0xf7,0xdf,0xff,0xdf,0xff,0xdf,0xff,
  0xdf,0xff,0xdf,0xff,0xdf,0xff,0xff,0xff,0xff,0xff,0xff,0xff,0xff,0xff,0xff,0xff,0xff,0xff,0xff,0xff,0xff,0xff,0xff,0xff,
  0xff,0xff,0xff,0xff,0x5f,0x96,0x5f,0xd7,0xff,0xff,0xff,0xff,0xff,0xff,0xff,0xff,0xff,0xff,0xff,0xff,0xdf,0xff,0xff,0xff,
  0x7f,0xdf,0xbf,0xf7,0xdf,0xff,0xdf,0xf7,0xdf,0xf7,0xdf,0xf7,0xdf,0xf7,0xdf,0xf7,0xbf,0xf7,0xff,0xff,0xdb,0xde,0xe5,0x18,
  0x43,0x00,0xa5,0x08,0x84,0x00,0x84,0x00,0x84,0x00,0x84,0x00,0x84,0x00,0x84,0x00,0x84,0x00,0x84,0x00,0x84,0x00,0x84,0x00,
  0x84,0x00,0x63,0x00,0xa5,0x08,0x89,0x19,0xcb,0x21,0xaa,0x19,0x89,0x19,0x89,0x19,0x69,0x19,0x69,0x11,0x68,0x11,0x48,0x11,
  0x48,0x11,0x48,0x11,0x28,0x11,0x27,0x11,0x27,0x11,0x27,0x11,0x27,0x11,0x27,0x11,0x27,0x11,0x27,0x11,0x27,0x11,0x27,0x11,
  0x07,0x11,0x07,0x11,0x06,0x09,0x06,0x09,0xe6,0x08,0xe6,0x08,0xe6,0x08,0xe6,0x08,0xe6,0x08,0xe6,0x08,0xe6,0x08,0xe6,0x08,
  0xe6,0x08,0xe6,0x08,0xc6,0x08,0xc6,0x08,0xc5,0x08,0xc6,0x08,0xe6,0x08,0xc5,0x08,0xc6,0x08,0xc6,0x08,0xc6,0x08,0xc5,0x08,
  0xc5,0x08,0xc5,0x08,0xa5,0x08,0xc5,0x08,0x22,0x00,0x25,0x21,0x1c,0xe7,0xff,0xff,0xdf,0xf7,0xdf,0xf7,0xdf,0xf7,0xdf,0xf7,
  0xdf,0xf7,0xdf,0xf7,0xdf,0xf7,0xdf,0xf7,0xdf,0xf7,0xdf,0xf7,0xdf,0xf7,0xdf,0xf7,0xdf,0xff,0xdf,0xff,0xdf,0xff,0xdf,0xff,
  0xdf,0xff,0xff,0xff,0xff,0xff,0xff,0xff,0xff,0xff,0xff,0xff,0xff,0xff,0x3f,0xcf,0x3f,0xd7,0xff,0xff,0xff,0xff,0xff,0xff,
  0xff,0xff,0xff,0xff,0xff,0xff,0xff,0xff,0x9f,0xef,0x1f,0xcf,0xff,0xff,0xff,0xff,0xff,0xff,0xff,0xff,0xff,0xff,0xff,0xff,
  0xff,0xff,0xff,0xff,0xff,0xff,0xff,0xff,0xff,0xff,0xff,0xff,0xff,0xff,0xff,0xff,0xff,0xff,0xdf,0xff,0xff,0xff,0xdf,0xff,
  0xdf,0xff,0xdf,0xff,0xff,0xff,0xff,0xff,0xff,0xff,0xff,0xff,0xff,0xff,0xff,0xff,0xff,0xff,0xff,0xff,0xff,0xff,0xff,0xff,
  0xff,0xff,0xff,0xff,0xff,0xff,0xff,0xff,0xff,0xff,0xff,0xff,0xff,0xff,0xff,0xff,0xff,0xff,0xff,0xff,0xff,0xff,0xff,0xff,
  0xff,0xff,0xff,0xff,0xff,0xff,0xff,0xff,0xff,0xff,0xff,0xff,0xff,0xff,0xff,0xff,0xff,0xff,0xff,0xff,0xff,0xff,0xff,0xff,
  0xff,0xff,0xff,0xff,0xff,0xff,0xff,0xff,0xff,0xff,0xff,0xff,0xff,0xff,0xff,0xff,0xff,0xff,0xff,0xff,0xff,0xff,0xff,0xff,
  0xff,0xff,0xff,0xff,0xff,0xff,0xff,0xff,0xff,0xff,0xff,0xff,0xff,0xff,0xff,0xff,0xff,0xff,0xff,0xff,0xff,0xff,0xff,0xff,
  0xff,0xff,0xff,0xff,0xff,0xff,0xff,0xff,0xff,0xff,0xff,0xff,0xff,0xff,0xff,0xff,0xff,0xff,0xff,0xff,0xff,0xff,0xff,0xff,
  0xff,0xff,0xff,0xff,0xff,0xff,0xff,0xff,0xff,0xff,0xff,0xff,0xff,0xff,0xff,0xff,0xff,0xff,0xff,0xff,0xff,0xff,0xff,0xff,
  0xff,0xff,0xff,0xff,0xff,0xff,0xff,0xff,0xff,0xff,0xff,0xff,0xff,0xff,0xff,0xff,0xff,0xff,0xff,0xff,0xff,0xff,0xff,0xff,
  0xff,0xff,0xff,0xff,0xff,0xff,0xff,0xff,0xff,0xff,0xff,0xff,0xff,0xff,0xff,0xff,0xff,0xff,0xff,0xff,0xff,0xff,0xff,0xff,
  0xff,0xff,0xff,0xff,0xff,0xff,0xff,0xff,0x9f,0xef,0xbf,0xef,0xbf,0xef,0xbf,0xef,0xbf,0xef,0xbf,0xef,0xbf,0xef,0xbf,0xef,
  0xbf,0xef,0xbf,0xef,0xbf,0xef,0xbf,0xef,0xbf,0xef,0xbf,0xef,0xbf,0xef,0xbf,0xef,0xbf,0xef,0xbf,0xef,0xbf,0xef,0x9f,0xef,
  0xbf,0xef,0xbf,0xef,0xbf,0xef,0xbf,0xef,0xbf,0xef,0xbf,0xef,0xbf,0xef,0xbf,0xef,0xbf,0xef,0xbf,0xef,0xbf,0xef,0xbf,0xef,
  0xbf,0xef,0xbf,0xef,0xbf,0xef,0xbf,0xef,0xbf,0xef,0xbf,0xef,0xbf,0xf7,0xbf,0xf7,0xbf,0xf7,0xbf,0xf7,0xbf,0xf7,0xdf,0xf7,
  0xdf,0xf7,0xdf,0xf7,0xdf,0xf7,0xdf,0xf7,0xdf,0xf7,0xdf,0xf7,0xdf,0xff,0xdf,0xff,0xdf,0xff,0xdf,0xff,0xff,0xff,0xff,0xff,
  0xff,0xff,0xff,0xff,0xff,0xff,0xff,0xff,0xff,0xff,0xff,0xff,0xff,0xff,0xff,0xff,0xff,0xff,0xff,0xff,0x7f,0xdf,0x5f,0x96,
  0xff,0xff,0xff,0xff,0xff,0xff,0xff,0xff,0xff,0xff,0xff,0xff,0xdf,0xff,0xff,0xff,0xdf,0xf7,0x5f,0xdf,0xdf,0xf7,0xdf,0xff,
  0xdf,0xf7,0xdf,0xf7,0xdf,0xf7,0xdf,0xf7,0xdf,0xf7,0xbf,0xf7,0xff,0xff,0x59,0xc6,0xa4,0x10,0x63,0x00,0xa5,0x08,0x84,0x00,
  0x84,0x00,0x84,0x00,0x84,0x00,0x84,0x00,0x84,0x00,0x84,0x00,0x84,0x00,0x84,0x00,0x84,0x00,0x84,0x00,0x84,0x00,0x84,0x00,
  0x07,0x11,0x8a,0x19,0xaa,0x19,0x89,0x19,0x69,0x19,0x69,0x11,0x69,0x11,0x48,0x11,0x48,0x11,0x48,0x11,0x28,0x11,0x28,0x11,
  0x27,0x11,0x27,0x11,0x27,0x09,0x07,0x09,0x07,0x09,0x07,0x09,0x07,0x09,0x07,0x09,0x06,0x09,0x06,0x09,0x06,0x09,0xe6,0x08,
  0xe6,0x08,0xe6,0x08,0xe6,0x08,0xe6,0x08,0xe6,0x08,0xe6,0x08,0xe6,0x08,0xe6,0x08,0xe6,0x08,0xe6,0x08,0xe6,0x08,0xe6,0x08,
  0xe6,0x08,0xe6,0x08,0xe6,0x08,0xc6,0x08,0xc6,0x08,0xe6,0x08,0xe6,0x08,0xc6,0x08,0xc5,0x08,0xc5,0x08,0xe6,0x08,0x64,0x00,
  0x26,0x21,0xdb,0xde,0xff,0xff,0xbf,0xf7,0xdf,0xf7,0xdf,0xf7,0xdf,0xf7,0xdf,0xf7,0xdf,0xf7,0xdf,0xf7,0xdf,0xf7,0xdf,0xf7,
  0xdf,0xf7,0xdf,0xf7,0xdf,0xf7,0xdf,0xff,0xdf,0xff,0xdf,0xff,0xdf,0xff,0xff,0xff,0xdf,0xff,0xff,0xff,0xff,0xff,0xff,0xff,
  0xff,0xff,0xff,0xff,0x9f,0xe7,0xff,0xc6,0xff,0xff,0xff,0xff,0xff,0xff,0xff,0xff,0xff,0xff,0xff,0xff,0xff,0xff,0xff,0xff,
  0x3f,0xd7,0xdf,0xf7,0xff,0xff,0xff,0xff,0xff,0xff,0xff,0xff,0xff,0xff,0xff,0xff,0xff,0xff,0xff,0xff,0xff,0xff,0xff,0xff,
  0xff,0xff,0xff,0xff,0xff,0xff,0xff,0xff,0xff,0xff,0xff,0xff,0xff,0xff,0xff,0xff,0xff,0xff,0xff,0xff,0xff,0xff,0xff,0xff,
  0xff,0xff,0xff,0xff,0xff,0xff,0xff,0xff,0xff,0xff,0xff,0xff,0xff,0xff,0xff,0xff,0xff,0xff,0xff,0xff,0xff,0xff,0xff,0xff,
  0xff,0xff,0xff,0xff,0xff,0xff,0xff,0xff,0xff,0xff,0xff,0xff,0xff,0xff,0xff,0xff,0xff,0xff,0xff,0xff,0xff,0xff,0xff,0xff,
  0xff,0xff,0xff,0xff,0xff,0xff,0xff,0xff,0xff,0xff,0xff,0xff,0xff,0xff,0xff,0xff,0xff,0xff,0xff,0xff,0xff,0xff,0xff,0xff,
  0xff,0xff,0xff,0xff,0xff,0xff,0xff,0xff,0xff,0xff,0xff,0xff,0xff,0xff,0xff,0xff,0xff,0xff,0xff,0xff,0xff,0xff,0xff,0xff,
  0xff,0xff,0xff,0xff,0xff,0xff,0xff,0xff,0xff,0xff,0xff,0xff,0xff,0xff,0xff,0xff,0xff,0xff,0xff,0xff,0xff,0xff,0xff,0xff,
  0xff,0xff,0xff,0xff,0xff,0xff,0xff,0xff,0xff,0xff,0xff,0xff,0xff,0xff,0xff,0xff,0xff,0xff,0xff,0xff,0xff,0xff,0xff,0xff,
  0xff,0xff,0xff,0xff,0xff,0xff,0xff,0xff,0xff,0xff,0xff,0xff,0xff,0xff,0xff,0xff,0xff,0xff,0xff,0xff,0xff,0xff,0xff,0xff,
  0xff,0xff,0xff,0xff,0xff,0xff,0xff,0xff,0xff,0xff,0xff,0xff,0xff,0xff,0xff,0xff,0xff,0xff,0xff,0xff,0xff,0xff,0xff,0xff,
  0xff,0xff,0xff,0xff,0xff,0xff,0xff,0xff,0xff,0xff,0xff,0xff,0xff,0xff,0xff,0xff,0xff,0xff,0xff,0xff,0xff,0xff,0xff,0xff,
  0x5f,0xdf,0x7f,0xe7,0x9f,0xe7,0x9f,0xef,0xbf,0xef,0xbf,0xef,0xbf,0xef,0xbf,0xef,0xbf,0xef,0xbf,0xef,0xbf,0xef,0xbf,0xef,
  0xbf,0xef,0xbf,0xef,0xbf,0xef,0xbf,0xef,0xbf,0xef,0xbf,0xef,0xbf,0xef,0xbf,0xef,0xbf,0xef,0xbf,0xef,0xbf,0xef,0xbf,0xef,
  0xbf,0xef,0xbf,0xef,0xbf,0xef,0xbf,0xef,0xbf,0xef,0xbf,0xef,0xbf,0xef,0xbf,0xef,0xbf,0xef,0xbf,0xef,0xbf,0xef,0xbf,0xef,
  0xbf,0xef,0xbf,0xef,0xbf,0xef,0xbf,0xf7,0xbf,0xf7,0xbf,0xf7,0xbf,0xf7,0xdf,0xf7,0xbf,0xf7,0xdf,0xf7,0xdf,0xf7,0xdf,0xf7,
  0xdf,0xf7,0xdf,0xf7,0xdf,0xf7,0xdf,0xff,0xdf,0xff,0xdf,0xff,0xdf,0xff,0xdf,0xff,0xff,0xff,0xff,0xff,0xff,0xff,0xff,0xff,
  0xff,0xff,0xff,0xff,0xff,0xff,0xff,0xff,0xff,0xff,0xff,0xff,0xff,0xff,0xbf,0xa6,0xbf,0xae,0xff,0xff,0xff,0xff,0xff,0xff,
  0xff,0xff,0xff,0xff,0xff,0xff,0xdf,0xff,0xff,0xff,0xbf,0xef,0x9f,0xe7,0xff,0xff,0xdf,0xf7,0xdf,0xf7,0xdf,0xf7,0xdf,0xf7,
  0xdf,0xf7,0xdf,0xf7,0xbf,0xf7,0xff,0xff,0x18,0xbe,0x84,0x08,0x63,0x00,0xa5,0x08,0x84,0x00,0x84,0x00,0x84,0x00,0x84,0x00,
  0x84,0x00,0x84,0x00,0x84,0x00,0x84,0x00,0x84,0x00,0x84,0x00,0x84,0x00,0x84,0x00,0x84,0x00,0xa4,0x08,0x27,0x11,0x89,0x19,
  0x8a,0x19,0x69,0x19,0x68,0x11,0x48,0x11,0x48,0x11,0x48,0x11,0x48,0x11,0x28,0x11,0x27,0x11,0x27,0x11,0x27,0x09,0x07,0x09,
  0x07,0x09,0x07,0x09,0x07,0x09,0x07,0x09,0x07,0x09,0x06,0x09,0x06,0x09,0xe6,0x08,0xe6,0x08,0xe6,0x08,0xe6,0x08,0xe6,0x08,
  0xe6,0x08,0xe6,0x08,0xe6,0x08,0xe6,0x08,0xe6,0x08,0xe6,0x08,0xe6,0x08,0xe6,0x08,0xe6,0x08,0xe6,0x08,0xe6,0x08,0xe6,0x08,
  0xc6,0x08,0xe6,0x08,0xc6,0x08,0xc6,0x08,0xc5,0x08,0xe6,0x08,0x64,0x00,0x67,0x21,0xdb,0xde,0xff,0xff,0xbf,0xf7,0xdf,0xf7,
  0xdf,0xf7,0xdf,0xf7,0xdf,0xf7,0xdf,0xf7,0xdf,0xf7,0xdf,0xf7,0xdf,0xf7,0xdf,0xf7,0xdf,0xf7,0xdf,0xf7,0xdf,0xf7,0xdf,0xff,
  0xdf,0xff,0xdf,0xff,0xdf,0xff,0xff,0xff,0xff,0xff,0xff,0xff,0xff,0xff,0xff,0xff,0xff,0xff,0xdf,0xf7,0xff,0xc6,0xdf,0xf7,
  0xff,0xff,0xff,0xff,0xff,0xff,0xff,0xff,0xff,0xff,0xff,0xff,0xff,0xff,0x7f,0xe7,0x7f,0xdf,0xff,0xff,0xff,0xff,0xff,0xff,
  0xff,0xff,0xff,0xff,0xff,0xff,0xff,0xff,0xff,0xff,0xff,0xff,0xff,0xff,0xff,0xff,0xff,0xff,0xff,0xff,0xff,0xff,0xff,0xff,
  0xff,0xff,0xff,0xff,0xff,0xff,0xff,0xff,0xff,0xff,0xff,0xff,0xdf,0xff,0xff,0xff,0xff,0xff,0xff,0xff,0xff,0xff,0xff,0xff,
  0xff,0xff,0xff,0xff,0xff,0xff,0xff,0xff,0xff,0xff,0xff,0xff,0xff,0xff,0xff,0xff,0xff,0xff,0xff,0xff,0xff,0xff,0xff,0xff,
  0xff,0xff,0xff,0xff,0xff,0xff,0xff,0xff,0xff,0xff,0xff,0xff,0xff,0xff,0xff,0xff,0xff,0xff,0xff,0xff,0xff,0xff,0xff,0xff,
  0xff,0xff,0xff,0xff,0xff,0xff,0xff,0xff,0xff,0xff,0xff,0xff,0xff,0xff,0xff,0xff,0xff,0xff,0xff,0xff,0xff,0xff,0xff,0xff,
  0xff,0xff,0xff,0xff,0xff,0xff,0xff,0xff,0xff,0xff,0xff,0xff,0xff,0xff,0xff,0xff,0xff,0xff,0xff,0xff,0xff,0xff,0xff,0xff,
  0xff,0xff,0xff,0xff,0xff,0xff,0xff,0xff,0xff,0xff,0xff,0xff,0xff,0xff,0xff,0xff,0xff,0xff,0xff,0xff,0xff,0xff,0xff,0xff,
  0xff,0xff,0xff,0xff,0xff,0xff,0xff,0xff,0xff,0xff,0xff,0xff,0xff,0xff,0xff,0xff,0xff,0xff,0xff,0xff,0xff,0xff,0xff,0xff,
  0xff,0xff,0xff,0xff,0xff,0xff,0xff,0xff,0xff,0xff,0xff,0xff,0xff,0xff,0xff,0xff,0xff,0xff,0xff,0xff,0xff,0xff,0xff,0xff,
  0xff,0xff,0xff,0xff,0xff,0xff,0xff,0xff,0xff,0xff,0xff,0xff,0xff,0xff,0xff,0xff,0xff,0xff,0xff,0xff,0xff,0xff,0xff,0xff,
  0xff,0xff,0xff,0xff,0xff,0xff,0xff,0xff,0xff,0xff,0xff,0xff,0xff,0xff,0xff,0xff,0x5f,0xdf,0x5f,0xdf,0x5f,0xdf,0x5f,0xdf,
  0x5f,0xdf,0x7f,0xe7,0x9f,0xe7,0xbf,0xef,0xbf,0xef,0xbf,0xef,0xbf,0xef,0xbf,0xef,0xbf,0xef,0xbf,0xef,0xbf,0xef,0xbf,0xef,
  0xbf,0xef,0xbf,0xef,0xbf,0xef,0xbf,0xef,0xbf,0xef,0xbf,0xef,0xbf,0xef,0xbf,0xef,0xbf,0xef,0xbf,0xef,0xbf,0xef,0xbf,0xef,
  0x9f,0xef,0xbf,0xef,0xbf,0xef,0xbf,0xef,0xbf,0xef,0xbf,0xef,0xbf,0xef,0xbf,0xef,0xbf,0xef,0xbf,0xef,0xbf,0xef,0xbf,0xef,
  0xbf,0xf7,0xbf,0xf7,0xbf,0xf7,0xbf,0xf7,0xdf,0xf7,0xdf,0xf7,0xdf,0xf7,0xdf,0xf7,0xdf,0xf7,0xdf,0xf7,0xdf,0xf7,0xdf,0xf7,
  0xdf,0xff,0xdf,0xff,0xdf,0xff,0xdf,0xff,0xdf,0xff,0xff,0xff,0xff,0xff,0xff,0xff,0xff,0xff,0xff,0xff,0xff,0xff,0xff,0xff,
  0xff,0xff,0xff,0xff,0xff,0xff,0xdf,0xf7,0x1f,0x86,0x7f,0xe7,0xff,0xff,0xff,0xff,0xff,0xff,0xff,0xff,0xff,0xff,0xff,0xff,
  0xff,0xff,0xff,0xff,0x9f,0xef,0xbf,0xef,0xff,0xff,0xdf,0xf7,0xdf,0xf7,0xdf,0xf7,0xdf,0xf7,0xdf,0xf7,0xdf,0xf7,0xbf,0xef,
  0xff,0xff,0x39,0xc6,0xc5,0x10,0x43,0x00,0xa5,0x08,0x84,0x00,0x84,0x00,0x84,0x00,0x84,0x00,0x84,0x00,0x84,0x00,0x84,0x00,
  0x84,0x00,0x84,0x00,0x84,0x00,0x84,0x00,0x84,0x00,0x84,0x00,0x63,0x00,0xa4,0x08,0x07,0x09,0x48,0x11,0x69,0x11,0x69,0x11,
  0x48,0x11,0x48,0x11,0x48,0x11,0x28,0x11,0x27,0x11,0x27,0x11,0x27,0x11,0x07,0x09,0x07,0x09,0x07,0x09,0x07,0x09,0x07,0x09,
  0x07,0x09,0x06,0x09,0x06,0x09,0xe6,0x08,0xe6,0x08,0xe6,0x08,0xe6,0x08,0xe6,0x08,0xe6,0x08,0xe6,0x08,0xe6,0x08,0xe6,0x08,
  0xe6,0x08,0xe6,0x08,0xe6,0x08,0xe6,0x08,0xe6,0x08,0xe6,0x08,0xe6,0x08,0xe6,0x08,0xc6,0x08,0xc6,0x08,0xc6,0x08,0xc5,0x08,
  0xe6,0x08,0x43,0x00,0xa8,0x29,0x1c,0xdf,0xff,0xff,0xbf,0xf7,0xdf,0xf7,0xdf,0xf7,0xdf,0xf7,0xdf,0xf7,0xdf,0xf7,0xdf,0xf7,
  0xdf,0xf7,0xdf,0xf7,0xdf,0xf7,0xdf,0xf7,0xdf,0xf7,0xdf,0xf7,0xdf,0xff,0xdf,0xff,0xdf,0xff,0xdf,0xff,0xdf,0xff,0xff,0xff,
  0xff,0xff,0xff,0xff,0xff,0xff,0xff,0xff,0xff,0xff,0x3f,0xcf,0xbf,0xef,0xff,0xff,0xff,0xff,0xff,0xff,0xff,0xff,0xff,0xff,
  0xff,0xff,0xff,0xff,0xdf,0xf7,0x1f,0xcf,0xff,0xff,0xff,0xff,0xff,0xff,0xff,0xff,0xff,0xff,0xff,0xff,0xff,0xff,0xff,0xff,
  0xff,0xff,0xff,0xff,0xff,0xff,0xff,0xff,0xff,0xff,0xdf,0xff,0xdf,0xff,0xff,0xff,0xff,0xff,0xdf,0xff,0xff,0xff,0xdf,0xff,
  0xff,0xff,0xdf,0xff,0xdf,0xff,0xff,0xff,0xff,0xff,0xff,0xff,0xff,0xff,0xff,0xff,0xff,0xff,0xff,0xff,0xff,0xff,0xff,0xff,
  0xff,0xff,0xff,0xff,0xff,0xff,0xff,0xff,0xff,0xff,0xff,0xff,0xff,0xff,0xff,0xff,0xff,0xff,0xff,0xff,0xff,0xff,0xff,0xff,
  0xff,0xff,0xff,0xff,0xff,0xff,0xff,0xff,0xff,0xff,0xff,0xff,0xff,0xff,0xff,0xff,0xff,0xff,0xff,0xff,0xff,0xff,0xff,0xff,
  0xff,0xff,0xff,0xff,0xff,0xff,0xff,0xff,0xff,0xff,0xff,0xff,0xff,0xff,0xff,0xff,0xff,0xff,0xff,0xff,0xff,0xff,0xff,0xff,
  0xff,0xff,0xff,0xff,0xff,0xff,0xff,0xff,0xff,0xff,0xff,0xff,0xff,0xff,0xff,0xff,0xff,0xff,0xff,0xff,0xff,0xff,0xff,0xff,
  0xff,0xff,0xff,0xff,0xff,0xff,0xff,0xff,0xff,0xff,0xff,0xff,0xff,0xff,0xff,0xff,0xff,0xff,0xff,0xff,0xff,0xff,0xff,0xff,
  0xff,0xff,0xff,0xff,0xff,0xff,0xff,0xff,0xff,0xff,0xff,0xff,0xff,0xff,0xff,0xff,0xff,0xff,0xff,0xff,0xff,0xff,0xff,0xff,
  0xff,0xff,0xff,0xff,0xff,0xff,0xff,0xff,0xff,0xff,0xff,0xff,0xff,0xff,0xff,0xff,0xff,0xff,0xff,0xff,0xff,0xff,0xff,0xff,
  0xff,0xff,0xff,0xff,0xff,0xff,0xff,0xff,0xff,0xff,0xff,0xff,0xff,0xff,0xff,0xff,0xff,0xff,0xff,0xff,0xff,0xff,0xff,0xff,
  0xff,0xff,0xff,0xff,0xff,0xff,0xff,0xff,0x5f,0xdf,0x5f,0xdf,0x5f,0xdf,0x5f,0xdf,0x5f,0xdf,0x5f,0xdf,0x5f,0xdf,0x5f,0xdf,
  0x7f,0xe7,0x9f,0xe7,0x9f,0xef,0xbf,0xef,0xbf,0xef,0xbf,0xef,0xbf,0xef,0xbf,0xef,0xbf,0xef,0xbf,0xef,0xbf,0xef,0xbf,0xef,
  0xbf,0xef,0xbf,0xef,0xbf,0xef,0xbf,0xef,0xbf,0xef,0xbf,0xef,0xbf,0xef,0xbf,0xef,0xbf,0xef,0xbf,0xef,0xbf,0xef,0xbf,0xef,
  0xbf,0xef,0xbf,0xef,0xbf,0xef,0xbf,0xef,0xbf,0xef,0xbf,0xef,0xbf,0xef,0xbf,0xef,0xbf,0xef,0xbf,0xf7,0xbf,0xf7,0xbf,0xf7,
  0xbf,0xf7,0xbf,0xf7,0xdf,0xf7,0xdf,0xf7,0xdf,0xf7,0xdf,0xf7,0xdf,0xf7,0xdf,0xf7,0xdf,0xf7,0xdf,0xff,0xdf,0xff,0xdf,0xff,
  0xff,0xff,0xff,0xff,0xff,0xff,0xff,0xff,0xff,0xff,0xff,0xff,0xff,0xff,0xff,0xff,0xff,0xff,0xff,0xff,0xff,0xff,0xff,0xff,
  0x5f,0xd7,0x5f,0x9e,0xff,0xff,0xff,0xff,0xff,0xff,0xff,0xff,0xff,0xff,0xff,0xff,0xff,0xff,0xff,0xff,0xff,0xff,0x9f,0xef,
  0xdf,0xf7,0xdf,0xff,0xdf,0xf7,0xdf,0xf7,0xdf,0xf7,0xdf,0xf7,0xdf,0xf7,0xdf,0xf7,0xbf,0xf7,0xff,0xff,0xba,0xd6,0x66,0x29,
  0x02,0x00,0xa5,0x08,0x84,0x00,0x84,0x00,0x84,0x00,0x84,0x00,0x84,0x00,0x84,0x00,0x84,0x00,0x84,0x00,0x84,0x00,0x84,0x00,
  0x84,0x00,0x84,0x00,0x84,0x00,0x84,0x00,0x84,0x00,0xa4,0x08,0xc5,0x08,0x07,0x09,0x28,0x11,0x48,0x11,0x48,0x11,0x48,0x11,
  0x27,0x11,0x27,0x11,0x27,0x09,0x07,0x09,0x07,0x09,0x07,0x09,0x07,0x09,0x07,0x09,0x06,0x09,0x06,0x09,0x06,0x09,0xe6,0x08,
  0xe6,0x08,0xe6,0x08,0xe6,0x08,0xe6,0x08,0xe6,0x08,0xe6,0x08,0xe6,0x08,0xe6,0x08,0xe6,0x08,0xe6,0x08,0xe6,0x08,0xe6,0x08,
  0xe6,0x08,0xe6,0x08,0xe6,0x08,0xe6,0x08,0xe6,0x08,0xc6,0x08,0xe6,0x08,0xe6,0x08,0x43,0x00,0x6b,0x42,0x7d,0xef,0xff,0xff,
  0xbf,0xf7,0xdf,0xf7,0xdf,0xf7,0xdf,0xf7,0xdf,0xf7,0xdf,0xf7,0xdf,0xf7,0xdf,0xf7,0xdf,0xf7,0xdf,0xf7,0xdf,0xf7,0xdf,0xf7,
  0xdf,0xf7,0xdf,0xff,0xdf,0xff,0xdf,0xff,0xdf,0xff,0xff,0xff,0xdf,0xff,0xff,0xff,0xff,0xff,0xff,0xff,0xff,0xff,0xff,0xff,
  0x7f,0xdf,0x9f,0xe7,0xff,0xff,0xff,0xff,0xff,0xff,0xff,0xff,0xff,0xff,0xff,0xff,0xff,0xff,0xff,0xff,0x3f,0xd7,0xbf,0xef,
  0xff,0xff,0xff,0xff,0xff,0xff,0xff,0xff,0xff,0xff,0xff,0xff,0xff,0xff,0xff,0xff,0xff,0xff,0xff,0xff,0xff,0xff,0xff,0xff,
  0xff,0xff,0xff,0xff,0xff,0xff,0xff,0xff,0xff,0xff,0xff,0xff,0xff,0xff,0xff,0xff,0xff,0xff,0xff,0xff,0xdf,0xff,0xff,0xff,
  0xff,0xff,0xff,0xff,0xff,0xff,0xff,0xff,0xff,0xff,0xff,0xff,0xff,0xff,0xff,0xff,0xff,0xff,0xff,0xff,0xff,0xff,0xff,0xff,
  0xff,0xff,0xff,0xff,0xff,0xff,0xff,0xff,0xff,0xff,0xff,0xff,0xff,0xff,0xff,0xff,0xff,0xff,0xff,0xff,0xff,0xff,0xff,0xff,
  0xff,0xff,0xff,0xff,0xff,0xff,0xff,0xff,0xff,0xff,0xff,0xff,0xff,0xff,0xff,0xff,0xff,0xff,0xff,0xff,0xff,0xff,0xff,0xff,
  0xff,0xff,0xff,0xff,0xff,0xff,0xff,0xff,0xff,0xff,0xff,0xff,0xff,0xff,0xff,0xff,0xff,0xff,0xff,0xff,0xff,0xff,0xff,0xff,
  0xff,0xff,0xff,0xff,0xff,0xff,0xff,0xff,0xff,0xff,0xff,0xff,0xff,0xff,0xff,0xff,0xff,0xff,0xff,0xff,0xff,0xff,0xff,0xff,
  0xff,0xff,0xff,0xff,0xff,0xff,0xff,0xff,0xff,0xff,0xff,0xff,0xff,0xff,0xff,0xff,0xff,0xff,0xff,0xff,0xff,0xff,0xff,0xff,
  0xff,0xff,0xff,0xff,0xff,0xff,0xff,0xff,0xff,0xff,0xff,0xff,0xff,0xff,0xff,0xff,0xff,0xff,0xff,0xff,0xff,0xff,0xff,0xff,
  0xff,0xff,0xff,0xff,0xff,0xff,0xff,0xff,0xff,0xff,0xff,0xff,0xff,0xff,0xff,0xff,0xff,0xff,0xff,0xff,0xff,0xff,0xff,0xff,
  0xff,0xff,0xff,0xff,0xff,0xff,0xff,0xff,0xff,0xff,0xff,0xff,0xff,0xff,0xff,0xff,0xff,0xff,0xff,0xff,0xff,0xff,0xff,0xff,
  0x5f,0xdf,0x5f,0xdf,0x5f,0xdf,0x5f,0xdf,0x7f,0xdf,0x7f,0xdf,0x7f,0xdf,0x7f,0xdf,0x7f,0xdf,0x7f,0xdf,0x7f,0xdf,0x7f,0xe7,
  0x9f,0xe7,0xbf,0xef,0xbf,0xef,0xbf,0xef,0xbf,0xef,0xbf,0xef,0xbf,0xef,0xbf,0xef,0xbf,0xef,0xbf,0xef,0x9f,0xef,0xbf,0xef,
  0xbf,0xef,0xbf,0xef,0xbf,0xef,0xbf,0xef,0xbf,0xef,0x9f,0xef,0xbf,0xef,0xbf,0xef,0xbf,0xef,0xbf,0xef,0xbf,0xef,0xbf,0xef,
  0xbf,0xef,0xbf,0xef,0xbf,0xef,0xbf,0xef,0xbf,0xef,0xbf,0xef,0xbf,0xf7,0xbf,0xf7,0xbf,0xf7,0xdf,0xf7,0xdf,0xf7,0xdf,0xf7,
  0xdf,0xf7,0xdf,0xf7,0xdf,0xf7,0xdf,0xf7,0xdf,0xf7,0xdf,0xff,0xdf,0xff,0xdf,0xff,0xdf,0xff,0xff,0xff,0xff,0xff,0xff,0xff,
  0xff,0xff,0xff,0xff,0xff,0xff,0xff,0xff,0xff,0xff,0xff,0xff,0xff,0xff,0xff,0xff,0xff,0xff,0xdf,0xb6,0xdf,0xb6,0xff,0xff,
  0xff,0xff,0xff,0xff,0xff,0xff,0xff,0xff,0xff,0xff,0xff,0xff,0xff,0xff,0xff,0xff,0xbf,0xef,0xdf,0xf7,0xdf,0xff,0xdf,0xf7,
  0xdf,0xf7,0xdf,0xf7,0xdf,0xf7,0xdf,0xf7,0xdf,0xf7,0xbf,0xf7,0xff,0xff,0x5d,0xef,0x6b,0x4a,0x02,0x00,0x84,0x00,0xa4,0x08,
  0x84,0x00,0x84,0x00,0x84,0x00,0x84,0x00,0x84,0x00,0x84,0x00,0x84,0x00,0x84,0x00,0x84,0x00,0x84,0x00,0x84,0x00,0x84,0x00,
  0x84,0x00,0x84,0x00,0x84,0x00,0x84,0x00,0xa4,0x08,0xc5,0x08,0xe6,0x08,0x07,0x09,0x07,0x11,0x07,0x09,0x07,0x09,0x27,0x11,
  0x07,0x09,0x07,0x09,0x07,0x09,0x07,0x09,0x07,0x09,0x06,0x09,0xe6,0x08,0xe6,0x08,0xe6,0x08,0xe6,0x08,0xe6,0x08,0xe6,0x08,
  0xe6,0x08,0xe6,0x08,0xe6,0x08,0xe6,0x08,0xe6,0x08,0xe6,0x08,0xe6,0x08,0xe6,0x08,0xe6,0x08,0xe6,0x08,0xe6,0x08,0xe6,0x08,
  0xe6,0x08,0xe6,0x08,0xc5,0x08,0x43,0x00,0x6f,0x6b,0xdf,0xff,0xff,0xff,0xbf,0xf7,0xdf,0xf7,0xdf,0xf7,0xdf,0xf7,0xdf,0xf7,
  0xdf,0xf7,0xdf,0xf7,0xdf,0xf7,0xdf,0xf7,0xdf,0xf7,0xdf,0xf7,0xdf,0xf7,0xdf,0xf7,0xdf,0xf7,0xdf,0xff,0xdf,0xff,0xdf,0xff,
  0xdf,0xff,0xdf,0xff,0xff,0xff,0xff,0xff,0xff,0xff,0xff,0xff,0xff,0xff,0xbf,0xef,0x9f,0xe7,0xff,0xff,0xff,0xff,0xff,0xff,
  0xff,0xff,0xff,0xff,0xff,0xff,0xff,0xff,0xff,0xff,0x7f,0xdf,0x7f,0xdf,0xff,0xff,0xff,0xff,0xff,0xff,0xff,0xff,0xff,0xff,
  0xff,0xff,0xff,0xff,0xff,0xff,0xff,0xff,0xff,0xff,0xff,0xff,0xff,0xff,0xff,0xff,0xff,0xff,0xff,0xff,0xdf,0xff,0xdf,0xff,
  0xff,0xff,0xff,0xff,0xff,0xff,0xff,0xff,0xff,0xff,0xdf,0xff,0xdf,0xff,0xdf,0xff,0xff,0xff,0xff,0xff,0xff,0xff,0xff,0xff,
  0xff,0xff,0xff,0xff,0xff,0xff,0xff,0xff,0xff,0xff,0xff,0xff,0xff,0xff,0xff,0xff,0xff,0xff,0xff,0xff,0xff,0xff,0xff,0xff,
  0xff,0xff,0xff,0xff,0xff,0xff,0xff,0xff,0xff,0xff,0xff,0xff,0xff,0xff,0xff,0xff,0xff,0xff,0xff,0xff,0xff,0xff,0xff,0xff,
  0xff,0xff,0xff,0xff,0xff,0xff,0xff,0xff,0xff,0xff,0xff,0xff,0xff,0xff,0xff,0xff,0xff,0xff,0xff,0xff,0xff,0xff,0xff,0xff,
  0xff,0xff,0xff,0xff,0xff,0xff,0xff,0xff,0xff,0xff,0xff,0xff,0xff,0xff,0xff,0xff,0xff,0xff,0xff,0xff,0xff,0xff,0xff,0xff,
  0xff,0xff,0xff,0xff,0xff,0xff,0xff,0xff,0xff,0xff,0xff,0xff,0xff,0xff,0xff,0xff,0xff,0xff,0xff,0xff,0xff,0xff,0xff,0xff,
  0xff,0xff,0xff,0xff,0xff,0xff,0xff,0xff,0xff,0xff,0xff,0xff,0xff,0xff,0xff,0xff,0xff,0xff,0xff,0xff,0xff,0xff,0xff,0xff,
  0xff,0xff,0xff,0xff,0xff,0xff,0xff,0xff,0xff,0xff,0xff,0xff,0xff,0xff,0xff,0xff,0xff,0xff,0xff,0xff,0xff,0xff,0xff,0xff,
  0xff,0xff,0xff,0xff,0xff,0xff,0xff,0xff,0xff,0xff,0xff,0xff,0xff,0xff,0xff,0xff,0xff,0xff,0xff,0xff,0xff,0xff,0xff,0xff,
  0xff,0xff,0xff,0xff,0xff,0xff,0xff,0xff,0xff,0xff,0xff,0xff,0xff,0xff,0xff,0xff,0x7f,0xdf,0x7f,0xdf,0x5f,0xdf,0x5f,0xdf,
  0x7f,0xdf,0x7f,0xdf,0x7f,0xdf,0x7f,0xdf,0x7f,0xdf,0x7f,0xdf,0x7f,0xdf,0x7f,0xdf,0x5f,0xdf,0x7f,0xdf,0x7f,0xe7,0x9f,0xef,
  0xbf,0xef,0xbf,0xef,0xbf,0xef,0xbf,0xef,0xbf,0xef,0xbf,0xef,0xbf,0xef,0x9f,0xef,0xbf,0xef,0xbf,0xef,0x9f,0xef,0x9f,0xef,
  0x9f,0xef,0x9f,0xef,0xbf,0xef,0xbf,0xef,0xbf,0xef,0xbf,0xef,0xbf,0xef,0xbf,0xef,0xbf,0xef,0xbf,0xef,0xbf,0xef,0xbf,0xef,
  0xbf,0xef,0xbf,0xef,0xbf,0xef,0xbf,0xf7,0xbf,0xf7,0xbf,0xf7,0xdf,0xf7,0xdf,0xf7,0xdf,0xf7,0xdf,0xf7,0xdf,0xf7,0xdf,0xf7,
  0xdf,0xf7,0xdf,0xf7,0xdf,0xf7,0xdf,0xff,0xdf,0xff,0xff,0xff,0xff,0xff,0xff,0xff,0xff,0xff,0xdf,0xff,0xff,0xff,0xff,0xff,
  0xff,0xff,0xff,0xff,0xff,0xff,0xff,0xff,0xff,0xff,0xff,0xff,0x9f,0xae,0x7f,0xdf,0xff,0xff,0xff,0xff,0xff,0xff,0xff,0xff,
  0xff,0xff,0xff,0xff,0xff,0xff,0xff,0xff,0xdf,0xff,0xbf,0xf7,0xdf,0xf7,0xdf,0xff,0xdf,0xf7,0xdf,0xf7,0xdf,0xf7,0xdf,0xf7,
  0xdf,0xf7,0xdf,0xf7,0xdf,0xf7,0xff,0xff,0xff,0xff,0xf0,0x7b,0x22,0x00,0x43,0x00,0xa5,0x08,0x84,0x00,0x84,0x00,0x84,0x00,
  0x84,0x00,0x84,0x00,0x84,0x00,0x84,0x00,0x84,0x00,0x84,0x00,0x84,0x00,0x84,0x00,0x84,0x00,0x84,0x00,0xa4,0x00,0xa4,0x00,
  0xa4,0x08,0xa4,0x08,0xa4,0x08,0xa4,0x08,0xa5,0x08,0xc5,0x08,0xc5,0x08,0xc6,0x08,0xe6,0x08,0xe6,0x08,0xe6,0x08,0xe6,0x08,
  0xe6,0x08,0xe6,0x08,0xe6,0x08,0xe6,0x08,0xe6,0x08,0xe6,0x08,0xe6,0x08,0xe6,0x08,0xe6,0x08,0xe6,0x08,0xe6,0x08,0xe6,0x08,
  0xe6,0x08,0xe6,0x08,0xe6,0x08,0xe6,0x08,0xe6,0x08,0xe6,0x08,0xe6,0x08,0xe6,0x08,0x06,0x11,0x84,0x00,0xc5,0x08,0xf4,0x9c,
  0xff,0xff,0xdf,0xf7,0xdf,0xf7,0xdf,0xf7,0xdf,0xf7,0xdf,0xf7,0xdf,0xf7,0xdf,0xf7,0xdf,0xf7,0xdf,0xf7,0xdf,0xf7,0xdf,0xf7,
  0xdf,0xf7,0xdf,0xf7,0xdf,0xf7,0xdf,0xff,0xdf,0xf7,0xdf,0xff,0xdf,0xff,0xdf,0xff,0xff,0xff,0xff,0xff,0xff,0xff,0xff,0xff,
  0xff,0xff,0xff,0xff,0xbf,0xf7,0xbf,0xef,0xff,0xff,0xff,0xff,0xff,0xff,0xff,0xff,0xff,0xff,0xff,0xff,0xff,0xff,0xff,0xff,
  0x9f,0xef,0x3f,0xd7,0xff,0xff,0xff,0xff,0xff,0xff,0xff,0xff,0xff,0xff,0xff,0xff,0xff,0xff,0xff,0xff,0xff,0xff,0xff,0xff,
  0xff,0xff,0xff,0xff,0xdf,0xff,0xff,0xff,0xff,0xff,0xff,0xff,0xff,0xff,0xff,0xff,0xff,0xff,0xff,0xff,0xff,0xff,0xdf,0xff,
  0xff,0xff,0xff,0xff,0xdf,0xff,0xff,0xff,0xff,0xff,0xff,0xff,0xff,0xff,0xff,0xff,0xff,0xff,0xff,0xff,0xff,0xff,0xff,0xff,
  0xff,0xff,0xff,0xff,0xff,0xff,0xff,0xff,0xff,0xff,0xff,0xff,0xff,0xff,0xff,0xff,0xff,0xff,0xff,0xff,0xff,0xff,0xff,0xff,
  0xff,0xff,0xff,0xff,0xff,0xff,0xff,0xff,0xff,0xff,0xff,0xff,0xff,0xff,0xff,0xff,0xff,0xff,0xff,0xff,0xff,0xff,0xff,0xff,
  0xff,0xff,0xff,0xff,0xff,0xff,0xff,0xff,0xff,0xff,0xff,0xff,0xff,0xff,0xff,0xff,0xff,0xff,0xff,0xff,0xff,0xff,0xff,0xff,
  0xff,0xff,0xff,0xff,0xff,0xff,0xff,0xff,0xff,0xff,0xff,0xff,0xff,0xff,0xff,0xff,0xff,0xff,0xff,0xff,0xff,0xff,0xff,0xff,
  0xff,0xff,0xff,0xff,0xff,0xff,0xff,0xff,0xff,0xff,0xff,0xff,0xff,0xff,0xff,0xff,0xff,0xff,0xff,0xff,0xff,0xff,0xff,0xff,
  0xff,0xff,0xff,0xff,0xff,0xff,0xff,0xff,0xff,0xff,0xff,0xff,0xff,0xff,0xff,0xff,0xff,0xff,0xff,0xff,0xff,0xff,0xff,0xff,
  0xff,0xff,0xff,0xff,0xff,0xff,0xff,0xff,0xff,0xff,0xff,0xff,0xff,0xff,0xff,0xff,0xff,0xff,0xff,0xff,0xff,0xff,0xff,0xff,
  0xff,0xff,0xff,0xff,0xff,0xff,0xff,0xff,0xff,0xff,0xff,0xff,0xff,0xff,0xff,0xff,0xff,0xff,0xff,0xff,0xff,0xff,0xff,0xff,
  0xff,0xff,0xff,0xff,0xff,0xff,0xff,0xff,0x5f,0xdf,0x5f,0xdf,0x5f,0xdf,0x7f,0xdf,0x7f,0xdf,0x7f,0xdf,0x7f,0xdf,0x7f,0xdf,
  0x7f,0xdf,0x7f,0xdf,0x7f,0xdf,0x7f,0xdf,0x7f,0xdf,0x7f,0xdf,0x7f,0xdf,0x5f,0xdf,0x7f,0xe7,0x9f,0xef,0xbf,0xef,0xbf,0xef,
  0xbf,0xef,0x9f,0xef,0x9f,0xef,0xbf,0xef,0xbf,0xef,0x9f,0xef,0xbf,0xef,0x9f,0xef,0xbf,0xef,0x9f,0xef,0x9f,0xef,0x9f,0xef,
  0xbf,0xef,0x9f,0xef,0xbf,0xef,0xbf,0xef,0xbf,0xef,0xbf,0xef,0xbf,0xef,0xbf,0xef,0xbf,0xef,0xbf,0xef,0xbf,0xef,0xbf,0xf7,
  0xbf,0xf7,0xbf,0xf7,0xbf,0xf7,0xdf,0xf7,0xdf,0xf7,0xdf,0xf7,0xdf,0xf7,0xdf,0xf7,0xdf,0xf7,0xdf,0xf7,0xdf,0xf7,0xdf,0xff,
  0xdf,0xff,0xdf,0xff,0xdf,0xff,0xff,0xff,0xff,0xff,0xff,0xff,0xff,0xff,0xff,0xff,0xff,0xff,0xff,0xff,0xff,0xff,0xff,0xff,
  0xff,0xff,0xff,0xff,0xbf,0xef,0xbf,0xae,0xbf,0xef,0xff,0xff,0xff,0xff,0xff,0xff,0xff,0xff,0xff,0xff,0xff,0xff,0xff,0xff,
  0xff,0xff,0xdf,0xff,0xdf,0xf7,0xdf,0xf7,0xdf,0xf7,0xdf,0xf7,0xdf,0xf7,0xdf,0xf7,0xdf,0xf7,0xdf,0xf7,0xdf,0xf7,0xdf,0xf7,
  0xdf,0xf7,0xff,0xff,0xb7,0xb5,0x46,0x21,0x02,0x00,0xa4,0x00,0xa4,0x08,0x84,0x00,0x84,0x00,0x84,0x00,0x84,0x00,0x84,0x00,
  0x84,0x00,0x84,0x00,0x84,0x00,0x84,0x00,0x84,0x00,0x84,0x00,0xa4,0x00,0xa4,0x00,0xa4,0x00,0xa5,0x08,0xa5,0x08,0xa5,0x08,
  0xa5,0x08,0xa5,0x08,0xa5,0x08,0xc5,0x08,0xc5,0x08,0xc5,0x08,0xc5,0x08,0xc5,0x08,0xc5,0x08,0xc6,0x08,0xe6,0x08,0xe6,0x08,
  0xe6,0x08,0xe6,0x08,0xe6,0x08,0xe6,0x08,0xe6,0x08,0xe6,0x08,0xe6,0x08,0xe6,0x08,0xe6,0x08,0xe6,0x08,0xe6,0x08,0xe6,0x08,
  0xe6,0x08,0xe6,0x08,0xe6,0x08,0xc5,0x08,0x44,0x00,0x4a,0x3a,0x9a,0xce,0xff,0xff,0xbf,0xf7,0xdf,0xf7,0xdf,0xf7,0xdf,0xf7,
  0xdf,0xf7,0xdf,0xf7,0xdf,0xf7,0xdf,0xf7,0xdf,0xf7,0xdf,0xf7,0xdf,0xf7,0xdf,0xf7,0xdf,0xf7,0xdf,0xf7,0xdf,0xf7,0xdf,0xf7,
  0xdf,0xff,0xdf,0xff,0xdf,0xff,0xdf,0xff,0xff,0xff,0xff,0xff,0xff,0xff,0xff,0xff,0xff,0xff,0xdf,0xf7,0xbf,0xef,0xff,0xff,
  0xff,0xff,0xff,0xff,0xff,0xff,0xff,0xff,0xff,0xff,0xff,0xff,0xff,0xff,0xdf,0xf7,0x3f,0xd7,0xdf,0xff,0xff,0xff,0xff,0xff,
  0xff,0xff,0xff,0xff,0xff,0xff,0xff,0xff,0xff,0xff,0xff,0xff,0xff,0xff,0xff,0xff,0xff,0xff,0xff,0xff,0xff,0xff,0xff,0xff,
  0xff,0xff,0xdf,0xff,0xdf,0xff,0xdf,0xff,0xff,0xff,0xff,0xff,0xff,0xff,0xff,0xff,0xff,0xff,0xdf,0xff,0xdf,0xff,0xdf,0xff,
  0xdf,0xff,0xff,0xff,0xff,0xff,0xff,0xff,0xff,0xff,0xff,0xff,0xff,0xff,0xff,0xff,0xff,0xff,0xff,0xff,0xff,0xff,0xff,0xff,
  0xff,0xff,0xff,0xff,0xff,0xff,0xff,0xff,0xff,0xff,0xff,0xff,0xff,0xff,0xff,0xff,0xff,0xff,0xff,0xff,0xff,0xff,0xff,0xff,
  0xff,0xff,0xff,0xff,0xff,0xff,0xff,0xff,0xff,0xff,0xff,0xff,0xff,0xff,0xff,0xff,0xff,0xff,0xff,0xff,0xff,0xff,0xff,0xff,
  0xff,0xff,0xff,0xff,0xff,0xff,0xff,0xff,0xff,0xff,0xff,0xff,0xff,0xff,0xff,0xff,0xff,0xff,0xff,0xff,0xff,0xff,0xff,0xff,
  0xff,0xff,0xff,0xff,0xff,0xff,0xff,0xff,0xff,0xff,0xff,0xff,0xff,0xff,0xff,0xff,0xff,0xff,0xff,0xff,0xff,0xff,0xff,0xff,
  0xff,0xff,0xff,0xff,0xff,0xff,0xff,0xff,0xff,0xff,0xff,0xff,0xff,0xff,0xff,0xff,0xff,0xff,0xff,0xff,0xff,0xff,0xff,0xff,
  0xff,0xff,0xff,0xff,0xff,0xff,0xff,0xff,0xff,0xff,0xff,0xff,0xff,0xff,0xff,0xff,0xff,0xff,0xff,0xff,0xff,0xff,0xff,0xff,
  0xff,0xff,0xff,0xff,0xff,0xff,0xff,0xff,0xff,0xff,0xff,0xff,0xff,0xff,0xff,0xff,0xff,0xff,0xff,0xff,0xff,0xff,0xff,0xff,
  0xff,0xff,0xff,0xff,0xff,0xff,0xff,0xff,0xff,0xff,0xff,0xff,0xff,0xff,0xff,0xff,0xff,0xff,0xff,0xff,0xff,0xff,0xff,0xff,
  0x9f,0xe7,0x7f,0xe7,0x5f,0xdf,0x5f,0xdf,0x5f,0xdf,0x7f,0xdf,0x7f,0xdf,0x7f,0xdf,0x7f,0xdf,0x7f,0xdf,0x7f,0xdf,0x7f,0xdf,
  0x7f,0xdf,0x7f,0xdf,0x7f,0xdf,0x7f,0xdf,0x5f,0xdf,0x5f,0xdf,0x7f,0xe7,0x9f,0xef,0xbf,0xef,0xbf,0xef,0xbf,0xef,0xbf,0xef,
  0xbf,0xef,0x9f,0xef,0x9f,0xef,0x9f,0xef,0x9f,0xef,0x9f,0xef,0x9f,0xef,0xbf,0xef,0xbf,0xef,0xbf,0xef,0x9f,0xef,0x9f,0xef,
  0xbf,0xef,0xbf,0xef,0xbf,0xef,0xbf,0xef,0xbf,0xef,0xbf,0xef,0xbf,0xef,0xbf,0xf7,0xbf,0xf7,0xbf,0xf7,0xbf,0xf7,0xdf,0xf7,
  0xdf,0xf7,0xdf,0xf7,0xdf,0xf7,0xdf,0xf7,0xdf,0xf7,0xdf,0xf7,0xdf,0xf7,0xdf,0xff,0xdf,0xff,0xdf,0xff,0xff,0xff,0xff,0xff,
  0xff,0xff,0xff,0xff,0xff,0xff,0xff,0xff,0xff,0xff,0xff,0xff,0xff,0xff,0xff,0xff,0xff,0xff,0xff,0xff,0xff,0xff,0x7f,0xdf,
  0xdf,0xbe,0xff,0xff,0xff,0xff,0xff,0xff,0xff,0xff,0xff,0xff,0xff,0xff,0xff,0xff,0xff,0xff,0xff,0xff,0xdf,0xff,0xdf,0xf7,
  0xdf,0xff,0xdf,0xff,0xdf,0xf7,0xdf,0xf7,0xdf,0xf7,0xdf,0xf7,0xdf,0xf7,0xdf,0xf7,0xdf,0xf7,0xdf,0xf7,0xff,0xff,0x7d,0xef,
  0x8f,0x73,0x63,0x00,0x23,0x00,0xa5,0x08,0xa4,0x08,0x84,0x00,0x84,0x00,0x84,0x00,0x84,0x00,0x84,0x00,0x84,0x00,0x84,0x00,
  0x84,0x00,0xa4,0x00,0xa4,0x00,0xa4,0x08,0xa4,0x08,0xa5,0x08,0xa5,0x08,0xa5,0x08,0xa5,0x08,0xa5,0x08,0xa5,0x08,0xc5,0x08,
  0xc5,0x08,0xc5,0x08,0xc5,0x08,0xc5,0x08,0xc6,0x08,0xe6,0x08,0xe6,0x08,0xe6,0x08,0xe6,0x08,0xe6,0x08,0xe6,0x08,0xe6,0x08,
  0xe6,0x08,0xe6,0x08,0xe6,0x08,0xe6,0x08,0xe6,0x08,0xe6,0x08,0xe6,0x08,0xe6,0x08,0xe6,0x08,0xe6,0x08,0x64,0x00,0xe6,0x10,
  0x73,0x8c,0xdf,0xff,0xff,0xff,0xbf,0xf7,0xdf,0xf7,0xdf,0xf7,0xdf,0xf7,0xdf,0xf7,0xdf,0xf7,0xdf,0xf7,0xdf,0xf7,0xdf,0xf7,
  0xdf,0xf7,0xdf,0xf7,0xdf,0xf7,0xdf,0xf7,0xdf,0xf7,0xdf,0xf7,0xdf,0xf7,0xdf,0xff,0xdf,0xff,0xdf,0xff,0xff,0xff,0xdf,0xff,
  0xff,0xff,0xff,0xff,0xff,0xff,0xff,0xff,0xdf,0xf7,0xbf,0xef,0xff,0xff,0xff,0xff,0xff,0xff,0xff,0xff,0xff,0xff,0xff,0xff,
  0xff,0xff,0xff,0xff,0xff,0xff,0x3f,0xd7,0xbf,0xef,0xff,0xff,0xff,0xff,0xff,0xff,0xff,0xff,0xff,0xff,0xff,0xff,0xff,0xff,
  0xff,0xff,0xff,0xff,0xff,0xff,0xff,0xff,0xff,0xff,0xff,0xff,0xff,0xff,0xff,0xff,0xdf,0xff,0xff,0xff,0xdf,0xff,0xdf,0xff,
  0xdf,0xff,0xdf,0xff,0xdf,0xff,0xdf,0xff,0xdf,0xff,0xdf,0xff,0xdf,0xff,0xdf,0xff,0xdf,0xff,0xff,0xff,0xff,0xff,0xff,0xff,
  0xff,0xff,0xff,0xff,0xff,0xff,0xff,0xff,0xff,0xff,0xff,0xff,0xff,0xff,0xff,0xff,0xff,0xff,0xff,0xff,0xff,0xff,0xff,0xff,
  0xff,0xff,0xff,0xff,0xff,0xff,0xff,0xff,0xff,0xff,0xff,0xff,0xff,0xff,0xff,0xff,0xff,0xff,0xff,0xff,0xff,0xff,0xff,0xff,
  0xff,0xff,0xff,0xff,0xff,0xff,0xff,0xff,0xff,0xff,0xff,0xff,0xff,0xff,0xff,0xff,0xff,0xff,0xff,0xff,0xff,0xff,0xff,0xff,
  0xff,0xff,0xff,0xff,0xff,0xff,0xff,0xff,0xff,0xff,0xff,0xff,0xff,0xff,0xff,0xff,0xff,0xff,0xff,0xff,0xff,0xff,0xff,0xff,
  0xff,0xff,0xff,0xff,0xff,0xff,0xff,0xff,0xff,0xff,0xff,0xff,0xff,0xff,0xff,0xff,0xff,0xff,0xff,0xff,0xff,0xff,0xff,0xff,
  0xff,0xff,0xff,0xff,0xff,0xff,0xff,0xff,0xff,0xff,0xff,0xff,0xff,0xff,0xff,0xff,0xff,0xff,0xff,0xff,0xff,0xff,0xff,0xff,
  0xff,0xff,0xff,0xff,0xff,0xff,0xff,0xff,0xff,0xff,0xff,0xff,0xff,0xff,0xff,0xff,0xff,0xff,0xff,0xff,0xff,0xff,0xff,0xff,
  0xff,0xff,0xff,0xff,0xff,0xff,0xff,0xff,0xff,0xff,0xff,0xff,0xff,0xff,0xff,0xff,0xff,0xff,0xff,0xff,0xff,0xff,0xff,0xff,
  0xff,0xff,0xff,0xff,0xff,0xff,0xff,0xff,0xff,0xff,0xff,0xff,0xff,0xff,0xff,0xff,0xbf,0xef,0xbf,0xef,0xbf,0xef,0x9f,0xef,
  0x9f,0xe7,0x7f,0xe7,0x7f,0xdf,0x5f,0xdf,0x7f,0xdf,0x7f,0xe7,0x7f,0xdf,0x7f,0xdf,0x7f,0xdf,0x7f,0xdf,0x7f,0xdf,0x7f,0xdf,
  0x7f,0xdf,0x7f,0xdf,0x7f,0xdf,0x7f,0xdf,0x7f,0xe7,0x9f,0xef,0xbf,0xef,0xbf,0xef,0xbf,0xef,0xbf,0xef,0x9f,0xef,0x9f,0xef,
  0x9f,0xef,0x9f,0xef,0xbf,0xef,0xbf,0xef,0xbf,0xef,0xbf,0xef,0xbf,0xef,0xbf,0xef,0xbf,0xef,0xbf,0xef,0xbf,0xef,0xbf,0xef,
  0xbf,0xef,0xbf,0xef,0xbf,0xef,0xbf,0xf7,0xbf,0xf7,0xbf,0xf7,0xbf,0xf7,0xbf,0xf7,0xdf,0xf7,0xdf,0xf7,0xdf,0xf7,0xdf,0xf7,
  0xdf,0xf7,0xdf,0xf7,0xdf,0xf7,0xdf,0xf7,0xdf,0xff,0xdf,0xff,0xff,0xff,0xff,0xff,0xff,0xff,0xff,0xff,0xff,0xff,0xff,0xff,
  0xff,0xff,0xff,0xff,0xff,0xff,0xff,0xff,0xff,0xff,0xff,0xff,0xff,0xff,0xff,0xff,0x5f,0xdf,0x3f,0xcf,0xff,0xff,0xff,0xff,
  0xff,0xff,0xff,0xff,0xff,0xff,0xff,0xff,0xff,0xff,0xff,0xff,0xff,0xff,0xdf,0xff,0xdf,0xf7,0xdf,0xff,0xdf,0xf7,0xdf,0xf7,
  0xdf,0xf7,0xdf,0xf7,0xdf,0xff,0xdf,0xf7,0xdf,0xf7,0xdf,0xff,0xdf,0xf7,0xff,0xff,0xff,0xff,0x39,0xc6,0x2a,0x42,0x22,0x00,
  0x43,0x00,0xa4,0x08,0xa4,0x08,0x84,0x00,0x84,0x00,0x84,0x00,0x84,0x00,0x84,0x00,0x84,0x00,0x84,0x00,0x84,0x00,0xa4,0x08,
  0xa4,0x08,0xa5,0x08,0xa5,0x08,0xa5,0x08,0xc5,0x08,0xa5,0x08,0xa5,0x08,0xc5,0x08,0xc5,0x08,0xc5,0x08,0xc5,0x08,0xc5,0x08,
  0xc6,0x08,0xe6,0x08,0xe6,0x08,0xe6,0x08,0xe6,0x08,0xe6,0x08,0xe6,0x08,0xe6,0x08,0xe6,0x08,0xe6,0x08,0xe6,0x08,0xe6,0x08,
  0xe6,0x08,0xe6,0x08,0xe6,0x08,0xe6,0x08,0x84,0x00,0x84,0x00,0x0d,0x5b,0xdb,0xd6,0xff,0xff,0xdf,0xf7,0xbf,0xf7,0xdf,0xf7,
  0xdf,0xf7,0xdf,0xf7,0xdf,0xf7,0xdf,0xf7,0xdf,0xf7,0xdf,0xf7,0xdf,0xf7,0xdf,0xf7,0xdf,0xf7,0xdf,0xf7,0xdf,0xf7,0xdf,0xff,
  0xdf,0xf7,0xdf,0xff,0xdf,0xff,0xdf,0xff,0xdf,0xff,0xff,0xff,0xff,0xff,0xff,0xff,0xff,0xff,0xff,0xff,0xff,0xff,0xdf,0xf7,
  0xdf,0xf7,0xff,0xff,0xff,0xff,0xff,0xff,0xff,0xff,0xff,0xff,0xff,0xff,0xff,0xff,0xff,0xff,0xff,0xff,0x5f,0xd7,0x9f,0xe7,
  0xff,0xff,0xff,0xff,0xff,0xff,0xff,0xff,0xff,0xff,0xff,0xff,0xff,0xff,0xff,0xff,0xff,0xff,0xff,0xff,0xff,0xff,0xff,0xff,
  0xff,0xff,0xff,0xff,0xff,0xff,0xff,0xff,0xdf,0xff,0xdf,0xff,0xff,0xff,0xdf,0xff,0xdf,0xff,0xdf,0xff,0xdf,0xff,0xdf,0xff,
  0xff,0xff,0xdf,0xff,0xff,0xff,0xdf,0xff,0xff,0xff,0xdf,0xff,0xdf,0xff,0xff,0xff,0xff,0xff,0xff,0xff,0xff,0xff,0xff,0xff,
  0xff,0xff,0xff,0xff,0xff,0xff,0xff,0xff,0xff,0xff,0xff,0xff,0xff,0xff,0xff,0xff,0xff,0xff,0xff,0xff,0xff,0xff,0xff,0xff,
  0xff,0xff,0xff,0xff,0xff,0xff,0xff,0xff,0xff,0xff,0xff,0xff,0xff,0xff,0xff,0xff,0xff,0xff,0xff,0xff,0xff,0xff,0xff,0xff,
  0xff,0xff,0xff,0xff,0xff,0xff,0xff,0xff,0xff,0xff,0xff,0xff,0xff,0xff,0xff,0xff,0xff,0xff,0xff,0xff,0xff,0xff,0xff,0xff,
  0xff,0xff,0xff,0xff,0xff,0xff,0xff,0xff,0xff,0xff,0xff,0xff,0xff,0xff,0xff,0xff,0xff,0xff,0xff,0xff,0xff,0xff,0xff,0xff,
  0xff,0xff,0xff,0xff,0xff,0xff,0xff,0xff,0xff,0xff,0xff,0xff,0xff,0xff,0xff,0xff,0xff,0xff,0xff,0xff,0xff,0xff,0xff,0xff,
  0xff,0xff,0xff,0xff,0xff,0xff,0xff,0xff,0xff,0xff,0xff,0xff,0xff,0xff,0xff,0xff,0xff,0xff,0xff,0xff,0xff,0xff,0xff,0xff,
  0xff,0xff,0xff,0xff,0xff,0xff,0xff,0xff,0xff,0xff,0xff,0xff,0xff,0xff,0xff,0xff,0xff,0xff,0xff,0xff,0xff,0xff,0xff,0xff,
  0xff,0xff,0xff,0xff,0xff,0xff,0xff,0xff,0xff,0xff,0xff,0xff,0xff,0xff,0xff,0xff,0xff,0xff,0xff,0xff,0xff,0xff,0xff,0xff,
  0xff,0xff,0xdf,0xff,0xff,0xff,0xff,0xff,0x9f,0xef,0x9f,0xef,0x9f,0xef,0xbf,0xef,0xbf,0xef,0xbf,0xf7,0xbf,0xef,0x9f,0xef,
  0x7f,0xe7,0x7f,0xdf,0x5f,0xdf,0x7f,0xdf,0x7f,0xdf,0x7f,0xdf,0x7f,0xdf,0x7f,0xdf,0x7f,0xdf,0x7f,0xdf,0x7f,0xdf,0x7f,0xdf,
  0x7f,0xdf,0x5f,0xdf,0x7f,0xe7,0x9f,0xef,0xbf,0xef,0xbf,0xef,0xbf,0xef,0xbf,0xef,0x9f,0xef,0xbf,0xef,0xbf,0xef,0xbf,0xef,
  0xbf,0xef,0xbf,0xef,0xbf,0xef,0xbf,0xef,0xbf,0xef,0xbf,0xef,0xbf,0xef,0xbf,0xef,0xbf,0xef,0xbf,0xef,0xbf,0xef,0xbf,0xef,
  0xbf,0xf7,0xbf,0xf7,0xbf,0xf7,0xbf,0xf7,0xdf,0xf7,0xdf,0xf7,0xdf,0xf7,0xdf,0xf7,0xdf,0xf7,0xdf,0xf7,0xdf,0xf7,0xdf,0xf7,
  0xdf,0xff,0xdf,0xff,0xff,0xff,0xff,0xff,0xff,0xff,0xff,0xff,0xff,0xff,0xff,0xff,0xff,0xff,0xff,0xff,0xff,0xff,0xff,0xff,
  0xff,0xff,0xff,0xff,0xff,0xff,0xff,0xff,0xff,0xff,0x5f,0xd7,0x5f,0xdf,0xff,0xff,0xff,0xff,0xff,0xff,0xff,0xff,0xff,0xff,
  0xff,0xff,0xff,0xff,0xff,0xff,0xff,0xff,0xdf,0xff,0xdf,0xf7,0xdf,0xf7,0xdf,0xf7,0xdf,0xff,0xff,0xff,0xdf,0xff,0xdf,0xf7,
  0xdf,0xf7,0xdf,0xf7,0xdf,0xff,0xdf,0xf7,0xdf,0xf7,0xff,0xff,0xff,0xff,0x55,0xad,0xc8,0x31,0x02,0x00,0x23,0x00,0xa4,0x00,
  0xa4,0x08,0xa4,0x08,0x84,0x00,0x84,0x00,0xa4,0x00,0x84,0x00,0x84,0x00,0xa4,0x00,0xa4,0x00,0xa5,0x08,0xa5,0x08,0xa5,0x08,
  0xa5,0x08,0xa5,0x08,0xa5,0x08,0xa5,0x08,0xa5,0x08,0xc5,0x08,0xc5,0x08,0xc5,0x08,0xc5,0x08,0xc6,0x08,0xc6,0x08,0xc5,0x08,
  0xe6,0x08,0xe6,0x08,0xe6,0x08,0xe6,0x08,0xe6,0x08,0xe6,0x08,0xe6,0x08,0xe6,0x08,0x06,0x11,0xe6,0x08,0x64,0x00,0x84,0x00,
  0x8c,0x4a,0x19,0xc6,0xff,0xff,0xff,0xff,0xbf,0xf7,0xdf,0xf7,0xdf,0xf7,0xdf,0xf7,0xdf,0xf7,0xdf,0xf7,0xdf,0xf7,0xdf,0xf7,
  0xdf,0xf7,0xdf,0xf7,0xdf,0xf7,0xdf,0xf7,0xdf,0xf7,0xdf,0xf7,0xdf,0xf7,0xdf,0xf7,0xdf,0xff,0xdf,0xff,0xdf,0xff,0xdf,0xff,
  0xff,0xff,0xff,0xff,0xdf,0xff,0xff,0xff,0xff,0xff,0xff,0xff,0xdf,0xf7,0xdf,0xf7,0xff,0xff,0xff,0xff,0xff,0xff,0xff,0xff,
  0xff,0xff,0xff,0xff,0xff,0xff,0xff,0xff,0xff,0xff,0x7f,0xdf,0x7f,0xdf,0xff,0xff,0xff,0xff,0xff,0xff,0xff,0xff,0xff,0xff,
  0xff,0xff,0xff,0xff,0xff,0xff,0xff,0xff,0xff,0xff,0xff,0xff,0xff,0xff,0xff,0xff,0xff,0xff,0xdf,0xff,0xdf,0xff,0xdf,0xff,
  0xdf,0xff,0xdf,0xff,0xff,0xff,0xdf,0xff,0xdf,0xff,0xdf,0xff,0xdf,0xff,0xdf,0xff,0xdf,0xff,0xdf,0xff,0xdf,0xff,0xdf,0xff,
  0xdf,0xff,0xdf,0xff,0xdf,0xff,0xdf,0xff,0xff,0xff,0xff,0xff,0xff,0xff,0xff,0xff,0xff,0xff,0xff,0xff,0xff,0xff,0xff,0xff,
  0xff,0xff,0xff,0xff,0xff,0xff,0xff,0xff,0xff,0xff,0xff,0xff,0xff,0xff,0xff,0xff,0xff,0xff,0xff,0xff,0xff,0xff,0xff,0xff,
  0xff,0xff,0xff,0xff,0xff,0xff,0xff,0xff,0xff,0xff,0xff,0xff,0xff,0xff,0xff,0xff,0xff,0xff,0xff,0xff,0xff,0xff,0xff,0xff,
  0xff,0xff,0xff,0xff,0xff,0xff,0xff,0xff,0xff,0xff,0xff,0xff,0xff,0xff,0xff,0xff,0xff,0xff,0xff,0xff,0xff,0xff,0xff,0xff,
  0xff,0xff,0xff,0xff,0xff,0xff,0xff,0xff,0xff,0xff,0xff,0xff,0xff,0xff,0xff,0xff,0xff,0xff,0xff,0xff,0xff,0xff,0xff,0xff,
  0xff,0xff,0xff,0xff,0xff,0xff,0xff,0xff,0xff,0xff,0xff,0xff,0xff,0xff,0xff,0xff,0xff,0xff,0xff,0xff,0xff,0xff,0xff,0xff,
  0xff,0xff,0xff,0xff,0xff,0xff,0xff,0xff,0xff,0xff,0xff,0xff,0xff,0xff,0xff,0xff,0xff,0xff,0xff,0xff,0xff,0xff,0xff,0xff,
  0xff,0xff,0xff,0xff,0xff,0xff,0xff,0xff,0xff,0xff,0xff,0xff,0xff,0xff,0xff,0xff,0xff,0xff,0xff,0xff,0xff,0xff,0xff,0xff,
  0xff,0xff,0xff,0xff,0xff,0xff,0xff,0xff,0xff,0xff,0xff,0xff,0xff,0xff,0xff,0xff,0xff,0xff,0xff,0xff,0xff,0xff,0xff,0xff,
  0x9f,0xef,0x9f,0xef,0x9f,0xef,0x9f,0xef,0x9f,0xef,0x9f,0xef,0x9f,0xef,0xbf,0xef,0xbf,0xef,0xbf,0xef,0x9f,0xe7,0x7f,0xdf,
  0x7f,0xdf,0x7f,0xdf,0x7f,0xdf,0x7f,0xdf,0x7f,0xdf,0x7f,0xdf,0x7f,0xdf,0x7f,0xdf,0x7f,0xdf,0x7f,0xdf,0x5f,0xdf,0x5f,0xdf,
  0x7f,0xe7,0xbf,0xef,0xbf,0xef,0xbf,0xef,0xbf,0xef,0xbf,0xef,0xbf,0xef,0xbf,0xef,0xbf,0xef,0xbf,0xef,0xbf,0xef,0xbf,0xef,
  0xbf,0xef,0xbf,0xef,0xbf,0xef,0xbf,0xef,0xbf,0xef,0xbf,0xef,0xbf,0xef,0xbf,0xf7,0xbf,0xf7,0xbf,0xf7,0xdf,0xf7,0xdf,0xf7,
  0xdf,0xf7,0xdf,0xf7,0xdf,0xf7,0xdf,0xf7,0xdf,0xf7,0xdf,0xf7,0xdf,0xf7,0xdf,0xff,0xdf,0xff,0xdf,0xff,0xdf,0xff,0xdf,0xff,
  0xdf,0xff,0xff,0xff,0xff,0xff,0xff,0xff,0xff,0xff,0xff,0xff,0xff,0xff,0xff,0xff,0xff,0xff,0xff,0xff,0xff,0xff,0xff,0xff,
  0xff,0xff,0xff,0xff,0x5f,0xdf,0x9f,0xe7,0xff,0xff,0xff,0xff,0xff,0xff,0xff,0xff,0xff,0xff,0xff,0xff,0xff,0xff,0xff,0xff,
  0xff,0xff,0xdf,0xff,0xdf,0xf7,0xdf,0xf7,0xdf,0xff,0xdf,0xff,0xff,0xff,0xff,0xff,0xff,0xff,0xff,0xff,0xdf,0xff,0xdf,0xf7,
  0xdf,0xf7,0xdf,0xf7,0xdf,0xff,0xff,0xff,0xdf,0xff,0x55,0xa5,0x2a,0x42,0x43,0x00,0x23,0x00,0x84,0x00,0xa5,0x08,0xa4,0x08,
  0xa4,0x08,0x84,0x00,0xa4,0x00,0xa4,0x00,0xa4,0x00,0xa4,0x08,0xa5,0x08,0xa5,0x08,0xa5,0x08,0xa5,0x08,0xa5,0x08,0xa5,0x08,
  0xa5,0x08,0xc5,0x08,0xc5,0x08,0xc5,0x08,0xc5,0x08,0xc5,0x08,0xc5,0x08,0xc5,0x08,0xe6,0x08,0xe6,0x08,0xe6,0x08,0xe6,0x08,
  0xe6,0x08,0x06,0x11,0xe6,0x08,0xa5,0x00,0x43,0x00,0xa5,0x08,0xcd,0x52,0xf8,0xbd,0xff,0xff,0xff,0xff,0xdf,0xf7,0xdf,0xf7,
  0xdf,0xf7,0xdf,0xf7,0xdf,0xf7,0xdf,0xf7,0xdf,0xf7,0xdf,0xf7,0xdf,0xf7,0xdf,0xf7,0xdf,0xf7,0xdf,0xf7,0xdf,0xf7,0xdf,0xf7,
  0xdf,0xf7,0xdf,0xf7,0xdf,0xf7,0xdf,0xf7,0xdf,0xff,0xdf,0xff,0xdf,0xff,0xdf,0xff,0xff,0xff,0xff,0xff,0xff,0xff,0xff,0xff,
  0xff,0xff,0xdf,0xff,0xdf,0xff,0xff,0xff,0xff,0xff,0xff,0xff,0xff,0xff,0xff,0xff,0xff,0xff,0xff,0xff,0xff,0xff,0xff,0xff,
  0x7f,0xe7,0x7f,0xdf,0xff,0xff,0xff,0xff,0xff,0xff,0xff,0xff,0xff,0xff,0xff,0xff,0xff,0xff,0xff,0xff,0xff,0xff,0xff,0xff,
  0xff,0xff,0xff,0xff,0xff,0xff,0xff,0xff,0xff,0xff,0xff,0xff,0xdf,0xff,0xdf,0xff,0xdf,0xff,0xdf,0xff,0xdf,0xff,0xdf,0xff,
  0xdf,0xff,0xdf,0xff,0xdf,0xff,0xdf,0xff,0xdf,0xff,0xdf,0xff,0xdf,0xff,0xdf,0xff,0xdf,0xff,0xdf,0xff,0xff,0xff,0xff,0xff,
  0xff,0xff,0xff,0xff,0xff,0xff,0xff,0xff,0xff,0xff,0xff,0xff,0xff,0xff,0xff,0xff,0xff,0xff,0xff,0xff,0xff,0xff,0xff,0xff,
  0xff,0xff,0xff,0xff,0xff,0xff,0xff,0xff,0xff,0xff,0xff,0xff,0xff,0xff,0xff,0xff,0xff,0xff,0xff,0xff,0xff,0xff,0xff,0xff,
  0xff,0xff,0xff,0xff,0xff,0xff,0xff,0xff,0xff,0xff,0xff,0xff,0xff,0xff,0xff,0xff,0xff,0xff,0xff,0xff,0xff,0xff,0xff,0xff,
  0xff,0xff,0xff,0xff,0xff,0xff,0xff,0xff,0xff,0xff,0xff,0xff,0xff,0xff,0xff,0xff,0xff,0xff,0xff,0xff,0xff,0xff,0xff,0xff,
  0xff,0xff,0xff,0xff,0xff,0xff,0xff,0xff,0xff,0xff,0xff,0xff,0xff,0xff,0xff,0xff,0xff,0xff,0xff,0xff,0xff,0xff,0xff,0xff,
  0xff,0xff,0xff,0xff,0xff,0xff,0xff,0xff,0xff,0xff,0xff,0xff,0xff,0xff,0xff,0xff,0xff,0xff,0xff,0xff,0xff,0xff,0xff,0xff,
  0xff,0xff,0xff,0xff,0xff,0xff,0xff,0xff,0xff,0xff,0xff,0xff,0xff,0xff,0xff,0xff,0xff,0xff,0xff,0xff,0xff,0xff,0xff,0xff,
  0xff,0xff,0xff,0xff,0xff,0xff,0xff,0xff,0xff,0xff,0xff,0xff,0xff,0xff,0xff,0xff,0xff,0xff,0xff,0xff,0xff,0xff,0xff,0xff,
  0xff,0xff,0xff,0xff,0xff,0xff,0xff,0xff,0xff,0xff,0xff,0xff,0xdf,0xff,0xdf,0xff,0x9f,0xef,0x9f,0xef,0x9f,0xef,0x9f,0xef,
  0x9f,0xef,0x9f,0xef,0x9f,0xef,0x9f,0xef,0x9f,0xef,0xbf,0xef,0xbf,0xef,0xbf,0xef,0x9f,0xef,0x7f,0xe7,0x5f,0xdf,0x5f,0xdf,
  0x7f,0xdf,0x7f,0xdf,0x7f,0xdf,0x7f,0xdf,0x5f,0xdf,0x5f,0xdf,0x7f,0xdf,0x7f,0xdf,0x5f,0xdf,0x7f,0xdf,0x9f,0xe7,0xbf,0xef,
  0xbf,0xef,0xbf,0xef,0xbf,0xef,0xbf,0xef,0xbf,0xef,0xbf,0xef,0xbf,0xef,0xbf,0xef,0x9f,0xef,0xbf,0xef,0xbf,0xef,0xbf,0xef,
  0xbf,0xef,0xbf,0xef,0xbf,0xef,0xbf,0xf7,0xbf,0xf7,0xbf,0xf7,0xdf,0xf7,0xdf,0xf7,0xdf,0xf7,0xdf,0xf7,0xdf,0xf7,0xdf,0xf7,
  0xdf,0xf7,0xdf,0xf7,0xdf,0xf7,0xdf,0xf7,0xdf,0xf7,0xdf,0xff,0xdf,0xff,0xdf,0xff,0xdf,0xff,0xff,0xff,0xff,0xff,0xff,0xff,
  0xff,0xff,0xff,0xff,0xff,0xff,0xff,0xff,0xff,0xff,0xff,0xff,0xff,0xff,0xff,0xff,0xff,0xff,0xff,0xff,0xff,0xff,0x9f,0xe7,
  0xbf,0xef,0xff,0xff,0xff,0xff,0xff,0xff,0xff,0xff,0xff,0xff,0xff,0xff,0xff,0xff,0xff,0xff,0xff,0xff,0xff,0xff,0xff,0xff,
  0xdf,0xf7,0xdf,0xf7,0xdf,0xff,0x0d,0x5b,0x72,0x8c,0xdf,0xf7,0xff,0xff,0xff,0xff,0xff,0xff,0xff,0xff,0xff,0xff,0xdf,0xff,
  0xff,0xff,0xff,0xff,0xff,0xff,0x39,0xc6,0x4e,0x63,0xe6,0x10,0x02,0x00,0x02,0x00,0x63,0x00,0xa4,0x08,0xc5,0x08,0xc5,0x08,
  0xa5,0x08,0xa4,0x08,0xa4,0x08,0xa4,0x00,0xa5,0x08,0xa5,0x08,0xa5,0x08,0xa5,0x08,0xa5,0x08,0xa5,0x08,0xa5,0x08,0xc5,0x08,
  0xa5,0x08,0xc5,0x08,0xc5,0x08,0xe6,0x08,0xe6,0x08,0xe6,0x08,0xe6,0x08,0xe6,0x08,0xa5,0x00,0x64,0x00,0x84,0x00,0x88,0x21,
  0xb0,0x73,0x7a,0xce,0xff,0xff,0xff,0xff,0xdf,0xf7,0xdf,0xf7,0xdf,0xff,0xdf,0xff,0xdf,0xff,0xdf,0xff,0xdf,0xff,0xdf,0xff,
  0xdf,0xff,0xdf,0xff,0xdf,0xff,0xdf,0xff,0xdf,0xff,0xdf,0xff,0xdf,0xff,0xdf,0xf7,0xdf,0xff,0xdf,0xf7,0xdf,0xf7,0xdf,0xff,
  0xdf,0xff,0xdf,0xff,0xff,0xff,0xdf,0xff,0xff,0xff,0xff,0xff,0xff,0xff,0xdf,0xff,0xff,0xff,0xff,0xff,0xff,0xff,0xff,0xff,
  0xff,0xff,0xff,0xff,0xff,0xff,0xff,0xff,0xff,0xff,0xff,0xff,0xff,0xff,0x9f,0xef,0x7f,0xe7,0xff,0xff,0xff,0xff,0xff,0xff,
  0xff,0xff,0xff,0xff,0xff,0xff,0xff,0xff,0xff,0xff,0xff,0xff,0xff,0xff,0xff,0xff,0xff,0xff,0xff,0xff,0xff,0xff,0xff,0xff,
  0xff,0xff,0xdf,0xff,0xdf,0xff,0xdf,0xff,0xdf,0xff,0xdf,0xff,0xdf,0xff,0xdf,0xff,0xdf,0xff,0xdf,0xff,0xdf,0xff,0xdf,0xff,
  0xdf,0xff,0xdf,0xff,0xdf,0xff,0xdf,0xff,0xff,0xff,0xff,0xff,0xff,0xff,0xff,0xff,0xdf,0xff,0xff,0xff,0xff,0xff,0xff,0xff,
  0xff,0xff,0xff,0xff,0xff,0xff,0xff,0xff,0xff,0xff,0xff,0xff,0xff,0xff,0xff,0xff,0xff,0xff,0xff,0xff,0xff,0xff,0xff,0xff,
  0xff,0xff,0xff,0xff,0xff,0xff,0xff,0xff,0xff,0xff,0xff,0xff,0xff,0xff,0xff,0xff,0xff,0xff,0xff,0xff,0xff,0xff,0xff,0xff,
  0xff,0xff,0xff,0xff,0xff,0xff,0xff,0xff,0xff,0xff,0xff,0xff,0xff,0xff,0xff,0xff,0xff,0xff,0xff,0xff,0xff,0xff,0xff,0xff,
  0xff,0xff,0xff,0xff,0xff,0xff,0xff,0xff,0xff,0xff,0xff,0xff,0xff,0xff,0xff,0xff,0xff,0xff,0xff,0xff,0xff,0xff,0xff,0xff,
  0xff,0xff,0xff,0xff,0xff,0xff,0xff,0xff,0xff,0xff,0xff,0xff,0xff,0xff,0xff,0xff,0xff,0xff,0xff,0xff,0xff,0xff,0xff,0xff,
  0xff,0xff,0xff,0xff,0xff,0xff,0xff,0xff,0xff,0xff,0xff,0xff,0xff,0xff,0xff,0xff,0xff,0xff,0xff,0xff,0xff,0xff,0xff,0xff,
  0xff,0xff,0xff,0xff,0xff,0xff,0xff,0xff,0xff,0xff,0xff,0xff,0xff,0xff,0xff,0xff,0xff,0xff,0xff,0xff,0xff,0xff,0xff,0xff,
  0xff,0xff,0xff,0xff,0xff,0xff,0xff,0xff,0xff,0xff,0xff,0xff,0xff,0xff,0xff,0xff,0xff,0xff,0xff,0xff,0xff,0xff,0xff,0xff,
  0xff,0xff,0xdf,0xff,0xdf,0xff,0xdf,0xff,0x9f,0xef,0x9f,0xef,0x9f,0xef,0x9f,0xef,0x9f,0xef,0x9f,0xef,0x9f,0xef,0x9f,0xef,
  0x9f,0xef,0x9f,0xef,0x9f,0xef,0x9f,0xef,0xbf,0xef,0xbf,0xef,0xbf,0xef,0x7f,0xe7,0x7f,0xdf,0x5f,0xdf,0x7f,0xdf,0x5f,0xdf,
  0x7f,0xdf,0x7f,0xdf,0x7f,0xdf,0x5f,0xdf,0x7f,0xdf,0x7f,0xdf,0x5f,0xdf,0x7f,0xe7,0x9f,0xef,0xbf,0xef,0xbf,0xef,0xbf,0xef,
  0xbf,0xef,0xbf,0xef,0xbf,0xef,0xbf,0xef,0xbf,0xef,0xbf,0xef,0xbf,0xef,0xbf,0xef,0xbf,0xef,0xbf,0xef,0xbf,0xf7,0xbf,0xf7,
  0xbf,0xf7,0xbf,0xf7,0xbf,0xf7,0xdf,0xf7,0xbf,0xf7,0xdf,0xf7,0xdf,0xf7,0xdf,0xf7,0xdf,0xf7,0xdf,0xf7,0xdf,0xf7,0xdf,0xf7,
  0xdf,0xf7,0xdf,0xff,0xdf,0xff,0xff,0xff,0xff,0xff,0xdf,0xff,0xdf,0xff,0xff,0xff,0xff,0xff,0xff,0xff,0xff,0xff,0xff,0xff,
  0xff,0xff,0xff,0xff,0xff,0xff,0xff,0xff,0xff,0xff,0xff,0xff,0xff,0xff,0xff,0xff,0xbf,0xef,0xdf,0xf7,0xff,0xff,0xff,0xff,
  0xff,0xff,0xff,0xff,0xff,0xff,0xff,0xff,0xff,0xff,0xff,0xff,0xff,0xff,0xdf,0xff,0xdf,0xf7,0xff,0xff,0x6e,0x6b,0x01,0x00,
  0x02,0x00,0xf4,0x9c,0xff,0xff,0xdf,0xff,0xdf,0xff,0xdf,0xff,0xdf,0xf7,0xdf,0xff,0xdf,0xf7,0xbf,0xf7,0xdf,0xf7,0xff,0xff,
  0xff,0xff,0x1c,0xe7,0xf4,0x9c,0x8b,0x4a,0xe5,0x10,0x22,0x00,0x02,0x00,0x23,0x00,0x64,0x00,0x84,0x00,0xa4,0x00,0xa4,0x08,
  0xa5,0x08,0xc5,0x08,0xc5,0x08,0xc5,0x08,0xc5,0x08,0xc5,0x08,0xc5,0x08,0xc5,0x08,0xc5,0x08,0xc5,0x08,0xc5,0x08,0xa5,0x00,
  0x84,0x00,0x43,0x00,0x22,0x00,0x84,0x00,0xa9,0x29,0xb0,0x6b,0xd7,0xb5,0x9e,0xef,0xff,0xff,0xff,0xff,0xbf,0xf7,0xbf,0xf7,
  0xdf,0xf7,0xdf,0xf7,0xdf,0xf7,0xdf,0xf7,0xdf,0xff,0xdf,0xff,0xdf,0xf7,0xdf,0xf7,0xdf,0xf7,0xdf,0xf7,0xdf,0xf7,0xdf,0xf7,
  0xdf,0xff,0xff,0xff,0xdf,0xff,0xdf,0xff,0xdf,0xff,0xdf,0xff,0xdf,0xff,0xff,0xff,0xff,0xff,0xdf,0xff,0xdf,0xff,0xff,0xff,
  0xdf,0xff,0xff,0xff,0xdf,0xff,0xff,0xff,0xff,0xff,0xff,0xff,0xff,0xff,0xff,0xff,0xff,0xff,0xff,0xff,0xff,0xff,0xff,0xff,
  0xff,0xff,0xff,0xff,0xbf,0xef,0x9f,0xef,0xff,0xff,0xff,0xff,0xff,0xff,0xff,0xff,0xff,0xff,0xff,0xff,0xff,0xff,0xff,0xff,
  0xff,0xff,0xff,0xff,0xff,0xff,0xff,0xff,0xff,0xff,0xff,0xff,0xff,0xff,0xdf,0xff,0xff,0xff,0xdf,0xff,0xdf,0xff,0xdf,0xff,
  0xdf,0xff,0xdf,0xff,0xdf,0xff,0xdf,0xff,0xdf,0xff,0xdf,0xff,0xdf,0xff,0xff,0xff,0xff,0xff,0xdf,0xff,0xdf,0xff,0xdf,0xff,
  0xdf,0xff,0xff,0xff,0xff,0xff,0xff,0xff,0xff,0xff,0xff,0xff,0xff,0xff,0xff,0xff,0xff,0xff,0xff,0xff,0xff,0xff,0xff,0xff,
  0xff,0xff,0xff,0xff,0xff,0xff,0xff,0xff,0xff,0xff,0xff,0xff,0xff,0xff,0xff,0xff,0xff,0xff,0xff,0xff,0xff,0xff,0xff,0xff,
  0xff,0xff,0xff,0xff,0xff,0xff,0xff,0xff,0xff,0xff,0xff,0xff,0xff,0xff,0xff,0xff,0xff,0xff,0xff,0xff,0xff,0xff,0xff,0xff,
  0xff,0xff,0xff,0xff,0xff,0xff,0xff,0xff,0xff,0xff,0xff,0xff,0xff,0xff,0xff,0xff,0xff,0xff,0xff,0xff,0xff,0xff,0xff,0xff,
  0xff,0xff,0xff,0xff,0xff,0xff,0xff,0xff,0xff,0xff,0xff,0xff,0xff,0xff,0xff,0xff,0xff,0xff,0xff,0xff,0xff,0xff,0xff,0xff,
  0xff,0xff,0xff,0xff,0xff,0xff,0xff,0xff,0xff,0xff,0xff,0xff,0xff,0xff,0xff,0xff,0xff,0xff,0xff,0xff,0xff,0xff,0xff,0xff,
  0xff,0xff,0xff,0xff,0xff,0xff,0xff,0xff,0xff,0xff,0xff,0xff,0xff,0xff,0xff,0xff,0xff,0xff,0xff,0xff,0xff,0xff,0xff,0xff,
  0xff,0xff,0xff,0xff,0xff,0xff,0xff,0xff,0xff,0xff,0xff,0xff,0xff,0xff,0xff,0xff,0xff,0xff,0xff,0xff,0xff,0xff,0xff,0xff,
  0xff,0xff,0xff,0xff,0xff,0xff,0xff,0xff,0xff,0xff,0xff,0xff,0xff,0xff,0xff,0xff,0xff,0xff,0xdf,0xff,0xdf,0xff,0xdf,0xff,
  0x9f,0xef,0x9f,0xef,0x9f,0xef,0x9f,0xef,0x9f,0xef,0x9f,0xef,0x9f,0xef,0x9f,0xef,0x9f,0xef,0x9f,0xef,0x9f,0xef,0x9f,0xef,
  0x9f,0xef,0x9f,0xef,0xbf,0xef,0xbf,0xf7,0xbf,0xef,0x9f,0xe7,0x5f,0xdf,0x5f,0xdf,0x5f,0xdf,0x7f,0xdf,0x5f,0xdf,0x5f,0xdf,
  0x7f,0xdf,0x7f,0xdf,0x7f,0xdf,0x5f,0xdf,0x5f,0xdf,0x7f,0xe7,0xbf,0xef,0xbf,0xef,0xbf,0xef,0xbf,0xef,0xbf,0xef,0xbf,0xef,
  0xbf,0xef,0xbf,0xef,0xbf,0xef,0xbf,0xef,0xbf,0xef,0xbf,0xf7,0xbf,0xf7,0xbf,0xf7,0xbf,0xf7,0xbf,0xf7,0xbf,0xf7,0xbf,0xf7,
  0xdf,0xf7,0xdf,0xf7,0xdf,0xf7,0xdf,0xf7,0xdf,0xf7,0xdf,0xf7,0xdf,0xf7,0xdf,0xf7,0xdf,0xf7,0xdf,0xff,0xdf,0xff,0xdf,0xff,
  0xdf,0xff,0xff,0xff,0xff,0xff,0xff,0xff,0xff,0xff,0xff,0xff,0xff,0xff,0xff,0xff,0xff,0xff,0xff,0xff,0xff,0xff,0xff,0xff,
  0xff,0xff,0xff,0xff,0xff,0xff,0xff,0xff,0xff,0xff,0xff,0xff,0xff,0xff,0xff,0xff,0xff,0xff,0xff,0xff,0xff,0xff,0xff,0xff,
  0xff,0xff,0xdf,0xff,0xdf,0xff,0xff,0xff,0xff,0xff,0x72,0x8c,0x22,0x00,0xc5,0x08,0x02,0x00,0x96,0xad,0xff,0xff,0xff,0xff,
  0xff,0xff,0xff,0xff,0xff,0xff,0xff,0xff,0xff,0xff,0xff,0xff,0xff,0xff,0xff,0xff,0xff,0xff,0xff,0xff,0xff,0xff,0xff,0xff,
  0x9e,0xf7,0x18,0xbe,0x52,0x8c,0xed,0x5a,0xe9,0x31,0x47,0x19,0xc5,0x08,0x84,0x00,0x63,0x00,0x63,0x00,0x64,0x00,0x64,0x00,
  0x84,0x00,0x64,0x00,0x63,0x00,0x63,0x00,0x63,0x00,0x84,0x00,0x06,0x11,0x88,0x21,0x2a,0x3a,0x4e,0x63,0xf4,0x9c,0xbb,0xd6,
  0xff,0xff,0xff,0xff,0xff,0xff,0xff,0xff,0xff,0xff,0xff,0xff,0xff,0xff,0xff,0xff,0xff,0xff,0xff,0xff,0xff,0xff,0xff,0xff,
  0xff,0xff,0xff,0xff,0xff,0xff,0xff,0xff,0xff,0xff,0xff,0xff,0xff,0xff,0xff,0xff,0xff,0xff,0xdf,0xf7,0xdf,0xff,0xff,0xff,
  0xff,0xff,0xff,0xff,0xff,0xff,0xff,0xff,0xff,0xff,0xdf,0xff,0xdf,0xff,0xff,0xff,0xff,0xff,0xdf,0xff,0xff,0xff,0xff,0xff,
  0xff,0xff,0xff,0xff,0xff,0xff,0xff,0xff,0xff,0xff,0xff,0xff,0xff,0xff,0xff,0xff,0xff,0xff,0xff,0xff,0xdf,0xf7,0xff,0xff,
  0xff,0xff,0xff,0xff,0xff,0xff,0xff,0xff,0xff,0xff,0xff,0xff,0xff,0xff,0xff,0xff,0xff,0xff,0xff,0xff,0xff,0xff,0xff,0xff,
  0xff,0xff,0xff,0xff,0xff,0xff,0xff,0xff,0xff,0xff,0xdf,0xff,0xdf,0xff,0xdf,0xff,0xdf,0xff,0xdf,0xff,0xdf,0xff,0xdf,0xff,
  0xdf,0xff,0xdf,0xff,0xdf,0xff,0xdf,0xff,0xdf,0xff,0xdf,0xff,0xdf,0xff,0xdf,0xff,0xff,0xff,0xff,0xff,0xff,0xff,0xff,0xff,
  0xff,0xff,0xff,0xff,0xff,0xff,0xff,0xff,0xff,0xff,0xff,0xff,0xff,0xff,0xff,0xff,0xff,0xff,0xff,0xff,0xff,0xff,0xff,0xff,
  0xff,0xff,0xff,0xff,0xff,0xff,0xff,0xff,0xff,0xff,0xff,0xff,0xff,0xff,0xff,0xff,0xff,0xff,0xff,0xff,0xff,0xff,0xff,0xff,
  0xff,0xff,0xff,0xff,0xff,0xff,0xff,0xff,0xff,0xff,0xff,0xff,0xff,0xff,0xff,0xff,0xff,0xff,0xff,0xff,0xff,0xff,0xff,0xff,
  0xff,0xff,0xff,0xff,0xff,0xff,0xff,0xff,0xff,0xff,0xff,0xff,0xff,0xff,0xff,0xff,0xff,0xff,0xff,0xff,0xff,0xff,0xff,0xff,
  0xff,0xff,0xff,0xff,0xff,0xff,0xff,0xff,0xff,0xff,0xff,0xff,0xff,0xff,0xff,0xff,0xff,0xff,0xff,0xff,0xff,0xff,0xff,0xff,
  0xff,0xff,0xff,0xff,0xff,0xff,0xff,0xff,0xff,0xff,0xff,0xff,0xff,0xff,0xff,0xff,0xff,0xff,0xff,0xff,0xff,0xff,0xff,0xff,
  0xff,0xff,0xff,0xff,0xff,0xff,0xff,0xff,0xff,0xff,0xff,0xff,0xff,0xff,0xff,0xff,0xff,0xff,0xff,0xff,0xff,0xff,0xff,0xff,
  0xff,0xff,0xff,0xff,0xff,0xff,0xff,0xff,0xff,0xff,0xff,0xff,0xff,0xff,0xff,0xff,0xff,0xff,0xff,0xff,0xff,0xff,0xff,0xff,
  0xff,0xff,0xff,0xff,0xff,0xff,0xff,0xff,0xdf,0xff,0xdf,0xff,0xdf,0xff,0xdf,0xff,0x9f,0xef,0x9f,0xef,0x9f,0xef,0x9f,0xef,
  0x9f,0xef,0x9f,0xef,0x9f,0xef,0x9f,0xef,0x9f,0xef,0x9f,0xef,0x9f,0xef,0x9f,0xef,0x9f,0xef,0x9f,0xef,0x9f,0xef,0x9f,0xef,
  0xbf,0xef,0xbf,0xef,0xbf,0xef,0x7f,0xe7,0x5f,0xdf,0x5f,0xdf,0x7f,0xdf,0x7f,0xdf,0x7f,0xdf,0x7f,0xdf,0x7f,0xdf,0x7f,0xdf,
  0x7f,0xdf,0x5f,0xdf,0x7f,0xe7,0xbf,0xef,0xbf,0xef,0xbf,0xef,0xbf,0xef,0xbf,0xef,0xbf,0xef,0xbf,0xef,0xbf,0xef,0xbf,0xef,
  0xbf,0xf7,0xbf,0xf7,0xbf,0xf7,0xbf,0xf7,0xbf,0xf7,0xdf,0xf7,0xdf,0xf7,0xdf,0xf7,0xdf,0xf7,0xdf,0xf7,0xdf,0xf7,0xdf,0xf7,
  0xdf,0xf7,0xdf,0xf7,0xdf,0xf7,0xdf,0xf7,0xdf,0xf7,0xdf,0xff,0xff,0xff,0xdf,0xff,0xdf,0xff,0xff,0xff,0xff,0xff,0xff,0xff,
  0xff,0xff,0xff,0xff,0xff,0xff,0xff,0xff,0xff,0xff,0xff,0xff,0xff,0xff,0xff,0xff,0xff,0xff,0xff,0xff,0xff,0xff,0xff,0xff,
  0xff,0xff,0xff,0xff,0xff,0xff,0xff,0xff,0xff,0xff,0xff,0xff,0xff,0xff,0xff,0xff,0xff,0xff,0xff,0xff,0xff,0xff,0x1c,0xe7,
  0xb3,0x94,0x44,0x00,0xc5,0x08,0x84,0x08,0x42,0x00,0x55,0xa5,0xba,0xd6,0x9a,0xd6,0x9a,0xd6,0x9a,0xce,0x7a,0xce,0x9a,0xd6,
  0x9a,0xd6,0x9a,0xd6,0x9a,0xd6,0x79,0xce,0x79,0xce,0x59,0xce,0x79,0xce,0x9a,0xd6,0xdb,0xd6,0xfb,0xde,0xfb,0xde,0xba,0xd6,
  0x59,0xce,0xf8,0xbd,0x35,0xa5,0x93,0x8c,0xb0,0x73,0x2d,0x5b,0xab,0x52,0x6b,0x4a,0x6b,0x42,0xcc,0x52,0x0d,0x5b,0x6e,0x6b,
  0xd0,0x73,0x72,0x8c,0x35,0xa5,0xf8,0xbd,0x7a,0xce,0xfc,0xde,0x3c,0xe7,0xfc,0xde,0x9a,0xce,0x7a,0xce,0x7a,0xce,0x9b,0xd6,
  0xbb,0xd6,0x9b,0xd6,0x9a,0xce,0x9a,0xce,0x9b,0xd6,0xbb,0xd6,0xbb,0xd6,0xbb,0xd6,0xbb,0xd6,0xbb,0xd6,0x9a,0xd6,0x9a,0xd6,
  0xbb,0xd6,0xbb,0xd6,0xbb,0xd6,0x9a,0xd6,0x5d,0xe7,0xff,0xff,0xff,0xff,0xff,0xff,0xff,0xff,0xff,0xff,0xff,0xff,0xff,0xff,
  0xff,0xff,0xff,0xff,0xff,0xff,0xff,0xff,0xff,0xff,0xff,0xff,0xff,0xff,0xff,0xff,0xff,0xff,0xff,0xff,0xff,0xff,0xff,0xff,
  0xff,0xff,0xff,0xff,0xff,0xff,0xff,0xff,0xff,0xff,0xff,0xff,0xff,0xff,0xff,0xff,0xff,0xff,0xff,0xff,0xff,0xff,0xff,0xff,
  0xff,0xff,0xff,0xff,0xff,0xff,0xff,0xff,0xff,0xff,0xff,0xff,0xff,0xff,0xff,0xff,0xff,0xff,0xff,0xff,0xdf,0xff,0xff,0xff,
  0xff,0xff,0xff,0xff,0xff,0xff,0xdf,0xff,0xdf,0xff,0xff,0xff,0xff,0xff,0xdf,0xff,0xdf,0xff,0xff,0xff,0xff,0xff,0xff,0xff,
  0xdf,0xff,0xff,0xff,0xff,0xff,0xff,0xff,0xff,0xff,0xff,0xff,0xff,0xff,0xff,0xff,0xff,0xff,0xff,0xff,0xff,0xff,0xff,0xff,
  0xff,0xff,0xff,0xff,0xff,0xff,0xff,0xff,0xff,0xff,0xff,0xff,0xff,0xff,0xff,0xff,0xff,0xff,0xff,0xff,0xff,0xff,0xff,0xff,
  0xff,0xff,0xff,0xff,0xff,0xff,0xff,0xff,0xff,0xff,0xff,0xff,0xff,0xff,0xff,0xff,0xff,0xff,0xff,0xff,0xff,0xff,0xff,0xff,
  0xff,0xff,0xff,0xff,0xff,0xff,0xff,0xff,0xff,0xff,0xff,0xff,0xff,0xff,0xff,0xff,0xff,0xff,0xff,0xff,0xff,0xff,0xff,0xff,
  0xff,0xff,0xff,0xff,0xff,0xff,0xff,0xff,0xff,0xff,0xff,0xff,0xff,0xff,0xff,0xff,0xff,0xff,0xff,0xff,0xff,0xff,0xff,0xff,
  0xff,0xff,0xff,0xff,0xff,0xff,0xff,0xff,0xff,0xff,0xff,0xff,0xff,0xff,0xff,0xff,0xff,0xff,0xff,0xff,0xff,0xff,0xff,0xff,
  0xff,0xff,0xff,0xff,0xff,0xff,0xff,0xff,0xff,0xff,0xff,0xff,0xff,0xff,0xff,0xff,0xff,0xff,0xff,0xff,0xff,0xff,0xff,0xff,
  0xff,0xff,0xff,0xff,0xff,0xff,0xff,0xff,0xff,0xff,0xff,0xff,0xff,0xff,0xff,0xff,0xff,0xff,0xff,0xff,0xff,0xff,0xff,0xff,
  0xff,0xff,0xff,0xff,0xff,0xff,0xff,0xff,0xff,0xff,0xff,0xff,0xff,0xff,0xff,0xff,0xff,0xff,0xff,0xff,0xff,0xff,0xff,0xff,
  0xdf,0xff,0xdf,0xff,0xdf,0xff,0xdf,0xff,0x9f,0xef,0x9f,0xef,0x9f,0xef,0x9f,0xe7,0x9f,0xef,0x9f,0xef,0x9f,0xef,0x9f,0xef,
  0x9f,0xef,0x9f,0xef,0x9f,0xef,0x9f,0xef,0x9f,0xef,0x9f,0xef,0x9f,0xef,0x9f,0xef,0x9f,0xef,0x9f,0xef,0xbf,0xef,0xbf,0xf7,
  0x9f,0xef,0x7f,0xe7,0x5f,0xdf,0x7f,0xdf,0x7f,0xdf,0x7f,0xdf,0x7f,0xdf,0x7f,0xdf,0x7f,0xdf,0x7f,0xdf,0x7f,0xdf,0x7f,0xdf,
  0x9f,0xe7,0xbf,0xef,0xbf,0xef,0xbf,0xef,0xbf,0xef,0xbf,0xef,0xbf,0xef,0xbf,0xef,0xbf,0xf7,0xbf,0xf7,0xbf,0xf7,0xbf,0xf7,
  0xbf,0xf7,0xbf,0xf7,0xdf,0xf7,0xdf,0xf7,0xdf,0xf7,0xdf,0xf7,0xdf,0xf7,0xdf,0xf7,0xdf,0xf7,0xdf,0xf7,0xdf,0xf7,0xdf,0xf7,
  0xdf,0xf7,0xdf,0xff,0xff,0xff,0xff,0xff,0xff,0xff,0xff,0xff,0xff,0xff,0xff,0xff,0xff,0xff,0xff,0xff,0xff,0xff,0xff,0xff,
  0xff,0xff,0xff,0xff,0xff,0xff,0xff,0xff,0xff,0xff,0xff,0xff,0xff,0xff,0xff,0xff,0xff,0xff,0xff,0xff,0xff,0xff,0xff,0xff,
  0xff,0xff,0xff,0xff,0xff,0xff,0xff,0xff,0xff,0xff,0x9a,0xd6,0x4a,0x42,0x83,0x08,0x42,0x00,0x84,0x00,0x84,0x00,0x84,0x00,
  0x63,0x00,0x63,0x00,0x63,0x00,0x83,0x00,0x63,0x00,0x63,0x00,0x63,0x00,0x83,0x00,0x84,0x00,0x84,0x00,0x84,0x00,0x83,0x00,
  0x63,0x00,0x63,0x00,0x84,0x00,0xa4,0x08,0xa4,0x08,0x84,0x00,0x63,0x00,0x63,0x00,0xa4,0x08,0xe6,0x10,0x27,0x11,0x68,0x19,
  0x68,0x21,0x47,0x19,0x47,0x19,0x47,0x19,0x47,0x19,0x68,0x19,0x68,0x21,0x88,0x21,0x68,0x19,0x27,0x19,0x06,0x11,0xe5,0x08,
  0xc5,0x08,0xe6,0x08,0xe6,0x08,0xe6,0x08,0xe6,0x08,0xe6,0x08,0xe6,0x08,0x06,0x09,0x07,0x09,0x07,0x09,0x07,0x11,0x07,0x11,
  0x27,0x11,0x27,0x11,0x27,0x11,0x07,0x11,0x07,0x11,0x07,0x11,0x27,0x11,0x27,0x11,0x28,0x11,0x27,0x11,0x27,0x11,0x07,0x11,
  0x88,0x19,0x73,0x84,0xff,0xff,0xff,0xff,0xff,0xff,0xff,0xff,0xff,0xff,0xff,0xff,0xff,0xff,0xff,0xff,0xff,0xff,0xff,0xff,
  0xff,0xff,0xff,0xff,0xff,0xff,0xff,0xff,0xff,0xff,0xff,0xff,0xff,0xff,0xff,0xff,0xff,0xff,0xff,0xff,0xff,0xff,0xff,0xff,
  0xff,0xff,0xff,0xff,0xff,0xff,0xff,0xff,0xff,0xff,0xff,0xff,0xff,0xff,0xff,0xff,0xff,0xff,0xff,0xff,0xff,0xff,0xff,0xff,
  0xff,0xff,0xff,0xff,0xff,0xff,0xff,0xff,0xff,0xff,0xff,0xff,0xdf,0xff,0xff,0xff,0xff,0xff,0xff,0xff,0xff,0xff,0xff,0xff,
  0xff,0xff,0xff,0xff,0xff,0xff,0xff,0xff,0xff,0xff,0xff,0xff,0xff,0xff,0xff,0xff,0xff,0xff,0xff,0xff,0xff,0xff,0xff,0xff,
  0xff,0xff,0xff,0xff,0xff,0xff,0xff,0xff,0xff,0xff,0xff,0xff,0xff,0xff,0xff,0xff,0xff,0xff,0xff,0xff,0xff,0xff,0xff,0xff,
  0xff,0xff,0xff,0xff,0xff,0xff,0xff,0xff,0xff,0xff,0xff,0xff,0xff,0xff,0xff,0xff,0xff,0xff,0xff,0xff,0xff,0xff,0xff,0xff,
  0xff,0xff,0xff,0xff,0xff,0xff,0xff,0xff,0xff,0xff,0xff,0xff,0xff,0xff,0xff,0xff,0xff,0xff,0xff,0xff,0xff,0xff,0xff,0xff,
  0xff,0xff,0xff,0xff,0xff,0xff,0xff,0xff,0xff,0xff,0xff,0xff,0xff,0xff,0xff,0xff,0xff,0xff,0xff,0xff,0xff,0xff,0xff,0xff,
  0xff,0xff,0xff,0xff,0xff,0xff,0xff,0xff,0xff,0xff,0xff,0xff,0xff,0xff,0xff,0xff,0xff,0xff,0xff,0xff,0xff,0xff,0xff,0xff,
  0xff,0xff,0xff,0xff,0xff,0xff,0xff,0xff,0xff,0xff,0xff,0xff,0xff,0xff,0xff,0xff,0xff,0xff,0xff,0xff,0xff,0xff,0xff,0xff,
  0xff,0xff,0xff,0xff,0xff,0xff,0xff,0xff,0xff,0xff,0xff,0xff,0xff,0xff,0xff,0xff,0xff,0xff,0xff,0xff,0xff,0xff,0xff,0xff,
  0xff,0xff,0xff,0xff,0xff,0xff,0xff,0xff,0xff,0xff,0xff,0xff,0xff,0xff,0xff,0xff,0xff,0xff,0xff,0xff,0xff,0xff,0xff,0xff,
  0xff,0xff,0xff,0xff,0xff,0xff,0xff,0xff,0xff,0xff,0xff,0xff,0xff,0xff,0xdf,0xff,0xdf,0xff,0xdf,0xff,0xdf,0xff,0xdf,0xff,
  0x9f,0xef,0x9f,0xef,0x9f,0xef,0x9f,0xef,0x9f,0xef,0x9f,0xef,0x9f,0xef,0x9f,0xef,0x9f,0xef,0x9f,0xef,0x9f,0xef,0x9f,0xef,
  0x9f,0xef,0x9f,0xef,0x9f,0xef,0x9f,0xef,0x9f,0xef,0x9f,0xef,0xbf,0xef,0x9f,0xef,0xbf,0xef,0xbf,0xf7,0x9f,0xef,0x7f,0xdf,
  0x5f,0xdf,0x7f,0xdf,0x7f,0xdf,0x7f,0xdf,0x7f,0xdf,0x7f,0xdf,0x7f,0xdf,0x7f,0xdf,0x7f,0xdf,0x9f,0xe7,0xbf,0xef,0xbf,0xf7,
  0xbf,0xef,0xbf,0xef,0xbf,0xef,0xbf,0xef,0xbf,0xf7,0xbf,0xf7,0xbf,0xf7,0xbf,0xf7,0xbf,0xf7,0xbf,0xf7,0xdf,0xf7,0xdf,0xf7,
  0xdf,0xf7,0xdf,0xf7,0xdf,0xf7,0xdf,0xf7,0xdf,0xf7,0xdf,0xf7,0xdf,0xf7,0xdf,0xf7,0xdf,0xff,0xdf,0xff,0xdf,0xff,0xdf,0xff,
  0xff,0xff,0xff,0xff,0xff,0xff,0xff,0xff,0xff,0xff,0xff,0xff,0xff,0xff,0xff,0xff,0xff,0xff,0xff,0xff,0xff,0xff,0xff,0xff,
  0xff,0xff,0xff,0xff,0xff,0xff,0xff,0xff,0xff,0xff,0xff,0xff,0xff,0xff,0xff,0xff,0xff,0xff,0xff,0xff,0xff,0xff,0xff,0xff,
  0xf8,0xbd,0x84,0x08,0x02,0x00,0x63,0x00,0x84,0x00,0x84,0x00,0x84,0x00,0x84,0x00,0x84,0x00,0x64,0x00,0x64,0x00,0x64,0x00,
  0x64,0x00,0x84,0x00,0x84,0x00,0x84,0x00,0x84,0x00,0x84,0x00,0x84,0x00,0x84,0x00,0x84,0x00,0x84,0x00,0x84,0x00,0x84,0x00,
  0x84,0x00,0xa5,0x00,0xa5,0x08,0xa5,0x08,0xa5,0x00,0xa5,0x00,0xa5,0x00,0xa5,0x00,0xa5,0x00,0xa5,0x00,0xc5,0x00,0xc5,0x00,
  0xa5,0x00,0xa5,0x00,0xa5,0x00,0xc5,0x00,0xc5,0x00,0xc6,0x08,0xc6,0x08,0xe6,0x08,0xe6,0x08,0x06,0x09,0x07,0x09,0x07,0x09,
  0x07,0x09,0x07,0x09,0x07,0x11,0x27,0x11,0x27,0x11,0x27,0x11,0x27,0x11,0x27,0x11,0x28,0x11,0x27,0x11,0x27,0x11,0x27,0x11,
  0x48,0x11,0x48,0x11,0x48,0x11,0x48,0x11,0x48,0x11,0x48,0x11,0x47,0x11,0x48,0x11,0x48,0x11,0xe7,0x00,0x70,0x63,0x9e,0xf7,
  0xff,0xff,0xff,0xff,0xff,0xff,0xff,0xff,0xff,0xff,0xff,0xff,0xff,0xff,0xff,0xff,0xff,0xff,0xff,0xff,0xff,0xff,0xff,0xff,
  0xff,0xff,0xff,0xff,0xff,0xff,0xff,0xff,0xff,0xff,0xff,0xff,0xff,0xff,0xff,0xff,0xff,0xff,0xff,0xff,0xff,0xff,0xff,0xff,
  0xff,0xff,0xff,0xff,0xff,0xff,0xff,0xff,0xff,0xff,0xff,0xff,0xff,0xff,0xff,0xff,0xff,0xff,0xff,0xff,0xff,0xff,0xff,0xff,
  0xff,0xff,0xff,0xff,0xff,0xff,0xdf,0xff,0xff,0xff,0xff,0xff,0xff,0xff,0xff,0xff,0xff,0xff,0xff,0xff,0xff,0xff,0xff,0xff,
  0xff,0xff,0xff,0xff,0xff,0xff,0xff,0xff,0xff,0xff,0xff,0xff,0xff,0xff,0xff,0xff,0xff,0xff,0xff,0xff,0xff,0xff,0xff,0xff,
  0xff,0xff,0xff,0xff,0xff,0xff,0xff,0xff,0xff,0xff,0xff,0xff,0xff,0xff,0xff,0xff,0xff,0xff,0xff,0xff,0xff,0xff,0xff,0xff,
  0xff,0xff,0xff,0xff,0xff,0xff,0xff,0xff,0xff,0xff,0xff,0xff,0xff,0xff,0xff,0xff,0xff,0xff,0xff,0xff,0xff,0xff,0xff,0xff,
  0xff,0xff,0xff,0xff,0xff,0xff,0xff,0xff,0xff,0xff,0xff,0xff,0xff,0xff,0xff,0xff,0xff,0xff,0xff,0xff,0xff,0xff,0xff,0xff,
  0xff,0xff,0xff,0xff,0xff,0xff,0xff,0xff,0xff,0xff,0xff,0xff,0xff,0xff,0xff,0xff,0xff,0xff,0xff,0xff,0xff,0xff,0xff,0xff,
  0xff,0xff,0xff,0xff,0xff,0xff,0xff,0xff,0xff,0xff,0xff,0xff,0xff,0xff,0xff,0xff,0xff,0xff,0xff,0xff,0xff,0xff,0xff,0xff,
  0xff,0xff,0xff,0xff,0xff,0xff,0xff,0xff,0xff,0xff,0xff,0xff,0xff,0xff,0xff,0xff,0xff,0xff,0xff,0xff,0xff,0xff,0xff,0xff,
  0xff,0xff,0xff,0xff,0xff,0xff,0xff,0xff,0xff,0xff,0xff,0xff,0xff,0xff,0xff,0xff,0xff,0xff,0xff,0xff,0xff,0xff,0xff,0xff,
  0xff,0xff,0xff,0xff,0xff,0xff,0xff,0xff,0xff,0xff,0xff,0xff,0xff,0xff,0xff,0xff,0xff,0xff,0xff,0xff,0xff,0xff,0xff,0xff,
  0xff,0xff,0xff,0xff,0xdf,0xff,0xdf,0xff,0xdf,0xff,0xdf,0xff,0xdf,0xff,0xdf,0xff,0x9f,0xef,0x9f,0xef,0x9f,0xef,0x9f,0xef,
  0x9f,0xef,0x9f,0xef,0x9f,0xef,0x9f,0xef,0x9f,0xef,0x9f,0xef,0x9f,0xef,0x9f,0xef,0x9f,0xef,0x9f,0xef,0x9f,0xef,0x9f,0xef,
  0x9f,0xef,0x9f,0xef,0xbf,0xef,0xbf,0xef,0x9f,0xef,0xbf,0xef,0xbf,0xef,0xbf,0xef,0x7f,0xe7,0x5f,0xdf,0x7f,0xdf,0x7f,0xdf,
  0x7f,0xdf,0x7f,0xdf,0x7f,0xdf,0x7f,0xe7,0x7f,0xe7,0x7f,0xe7,0x7f,0xe7,0xbf,0xef,0xbf,0xf7,0xbf,0xef,0xbf,0xf7,0xbf,0xf7,
  0xbf,0xf7,0xbf,0xf7,0xbf,0xf7,0xbf,0xf7,0xbf,0xf7,0xbf,0xf7,0xdf,0xf7,0xdf,0xf7,0xdf,0xf7,0xdf,0xf7,0xdf,0xf7,0xdf,0xf7,
  0xdf,0xf7,0xdf,0xf7,0xdf,0xf7,0xdf,0xf7,0xdf,0xff,0xdf,0xff,0xff,0xff,0xff,0xff,0xff,0xff,0xff,0xff,0xff,0xff,0xff,0xff,
  0xff,0xff,0xff,0xff,0xff,0xff,0xff,0xff,0xff,0xff,0xff,0xff,0xff,0xff,0xff,0xff,0xff,0xff,0xff,0xff,0xff,0xff,0xff,0xff,
  0xff,0xff,0xff,0xff,0xff,0xff,0xff,0xff,0xff,0xff,0xff,0xff,0xff,0xff,0x7d,0xef,0x26,0x19,0x23,0x00,0xa4,0x08,0x63,0x00,
  0x63,0x00,0x63,0x00,0x84,0x00,0x84,0x00,0x84,0x00,0x84,0x00,0x63,0x00,0x84,0x00,0x84,0x00,0x84,0x00,0x84,0x00,0x84,0x00,
  0x84,0x00,0x84,0x00,0x84,0x00,0x84,0x00,0x84,0x00,0x84,0x00,0x84,0x00,0x84,0x00,0x84,0x00,0xa4,0x08,0xa5,0x08,0xc5,0x08,
  0xc5,0x08,0xa5,0x08,0xc5,0x08,0xc5,0x08,0xc5,0x08,0xe6,0x08,0xe6,0x08,0xe6,0x08,0xe6,0x08,0xc5,0x08,0xc5,0x08,0xc5,0x08,
  0xe6,0x08,0xe6,0x08,0xe6,0x08,0xe6,0x08,0xe6,0x08,0xe6,0x08,0x06,0x09,0x06,0x09,0x06,0x09,0x07,0x09,0x07,0x11,0x07,0x11,
  0x27,0x11,0x27,0x11,0x27,0x11,0x27,0x11,0x27,0x11,0x27,0x11,0x27,0x11,0x27,0x11,0x48,0x11,0x48,0x11,0x48,0x11,0x48,0x11,
  0x48,0x11,0x48,0x11,0x48,0x11,0x48,0x11,0x68,0x11,0x89,0x19,0xa6,0x00,0xcd,0x52,0xdf,0xff,0xff,0xff,0xff,0xff,0xff,0xff,
  0xff,0xff,0xff,0xff,0xff,0xff,0xff,0xff,0xff,0xff,0xff,0xff,0xff,0xff,0xff,0xff,0xff,0xff,0xff,0xff,0xff,0xff,0xff,0xff,
  0xff,0xff,0xff,0xff,0xff,0xff,0xff,0xff,0xff,0xff,0xff,0xff,0xff,0xff,0xff,0xff,0xff,0xff,0xff,0xff,0xff,0xff,0xff,0xff,
  0xff,0xff,0xff,0xff,0xff,0xff,0xff,0xff,0xff,0xff,0xff,0xff,0xff,0xff,0xff,0xff,0xff,0xff,0xff,0xff,0xff,0xff,0xff,0xff,
  0xff,0xff,0xff,0xff,0xff,0xff,0xff,0xff,0xff,0xff,0xff,0xff,0xff,0xff,0xff,0xff,0xff,0xff,0xff,0xff,0xff,0xff,0xff,0xff,
  0xff,0xff,0xff,0xff,0xff,0xff,0xff,0xff,0xff,0xff,0xff,0xff,0xff,0xff,0xff,0xff,0xff,0xff,0xff,0xff,0xff,0xff,0xff,0xff,
  0xff,0xff,0xff,0xff,0xff,0xff,0xff,0xff,0xff,0xff,0xff,0xff,0xff,0xff,0xff,0xff,0xff,0xff,0xff,0xff,0xff,0xff,0xff,0xff,
  0xff,0xff,0xff,0xff,0xff,0xff,0xff,0xff,0xff,0xff,0xff,0xff,0xff,0xff,0xff,0xff,0xff,0xff,0xff,0xff,0xff,0xff,0xff,0xff,
  0xff,0xff,0xff,0xff,0xff,0xff,0xff,0xff,0xff,0xff,0xff,0xff,0xff,0xff,0xff,0xff,0xff,0xff,0xff,0xff,0xff,0xff,0xff,0xff,
  0xff,0xff,0xff,0xff,0xff,0xff,0xff,0xff,0xff,0xff,0xff,0xff,0xff,0xff,0xff,0xff,0xff,0xff,0xff,0xff,0xff,0xff,0xff,0xff,
  0xff,0xff,0xff,0xff,0xff,0xff,0xff,0xff,0xff,0xff,0xff,0xff,0xff,0xff,0xff,0xff,0xff,0xff,0xff,0xff,0xff,0xff,0xff,0xff,
  0xff,0xff,0xff,0xff,0xff,0xff,0xff,0xff,0xff,0xff,0xff,0xff,0xff,0xff,0xff,0xff,0xff,0xff,0xff,0xff,0xff,0xff,0xff,0xff,
  0xff,0xff,0xff,0xff,0xff,0xff,0xff,0xff,0xff,0xff,0xff,0xff,0xff,0xff,0xff,0xff,0xff,0xff,0xff,0xff,0xff,0xff,0xff,0xff,
  0xff,0xff,0xff,0xff,0xff,0xff,0xff,0xff,0xff,0xff,0xff,0xff,0xff,0xff,0xff,0xff,0xff,0xff,0xff,0xff,0xff,0xff,0xdf,0xff,
  0xdf,0xff,0xdf,0xff,0xdf,0xf7,0xdf,0xf7,0x9f,0xef,0x9f,0xef,0x9f,0xef,0x9f,0xef,0x9f,0xef,0x9f,0xef,0x9f,0xef,0x9f,0xef,
  0x9f,0xef,0x9f,0xef,0x9f,0xef,0x9f,0xef,0x9f,0xef,0x9f,0xef,0x9f,0xef,0x9f,0xef,0x9f,0xef,0x9f,0xef,0x9f,0xef,0xbf,0xef,
  0xbf,0xef,0xbf,0xef,0xbf,0xef,0xbf,0xef,0xbf,0xf7,0x9f,0xef,0x7f,0xe7,0x7f,0xdf,0x7f,0xe7,0x7f,0xe7,0x7f,0xe7,0x7f,0xe7,
  0x7f,0xe7,0x7f,0xe7,0x7f,0xe7,0x7f,0xe7,0x9f,0xef,0xbf,0xf7,0xbf,0xf7,0xbf,0xf7,0xbf,0xf7,0xbf,0xf7,0xbf,0xf7,0xdf,0xf7,
  0xbf,0xf7,0xbf,0xf7,0xdf,0xf7,0xdf,0xf7,0xdf,0xf7,0xdf,0xf7,0xdf,0xf7,0xdf,0xf7,0xdf,0xf7,0xdf,0xf7,0xdf,0xff,0xdf,0xff,
  0xdf,0xff,0xdf,0xff,0xff,0xff,0xff,0xff,0xff,0xff,0xff,0xff,0xff,0xff,0xff,0xff,0xff,0xff,0xff,0xff,0xff,0xff,0xff,0xff,
  0xff,0xff,0xff,0xff,0xff,0xff,0xff,0xff,0xff,0xff,0xff,0xff,0xff,0xff,0xff,0xff,0xff,0xff,0xff,0xff,0xff,0xff,0xff,0xff,
  0xff,0xff,0xdf,0xff,0xff,0xff,0x34,0xa5,0x02,0x00,0xa4,0x08,0x63,0x00,0x63,0x00,0x64,0x00,0x84,0x00,0x64,0x00,0x83,0x00,
  0x63,0x00,0x63,0x00,0x84,0x00,0x84,0x00,0x84,0x00,0x84,0x00,0x84,0x00,0x84,0x00,0x84,0x00,0x84,0x00,0x84,0x00,0x84,0x00,
  0x84,0x00,0x84,0x00,0x84,0x00,0x84,0x00,0x84,0x00,0xa4,0x00,0xa5,0x08,0xa5,0x08,0xa5,0x08,0xa5,0x08,0xa5,0x08,0xc5,0x08,
  0xc5,0x08,0xc5,0x08,0xc6,0x08,0xc6,0x08,0xc6,0x08,0xc6,0x08,0xc6,0x08,0xc6,0x08,0xe6,0x08,0xe6,0x08,0xe6,0x08,0xe6,0x08,
  0xe6,0x08,0xe6,0x08,0xe6,0x08,0x06,0x09,0x07,0x09,0x07,0x09,0x07,0x09,0x07,0x11,0x27,0x11,0x27,0x11,0x27,0x11,0x27,0x11,
  0x27,0x11,0x27,0x11,0x27,0x11,0x28,0x11,0x28,0x11,0x28,0x11,0x27,0x11,0x48,0x11,0x48,0x11,0x48,0x11,0x48,0x11,0x48,0x11,
  0x48,0x11,0x48,0x11,0x48,0x11,0xa5,0x00,0x39,0xc6,0xff,0xff,0xdf,0xff,0xff,0xff,0xff,0xff,0xff,0xff,0xff,0xff,0xff,0xff,
  0xff,0xff,0xff,0xff,0xff,0xff,0xff,0xff,0xff,0xff,0xff,0xff,0xff,0xff,0xff,0xff,0xff,0xff,0xff,0xff,0xff,0xff,0xff,0xff,
  0xff,0xff,0xff,0xff,0xff,0xff,0xff,0xff,0xff,0xff,0xff,0xff,0xff,0xff,0xff,0xff,0xff,0xff,0xff,0xff,0xff,0xff,0xff,0xff,
  0xff,0xff,0xff,0xff,0xff,0xff,0xff,0xff,0xff,0xff,0xff,0xff,0xff,0xff,0xff,0xff,0xff,0xff,0xff,0xff,0xff,0xff,0xff,0xff,
  0xff,0xff,0xff,0xff,0xff,0xff,0xff,0xff,0xff,0xff,0xff,0xff,0xff,0xff,0xff,0xff,0xff,0xff,0xff,0xff,0xff,0xff,0xff,0xff,
  0xff,0xff,0xff,0xff,0xff,0xff,0xff,0xff,0xff,0xff,0xff,0xff,0xff,0xff,0xff,0xff,0xff,0xff,0xff,0xff,0xff,0xff,0xff,0xff,
  0xff,0xff,0xff,0xff,0xff,0xff,0xff,0xff,0xff,0xff,0xff,0xff,0xff,0xff,0xff,0xff,0xff,0xff,0xff,0xff,0xff,0xff,0xff,0xff,
  0xff,0xff,0xff,0xff,0xff,0xff,0xff,0xff,0xff,0xff,0xff,0xff,0xff,0xff,0xff,0xff,0xff,0xff,0xff,0xff,0xff,0xff,0xff,0xff,
  0xff,0xff,0xff,0xff,0xff,0xff,0xff,0xff,0xff,0xff,0xff,0xff,0xff,0xff,0xff,0xff,0xff,0xff,0xff,0xff,0xff,0xff,0xff,0xff,
  0xff,0xff,0xff,0xff,0xff,0xff,0xff,0xff,0xff,0xff,0xff,0xff,0xff,0xff,0xff,0xff,0xff,0xff,0xff,0xff,0xff,0xff,0xff,0xff,
  0xff,0xff,0xff,0xff,0xff,0xff,0xff,0xff,0xff,0xff,0xff,0xff,0xff,0xff,0xff,0xff,0xff,0xff,0xff,0xff,0xff,0xff,0xff,0xff,
  0xff,0xff,0xff,0xff,0xff,0xff,0xff,0xff,0xff,0xff,0xff,0xff,0xff,0xff,0xff,0xff,0xff,0xff,0xff,0xff,0xff,0xff,0xff,0xff,
  0xff,0xff,0xff,0xff,0xff,0xff,0xff,0xff,0xff,0xff,0xff,0xff,0xff,0xff,0xff,0xff,0xff,0xff,0xff,0xff,0xff,0xff,0xff,0xff,
  0xff,0xff,0xff,0xff,0xff,0xff,0xff,0xff,0xdf,0xff,0xdf,0xff,0xdf,0xff,0xdf,0xff,0xdf,0xff,0xdf,0xf7,0xdf,0xf7,0xdf,0xf7,
  0x9f,0xef,0x9f,0xef,0x9f,0xe7,0x9f,0xef,0x9f,0xef,0x9f,0xef,0x9f,0xef,0x9f,0xef,0x9f,0xef,0x9f,0xef,0x9f,0xef,0x9f,0xef,
  0x9f,0xef,0x9f,0xef,0x9f,0xef,0x9f,0xef,0x9f,0xef,0x9f,0xef,0xbf,0xef,0xbf,0xef,0xbf,0xef,0xbf,0xef,0xbf,0xef,0xbf,0xef,
  0xbf,0xef,0xbf,0xef,0xbf,0xef,0x9f,0xe7,0x7f,0xdf,0x7f,0xe7,0x7f,0xe7,0x7f,0xe7,0x7f,0xe7,0x7f,0xe7,0x7f,0xe7,0x7f,0xe7,
  0x7f,0xe7,0x9f,0xef,0xbf,0xf7,0xbf,0xf7,0xbf,0xf7,0xbf,0xf7,0xbf,0xf7,0xdf,0xf7,0xdf,0xf7,0xbf,0xf7,0xdf,0xf7,0xdf,0xf7,
  0xdf,0xf7,0xdf,0xf7,0xdf,0xf7,0xdf,0xf7,0xdf,0xf7,0xdf,0xf7,0xdf,0xff,0xdf,0xff,0xdf,0xff,0xff,0xff,0xff,0xff,0xff,0xff,
  0xff,0xff,0xff,0xff,0xff,0xff,0xff,0xff,0xff,0xff,0xff,0xff,0xff,0xff,0xff,0xff,0xff,0xff,0xff,0xff,0xff,0xff,0xdf,0xf7,
  0xdf,0xf7,0xdf,0xf7,0xbf,0xf7,0xbf,0xef,0xbf,0xef,0x9f,0xef,0x9f,0xef,0x9f,0xef,0x9f,0xe7,0x7f,0xe7,0xdf,0xef,0xf4,0x94,
  0x00,0x00,0x84,0x08,0x84,0x00,0x84,0x00,0x84,0x00,0x84,0x00,0x84,0x00,0x84,0x00,0x84,0x00,0x84,0x00,0x84,0x00,0x84,0x00,
  0x84,0x00,0x84,0x00,0x84,0x00,0x84,0x00,0x84,0x00,0x84,0x00,0xa4,0x08,0xa4,0x08,0xa4,0x08,0xa4,0x08,0xa4,0x00,0xa5,0x08,
  0xa4,0x00,0xa5,0x08,0xa5,0x08,0xc5,0x08,0xc5,0x08,0xc5,0x08,0xc5,0x08,0xc5,0x08,0xc6,0x08,0xc6,0x08,0xe6,0x08,0xe6,0x08,
  0xe6,0x08,0xe6,0x08,0xe6,0x08,0xe6,0x08,0xe6,0x08,0xe6,0x08,0xe6,0x08,0xe6,0x08,0xe6,0x08,0xe6,0x08,0x06,0x09,0x07,0x09,
  0x07,0x09,0x07,0x11,0x07,0x11,0x27,0x11,0x27,0x11,0x27,0x11,0x27,0x11,0x27,0x11,0x27,0x11,0x28,0x11,0x48,0x11,0x48,0x11,
  0x48,0x11,0x48,0x11,0x48,0x11,0x48,0x11,0x48,0x11,0x68,0x11,0x68,0x11,0x48,0x11,0x48,0x11,0x48,0x11,0x68,0x11,0xe6,0x08,
  0x19,0xb6,0x9f,0xe7,0x5f,0xdf,0x7f,0xdf,0x7f,0xe7,0x7f,0xe7,0x7f,0xe7,0x9f,0xe7,0x9f,0xef,0x9f,0xef,0xbf,0xef,0xbf,0xf7,
  0xdf,0xf7,0xdf,0xf7,0xdf,0xff,0xff,0xff,0xff,0xff,0xff,0xff,0xff,0xff,0xff,0xff,0xff,0xff,0xff,0xff,0xff,0xff,0xff,0xff,
  0xff,0xff,0xff,0xff,0xff,0xff,0xff,0xff,0xff,0xff,0xff,0xff,0xff,0xff,0xff,0xff,0xff,0xff,0xff,0xff,0xff,0xff,0xff,0xff,
  0xff,0xff,0xff,0xff,0xff,0xff,0xff,0xff,0xff,0xff,0xff,0xff,0xff,0xff,0xff,0xff,0xff,0xff,0xff,0xff,0xff,0xff,0xff,0xff,
  0xff,0xff,0xff,0xff,0xff,0xff,0xff,0xff,0xff,0xff,0xff,0xff,0xff,0xff,0xff,0xff,0xff,0xff,0xff,0xff,0xff,0xff,0xff,0xff,
  0xff,0xff,0xff,0xff,0xff,0xff,0xff,0xff,0xff,0xff,0xff,0xff,0xff,0xff,0xff,0xff,0xff,0xff,0xff,0xff,0xff,0xff,0xff,0xff,
  0xff,0xff,0xff,0xff,0xff,0xff,0xff,0xff,0xff,0xff,0xff,0xff,0xff,0xff,0xff,0xff,0xff,0xff,0xff,0xff,0xff,0xff,0xff,0xff,
  0xff,0xff,0xff,0xff,0xff,0xff,0xff,0xff,0xff,0xff,0xff,0xff,0xff,0xff,0xff,0xff,0xff,0xff,0xff,0xff,0xff,0xff,0xff,0xff,
  0xff,0xff,0xff,0xff,0xff,0xff,0xff,0xff,0xff,0xff,0xff,0xff,0xff,0xff,0xff,0xff,0xff,0xff,0xff,0xff,0xff,0xff,0xff,0xff,
  0xff,0xff,0xff,0xff,0xff,0xff,0xff,0xff,0xff,0xff,0xff,0xff,0xff,0xff,0xff,0xff,0xff,0xff,0xff,0xff,0xff,0xff,0xff,0xff,
  0xff,0xff,0xff,0xff,0xff,0xff,0xff,0xff,0xff,0xff,0xff,0xff,0xff,0xff,0xff,0xff,0xff,0xff,0xff,0xff,0xff,0xff,0xff,0xff,
  0xff,0xff,0xff,0xff,0xff,0xff,0xff,0xff,0xff,0xff,0xff,0xff,0xff,0xff,0xff,0xff,0xff,0xff,0xff,0xff,0xff,0xff,0xff,0xff,
  0xff,0xff,0xff,0xff,0xff,0xff,0xff,0xff,0xff,0xff,0xff,0xff,0xff,0xff,0xff,0xff,0xff,0xff,0xff,0xff,0xff,0xff,0xff,0xff,
  0xdf,0xff,0xdf,0xff,0xdf,0xff,0xdf,0xff,0xdf,0xff,0xdf,0xf7,0xdf,0xf7,0xdf,0xf7,0xbf,0xef,0xbf,0xef,0xbf,0xef,0x9f,0xef,
  0x9f,0xef,0x9f,0xef,0x9f,0xef,0x9f,0xef,0x9f,0xef,0x9f,0xef,0x9f,0xef,0x9f,0xef,0x9f,0xef,0x9f,0xef,0x9f,0xef,0x9f,0xef,
  0x9f,0xef,0x9f,0xef,0x9f,0xef,0x9f,0xef,0xbf,0xef,0x9f,0xef,0xbf,0xef,0xbf,0xef,0xbf,0xef,0xbf,0xef,0xbf,0xef,0xbf,0xf7,
  0x9f,0xef,0x7f,0xe7,0x7f,0xe7,0x7f,0xe7,0x7f,0xe7,0x7f,0xe7,0x7f,0xe7,0x7f,0xe7,0x7f,0xe7,0x7f,0xe7,0x9f,0xef,0xbf,0xf7,
  0xbf,0xf7,0xbf,0xf7,0xbf,0xf7,0xbf,0xf7,0xdf,0xf7,0xdf,0xf7,0xdf,0xf7,0xdf,0xf7,0xdf,0xf7,0xdf,0xf7,0xdf,0xf7,0xdf,0xf7,
  0xdf,0xf7,0xdf,0xf7,0xdf,0xf7,0xdf,0xff,0xdf,0xff,0xff,0xff,0xff,0xff,0xff,0xff,0xff,0xff,0xff,0xff,0xff,0xff,0xff,0xff,
  0xff,0xff,0xdf,0xf7,0xbf,0xf7,0xbf,0xef,0x9f,0xef,0x9f,0xe7,0x7f,0xe7,0x5f,0xdf,0x5f,0xdf,0x3f,0xdf,0x3f,0xd7,0x3e,0xd7,
  0x1e,0xd7,0x1e,0xd7,0x1e,0xcf,0xfe,0xce,0xfe,0xce,0xde,0xc6,0xde,0xc6,0xbd,0xbe,0xe9,0x31,0x01,0x00,0x22,0x00,0x23,0x00,
  0x22,0x00,0x22,0x00,0x22,0x00,0x22,0x00,0x22,0x00,0x22,0x00,0x22,0x00,0x22,0x00,0x22,0x00,0x22,0x00,0x22,0x00,0x22,0x00,
  0x22,0x00,0x22,0x00,0x43,0x00,0x43,0x00,0x43,0x00,0x43,0x00,0x43,0x00,0x43,0x00,0x43,0x00,0x43,0x00,0x43,0x00,0x43,0x00,
  0x63,0x00,0x63,0x00,0x64,0x00,0x84,0x00,0x84,0x00,0x84,0x00,0x84,0x00,0x84,0x00,0x84,0x00,0x85,0x00,0x85,0x00,0x85,0x00,
  0x84,0x00,0x84,0x00,0x84,0x00,0xa5,0x00,0xa5,0x00,0x85,0x00,0x85,0x00,0xa5,0x00,0xa5,0x00,0xa5,0x00,0xc5,0x00,0xa5,0x00,
  0xa5,0x00,0xc5,0x00,0xc5,0x00,0xc6,0x00,0xc6,0x00,0xc6,0x00,0xc6,0x00,0xc6,0x00,0xc6,0x00,0xc6,0x00,0xc6,0x00,0xe6,0x08,
  0xe6,0x08,0xe6,0x08,0xe6,0x08,0xc6,0x08,0xc6,0x08,0xe6,0x08,0xc6,0x00,0x10,0x4b,0xfe,0xce,0xde,0xc6,0xbe,0xc6,0xbe,0xc6,
  0xde,0xc6,0xde,0xc6,0xfe,0xc6,0xfe,0xce,0x1e,0xcf,0x1e,0xd7,0x1e,0xd7,0x3e,0xd7,0x3e,0xd7,0x5f,0xdf,0x7f,0xe7,0x7f,0xe7,
  0x9f,0xe7,0x9f,0xef,0xbf,0xef,0xdf,0xf7,0xdf,0xff,0xff,0xff,0xff,0xff,0xff,0xff,0xff,0xff,0xff,0xff,0xff,0xff,0xff,0xff,
  0xff,0xff,0xff,0xff,0xff,0xff,0xff,0xff,0xff,0xff,0xff,0xff,0xff,0xff,0xff,0xff,0xff,0xff,0xff,0xff,0xff,0xff,0xff,0xff,
  0xff,0xff,0xff,0xff,0xff,0xff,0xff,0xff,0xff,0xff,0xff,0xff,0xff,0xff,0xff,0xff,0xff,0xff,0xff,0xff,0xff,0xff,0xff,0xff,
  0xff,0xff,0xff,0xff,0xff,0xff,0xff,0xff,0xff,0xff,0xff,0xff,0xff,0xff,0xff,0xff,0xff,0xff,0xff,0xff,0xff,0xff,0xff,0xff,
  0xff,0xff,0xff,0xff,0xff,0xff,0xff,0xff,0xff,0xff,0xff,0xff,0xff,0xff,0xff,0xff,0xff,0xff,0xff,0xff,0xff,0xff,0xff,0xff,
  0xff,0xff,0xff,0xff,0xff,0xff,0xff,0xff,0xff,0xff,0xff,0xff,0xff,0xff,0xff,0xff,0xff,0xff,0xff,0xff,0xff,0xff,0xff,0xff,
  0xff,0xff,0xff,0xff,0xff,0xff,0xff,0xff,0xff,0xff,0xff,0xff,0xff,0xff,0xff,0xff,0xff,0xff,0xff,0xff,0xff,0xff,0xff,0xff,
  0xff,0xff,0xff,0xff,0xff,0xff,0xff,0xff,0xff,0xff,0xff,0xff,0xff,0xff,0xff,0xff,0xff,0xff,0xff,0xff,0xff,0xff,0xff,0xff,
  0xff,0xff,0xff,0xff,0xff,0xff,0xff,0xff,0xff,0xff,0xff,0xff,0xff,0xff,0xff,0xff,0xff,0xff,0xff,0xff,0xff,0xff,0xff,0xff,
  0xff,0xff,0xff,0xff,0xff,0xff,0xff,0xff,0xff,0xff,0xff,0xff,0xff,0xff,0xff,0xff,0xff,0xff,0xff,0xff,0xff,0xff,0xff,0xff,
  0xff,0xff,0xff,0xff,0xff,0xff,0xff,0xff,0xff,0xff,0xff,0xff,0xff,0xff,0xff,0xff,0xff,0xff,0xff,0xff,0xff,0xff,0xff,0xff,
  0xff,0xff,0xff,0xff,0xff,0xff,0xff,0xff,0xff,0xff,0xff,0xff,0xff,0xff,0xdf,0xff,0xdf,0xff,0xdf,0xff,0xdf,0xff,0xdf,0xff,
  0xdf,0xf7,0xdf,0xf7,0xdf,0xf7,0xdf,0xf7,0x7f,0xdf,0x7f,0xe7,0x9f,0xe7,0xbf,0xef,0xbf,0xef,0xbf,0xef,0x9f,0xef,0x9f,0xef,
  0x9f,0xef,0x9f,0xef,0x9f,0xef,0x9f,0xef,0x9f,0xef,0x9f,0xef,0x9f,0xef,0x9f,0xef,0x9f,0xef,0xbf,0xef,0x9f,0xef,0x9f,0xef,
  0xbf,0xef,0x9f,0xef,0xbf,0xef,0xbf,0xef,0xbf,0xef,0xbf,0xef,0xbf,0xef,0xbf,0xef,0xbf,0xf7,0xbf,0xef,0x7f,0xe7,0x7f,0xe7,
  0x7f,0xe7,0x7f,0xe7,0x7f,0xe7,0x7f,0xe7,0x7f,0xe7,0x7f,0xe7,0x7f,0xe7,0x9f,0xef,0xdf,0xf7,0xdf,0xf7,0xbf,0xf7,0xbf,0xf7,
  0xdf,0xf7,0xdf,0xf7,0xdf,0xf7,0xdf,0xf7,0xdf,0xf7,0xdf,0xf7,0xdf,0xf7,0xdf,0xf7,0xdf,0xf7,0xdf,0xf7,0xdf,0xff,0xdf,0xff,
  0xff,0xff,0xdf,0xff,0xff,0xff,0xff,0xff,0xff,0xff,0xff,0xff,0xff,0xff,0xff,0xff,0xdf,0xff,0xdf,0xf7,0xbf,0xef,0x9f,0xef,
  0x9f,0xe7,0x7f,0xe7,0x7f,0xdf,0x5f,0xdf,0x3f,0xd7,0x3e,0xd7,0x1e,0xd7,0x1e,0xd7,0x1e,0xcf,0xfe,0xce,0xfe,0xce,0xde,0xc6,
  0xde,0xc6,0xbe,0xc6,0xbe,0xbe,0xde,0xc6,0xbe,0xbe,0x16,0x95,0xf5,0x8c,0xd5,0x84,0xb5,0x84,0xb5,0x84,0xd5,0x84,0xd5,0x84,
  0xd5,0x84,0xb5,0x84,0xb5,0x84,0xb5,0x84,0xb5,0x84,0xb5,0x84,0xb5,0x7c,0x95,0x7c,0x95,0x7c,0x95,0x7c,0x95,0x7c,0x95,0x7c,
  0x75,0x74,0x75,0x74,0x75,0x74,0x75,0x74,0x75,0x74,0x55,0x6c,0x55,0x6c,0x35,0x6c,0x35,0x6c,0x35,0x6c,0x35,0x64,0x35,0x64,
  0x15,0x64,0x15,0x5c,0xf4,0x5b,0xd4,0x53,0xb4,0x4b,0x93,0x4b,0xb4,0x4b,0xd4,0x4b,0xd4,0x53,0xd4,0x53,0xf4,0x5b,0x15,0x5c,
  0x35,0x64,0x35,0x64,0x35,0x64,0x55,0x6c,0x55,0x6c,0x55,0x6c,0x55,0x6c,0x75,0x6c,0x75,0x6c,0x96,0x74,0x96,0x74,0x96,0x74,
  0x96,0x7c,0x96,0x7c,0x96,0x7c,0x96,0x7c,0xb6,0x7c,0xb6,0x7c,0xb6,0x7c,0xb6,0x7c,0xb6,0x7c,0xb6,0x7c,0xb6,0x7c,0xb6,0x7c,
  0xd6,0x84,0xf6,0x8c,0x17,0x8d,0x7d,0xb6,0x9e,0xb6,0x9d,0xbe,0xbe,0xbe,0xbe,0xbe,0xbe,0xbe,0xbe,0xbe,0xde,0xc6,0xde,0xc6,
  0xfe,0xc6,0xfe,0xce,0x1e,0xcf,0x1e,0xd7,0x1e,0xd7,0x3e,0xd7,0x5f,0xdf,0x5f,0xdf,0x7f,0xe7,0x7f,0xe7,0x9f,0xef,0xbf,0xef,
  0xdf,0xf7,0xff,0xff,0xff,0xff,0xff,0xff,0xff,0xff,0xff,0xff,0xff,0xff,0xff,0xff,0xff,0xff,0xff,0xff,0xff,0xff,0xff,0xff,
  0xff,0xff,0xff,0xff,0xff,0xff,0xff,0xff,0xff,0xff,0xff,0xff,0xff,0xff,0xff,0xff,0xff,0xff,0xff,0xff,0xff,0xff,0xff,0xff,
  0xff,0xff,0xff,0xff,0xff,0xff,0xff,0xff,0xff,0xff,0xff,0xff,0xff,0xff,0xff,0xff,0xff,0xff,0xff,0xff,0xff,0xff,0xff,0xff,
  0xff,0xff,0xff,0xff,0xff,0xff,0xff,0xff,0xff,0xff,0xff,0xff,0xff,0xff,0xff,0xff,0xff,0xff,0xff,0xff,0xff,0xff,0xff,0xff,
  0xff,0xff,0xff,0xff,0xff,0xff,0xff,0xff,0xff,0xff,0xff,0xff,0xff,0xff,0xff,0xff,0xff,0xff,0xff,0xff,0xff,0xff,0xff,0xff,
  0xff,0xff,0xff,0xff,0xff,0xff,0xff,0xff,0xff,0xff,0xff,0xff,0xff,0xff,0xff,0xff,0xff,0xff,0xff,0xff,0xff,0xff,0xff,0xff,
  0xff,0xff,0xff,0xff,0xff,0xff,0xff,0xff,0xff,0xff,0xff,0xff,0xff,0xff,0xff,0xff,0xff,0xff,0xff,0xff,0xff,0xff,0xff,0xff,
  0xff,0xff,0xff,0xff,0xff,0xff,0xff,0xff,0xff,0xff,0xff,0xff,0xff,0xff,0xff,0xff,0xff,0xff,0xff,0xff,0xff,0xff,0xff,0xff,
  0xff,0xff,0xff,0xff,0xff,0xff,0xff,0xff,0xff,0xff,0xff,0xff,0xff,0xff,0xff,0xff,0xff,0xff,0xff,0xff,0xff,0xff,0xff,0xff,
  0xff,0xff,0xff,0xff,0xff,0xff,0xff,0xff,0xff,0xff,0xff,0xff,0xff,0xff,0xff,0xff,0xff,0xff,0xff,0xff,0xff,0xff,0xff,0xff,
  0xff,0xff,0xff,0xff,0xff,0xff,0xff,0xff,0xff,0xff,0xff,0xff,0xff,0xff,0xff,0xff,0xff,0xff,0xff,0xff,0xff,0xff,0xff,0xff,
  0xff,0xff,0xff,0xff,0xdf,0xff,0xdf,0xff,0xdf,0xff,0xdf,0xff,0xdf,0xff,0xdf,0xf7,0xdf,0xf7,0xdf,0xf7,0xdf,0xf7,0xdf,0xf7,
  0x7f,0xdf,0x7f,0xdf,0x7f,0xdf,0x7f,0xdf,0x7f,0xdf,0x7f,0xe7,0x9f,0xef,0xbf,0xef,0xbf,0xef,0x9f,0xef,0x9f,0xef,0x9f,0xef,
  0x9f,0xef,0xbf,0xef,0xbf,0xef,0xbf,0xef,0xbf,0xef,0xbf,0xef,0xbf,0xef,0xbf,0xef,0xbf,0xef,0xbf,0xef,0xbf,0xef,0xbf,0xef,
  0xbf,0xef,0xbf,0xef,0xbf,0xef,0xbf,0xef,0xbf,0xef,0xbf,0xf7,0xbf,0xf7,0x9f,0xe7,0x7f,0xe7,0x7f,0xe7,0x7f,0xe7,0x7f,0xe7,
  0x7f,0xe7,0x7f,0xe7,0x9f,0xe7,0x7f,0xe7,0x9f,0xef,0xdf,0xf7,0xdf,0xf7,0xbf,0xf7,0xdf,0xf7,0xdf,0xf7,0xdf,0xf7,0xdf,0xf7,
  0xdf,0xf7,0xdf,0xf7,0xdf,0xf7,0xdf,0xf7,0xdf,0xf7,0xdf,0xf7,0xdf,0xff,0xdf,0xff,0xdf,0xff,0xff,0xff,0xff,0xff,0xff,0xff,
  0xff,0xff,0xff,0xff,0xff,0xff,0xff,0xff,0xff,0xff,0xff,0xff,0xff,0xff,0xff,0xff,0xdf,0xff,0xdf,0xf7,0xdf,0xf7,0xbf,0xf7,
  0xbf,0xef,0x9f,0xef,0x9f,0xef,0x7f,0xe7,0x7f,0xe7,0x7f,0xe7,0x7f,0xe7,0x5f,0xdf,0x5f,0xdf,0x5f,0xdf,0x5f,0xdf,0x5f,0xdf,
  0x5f,0xdf,0xbf,0xe7,0x9f,0xe7,0x9f,0xdf,0x9f,0xdf,0x7f,0xdf,0x7f,0xdf,0x7f,0xdf,0x7f,0xdf,0x7f,0xdf,0x7f,0xdf,0x7f,0xdf,
  0x7f,0xdf,0x5f,0xd7,0x5f,0xd7,0x3f,0xd7,0x3f,0xcf,0x3f,0xcf,0x3f,0xcf,0x1f,0xcf,0x1f,0xcf,0x1f,0xc7,0x1f,0xc7,0xff,0xc6,
  0xff,0xc6,0xff,0xbe,0xdf,0xbe,0xdf,0xbe,0xdf,0xbe,0xbf,0xbe,0xbf,0xbe,0xbf,0xbe,0xbf,0xb6,0xbf,0xb6,0x9f,0xb6,0x9f,0xb6,
  0x9e,0xb6,0x9e,0xae,0x9e,0xae,0x9e,0xb6,0x9e,0xb6,0x9e,0xb6,0x9e,0xb6,0xbe,0xb6,0xbf,0xb6,0xbf,0xb6,0xbf,0xb6,0xbf,0xb6,
  0xdf,0xbe,0xdf,0xbe,0xdf,0xbe,0xdf,0xbe,0xff,0xbe,0xff,0xc6,0xff,0xc6,0xff,0xc6,0x1f,0xc7,0x1f,0xc7,0x1f,0xc7,0x1f,0xcf,
  0x1f,0xcf,0x3f,0xcf,0x3f,0xcf,0x3f,0xcf,0x3f,0xd7,0x3f,0xd7,0x5f,0xd7,0x5f,0xd7,0x7f,0xdf,0x7f,0xdf,0x7f,0xdf,0x1e,0xcf,
  0x1e,0xd7,0x3e,0xd7,0x3e,0xd7,0x3f,0xd7,0x5f,0xdf,0x5f,0xdf,0x5f,0xdf,0x5f,0xdf,0x7f,0xdf,0x7f,0xe7,0x7f,0xe7,0x9f,0xef,
  0x9f,0xef,0xbf,0xef,0xbf,0xf7,0xdf,0xf7,0xdf,0xff,0xff,0xff,0xff,0xff,0xff,0xff,0xff,0xff,0xff,0xff,0xff,0xff,0xff,0xff,
  0xff,0xff,0xff,0xff,0xff,0xff,0xff,0xff,0xff,0xff,0xff,0xff,0xff,0xff,0xff,0xff,0xff,0xff,0xff,0xff,0xff,0xff,0xff,0xff,
  0xff,0xff,0xff,0xff,0xff,0xff,0xff,0xff,0xff,0xff,0xff,0xff,0xff,0xff,0xff,0xff,0xff,0xff,0xff,0xff,0xff,0xff,0xff,0xff,
  0xff,0xff,0xff,0xff,0xff,0xff,0xff,0xff,0xff,0xff,0xff,0xff,0xff,0xff,0xff,0xff,0xff,0xff,0xff,0xff,0xff,0xff,0xff,0xff,
  0xff,0xff,0xff,0xff,0xff,0xff,0xff,0xff,0xff,0xff,0xff,0xff,0xff,0xff,0xff,0xff,0xff,0xff,0xff,0xff,0xff,0xff,0xff,0xff,
  0xff,0xff,0xff,0xff,0xff,0xff,0xff,0xff,0xff,0xff,0xff,0xff,0xff,0xff,0xff,0xff,0xff,0xff,0xff,0xff,0xff,0xff,0xff,0xff,
  0xff,0xff,0xff,0xff,0xff,0xff,0xff,0xff,0xff,0xff,0xff,0xff,0xff,0xff,0xff,0xff,0xff,0xff,0xff,0xff,0xff,0xff,0xff,0xff,
  0xff,0xff,0xff,0xff,0xff,0xff,0xff,0xff,0xff,0xff,0xff,0xff,0xff,0xff,0xff,0xff,0xff,0xff,0xff,0xff,0xff,0xff,0xff,0xff,
  0xff,0xff,0xff,0xff,0xff,0xff,0xff,0xff,0xff,0xff,0xff,0xff,0xff,0xff,0xff,0xff,0xff,0xff,0xff,0xff,0xff,0xff,0xff,0xff,
  0xff,0xff,0xff,0xff,0xff,0xff,0xff,0xff,0xff,0xff,0xff,0xff,0xff,0xff,0xff,0xff,0xff,0xff,0xff,0xff,0xff,0xff,0xff,0xff,
  0xff,0xff,0xff,0xff,0xff,0xff,0xff,0xff,0xff,0xff,0xff,0xff,0xff,0xff,0xff,0xff,0xff,0xff,0xff,0xff,0xff,0xff,0xff,0xff,
  0xff,0xff,0xff,0xff,0xff,0xff,0xff,0xff,0xff,0xff,0xff,0xff,0xff,0xff,0xff,0xff,0xff,0xff,0xdf,0xff,0xdf,0xff,0xdf,0xff,
  0xdf,0xff,0xdf,0xff,0xdf,0xf7,0xdf,0xf7,0xdf,0xf7,0xdf,0xf7,0xdf,0xf7,0xdf,0xf7,0x7f,0xdf,0x7f,0xdf,0x7f,0xdf,0x7f,0xdf,
  0x5f,0xdf,0x5f,0xdf,0x5f,0xdf,0x7f,0xdf,0x9f,0xe7,0xbf,0xef,0xbf,0xef,0xbf,0xef,0x9f,0xef,0xbf,0xef,0xbf,0xef,0xbf,0xef,
  0xbf,0xef,0xbf,0xef,0x9f,0xef,0xbf,0xef,0xbf,0xef,0xbf,0xef,0xbf,0xef,0xbf,0xef,0xbf,0xef,0xbf,0xef,0xbf,0xef,0xbf,0xef,
  0xbf,0xf7,0xbf,0xf7,0xbf,0xf7,0xbf,0xf7,0xbf,0xef,0x7f,0xe7,0x7f,0xe7,0x7f,0xe7,0x7f,0xe7,0x7f,0xe7,0x7f,0xe7,0x9f,0xe7,
  0x7f,0xe7,0x9f,0xe7,0xdf,0xf7,0xdf,0xf7,0xdf,0xf7,0xdf,0xf7,0xdf,0xf7,0xdf,0xf7,0xdf,0xf7,0xdf,0xf7,0xdf,0xf7,0xdf,0xf7,
  0xdf,0xf7,0xdf,0xf7,0xdf,0xff,0xdf,0xff,0xdf,0xff,0xff,0xff,0xff,0xff,0xff,0xff,0xff,0xff,0xff,0xff,0xff,0xff,0xff,0xff,
  0xff,0xff,0xff,0xff,0xff,0xff,0xff,0xff,0xff,0xff,0xff,0xff,0xff,0xff,0xff,0xff,0xff,0xff,0xff,0xff,0xff,0xff,0xff,0xff,
  0xff,0xff,0xff,0xff,0xff,0xff,0xff,0xff,0xdf,0xff,0xdf,0xf7,0xdf,0xf7,0xdf,0xf7,0xdf,0xf7,0xbf,0xf7,0xbf,0xef,0xbf,0xef,
  0x9f,0xef,0x9f,0xef,0x9f,0xef,0x9f,0xef,0x9f,0xe7,0x7f,0xe7,0x7f,0xe7,0x7f,0xe7,0x7f,0xe7,0x5f,0xe7,0x5f,0xdf,0x5f,0xdf,
  0x5f,0xdf,0x5f,0xdf,0x5f,0xdf,0x5e,0xdf,0x3e,0xdf,0x3e,0xd7,0x3e,0xd7,0x3e,0xd7,0x3e,0xd7,0x1e,0xd7,0x1e,0xd7,0x1e,0xd7,
  0x1e,0xd7,0x1e,0xd7,0x1e,0xcf,0x1e,0xcf,0x1e,0xd7,0x1e,0xd7,0x1e,0xcf,0x1e,0xd7,0x1e,0xd7,0x1e,0xd7,0x1e,0xd7,0x1e,0xd7,
  0x1e,0xd7,0x1e,0xd7,0x1e,0xd7,0x1e,0xd7,0x1e,0xd7,0x1e,0xd7,0x1e,0xd7,0x1e,0xd7,0x1e,0xd7,0x1e,0xd7,0x1e,0xd7,0x1e,0xd7,
  0x1e,0xd7,0x3e,0xd7,0x3e,0xd7,0x3e,0xd7,0x3e,0xd7,0x3e,0xd7,0x3e,0xdf,0x5f,0xdf,0x5f,0xdf,0x5e,0xdf,0x5f,0xdf,0x7f,0xe7,
  0x7f,0xe7,0x7f,0xe7,0x7f,0xe7,0x9f,0xe7,0x9f,0xe7,0x9f,0xef,0x9f,0xef,0xbf,0xef,0xdf,0xf7,0xdf,0xf7,0xdf,0xf7,0xdf,0xf7,
  0xdf,0xf7,0xdf,0xff,0xff,0xff,0xff,0xff,0xff,0xff,0xff,0xff,0xff,0xff,0xff,0xff,0xff,0xff,0xff,0xff,0xff,0xff,0xff,0xff,
  0xff,0xff,0xff,0xff,0xff,0xff,0xff,0xff,0xff,0xff,0xff,0xff,0xff,0xff,0xff,0xff,0xff,0xff,0xff,0xff,0xff,0xff,0xff,0xff,
  0xff,0xff,0xff,0xff,0xff,0xff,0xff,0xff,0xff,0xff,0xff,0xff,0xff,0xff,0xff,0xff,0xff,0xff,0xff,0xff,0xff,0xff,0xff,0xff,
  0xff,0xff,0xff,0xff,0xff,0xff,0xff,0xff,0xff,0xff,0xff,0xff,0xff,0xff,0xff,0xff,0xff,0xff,0xff,0xff,0xff,0xff,0xff,0xff,
  0xff,0xff,0xff,0xff,0xff,0xff,0xff,0xff,0xff,0xff,0xff,0xff,0xff,0xff,0xff,0xff,0xff,0xff,0xff,0xff,0xff,0xff,0xff,0xff,
  0xff,0xff,0xff,0xff,0xff,0xff,0xff,0xff,0xff,0xff,0xff,0xff,0xff,0xff,0xff,0xff,0xff,0xff,0xff,0xff,0xff,0xff,0xff,0xff,
  0xff,0xff,0xff,0xff,0xff,0xff,0xff,0xff,0xff,0xff,0xff,0xff,0xff,0xff,0xff,0xff,0xff,0xff,0xff,0xff,0xff,0xff,0xff,0xff,
  0xff,0xff,0xff,0xff,0xff,0xff,0xff,0xff,0xff,0xff,0xff,0xff,0xff,0xff,0xff,0xff,0xff,0xff,0xff,0xff,0xff,0xff,0xff,0xff,
  0xff,0xff,0xff,0xff,0xff,0xff,0xff,0xff,0xff,0xff,0xff,0xff,0xff,0xff,0xff,0xff,0xff,0xff,0xff,0xff,0xff,0xff,0xff,0xff,
  0xff,0xff,0xff,0xff,0xff,0xff,0xff,0xff,0xff,0xff,0xff,0xff,0xff,0xff,0xff,0xff,0xff,0xff,0xff,0xff,0xff,0xff,0xff,0xff,
  0xff,0xff,0xff,0xff,0xff,0xff,0xff,0xff,0xff,0xff,0xff,0xff,0xff,0xff,0xff,0xff,0xff,0xff,0xff,0xff,0xff,0xff,0xff,0xff,
  0xff,0xff,0xff,0xff,0xff,0xff,0xff,0xff,0xff,0xff,0xff,0xff,0xff,0xff,0xff,0xff,0xff,0xff,0xff,0xff,0xff,0xff,0xff,0xff,
  0xff,0xff,0xff,0xff,0xff,0xff,0xff,0xff,0xff,0xff,0xdf,0xff,0xdf,0xff,0xdf,0xff,0xdf,0xff,0xdf,0xff,0xdf,0xf7,0xdf,0xf7,
  0xdf,0xf7,0xdf,0xf7,0xdf,0xf7,0xdf,0xf7,0x7f,0xdf,0x7f,0xdf,0x7f,0xdf,0x5f,0xdf,0x7f,0xdf,0x5f,0xdf,0x5f,0xdf,0x5f,0xdf,
  0x5f,0xd7,0x5f,0xdf,0x7f,0xe7,0xbf,0xef,0xbf,0xef,0xbf,0xef,0xbf,0xef,0xbf,0xef,0xbf,0xef,0xbf,0xef,0xbf,0xef,0xbf,0xef,
  0xbf,0xef,0xbf,0xef,0xbf,0xef,0xbf,0xef,0xbf,0xef,0xbf,0xef,0xbf,0xef,0xbf,0xef,0xbf,0xef,0xbf,0xef,0xbf,0xf7,0xbf,0xef,
  0xbf,0xf7,0xbf,0xef,0x7f,0xe7,0x7f,0xe7,0x9f,0xe7,0x7f,0xe7,0x7f,0xe7,0x7f,0xe7,0x7f,0xe7,0x7f,0xe7,0x9f,0xe7,0xbf,0xf7,
  0xdf,0xf7,0xdf,0xf7,0xdf,0xf7,0xdf,0xf7,0xdf,0xf7,0xdf,0xf7,0xdf,0xf7,0xdf,0xf7,0xdf,0xf7,0xdf,0xf7,0xdf,0xff,0xdf,0xff,
  0xdf,0xff,0xdf,0xff,0xff,0xff,0xff,0xff,0xff,0xff,0xff,0xff,0xff,0xff,0xff,0xff,0xff,0xff,0xff,0xff,0xff,0xff,0xff,0xff,
  0xff,0xff,0xff,0xff,0xff,0xff,0xff,0xff,0xff,0xff,0xff,0xff,0xff,0xff,0xff,0xff,0xff,0xff,0xff,0xff,0xff,0xff,0xff,0xff,
  0xff,0xff,0xff,0xff,0xff,0xff,0xff,0xff,0xff,0xff,0xff,0xff,0xff,0xff,0xff,0xff,0xff,0xff,0xff,0xff,0xff,0xff,0xff,0xff,
  0xff,0xff,0xff,0xff,0xff,0xff,0xff,0xff,0xff,0xff,0xff,0xff,0xff,0xff,0xff,0xff,0xff,0xff,0xff,0xff,0xdf,0xff,0xdf,0xff,
  0xdf,0xf7,0xdf,0xf7,0xdf,0xf7,0xdf,0xf7,0xdf,0xf7,0xdf,0xf7,0xdf,0xf7,0xdf,0xf7,0xdf,0xf7,0xdf,0xf7,0xbf,0xf7,0xdf,0xf7,
  0xbf,0xf7,0xbf,0xf7,0xbf,0xf7,0xbf,0xf7,0xdf,0xf7,0xdf,0xf7,0xbf,0xf7,0xdf,0xf7,0xbf,0xf7,0xdf,0xf7,0xdf,0xf7,0xbf,0xf7,
  0xbf,0xf7,0xdf,0xf7,0xdf,0xf7,0xdf,0xf7,0xdf,0xf7,0xdf,0xf7,0xdf,0xf7,0xdf,0xf7,0xdf,0xf7,0xdf,0xf7,0xdf,0xf7,0xdf,0xf7,
  0xdf,0xff,0xdf,0xff,0xff,0xff,0xff,0xff,0xff,0xff,0xff,0xff,0xff,0xff,0xff,0xff,0xff,0xff,0xff,0xff,0xff,0xff,0xff,0xff,
  0xff,0xff,0xff,0xff,0xff,0xff,0xff,0xff,0xff,0xff,0xff,0xff,0xff,0xff,0xff,0xff,0xff,0xff,0xff,0xff,0xff,0xff,0xff,0xff,
  0xff,0xff,0xff,0xff,0xff,0xff,0xff,0xff,0xff,0xff,0xff,0xff,0xff,0xff,0xff,0xff,0xff,0xff,0xff,0xff,0xff,0xff,0xff,0xff,
  0xff,0xff,0xff,0xff,0xff,0xff,0xff,0xff,0xff,0xff,0xff,0xff,0xff,0xff,0xff,0xff,0xff,0xff,0xff,0xff,0xff,0xff,0xff,0xff,
  0xff,0xff,0xff,0xff,0xff,0xff,0xff,0xff,0xff,0xff,0xff,0xff,0xff,0xff,0xff,0xff,0xff,0xff,0xff,0xff,0xff,0xff,0xff,0xff,
  0xff,0xff,0xff,0xff,0xff,0xff,0xff,0xff,0xff,0xff,0xff,0xff,0xff,0xff,0xff,0xff,0xff,0xff,0xff,0xff,0xff,0xff,0xff,0xff,
  0xff,0xff,0xff,0xff,0xff,0xff,0xff,0xff,0xff,0xff,0xff,0xff,0xff,0xff,0xff,0xff,0xff,0xff,0xff,0xff,0xff,0xff,0xff,0xff,
  0xff,0xff,0xff,0xff,0xff,0xff,0xff,0xff,0xff,0xff,0xff,0xff,0xff,0xff,0xff,0xff,0xff,0xff,0xff,0xff,0xff,0xff,0xff,0xff,
  0xff,0xff,0xff,0xff,0xff,0xff,0xff,0xff,0xff,0xff,0xff,0xff,0xff,0xff,0xff,0xff,0xff,0xff,0xff,0xff,0xff,0xff,0xff,0xff,
  0xff,0xff,0xff,0xff,0xff,0xff,0xff,0xff,0xff,0xff,0xff,0xff,0xff,0xff,0xff,0xff,0xff,0xff,0xff,0xff,0xff,0xff,0xff,0xff,
  0xff,0xff,0xff,0xff,0xff,0xff,0xff,0xff,0xff,0xff,0xff,0xff,0xff,0xff,0xff,0xff,0xff,0xff,0xff,0xff,0xff,0xff,0xff,0xff,
  0xff,0xff,0xff,0xff,0xff,0xff,0xff,0xff,0xff,0xff,0xff,0xff,0xff,0xff,0xff,0xff,0xff,0xff,0xff,0xff,0xff,0xff,0xff,0xff,
  0xff,0xff,0xff,0xff,0xff,0xff,0xff,0xff,0xff,0xff,0xff,0xff,0xff,0xff,0xff,0xff,0xff,0xff,0xff,0xff,0xff,0xff,0xff,0xff,
  0xff,0xff,0xff,0xff,0xff,0xff,0xff,0xff,0xff,0xff,0xff,0xff,0xff,0xff,0xff,0xff,0xff,0xff,0xff,0xff,0xff,0xff,0xff,0xff,
  0xff,0xff,0xdf,0xff,0xdf,0xff,0xdf,0xff,0xdf,0xff,0xdf,0xf7,0xdf,0xf7,0xdf,0xf7,0xdf,0xf7,0xdf,0xf7,0xdf,0xf7,0xdf,0xf7,
  0x7f,0xdf,0x7f,0xdf,0x5f,0xdf,0x5f,0xdf,0x5f,0xdf,0x5f,0xdf,0x5f,0xdf,0x5f,0xdf,0x5f,0xdf,0x5f,0xd7,0x3f,0xd7,0x5f,0xd7,
  0x7f,0xe7,0x9f,0xef,0xbf,0xef,0xbf,0xef,0xbf,0xef,0xbf,0xef,0xbf,0xef,0xbf,0xef,0xbf,0xef,0xbf,0xef,0xbf,0xef,0xbf,0xef,
  0xbf,0xef,0xbf,0xef,0xbf,0xef,0xbf,0xf7,0xbf,0xef,0xbf,0xef,0xbf,0xef,0xbf,0xf7,0xbf,0xf7,0xbf,0xf7,0xbf,0xef,0x7f,0xe7,
  0x7f,0xe7,0x9f,0xe7,0x7f,0xe7,0x7f,0xe7,0x7f,0xe7,0x9f,0xe7,0x7f,0xe7,0x9f,0xef,0xdf,0xf7,0xdf,0xf7,0xdf,0xf7,0xdf,0xf7,
  0xdf,0xf7,0xdf,0xf7,0xdf,0xf7,0xdf,0xf7,0xdf,0xf7,0xdf,0xf7,0xdf,0xf7,0xdf,0xff,0xdf,0xff,0xdf,0xff,0xdf,0xff,0xff,0xff,
  0xff,0xff,0xff,0xff,0xff,0xff,0xff,0xff,0xff,0xff,0xff,0xff,0xff,0xff,0xff,0xff,0xff,0xff,0xff,0xff,0xff,0xff,0xff,0xff,
  0xff,0xff,0xff,0xff,0xff,0xff,0xff,0xff,0xff,0xff,0xff,0xff,0xff,0xff,0xff,0xff,0xff,0xff,0xff,0xff,0xff,0xff,0xff,0xff,
  0xff,0xff,0xff,0xff,0xff,0xff,0xff,0xff,0xff,0xff,0xff,0xff,0xff,0xff,0xff,0xff,0xff,0xff,0xff,0xff,0xff,0xff,0xff,0xff,
  0xff,0xff,0xff,0xff,0xff,0xff,0xff,0xff,0xff,0xff,0xff,0xff,0xff,0xff,0xff,0xff,0xff,0xff,0xff,0xff,0xff,0xff,0xff,0xff,
  0xff,0xff,0xff,0xff,0xff,0xff,0xff,0xff,0xff,0xff,0xff,0xff,0xff,0xff,0xff,0xff,0xff,0xff,0xff,0xff,0xff,0xff,0xff,0xff,
  0xff,0xff,0xff,0xff,0xff,0xff,0xff,0xff,0xff,0xff,0xff,0xff,0xff,0xff,0xff,0xff,0xff,0xff,0xff,0xff,0xff,0xff,0xff,0xff,
  0xff,0xff,0xff,0xff,0xff,0xff,0xff,0xff,0xff,0xff,0xff,0xff,0xff,0xff,0xff,0xff,0xff,0xff,0xff,0xff,0xff,0xff,0xff,0xff,
  0xff,0xff,0xff,0xff,0xff,0xff,0xff,0xff,0xff,0xff,0xff,0xff,0xff,0xff,0xff,0xff,0xff,0xff,0xff,0xff,0xff,0xff,0xff,0xff,
  0xff,0xff,0xff,0xff,0xff,0xff,0xff,0xff,0xff,0xff,0xff,0xff,0xff,0xff,0xff,0xff,0xff,0xff,0xff,0xff,0xff,0xff,0xff,0xff,
  0xff,0xff,0xff,0xff,0xff,0xff,0xff,0xff,0xff,0xff,0xff,0xff,0xff,0xff,0xff,0xff,0xff,0xff,0xff,0xff,0xff,0xff,0xff,0xff,
  0xff,0xff,0xff,0xff,0xff,0xff,0xff,0xff,0xff,0xff,0xff,0xff,0xff,0xff,0xff,0xff,0xff,0xff,0xff,0xff,0xff,0xff,0xff,0xff,
  0xff,0xff,0xff,0xff,0xff,0xff,0xff,0xff,0xff,0xff,0xff,0xff,0xff,0xff,0xff,0xff,0xff,0xff,0xff,0xff,0xff,0xff,0xff,0xff,
  0xff,0xff,0xff,0xff,0xff,0xff,0xff,0xff,0xff,0xff,0xff,0xff,0xff,0xff,0xff,0xff,0xff,0xff,0xff,0xff,0xff,0xff,0xff,0xff,
  0xff,0xff,0xff,0xff,0xff,0xff,0xff,0xff,0xff,0xff,0xff,0xff,0xff,0xff,0xff,0xff,0xff,0xff,0xff,0xff,0xff,0xff,0xff,0xff,
  0xff,0xff,0xff,0xff,0xff,0xff,0xff,0xff,0xff,0xff,0xff,0xff,0xff,0xff,0xff,0xff,0xff,0xff,0xff,0xff,0xff,0xff,0xff,0xff,
  0xff,0xff,0xff,0xff,0xff,0xff,0xff,0xff,0xff,0xff,0xff,0xff,0xff,0xff,0xff,0xff,0xff,0xff,0xff,0xff,0xff,0xff,0xff,0xff,
  0xff,0xff,0xff,0xff,0xff,0xff,0xff,0xff,0xff,0xff,0xff,0xff,0xff,0xff,0xff,0xff,0xff,0xff,0xff,0xff,0xff,0xff,0xff,0xff,
  0xff,0xff,0xff,0xff,0xff,0xff,0xff,0xff,0xff,0xff,0xff,0xff,0xff,0xff,0xff,0xff,0xff,0xff,0xff,0xff,0xff,0xff,0xff,0xff,
  0xff,0xff,0xff,0xff,0xff,0xff,0xff,0xff,0xff,0xff,0xff,0xff,0xff,0xff,0xff,0xff,0xff,0xff,0xff,0xff,0xff,0xff,0xff,0xff,
  0xff,0xff,0xff,0xff,0xff,0xff,0xff,0xff,0xff,0xff,0xff,0xff,0xff,0xff,0xff,0xff,0xff,0xff,0xff,0xff,0xff,0xff,0xff,0xff,
  0xff,0xff,0xff,0xff,0xff,0xff,0xff,0xff,0xff,0xff,0xff,0xff,0xff,0xff,0xff,0xff,0xff,0xff,0xdf,0xff,0xdf,0xff,0xdf,0xff,
  0xdf,0xf7,0xdf,0xf7,0xdf,0xf7,0xdf,0xf7,0xdf,0xf7,0xdf,0xf7,0xdf,0xf7,0xdf,0xf7,0x5f,0xdf,0x5f,0xdf,0x5f,0xdf,0x5f,0xdf,
  0x5f,0xdf,0x5f,0xdf,0x5f,0xdf,0x5f,0xdf,0x5f,0xdf,0x5f,0xd7,0x5f,0xd7,0x5f,0xd7,0x3f,0xd7,0x3f,0xd7,0x7f,0xe7,0xbf,0xef,
  0xbf,0xef,0xbf,0xef,0xbf,0xef,0xbf,0xef,0xbf,0xef,0xbf,0xef,0xbf,0xef,0xbf,0xef,0xbf,0xef,0xbf,0xef,0xbf,0xef,0xbf,0xef,
  0xbf,0xef,0xbf,0xef,0xbf,0xef,0xbf,0xf7,0xbf,0xf7,0xbf,0xf7,0xbf,0xf7,0xbf,0xef,0x9f,0xe7,0x7f,0xe7,0x9f,0xe7,0x7f,0xe7,
  0x9f,0xe7,0x7f,0xe7,0x7f,0xe7,0x7f,0xe7,0x9f,0xef,0xdf,0xf7,0xdf,0xf7,0xdf,0xf7,0xdf,0xf7,0xdf,0xf7,0xdf,0xf7,0xdf,0xf7,
  0xdf,0xf7,0xdf,0xf7,0xdf,0xff,0xdf,0xff,0xdf,0xff,0xdf,0xff,0xdf,0xff,0xff,0xff,0xff,0xff,0xff,0xff,0xff,0xff,0xff,0xff,
  0xff,0xff,0xff,0xff,0xff,0xff,0xff,0xff,0xff,0xff,0xff,0xff,0xff,0xff,0xff,0xff,0xff,0xff,0xff,0xff,0xff,0xff,0xff,0xff,
  0xff,0xff,0xff,0xff,0xff,0xff,0xff,0xff,0xff,0xff,0xff,0xff,0xff,0xff,0xff,0xff,0xff,0xff,0xff,0xff,0xff,0xff,0xff,0xff,
  0xff,0xff,0xff,0xff,0xff,0xff,0xff,0xff,0xff,0xff,0xff,0xff,0xff,0xff,0xff,0xff,0xff,0xff,0xff,0xff,0xff,0xff,0xff,0xff,
  0xff,0xff,0xff,0xff,0xff,0xff,0xff,0xff,0xff,0xff,0xff,0xff,0xff,0xff,0xff,0xff,0xff,0xff,0xff,0xff,0xff,0xff,0xff,0xff,
  0xff,0xff,0xff,0xff,0xff,0xff,0xff,0xff,0xff,0xff,0xff,0xff,0xff,0xff,0xff,0xff,0xff,0xff,0xff,0xff,0xff,0xff,0xff,0xff,
  0xff,0xff,0xff,0xff,0xff,0xff,0xff,0xff,0xff,0xff,0xff,0xff,0xff,0xff,0xff,0xff,0xff,0xff,0xff,0xff,0xff,0xff,0xff,0xff,
  0xff,0xff,0xff,0xff,0xff,0xff,0xff,0xff,0xff,0xff,0xff,0xff,0xff,0xff,0xff,0xff,0xff,0xff,0xff,0xff,0xff,0xff,0xff,0xff,
  0xff,0xff,0xff,0xff,0xff,0xff,0xff,0xff,0xff,0xff,0xff,0xff,0xff,0xff,0xff,0xff,0xff,0xff,0xff,0xff,0xff,0xff,0xff,0xff,
  0xff,0xff,0xff,0xff,0xff,0xff,0xff,0xff,0xff,0xff,0xff,0xff,0xff,0xff,0xff,0xff,0xff,0xff,0xff,0xff,0xff,0xff,0xff,0xff,
  0xff,0xff,0xff,0xff,0xff,0xff,0xff,0xff,0xff,0xff,0xff,0xff,0xff,0xff,0xff,0xff,0xff,0xff,0xff,0xff,0xff,0xff,0xff,0xff,
  0xff,0xff,0xff,0xff,0xff,0xff,0xff,0xff,0xff,0xff,0xff,0xff,0xff,0xff,0xff,0xff,0xff,0xff,0xff,0xff,0xff,0xff,0xff,0xff,
  0xff,0xff,0xff,0xff,0xff,0xff,0xff,0xff,0xff,0xff,0xff,0xff,0xff,0xff,0xff,0xff,0xff,0xff,0xff,0xff,0xff,0xff,0xff,0xff,
  0xff,0xff,0xff,0xff,0xff,0xff,0xff,0xff,0xff,0xff,0xff,0xff,0xff,0xff,0xff,0xff,0xff,0xff,0xff,0xff,0xff,0xff,0xff,0xff,
  0xff,0xff,0xff,0xff,0xff,0xff,0xff,0xff,0xff,0xff,0xff,0xff,0xff,0xff,0xff,0xff,0xff,0xff,0xff,0xff,0xff,0xff,0xff,0xff,
  0xff,0xff,0xff,0xff,0xff,0xff,0xff,0xff,0xff,0xff,0xff,0xff,0xff,0xff,0xff,0xff,0xff,0xff,0xff,0xff,0xff,0xff,0xff,0xff,
  0xff,0xff,0xff,0xff,0xff,0xff,0xff,0xff,0xff,0xff,0xff,0xff,0xff,0xff,0xff,0xff,0xff,0xff,0xff,0xff,0xff,0xff,0xff,0xff,
  0xff,0xff,0xff,0xff,0xff,0xff,0xff,0xff,0xff,0xff,0xff,0xff,0xff,0xff,0xff,0xff,0xff,0xff,0xff,0xff,0xff,0xff,0xff,0xff,
  0xff,0xff,0xff,0xff,0xff,0xff,0xff,0xff,0xff,0xff,0xff,0xff,0xff,0xff,0xff,0xff,0xff,0xff,0xff,0xff,0xff,0xff,0xff,0xff,
  0xff,0xff,0xff,0xff,0xff,0xff,0xff,0xff,0xff,0xff,0xff,0xff,0xff,0xff,0xff,0xff,0xff,0xff,0xff,0xff,0xff,0xff,0xff,0xff,
  0xff,0xff,0xff,0xff,0xff,0xff,0xff,0xff,0xff,0xff,0xff,0xff,0xff,0xff,0xff,0xff,0xff,0xff,0xff,0xff,0xff,0xff,0xff,0xff,
  0xff,0xff,0xff,0xff,0xff,0xff,0xff,0xff,0xdf,0xff,0xdf,0xff,0xdf,0xff,0xdf,0xff,0xdf,0xf7,0xdf,0xf7,0xdf,0xf7,0xdf,0xf7,
  0xdf,0xf7,0xdf,0xf7,0xdf,0xf7,0xdf,0xf7,0x5f,0xdf,0x5f,0xdf,0x5f,0xdf,0x5f,0xdf,0x5f,0xdf,0x5f,0xdf,0x5f,0xdf,0x5f,0xd7,
  0x5f,0xd7,0x5f,0xd7,0x3f,0xd7,0x3f,0xd7,0x3f,0xd7,0x3f,0xd7,0x3f,0xd7,0x3f,0xd7,0x9f,0xe7,0xbf,0xef,0xbf,0xef,0xbf,0xef,
  0xbf,0xef,0xbf,0xef,0xbf,0xef,0xbf,0xef,0xbf,0xef,0xbf,0xef,0xbf,0xef,0xbf,0xef,0xbf,0xf7,0xbf,0xef,0xbf,0xef,0xbf,0xf7,
  0xbf,0xf7,0xbf,0xf7,0xbf,0xf7,0xbf,0xf7,0xbf,0xf7,0x9f,0xe7,0x9f,0xe7,0x9f,0xe7,0x7f,0xe7,0x7f,0xe7,0x7f,0xe7,0x7f,0xe7,
  0x7f,0xe7,0x9f,0xef,0xdf,0xf7,0xdf,0xf7,0xdf,0xf7,0xdf,0xf7,0xdf,0xf7,0xdf,0xf7,0xdf,0xf7,0xdf,0xf7,0xdf,0xf7,0xdf,0xf7,
  0xdf,0xf7,0xdf,0xff,0xdf,0xff,0xdf,0xff,0xdf,0xff,0xff,0xff,0xff,0xff,0xff,0xff,0xff,0xff,0xff,0xff,0xff,0xff,0xff,0xff,
  0xff,0xff,0xff,0xff,0xff,0xff,0xff,0xff,0xff,0xff,0xff,0xff,0xff,0xff,0xff,0xff,0xff,0xff,0xff,0xff,0xff,0xff,0xff,0xff,
  0xff,0xff,0xff,0xff,0xff,0xff,0xff,0xff,0xff,0xff,0xff,0xff,0xff,0xff,0xff,0xff,0xff,0xff,0xff,0xff,0xff,0xff,0xff,0xff,
  0xff,0xff,0xff,0xff,0xff,0xff,0xff,0xff,0xff,0xff,0xff,0xff,0xff,0xff,0xff,0xff,0xff,0xff,0xff,0xff,0xff,0xff,0xff,0xff,
  0xff,0xff,0xff,0xff,0xff,0xff,0xff,0xff,0xff,0xff,0xff,0xff,0xff,0xff,0xff,0xff,0xff,0xff,0xff,0xff,0xff,0xff,0xff,0xff,
  0xff,0xff,0xff,0xff,0xff,0xff,0xff,0xff,0xff,0xff,0xff,0xff,0xff,0xff,0xff,0xff,0xff,0xff,0xff,0xff,0xff,0xff,0xff,0xff,
  0xff,0xff,0xff,0xff,0xff,0xff,0xff,0xff,0xff,0xff,0xff,0xff,0xff,0xff,0xff,0xff,0xff,0xff,0xff,0xff,0xff,0xff,0xff,0xff,
  0xff,0xff,0xff,0xff,0xff,0xff,0xff,0xff,0xff,0xff,0xff,0xff,0xff,0xff,0xff,0xff,0xff,0xff,0xff,0xff,0xff,0xff,0xff,0xff,
  0xff,0xff,0xff,0xff,0xff,0xff,0xff,0xff,0xff,0xff,0xff,0xff,0xff,0xff,0xff,0xff,0xff,0xff,0xff,0xff,0xff,0xff,0xff,0xff,
  0xff,0xff,0xff,0xff,0xff,0xff,0xff,0xff,0xff,0xff,0xff,0xff,0xff,0xff,0xff,0xff,0xff,0xff,0xff,0xff,0xff,0xff,0xff,0xff,
  0xff,0xff,0xff,0xff,0xff,0xff,0xff,0xff,0xff,0xff,0xff,0xff,0xff,0xff,0xff,0xff,0xff,0xff,0xff,0xff,0xff,0xff,0xff,0xff,
  0xff,0xff,0xff,0xff,0xff,0xff,0xdf,0xff,0xdf,0xff,0xff,0xff,0xff,0xff,0xff,0xff,0xff,0xff,0xff,0xff,0xff,0xff,0xff,0xff,
  0xff,0xff,0xff,0xff,0xff,0xff,0xff,0xff,0xff,0xff,0xff,0xff,0xff,0xff,0xff,0xff,0xff,0xff,0xff,0xff,0xff,0xff,0xff,0xff,
  0xff,0xff,0xff,0xff,0xff,0xff,0xff,0xff,0xff,0xff,0xff,0xff,0xff,0xff,0xff,0xff,0xff,0xff,0xff,0xff,0xff,0xff,0xff,0xff,
  0xff,0xff,0xff,0xff,0xff,0xff,0xff,0xff,0xff,0xff,0xff,0xff,0xff,0xff,0xff,0xff,0xff,0xff,0xff,0xff,0xff,0xff,0xff,0xff,
  0xff,0xff,0xff,0xff,0xff,0xff,0xff,0xff,0xff,0xff,0xff,0xff,0xff,0xff,0xff,0xff,0xff,0xff,0xff,0xff,0xff,0xff,0xff,0xff,
  0xff,0xff,0xff,0xff,0xff,0xff,0xff,0xff,0xff,0xff,0xff,0xff,0xff,0xff,0xff,0xff,0xff,0xff,0xff,0xff,0xff,0xff,0xff,0xff,
  0xff,0xff,0xff,0xff,0xff,0xff,0xff,0xff,0xff,0xff,0xff,0xff,0xff,0xff,0xff,0xff,0xff,0xff,0xff,0xff,0xff,0xff,0xff,0xff,
  0xff,0xff,0xff,0xff,0xff,0xff,0xff,0xff,0xff,0xff,0xff,0xff,0xff,0xff,0xff,0xff,0xff,0xff,0xff,0xff,0xff,0xff,0xff,0xff,
  0xff,0xff,0xff,0xff,0xff,0xff,0xff,0xff,0xff,0xff,0xff,0xff,0xff,0xff,0xff,0xff,0xff,0xff,0xff,0xff,0xff,0xff,0xff,0xff,
  0xff,0xff,0xff,0xff,0xff,0xff,0xff,0xff,0xff,0xff,0xff,0xff,0xff,0xff,0xff,0xff,0xff,0xff,0xff,0xff,0xdf,0xff,0xdf,0xff,
  0xdf,0xff,0xdf,0xff,0xdf,0xff,0xdf,0xf7,0xdf,0xf7,0xdf,0xf7,0xdf,0xf7,0xdf,0xf7,0xdf,0xf7,0xdf,0xf7,0xdf,0xf7,0xbf,0xf7,
  0x5f,0xdf,0x5f,0xdf,0x5f,0xdf,0x5f,0xdf,0x5f,0xdf,0x5f,0xd7,0x5f,0xd7,0x5f,0xd7,0x3f,0xd7,0x3f,0xd7,0x3f,0xd7,0x5f,0xd7,
  0x3f,0xd7,0x3f,0xd7,0x3f,0xd7,0x3f,0xd7,0x3f,0xd7,0x5f,0xdf,0x9f,0xef,0xbf,0xf7,0xbf,0xef,0xbf,0xef,0xbf,0xef,0xbf,0xef,
  0xbf,0xef,0xbf,0xef,0xbf,0xef,0xbf,0xef,0xbf,0xef,0xbf,0xf7,0xbf,0xef,0xbf,0xf7,0xbf,0xf7,0xbf,0xf7,0xbf,0xf7,0xbf,0xf7,
  0xbf,0xf7,0xbf,0xf7,0x9f,0xe7,0x7f,0xe7,0x7f,0xe7,0x7f,0xe7,0x7f,0xe7,0x7f,0xe7,0x9f,0xe7,0x9f,0xe7,0xbf,0xef,0xdf,0xf7,
  0xdf,0xf7,0xdf,0xf7,0xdf,0xf7,0xdf,0xf7,0xdf,0xf7,0xdf,0xf7,0xdf,0xff,0xdf,0xff,0xdf,0xf7,0xdf,0xff,0xdf,0xff,0xdf,0xff,
  0xdf,0xff,0xff,0xff,0xff,0xff,0xff,0xff,0xff,0xff,0xff,0xff,0xff,0xff,0xff,0xff,0xff,0xff,0xff,0xff,0xff,0xff,0xff,0xff,
  0xff,0xff,0xff,0xff,0xff,0xff,0xff,0xff,0xff,0xff,0xff,0xff,0xff,0xff,0xff,0xff,0xff,0xff,0xff,0xff,0xff,0xff,0xff,0xff,
  0xff,0xff,0xff,0xff,0xff,0xff,0xff,0xff,0xff,0xff,0xff,0xff,0xff,0xff,0xff,0xff,0xff,0xff,0xff,0xff,0xff,0xff,0xff,0xff,
  0xff,0xff,0xff,0xff,0xff,0xff,0xff,0xff,0xff,0xff,0xff,0xff,0xff,0xff,0xff,0xff,0xff,0xff,0xff,0xff,0xff,0xff,0xff,0xff,
  0xff,0xff,0xff,0xff,0xff,0xff,0xff,0xff,0xff,0xff,0xff,0xff,0xff,0xff,0xff,0xff,0xff,0xff,0xff,0xff,0xff,0xff,0xff,0xff,
  0xff,0xff,0xff,0xff,0xff,0xff,0xff,0xff,0xff,0xff,0xff,0xff,0xff,0xff,0xff,0xff,0xff,0xff,0xff,0xff,0xff,0xff,0xff,0xff,
  0xff,0xff,0xff,0xff,0xff,0xff,0xff,0xff,0xff,0xff,0xff,0xff,0xff,0xff,0xff,0xff,0xff,0xff,0xff,0xff,0xff,0xff,0xff,0xff,
  0xff,0xff,0xff,0xff,0xff,0xff,0xff,0xff,0xff,0xff,0xff,0xff,0xff,0xff,0xff,0xff,0xff,0xff,0xff,0xff,0xff,0xff,0xff,0xff,
  0xff,0xff,0xff,0xff,0xff,0xff,0xff,0xff,0xff,0xff,0xff,0xff,0xff,0xff,0xff,0xff,0xff,0xff,0xff,0xff,0xff,0xff,0xff,0xff,
  0xff,0xff,0xff,0xff,0xff,0xff,0xff,0xff,0xff,0xff,0xff,0xff,0xff,0xff,0xff,0xff,0xff,0xff,0xff,0xff,0xff,0xff,0xff,0xff,
  0xff,0xff,0xff,0xff,0xff,0xff,0xff,0xff,0xff,0xff,0xff,0xff,0xff,0xff,0xff,0xff,0xdf,0xff,0xff,0xff,0xff,0xff,0xff,0xff,
  0xdf,0xff,0xdf,0xff,0xff,0xff,0xdf,0xff,0xff,0xff,0xff,0xff,0xff,0xff,0xff,0xff,0xff,0xff,0xff,0xff,0xff,0xff,0xff,0xff,
  0xff,0xff,0xff,0xff,0xff,0xff,0xff,0xff,0xff,0xff,0xff,0xff,0xff,0xff,0xff,0xff,0xff,0xff,0xff,0xff,0xff,0xff,0xff,0xff,
  0xff,0xff,0xff,0xff,0xff,0xff,0xff,0xff,0xff,0xff,0xff,0xff,0xff,0xff,0xff,0xff,0xff,0xff,0xff,0xff,0xff,0xff,0xff,0xff,
  0xff,0xff,0xff,0xff,0xff,0xff,0xff,0xff,0xff,0xff,0xff,0xff,0xff,0xff,0xff,0xff,0xff,0xff,0xff,0xff,0xff,0xff,0xff,0xff,
  0xff,0xff,0xff,0xff,0xff,0xff,0xff,0xff,0xff,0xff,0xff,0xff,0xff,0xff,0xff,0xff,0xff,0xff,0xff,0xff,0xff,0xff,0xff,0xff,
  0xff,0xff,0xff,0xff,0xff,0xff,0xff,0xff,0xff,0xff,0xff,0xff,0xff,0xff,0xff,0xff,0xff,0xff,0xff,0xff,0xff,0xff,0xff,0xff,
  0xff,0xff,0xff,0xff,0xff,0xff,0xff,0xff,0xff,0xff,0xff,0xff,0xff,0xff,0xff,0xff,0xff,0xff,0xff,0xff,0xff,0xff,0xff,0xff,
  0xff,0xff,0xff,0xff,0xff,0xff,0xff,0xff,0xff,0xff,0xff,0xff,0xff,0xff,0xff,0xff,0xff,0xff,0xff,0xff,0xff,0xff,0xff,0xff,
  0xff,0xff,0xff,0xff,0xff,0xff,0xff,0xff,0xff,0xff,0xff,0xff,0xff,0xff,0xff,0xff,0xff,0xff,0xff,0xff,0xff,0xff,0xff,0xff,
  0xff,0xff,0xff,0xff,0xff,0xff,0xff,0xff,0xff,0xff,0xff,0xff,0xdf,0xff,0xdf,0xff,0xdf,0xff,0xdf,0xff,0xdf,0xf7,0xdf,0xf7,
  0xdf,0xf7,0xdf,0xf7,0xdf,0xf7,0xdf,0xf7,0xdf,0xf7,0xdf,0xf7,0xbf,0xf7,0xbf,0xf7,0x5f,0xd7,0x5f,0xd7,0x5f,0xdf,0x5f,0xd7,
  0x5f,0xd7,0x5f,0xd7,0x5f,0xd7,0x5f,0xd7,0x5f,0xd7,0x3f,0xd7,0x3f,0xd7,0x3f,0xd7,0x3f,0xd7,0x3f,0xd7,0x3f,0xd7,0x3f,0xd7,
  0x3f,0xd7,0x3f,0xd7,0x3f,0xd7,0x7f,0xe7,0xbf,0xef,0xbf,0xf7,0xbf,0xef,0xbf,0xef,0xbf,0xef,0xbf,0xef,0xbf,0xef,0xbf,0xef,
  0xbf,0xef,0xbf,0xf7,0xbf,0xf7,0xbf,0xf7,0xbf,0xf7,0xbf,0xf7,0xbf,0xf7,0xbf,0xf7,0xbf,0xf7,0xbf,0xf7,0xbf,0xf7,0x7f,0xe7,
  0x7f,0xe7,0x7f,0xe7,0x7f,0xe7,0x7f,0xe7,0x9f,0xe7,0x7f,0xe7,0x7f,0xe7,0xdf,0xf7,0xdf,0xf7,0xdf,0xf7,0xdf,0xf7,0xdf,0xf7,
  0xdf,0xf7,0xdf,0xf7,0xdf,0xf7,0xdf,0xf7,0xdf,0xf7,0xdf,0xff,0xdf,0xff,0xdf,0xff,0xdf,0xff,0xff,0xff,0xff,0xff,0xff,0xff,
  0xdf,0xff,0xff,0xff,0xff,0xff,0xff,0xff,0xff,0xff,0xff,0xff,0xff,0xff,0xff,0xff,0xff,0xff,0xff,0xff,0xff,0xff,0xff,0xff,
  0xff,0xff,0xff,0xff,0xff,0xff,0xff,0xff,0xff,0xff,0xff,0xff,0xff,0xff,0xff,0xff,0xff,0xff,0xff,0xff,0xff,0xff,0xff,0xff,
  0xff,0xff,0xff,0xff,0xff,0xff,0xff,0xff,0xff,0xff,0xff,0xff,0xff,0xff,0xff,0xff,0xff,0xff,0xff,0xff,0xff,0xff,0xff,0xff,
  0xff,0xff,0xff,0xff,0xff,0xff,0xff,0xff,0xff,0xff,0xff,0xff,0xff,0xff,0xff,0xff,0xff,0xff,0xff,0xff,0xff,0xff,0xff,0xff,
  0xff,0xff,0xff,0xff,0xff,0xff,0xff,0xff,0xff,0xff,0xff,0xff,0xff,0xff,0xff,0xff,0xff,0xff,0xff,0xff,0xff,0xff,0xff,0xff,
  0xff,0xff,0xff,0xff,0xff,0xff,0xff,0xff,0xff,0xff,0xff,0xff,0xff,0xff,0xff,0xff,0xff,0xff,0xff,0xff,0xff,0xff,0xff,0xff,
  0xff,0xff,0xff,0xff,0xff,0xff,0xff,0xff,0xff,0xff,0xff,0xff,0xff,0xff,0xff,0xff,0xff,0xff,0xff,0xff,0xff,0xff,0xff,0xff,
  0xff,0xff,0xff,0xff,0xff,0xff,0xff,0xff,0xff,0xff,0xff,0xff,0xff,0xff,0xff,0xff,0xff,0xff,0xff,0xff,0xff,0xff,0xff,0xff,
  0xff,0xff,0xff,0xff,0xff,0xff,0xff,0xff,0xff,0xff,0xff,0xff,0xff,0xff,0xff,0xff,0xff,0xff,0xff,0xff,0xff,0xff,0xff,0xff,
  0xff,0xff,0xff,0xff,0xff,0xff,0xff,0xff,0xff,0xff,0xff,0xff,0xff,0xff,0xff,0xff,0xff,0xff,0xff,0xff,0xff,0xff,0xff,0xff,
  0xff,0xff,0xdf,0xff,0xdf,0xff,0xff,0xff,0xff,0xff,0xff,0xff,0xff,0xff,0xff,0xff,0xdf,0xff,0xff,0xff,0xff,0xff,0xdf,0xff,
  0xff,0xff,0xff,0xff,0xff,0xff,0xff,0xff,0xff,0xff,0xff,0xff,0xff,0xff,0xff,0xff,0xff,0xff,0xff,0xff,0xff,0xff,0xff,0xff,
  0xff,0xff,0xff,0xff,0xff,0xff,0xff,0xff,0xff,0xff,0xff,0xff,0xff,0xff,0xff,0xff,0xff,0xff,0xff,0xff,0xff,0xff,0xff,0xff,
  0xff,0xff,0xff,0xff,0xff,0xff,0xff,0xff,0xff,0xff,0xff,0xff,0xff,0xff,0xff,0xff,0xff,0xff,0xff,0xff,0xff,0xff,0xff,0xff,
  0xff,0xff,0xff,0xff,0xff,0xff,0xff,0xff,0xff,0xff,0xff,0xff,0xff,0xff,0xff,0xff,0xff,0xff,0xff,0xff,0xff,0xff,0xff,0xff,
  0xff,0xff,0xff,0xff,0xff,0xff,0xff,0xff,0xff,0xff,0xff,0xff,0xff,0xff,0xff,0xff,0xff,0xff,0xff,0xff,0xff,0xff,0xff,0xff,
  0xff,0xff,0xff,0xff,0xff,0xff,0xff,0xff,0xff,0xff,0xff,0xff,0xff,0xff,0xff,0xff,0xff,0xff,0xff,0xff,0xff,0xff,0xff,0xff,
  0xff,0xff,0xff,0xff,0xff,0xff,0xff,0xff,0xff,0xff,0xff,0xff,0xff,0xff,0xff,0xff,0xff,0xff,0xff,0xff,0xff,0xff,0xff,0xff,
  0xff,0xff,0xff,0xff,0xff,0xff,0xff,0xff,0xff,0xff,0xff,0xff,0xff,0xff,0xff,0xff,0xff,0xff,0xff,0xff,0xff,0xff,0xff,0xff,
  0xff,0xff,0xff,0xff,0xff,0xff,0xff,0xff,0xff,0xff,0xff,0xff,0xff,0xff,0xff,0xff,0xff,0xff,0xff,0xff,0xff,0xff,0xff,0xff,
  0xff,0xff,0xdf,0xff,0xdf,0xff,0xdf,0xff,0xdf,0xff,0xdf,0xf7,0xdf,0xf7,0xdf,0xf7,0xdf,0xf7,0xdf,0xf7,0xdf,0xf7,0xdf,0xf7,
  0xdf,0xf7,0xdf,0xf7,0xdf,0xf7,0xbf,0xf7,0x5f,0xdf,0x5f,0xd7,0x5f,0xd7,0x5f,0xd7,0x5f,0xd7,0x5f,0xd7,0x5f,0xd7,0x5f,0xd7,
  0x3f,0xd7,0x3f,0xd7,0x3f,0xd7,0x3f,0xd7,0x3f,0xd7,0x3f,0xd7,0x3f,0xd7,0x3f,0xd7,0x3f,0xd7,0x3f,0xd7,0x3f,0xd7,0x3f,0xd7,
  0x5f,0xdf,0xbf,0xef,0xbf,0xf7,0xbf,0xef,0xbf,0xef,0xbf,0xef,0xbf,0xef,0xbf,0xf7,0xbf,0xef,0xbf,0xf7,0xbf,0xf7,0xbf,0xf7,
  0xbf,0xf7,0xbf,0xf7,0xbf,0xf7,0xbf,0xf7,0xbf,0xf7,0xbf,0xf7,0xbf,0xf7,0xbf,0xf7,0x9f,0xe7,0x7f,0xe7,0x9f,0xe7,0x9f,0xe7,
  0x7f,0xe7,0x7f,0xe7,0xdf,0xf7,0xdf,0xf7,0xdf,0xff,0xdf,0xff,0xdf,0xf7,0xdf,0xf7,0xdf,0xf7,0xdf,0xf7,0xdf,0xf7,0xdf,0xf7,
  0xdf,0xff,0xdf,0xff,0xdf,0xff,0xdf,0xff,0xff,0xff,0xdf,0xff,0xff,0xff,0xff,0xff,0xff,0xff,0xdf,0xff,0xff,0xff,0xff,0xff,
  0xff,0xff,0xff,0xff,0xff,0xff,0xff,0xff,0xff,0xff,0xff,0xff,0xff,0xff,0xff,0xff,0xff,0xff,0xff,0xff,0xff,0xff,0xff,0xff,
  0xff,0xff,0xff,0xff,0xff,0xff,0xff,0xff,0xff,0xff,0xff,0xff,0xff,0xff,0xff,0xff,0xff,0xff,0xff,0xff,0xff,0xff,0xff,0xff,
  0xff,0xff,0xff,0xff,0xff,0xff,0xff,0xff,0xff,0xff,0xff,0xff,0xff,0xff,0xff,0xff,0xff,0xff,0xff,0xff,0xff,0xff,0xff,0xff,
  0xff,0xff,0xff,0xff,0xff,0xff,0xff,0xff,0xff,0xff,0xff,0xff,0xff,0xff,0xff,0xff,0xff,0xff,0xff,0xff,0xff,0xff,0xff,0xff,
  0xff,0xff,0xff,0xff,0xff,0xff,0xff,0xff,0xff,0xff,0xff,0xff,0xff,0xff,0xff,0xff,0xff,0xff,0xff,0xff,0xff,0xff,0xff,0xff,
  0xff,0xff,0xff,0xff,0xff,0xff,0xff,0xff,0xff,0xff,0xff,0xff,0xff,0xff,0xff,0xff,0xff,0xff,0xff,0xff,0xff,0xff,0xff,0xff,
  0xff,0xff,0xff,0xff,0xff,0xff,0xff,0xff,0xff,0xff,0xff,0xff,0xff,0xff,0xff,0xff,0xff,0xff,0xff,0xff,0xff,0xff,0xff,0xff,
  0xff,0xff,0xff,0xff,0xff,0xff,0xff,0xff,0xff,0xff,0xff,0xff,0xff,0xff,0xff,0xff,0xff,0xff,0xff,0xff,0xff,0xff,0xff,0xff,
  0xff,0xff,0xff,0xff,0xff,0xff,0xff,0xff,0xff,0xff,0xff,0xff,0xff,0xff,0xff,0xff,0xff,0xff,0xff,0xff,0xff,0xff,0xff,0xff,
  0xff,0xff,0xff,0xff,0xff,0xff,0xff,0xff,0xff,0xff,0xff,0xff,0xff,0xff,0xdf,0xff,0xdf,0xff,0xff,0xff,0xff,0xff,0xff,0xff,
  0xff,0xff,0xff,0xff,0xdf,0xff,0xff,0xff,0xff,0xff,0xff,0xff,0xdf,0xff,0xff,0xff,0xff,0xff,0xff,0xff,0xff,0xff,0xff,0xff,
  0xff,0xff,0xff,0xff,0xff,0xff,0xff,0xff,0xff,0xff,0xff,0xff,0xff,0xff,0xff,0xff,0xff,0xff,0xff,0xff,0xff,0xff,0xff,0xff,
  0xff,0xff,0xff,0xff,0xff,0xff,0xff,0xff,0xff,0xff,0xff,0xff,0xff,0xff,0xff,0xff,0xff,0xff,0xff,0xff,0xff,0xff,0xff,0xff,
  0xff,0xff,0xff,0xff,0xff,0xff,0xff,0xff,0xff,0xff,0xff,0xff,0xff,0xff,0xff,0xff,0xff,0xff,0xff,0xff,0xff,0xff,0xff,0xff,
  0xff,0xff,0xff,0xff,0xff,0xff,0xff,0xff,0xff,0xff,0xff,0xff,0xff,0xff,0xff,0xff,0xff,0xff,0xff,0xff,0xff,0xff,0xff,0xff,
  0xff,0xff,0xff,0xff,0xff,0xff,0xff,0xff,0xff,0xff,0xff,0xff,0xff,0xff,0xff,0xff,0xff,0xff,0xff,0xff,0xff,0xff,0xff,0xff,
  0xff,0xff,0xff,0xff,0xff,0xff,0xff,0xff,0xff,0xff,0xff,0xff,0xff,0xff,0xff,0xff,0xff,0xff,0xff,0xff,0xff,0xff,0xff,0xff,
  0xff,0xff,0xff,0xff,0xff,0xff,0xff,0xff,0xff,0xff,0xff,0xff,0xff,0xff,0xff,0xff,0xff,0xff,0xff,0xff,0xff,0xff,0xff,0xff,
  0xff,0xff,0xff,0xff,0xff,0xff,0xff,0xff,0xff,0xff,0xff,0xff,0xff,0xff,0xff,0xff,0xff,0xff,0xff,0xff,0xff,0xff,0xff,0xff,
  0xff,0xff,0xff,0xff,0xff,0xff,0xff,0xff,0xff,0xff,0xff,0xff,0xff,0xff,0xff,0xff,0xdf,0xff,0xff,0xff,0xdf,0xff,0xdf,0xff,
  0xdf,0xf7,0xdf,0xff,0xdf,0xf7,0xdf,0xf7,0xdf,0xf7,0xdf,0xf7,0xdf,0xf7,0xdf,0xf7,0xdf,0xf7,0xdf,0xf7,0xbf,0xf7,0xbf,0xf7,
  0x5f,0xd7,0x5f,0xd7,0x5f,0xd7,0x3f,0xd7,0x3f,0xd7,0x3f,0xd7,0x3f,0xd7,0x3f,0xd7,0x3f,0xd7,0x3f,0xd7,0x3f,0xd7,0x3f,0xd7,
  0x3f,0xd7,0x3f,0xd7,0x3f,0xd7,0x3f,0xd7,0x3f,0xd7,0x3f,0xd7,0x3f,0xd7,0x3f,0xd7,0x3f,0xd7,0x3f,0xd7,0x9f,0xe7,0xbf,0xf7,
  0xbf,0xef,0xbf,0xf7,0xbf,0xf7,0xbf,0xef,0xbf,0xf7,0xbf,0xf7,0xbf,0xf7,0xbf,0xf7,0xbf,0xf7,0xbf,0xf7,0xbf,0xf7,0xbf,0xf7,
  0xbf,0xf7,0xbf,0xf7,0xbf,0xf7,0xdf,0xf7,0xdf,0xf7,0x9f,0xef,0x9f,0xe7,0x7f,0xe7,0x9f,0xe7,0x7f,0xdf,0xdf,0xb6,0x9f,0xa6,
  0xbf,0xae,0x9f,0xe7,0xff,0xff,0xdf,0xf7,0xdf,0xf7,0xdf,0xf7,0xdf,0xf7,0xdf,0xff,0xdf,0xff,0xdf,0xff,0xdf,0xff,0xdf,0xff,
  0xdf,0xff,0xff,0xff,0xff,0xff,0xff,0xff,0xff,0xff,0xff,0xff,0xff,0xff,0xff,0xff,0xff,0xff,0xff,0xff,0xff,0xff,0xff,0xff,
  0xff,0xff,0xff,0xff,0xff,0xff,0xff,0xff,0xff,0xff,0xff,0xff,0xff,0xff,0xff,0xff,0xff,0xff,0xff,0xff,0xff,0xff,0xff,0xff,
  0xff,0xff,0xff,0xff,0xff,0xff,0xff,0xff,0xff,0xff,0xff,0xff,0xff,0xff,0xff,0xff,0xff,0xff,0xff,0xff,0xff,0xff,0xff,0xff,
  0xff,0xff,0xff,0xff,0xff,0xff,0xff,0xff,0xff,0xff,0xff,0xff,0xff,0xff,0xff,0xff,0xff,0xff,0xff,0xff,0xff,0xff,0xff,0xff,
  0xff,0xff,0xff,0xff,0xff,0xff,0xff,0xff,0xff,0xff,0xff,0xff,0xff,0xff,0xff,0xff,0xff,0xff,0xff,0xff,0xff,0xff,0xff,0xff,
  0xff,0xff,0xff,0xff,0xff,0xff,0xff,0xff,0xff,0xff,0xff,0xff,0xff,0xff,0xff,0xff,0xff,0xff,0xff,0xff,0xff,0xff,0xff,0xff,
  0xff,0xff,0xff,0xff,0xff,0xff,0xff,0xff,0xff,0xff,0xff,0xff,0xff,0xff,0xff,0xff,0xff,0xff,0xff,0xff,0xff,0xff,0xff,0xff,
  0xff,0xff,0xff,0xff,0xff,0xff,0xff,0xff,0xff,0xff,0xff,0xff,0xff,0xff,0xff,0xff,0xff,0xff,0xff,0xff,0xff,0xff,0xff,0xff,
  0xff,0xff,0xff,0xff,0xff,0xff,0xff,0xff,0xff,0xff,0xff,0xff,0xff,0xff,0xff,0xff,0xff,0xff,0xff,0xff,0xff,0xff,0xff,0xff,
  0xff,0xff,0xff,0xff,0xff,0xff,0xff,0xff,0xdf,0xff,0xff,0xff,0xff,0xff,0xff,0xff,0xdf,0xff,0xff,0xff,0xdf,0xff,0xff,0xff,
  0xff,0xff,0xff,0xff,0xdf,0xff,0xff,0xff,0xff,0xff,0xdf,0xff,0xff,0xff,0xff,0xff,0xdf,0xff,0xff,0xff,0xdf,0xff,0xff,0xff,
  0xff,0xff,0xff,0xff,0xdf,0xff,0xff,0xff,0xff,0xff,0xdf,0xff,0xdf,0xff,0xff,0xff,0xff,0xff,0xff,0xff,0xff,0xff,0xff,0xff,
  0xff,0xff,0xff,0xff,0xff,0xff,0xff,0xff,0xff,0xff,0xff,0xff,0xff,0xff,0xff,0xff,0xff,0xff,0xff,0xff,0xff,0xff,0xff,0xff,
  0xff,0xff,0xff,0xff,0xff,0xff,0xff,0xff,0xff,0xff,0xff,0xff,0xff,0xff,0xff,0xff,0xff,0xff,0xff,0xff,0xff,0xff,0xff,0xff,
  0xff,0xff,0xff,0xff,0xff,0xff,0xff,0xff,0xff,0xff,0xff,0xff,0xff,0xff,0xff,0xff,0xff,0xff,0xff,0xff,0xff,0xff,0xff,0xff,
  0xff,0xff,0xff,0xff,0xff,0xff,0xff,0xff,0xff,0xff,0xff,0xff,0xff,0xff,0xff,0xff,0xff,0xff,0xff,0xff,0xff,0xff,0xff,0xff,
  0xff,0xff,0xff,0xff,0xff,0xff,0xff,0xff,0xff,0xff,0xff,0xff,0xff,0xff,0xff,0xff,0xff,0xff,0xff,0xff,0xff,0xff,0xff,0xff,
  0xff,0xff,0xff,0xff,0xff,0xff,0xff,0xff,0xff,0xff,0xff,0xff,0xff,0xff,0xff,0xff,0xff,0xff,0xff,0xff,0xff,0xff,0xff,0xff,
  0xff,0xff,0xff,0xff,0xff,0xff,0xff,0xff,0xff,0xff,0xff,0xff,0xff,0xff,0xff,0xff,0xff,0xff,0xff,0xff,0xff,0xff,0xff,0xff,
  0xff,0xff,0xff,0xff,0xff,0xff,0xff,0xff,0xff,0xff,0xff,0xff,0xff,0xff,0xff,0xff,0xff,0xff,0xff,0xff,0xff,0xff,0xff,0xff,
  0xff,0xff,0xff,0xff,0xff,0xff,0xff,0xff,0xdf,0xff,0xdf,0xff,0xff,0xff,0xdf,0xff,0xdf,0xf7,0xdf,0xf7,0xdf,0xf7,0xdf,0xf7,
  0xdf,0xf7,0xdf,0xf7,0xdf,0xf7,0xdf,0xf7,0xdf,0xf7,0xdf,0xf7,0xbf,0xf7,0xbf,0xf7,0x5f,0xd7,0x5f,0xd7,0x5f,0xd7,0x5f,0xd7,
  0x3f,0xd7,0x3f,0xd7,0x3f,0xd7,0x3f,0xd7,0x3f,0xd7,0x3f,0xd7,0x3f,0xd7,0x3f,0xd7,0x3f,0xd7,0x3f,0xd7,0x3f,0xd7,0x3f,0xd7,
  0x3f,0xd7,0x3f,0xd7,0x3f,0xd7,0x3f,0xd7,0x3f,0xd7,0x3f,0xd7,0x3f,0xd7,0x7f,0xe7,0xbf,0xf7,0xbf,0xf7,0xbf,0xef,0xbf,0xf7,
  0xbf,0xf7,0xbf,0xf7,0xbf,0xf7,0xbf,0xf7,0xbf,0xf7,0xbf,0xf7,0xbf,0xf7,0xbf,0xf7,0xbf,0xf7,0xbf,0xf7,0xbf,0xf7,0xbf,0xf7,
  0xbf,0xf7,0xdf,0xf7,0xbf,0xef,0xbf,0xef,0xff,0xff,0x7f,0x9e,0xdf,0xbe,0xbf,0xef,0x5f,0xd7,0x7f,0x9e,0x9f,0xe7,0xff,0xff,
  0xdf,0xf7,0xdf,0xf7,0xdf,0xff,0xdf,0xff,0xdf,0xff,0xdf,0xff,0xdf,0xff,0xdf,0xff,0xdf,0xff,0xdf,0xff,0xdf,0xff,0xff,0xff,
  0xff,0xff,0xff,0xff,0xff,0xff,0xff,0xff,0xff,0xff,0xff,0xff,0xff,0xff,0xff,0xff,0xff,0xff,0xff,0xff,0xff,0xff,0xff,0xff,
  0xff,0xff,0xff,0xff,0xff,0xff,0xff,0xff,0xff,0xff,0xff,0xff,0xff,0xff,0xff,0xff,0xff,0xff,0xff,0xff,0xff,0xff,0xff,0xff,
  0xff,0xff,0xff,0xff,0xff,0xff,0xff,0xff,0xff,0xff,0xff,0xff,0xff,0xff,0xff,0xff,0xff,0xff,0xff,0xff,0xff,0xff,0xff,0xff,
  0xff,0xff,0xff,0xff,0xff,0xff,0xff,0xff,0xff,0xff,0xff,0xff,0xff,0xff,0xff,0xff,0xff,0xff,0xff,0xff,0xff,0xff,0xff,0xff,
  0xff,0xff,0xff,0xff,0xff,0xff,0xff,0xff,0xff,0xff,0xff,0xff,0xff,0xff,0xff,0xff,0xff,0xff,0xff,0xff,0xff,0xff,0xff,0xff,
  0xff,0xff,0xff,0xff,0xff,0xff,0xff,0xff,0xff,0xff,0xff,0xff,0xff,0xff,0xff,0xff,0xff,0xff,0xff,0xff,0xff,0xff,0xff,0xff,
  0xff,0xff,0xff,0xff,0xff,0xff,0xff,0xff,0xff,0xff,0xff,0xff,0xff,0xff,0xff,0xff,0xff,0xff,0xff,0xff,0xff,0xff,0xff,0xff,
  0xff,0xff,0xff,0xff,0xff,0xff,0xff,0xff,0xff,0xff,0xff,0xff,0xff,0xff,0xff,0xff,0xff,0xff,0xff,0xff,0xff,0xff,0xff,0xff,
  0xff,0xff,0xff,0xff,0xdf,0xff,0xff,0xff,0xff,0xff,0xff,0xff,0xff,0xff,0xff,0xff,0xff,0xff,0xff,0xff,0xff,0xff,0xdf,0xff,
  0xdf,0xff,0xff,0xff,0xdf,0xff,0xdf,0xff,0xdf,0xff,0xff,0xff,0xff,0xff,0xdf,0xff,0xff,0xff,0xdf,0xff,0xdf,0xff,0xdf,0xff,
  0xff,0xff,0xff,0xff,0xdf,0xff,0xff,0xff,0xdf,0xff,0xff,0xff,0xff,0xff,0xff,0xff,0xdf,0xff,0xdf,0xff,0xdf,0xff,0xff,0xff,
  0xff,0xff,0xff,0xff,0xff,0xff,0xff,0xff,0xff,0xff,0xff,0xff,0xff,0xff,0xff,0xff,0xff,0xff,0xff,0xff,0xff,0xff,0xff,0xff,
  0xff,0xff,0xff,0xff,0xff,0xff,0xff,0xff,0xff,0xff,0xff,0xff,0xff,0xff,0xff,0xff,0xff,0xff,0xff,0xff,0xff,0xff,0xff,0xff,
  0xff,0xff,0xff,0xff,0xff,0xff,0xff,0xff,0xff,0xff,0xff,0xff,0xff,0xff,0xff,0xff,0xff,0xff,0xff,0xff,0xff,0xff,0xff,0xff,
  0xff,0xff,0xff,0xff,0xff,0xff,0xff,0xff,0xff,0xff,0xff,0xff,0xff,0xff,0xff,0xff,0xff,0xff,0xff,0xff,0xff,0xff,0xff,0xff,
  0xff,0xff,0xff,0xff,0xff,0xff,0xff,0xff,0xff,0xff,0xff,0xff,0xff,0xff,0xff,0xff,0xff,0xff,0xff,0xff,0xff,0xff,0xff,0xff,
  0xff,0xff,0xff,0xff,0xff,0xff,0xff,0xff,0xff,0xff,0xff,0xff,0xff,0xff,0xff,0xff,0xff,0xff,0xff,0xff,0xff,0xff,0xff,0xff,
  0xff,0xff,0xff,0xff,0xff,0xff,0xff,0xff,0xff,0xff,0xff,0xff,0xff,0xff,0xff,0xff,0xff,0xff,0xff,0xff,0xff,0xff,0xff,0xff,
  0xff,0xff,0xff,0xff,0xff,0xff,0xff,0xff,0xff,0xff,0xff,0xff,0xff,0xff,0xff,0xff,0xff,0xff,0xff,0xff,0xff,0xff,0xff,0xff,
  0xff,0xff,0xff,0xff,0xff,0xff,0xff,0xff,0xff,0xff,0xff,0xff,0xff,0xff,0xff,0xff,0xff,0xff,0xdf,0xff,0xdf,0xff,0xdf,0xff,
  0xdf,0xff,0xdf,0xff,0xdf,0xf7,0xdf,0xff,0xdf,0xf7,0xdf,0xf7,0xdf,0xf7,0xdf,0xf7,0xdf,0xf7,0xdf,0xf7,0xdf,0xf7,0xbf,0xf7,
  0xdf,0xf7,0xbf,0xf7,0xdf,0xf7,0xbf,0xf7,0x5f,0xd7,0x3f,0xd7,0x5f,0xd7,0x3f,0xd7,0x3f,0xd7,0x3f,0xd7,0x3f,0xd7,0x3f,0xd7,
  0x3f,0xd7,0x3f,0xd7,0x3f,0xd7,0x3f,0xd7,0x3f,0xd7,0x3f,0xd7,0x3f,0xd7,0x3f,0xd7,0x3f,0xd7,0x3f,0xd7,0x3f,0xd7,0x3f,0xd7,
  0x3f,0xd7,0x3f,0xd7,0x3f,0xd7,0x3f,0xd7,0x5f,0xdf,0xbf,0xf7,0xbf,0xf7,0xbf,0xef,0xbf,0xf7,0xbf,0xf7,0xbf,0xf7,0xbf,0xf7,
  0xbf,0xf7,0xbf,0xf7,0xbf,0xf7,0xbf,0xf7,0xbf,0xf7,0xbf,0xf7,0xbf,0xf7,0xdf,0xf7,0xbf,0xf7,0xbf,0xf7,0xbf,0xf7,0xdf,0xff,
  0x5f,0xd7,0x9f,0xa6,0xff,0xff,0xdf,0xf7,0xff,0xff,0x3f,0xcf,0xdf,0xb6,0xff,0xff,0xdf,0xf7,0xdf,0xff,0xdf,0xff,0xdf,0xff,
  0xdf,0xff,0xdf,0xff,0xdf,0xff,0xdf,0xff,0xdf,0xff,0xff,0xff,0xff,0xff,0xdf,0xff,0xff,0xff,0xdf,0xff,0xdf,0xff,0xff,0xff,
  0xff,0xff,0xff,0xff,0xff,0xff,0xff,0xff,0xff,0xff,0xff,0xff,0xff,0xff,0xff,0xff,0xff,0xff,0xff,0xff,0xff,0xff,0xff,0xff,
  0xff,0xff,0xff,0xff,0xff,0xff,0xff,0xff,0xff,0xff,0xff,0xff,0xff,0xff,0xff,0xff,0xff,0xff,0xdf,0xff,0xdf,0xff,0xdf,0xff,
  0xdf,0xff,0xdf,0xff,0xff,0xff,0xff,0xff,0xff,0xff,0xff,0xff,0xff,0xff,0xdf,0xff,0xdf,0xff,0xff,0xff,0xdf,0xff,0xdf,0xff,
  0xff,0xff,0xff,0xff,0xff,0xff,0xff,0xff,0xff,0xff,0xff,0xff,0xff,0xff,0xff,0xff,0xff,0xff,0xff,0xff,0xff,0xff,0xff,0xff,
  0xff,0xff,0xff,0xff,0xff,0xff,0xff,0xff,0xff,0xff,0xff,0xff,0xff,0xff,0xff,0xff,0xff,0xff,0xff,0xff,0xff,0xff,0xdf,0xff,
  0xff,0xff,0xff,0xff,0xff,0xff,0xff,0xff,0xff,0xff,0xff,0xff,0xff,0xff,0xff,0xff,0xff,0xff,0xff,0xff,0xff,0xff,0xff,0xff,
  0xff,0xff,0xff,0xff,0xff,0xff,0xff,0xff,0xff,0xff,0xff,0xff,0xff,0xff,0xff,0xff,0xff,0xff,0xff,0xff,0xdf,0xff,0xff,0xff,
  0xff,0xff,0xff,0xff,0xdf,0xff,0xff,0xff,0xff,0xff,0xff,0xff,0xdf,0xff,0xff,0xff,0xff,0xff,0xff,0xff,0xdf,0xff,0xff,0xff,
  0xff,0xff,0xff,0xff,0xff,0xff,0xff,0xff,0xff,0xff,0xff,0xff,0xdf,0xff,0xff,0xff,0xff,0xff,0xdf,0xff,0xdf,0xff,0xdf,0xff,
  0xdf,0xff,0xff,0xff,0xff,0xff,0xff,0xff,0xff,0xff,0xff,0xff,0xff,0xff,0xff,0xff,0xff,0xff,0xff,0xff,0xff,0xff,0xff,0xff,
  0xdf,0xff,0xff,0xff,0xff,0xff,0xff,0xff,0xff,0xff,0xff,0xff,0xff,0xff,0xff,0xff,0xff,0xff,0xff,0xff,0xff,0xff,0xff,0xff,
  0xff,0xff,0xff,0xff,0xff,0xff,0xff,0xff,0xff,0xff,0xff,0xff,0xff,0xff,0xff,0xff,0xff,0xff,0xff,0xff,0xff,0xff,0xff,0xff,
  0xff,0xff,0xff,0xff,0xff,0xff,0xff,0xff,0xff,0xff,0xff,0xff,0xff,0xff,0xff,0xff,0xff,0xff,0xff,0xff,0xff,0xff,0xff,0xff,
  0xff,0xff,0xff,0xff,0xff,0xff,0xff,0xff,0xff,0xff,0xff,0xff,0xff,0xff,0xff,0xff,0xff,0xff,0xff,0xff,0xff,0xff,0xff,0xff,
  0xff,0xff,0xff,0xff,0xff,0xff,0xff,0xff,0xff,0xff,0xff,0xff,0xff,0xff,0xff,0xff,0xff,0xff,0xff,0xff,0xff,0xff,0xff,0xff,
  0xff,0xff,0xff,0xff,0xff,0xff,0xff,0xff,0xff,0xff,0xff,0xff,0xff,0xff,0xff,0xff,0xff,0xff,0xff,0xff,0xff,0xff,0xff,0xff,
  0xff,0xff,0xff,0xff,0xff,0xff,0xff,0xff,0xff,0xff,0xff,0xff,0xff,0xff,0xff,0xff,0xff,0xff,0xff,0xff,0xff,0xff,0xff,0xff,
  0xff,0xff,0xff,0xff,0xff,0xff,0xff,0xff,0xff,0xff,0xff,0xff,0xff,0xff,0xff,0xff,0xff,0xff,0xff,0xff,0xff,0xff,0xff,0xff,
  0xff,0xff,0xff,0xff,0xff,0xff,0xff,0xff,0xff,0xff,0xff,0xff,0xff,0xff,0xff,0xff,0xff,0xff,0xff,0xff,0xff,0xff,0xff,0xff,
  0xff,0xff,0xff,0xff,0xff,0xff,0xff,0xff,0xdf,0xff,0xdf,0xff,0xdf,0xff,0xdf,0xff,0xdf,0xff,0xdf,0xff,0xdf,0xf7,0xdf,0xf7,
  0xdf,0xf7,0xdf,0xf7,0xdf,0xf7,0xdf,0xf7,0xdf,0xf7,0xdf,0xf7,0xbf,0xf7,0xbf,0xf7,0xbf,0xf7,0xbf,0xf7,0xbf,0xf7,0xbf,0xef,
  0x5f,0xd7,0x5f,0xd7,0x3f,0xd7,0x3f,0xd7,0x3f,0xd7,0x3f,0xd7,0x3f,0xd7,0x3f,0xd7,0x3f,0xd7,0x3f,0xd7,0x3f,0xd7,0x3f,0xd7,
  0x3f,0xd7,0x3f,0xd7,0x3f,0xd7,0x3f,0xd7,0x3f,0xd7,0x3f,0xd7,0x3f,0xd7,0x3f,0xd7,0x3f,0xd7,0x3f,0xd7,0x3f,0xd7,0x3f,0xd7,
  0x3f,0xd7,0x5f,0xdf,0xbf,0xef,0xdf,0xf7,0xbf,0xf7,0xbf,0xf7,0xbf,0xf7,0xbf,0xf7,0xbf,0xf7,0xbf,0xf7,0xbf,0xf7,0xbf,0xf7,
  0xbf,0xf7,0xdf,0xf7,0xbf,0xf7,0xdf,0xf7,0xdf,0xf7,0xdf,0xf7,0xbf,0xf7,0xdf,0xff,0x3f,0xcf,0xbf,0xae,0xff,0xff,0xbf,0xf7,
  0xff,0xff,0x3f,0xd7,0x9f,0xa6,0xff,0xff,0xdf,0xf7,0xdf,0xff,0xdf,0xff,0xdf,0xff,0xdf,0xff,0xdf,0xff,0xdf,0xff,0xff,0xff,
  0xdf,0xff,0xdf,0xff,0xff,0xff,0xdf,0xff,0xdf,0xff,0xff,0xff,0xff,0xff,0xff,0xff,0xff,0xff,0xff,0xff,0xff,0xff,0xff,0xff,
  0xff,0xff,0xff,0xff,0xff,0xff,0xff,0xff,0xdf,0xff,0xff,0xff,0xff,0xff,0xff,0xff,0xff,0xff,0xff,0xff,0xff,0xff,0xff,0xff,
  0xff,0xff,0xdf,0xff,0xdf,0xff,0xdf,0xff,0xdf,0xff,0xdf,0xf7,0xdf,0xf7,0xdf,0xff,0xdf,0xff,0xdf,0xff,0xdf,0xff,0xdf,0xff,
  0xdf,0xff,0xdf,0xff,0xdf,0xff,0xdf,0xff,0xdf,0xff,0xdf,0xff,0xdf,0xff,0xdf,0xff,0xdf,0xff,0xdf,0xff,0xdf,0xff,0xdf,0xff,
  0xff,0xff,0xdf,0xff,0xdf,0xff,0xdf,0xff,0xdf,0xff,0xdf,0xff,0xdf,0xff,0xdf,0xff,0xdf,0xff,0xdf,0xff,0xdf,0xff,0xdf,0xff,
  0xdf,0xff,0xdf,0xff,0xdf,0xff,0xdf,0xff,0xdf,0xff,0xdf,0xff,0xdf,0xff,0xdf,0xff,0xdf,0xff,0xdf,0xff,0xff,0xff,0xdf,0xff,
  0xdf,0xff,0xdf,0xff,0xdf,0xff,0xdf,0xff,0xdf,0xff,0xdf,0xff,0xdf,0xff,0xdf,0xff,0xdf,0xff,0xff,0xff,0xdf,0xff,0xdf,0xff,
  0xdf,0xff,0xdf,0xff,0xdf,0xff,0xdf,0xff,0xdf,0xff,0xdf,0xff,0xdf,0xff,0xdf,0xff,0xdf,0xff,0xdf,0xff,0xdf,0xff,0xdf,0xff,
  0xdf,0xff,0xdf,0xff,0xdf,0xff,0xdf,0xff,0xdf,0xff,0xdf,0xff,0xdf,0xff,0xdf,0xff,0xdf,0xff,0xdf,0xff,0xdf,0xff,0xdf,0xff,
  0xdf,0xff,0xdf,0xff,0xdf,0xff,0xdf,0xff,0xdf,0xff,0xdf,0xff,0xdf,0xff,0xdf,0xff,0xff,0xff,0xdf,0xff,0xdf,0xff,0xdf,0xff,
  0xdf,0xff,0xdf,0xff,0xdf,0xff,0xff,0xff,0xff,0xff,0xff,0xff,0xff,0xff,0xff,0xff,0xff,0xff,0xff,0xff,0xff,0xff,0xff,0xff,
  0xff,0xff,0xff,0xff,0xff,0xff,0xff,0xff,0xff,0xff,0xff,0xff,0xff,0xff,0xff,0xff,0xff,0xff,0xff,0xff,0xff,0xff,0xff,0xff,
  0xff,0xff,0xff,0xff,0xff,0xff,0xff,0xff,0xff,0xff,0xff,0xff,0xff,0xff,0xff,0xff,0xff,0xff,0xff,0xff,0xff,0xff,0xff,0xff,
  0xff,0xff,0xff,0xff,0xff,0xff,0xff,0xff,0xff,0xff,0xff,0xff,0xff,0xff,0xff,0xff,0xff,0xff,0xff,0xff,0xff,0xff,0xff,0xff,
  0xff,0xff,0xff,0xff,0xff,0xff,0xff,0xff,0xff,0xff,0xff,0xff,0xff,0xff,0xff,0xff,0xff,0xff,0xff,0xff,0xff,0xff,0xff,0xff,
  0xff,0xff,0xff,0xff,0xff,0xff,0xff,0xff,0xff,0xff,0xff,0xff,0xff,0xff,0xff,0xff,0xff,0xff,0xff,0xff,0xff,0xff,0xff,0xff,
  0xff,0xff,0xff,0xff,0xff,0xff,0xff,0xff,0xff,0xff,0xff,0xff,0xff,0xff,0xff,0xff,0xff,0xff,0xff,0xff,0xff,0xff,0xff,0xff,
  0xff,0xff,0xff,0xff,0xff,0xff,0xff,0xff,0xff,0xff,0xff,0xff,0xff,0xff,0xff,0xff,0xff,0xff,0xff,0xff,0xff,0xff,0xff,0xff,
  0xff,0xff,0xff,0xff,0xff,0xff,0xff,0xff,0xff,0xff,0xff,0xff,0xff,0xff,0xff,0xff,0xff,0xff,0xff,0xff,0xff,0xff,0xff,0xff,
  0xff,0xff,0xff,0xff,0xff,0xff,0xff,0xff,0xff,0xff,0xff,0xff,0xff,0xff,0xff,0xff,0xff,0xff,0xff,0xff,0xff,0xff,0xff,0xff,
  0xdf,0xff,0xdf,0xff,0xdf,0xff,0xdf,0xff,0xdf,0xff,0xdf,0xff,0xdf,0xf7,0xdf,0xf7,0xdf,0xf7,0xdf,0xf7,0xdf,0xf7,0xdf,0xf7,
  0xdf,0xf7,0xdf,0xf7,0xbf,0xf7,0xbf,0xf7,0xbf,0xf7,0xbf,0xf7,0xbf,0xf7,0xbf,0xef,0x5f,0xd7,0x5f,0xd7,0x3f,0xd7,0x3f,0xd7,
  0x3f,0xd7,0x3f,0xd7,0x3f,0xd7,0x3f,0xd7,0x3f,0xd7,0x3f,0xd7,0x3f,0xd7,0x3f,0xd7,0x3f,0xd7,0x3f,0xd7,0x3f,0xd7,0x3f,0xd7,
  0x3f,0xd7,0x3f,0xd7,0x3f,0xd7,0x3f,0xd7,0x3f,0xd7,0x3f,0xd7,0x3f,0xd7,0x3f,0xd7,0x3f,0xd7,0x3f,0xd7,0x5f,0xd7,0xbf,0xef,
  0xbf,0xf7,0xbf,0xf7,0xbf,0xf7,0xbf,0xf7,0xbf,0xf7,0xbf,0xf7,0xbf,0xf7,0xbf,0xf7,0xbf,0xf7,0xbf,0xf7,0xdf,0xf7,0xbf,0xf7,
  0xdf,0xf7,0xdf,0xf7,0xbf,0xf7,0xdf,0xf7,0xdf,0xf7,0x9f,0xa6,0x3f,0xcf,0xdf,0xf7,0x9f,0xe7,0x7f,0x9e,0x5f,0xd7,0xff,0xff,
  0xdf,0xff,0xdf,0xff,0xdf,0xff,0xdf,0xff,0xdf,0xff,0xdf,0xff,0xdf,0xff,0xdf,0xff,0xdf,0xff,0xdf,0xff,0xff,0xff,0xff,0xff,
  0xdf,0xff,0xff,0xff,0xff,0xff,0xff,0xff,0xff,0xff,0xff,0xff,0xff,0xff,0xff,0xff,0xff,0xff,0xff,0xff,0xff,0xff,0xff,0xff,
  0xdf,0xff,0xff,0xff,0xff,0xff,0xff,0xff,0xff,0xff,0xff,0xff,0xff,0xff,0xff,0xff,0xff,0xff,0xdf,0xff,0xdf,0xff,0xdf,0xf7,
  0xdf,0xf7,0xdf,0xf7,0xdf,0xf7,0xdf,0xf7,0xdf,0xf7,0xdf,0xff,0xdf,0xff,0xdf,0xff,0xdf,0xff,0xdf,0xff,0xdf,0xff,0xdf,0xff,
  0xdf,0xff,0xdf,0xff,0xdf,0xff,0xdf,0xff,0xdf,0xff,0xdf,0xff,0xdf,0xff,0xdf,0xff,0xdf,0xff,0xdf,0xff,0xdf,0xff,0xdf,0xff,
  0xdf,0xff,0xdf,0xff,0xdf,0xff,0xdf,0xff,0xdf,0xff,0xdf,0xff,0xdf,0xff,0xdf,0xff,0xdf,0xff,0xdf,0xff,0xdf,0xff,0xdf,0xff,
  0xdf,0xff,0xdf,0xff,0xff,0xff,0xdf,0xff,0xdf,0xff,0xff,0xff,0xdf,0xff,0xdf,0xff,0xdf,0xff,0xdf,0xff,0xdf,0xff,0xdf,0xff,
  0xdf,0xff,0xdf,0xff,0xdf,0xff,0xdf,0xff,0xdf,0xff,0xdf,0xff,0xdf,0xff,0xdf,0xff,0xdf,0xff,0xdf,0xff,0xdf,0xff,0xdf,0xff,
  0xdf,0xff,0xdf,0xff,0xdf,0xff,0xdf,0xff,0xdf,0xff,0xdf,0xf7,0xdf,0xff,0xdf,0xff,0xdf,0xff,0xdf,0xff,0xdf,0xff,0xdf,0xff,
  0xdf,0xff,0xdf,0xff,0xdf,0xff,0xdf,0xff,0xdf,0xff,0xdf,0xff,0xdf,0xff,0xdf,0xff,0xdf,0xff,0xdf,0xff,0xdf,0xff,0xdf,0xff,
  0xdf,0xff,0xdf,0xff,0xdf,0xff,0xdf,0xff,0xdf,0xff,0xdf,0xff,0xdf,0xff,0xdf,0xff,0xdf,0xff,0xdf,0xff,0xff,0xff,0xff,0xff,
  0xff,0xff,0xff,0xff,0xff,0xff,0xff,0xff,0xff,0xff,0xff,0xff,0xff,0xff,0xff,0xff,0xff,0xff,0xff,0xff,0xff,0xff,0xff,0xff,
  0xff,0xff,0xff,0xff,0xff,0xff,0xff,0xff,0xff,0xff,0xff,0xff,0xff,0xff,0xff,0xff,0xff,0xff,0xff,0xff,0xff,0xff,0xff,0xff,
  0xff,0xff,0xff,0xff,0xff,0xff,0xff,0xff,0xff,0xff,0xff,0xff,0xff,0xff,0xff,0xff,0xff,0xff,0xff,0xff,0xff,0xff,0xff,0xff,
  0xff,0xff,0xff,0xff,0xff,0xff,0xff,0xff,0xff,0xff,0xff,0xff,0xff,0xff,0xff,0xff,0xff,0xff,0xff,0xff,0xff,0xff,0xff,0xff,
  0xff,0xff,0xff,0xff,0xff,0xff,0xff,0xff,0xff,0xff,0xff,0xff,0xff,0xff,0xff,0xff,0xff,0xff,0xff,0xff,0xff,0xff,0xff,0xff,
  0xff,0xff,0xff,0xff,0xff,0xff,0xff,0xff,0xff,0xff,0xff,0xff,0xff,0xff,0xff,0xff,0xff,0xff,0xff,0xff,0xff,0xff,0xff,0xff,
  0xff,0xff,0xff,0xff,0xff,0xff,0xff,0xff,0xff,0xff,0xff,0xff,0xff,0xff,0xff,0xff,0xff,0xff,0xff,0xff,0xff,0xff,0xff,0xff,
  0xff,0xff,0xff,0xff,0xff,0xff,0xff,0xff,0xff,0xff,0xff,0xff,0xff,0xff,0xff,0xff,0xff,0xff,0xff,0xff,0xff,0xff,0xff,0xff,
  0xff,0xff,0xff,0xff,0xff,0xff,0xff,0xff,0xff,0xff,0xff,0xff,0xff,0xff,0xff,0xff,0xff,0xff,0xff,0xff,0xff,0xff,0xff,0xff,
  0xff,0xff,0xff,0xff,0xff,0xff,0xff,0xff,0xff,0xff,0xff,0xff,0xdf,0xff,0xdf,0xff,0xdf,0xff,0xdf,0xff,0xdf,0xff,0xdf,0xff,
  0xdf,0xff,0xdf,0xf7,0xdf,0xf7,0xdf,0xf7,0xdf,0xf7,0xdf,0xf7,0xdf,0xf7,0xdf,0xf7,0xdf,0xf7,0xdf,0xf7,0xbf,0xf7,0xbf,0xf7,
  0xbf,0xf7,0xbf,0xf7,0xbf,0xf7,0xbf,0xef,0x5f,0xd7,0x3f,0xd7,0x3f,0xd7,0x3f,0xd7,0x3f,0xd7,0x3f,0xd7,0x3f,0xd7,0x3f,0xd7,
  0x3f,0xd7,0x3f,0xd7,0x3f,0xd7,0x3f,0xd7,0x3f,0xd7,0x3f,0xd7,0x3f,0xd7,0x3f,0xd7,0x3f,0xd7,0x3f,0xd7,0x3f,0xd7,0x3f,0xd7,
  0x3f,0xd7,0x3f,0xd7,0x3f,0xd7,0x3f,0xd7,0x3f,0xd7,0x3f,0xd7,0x3f,0xd7,0x3f,0xd7,0xbf,0xef,0xbf,0xf7,0xbf,0xf7,0xbf,0xf7,
  0xbf,0xf7,0xbf,0xf7,0xbf,0xf7,0xbf,0xf7,0xbf,0xf7,0xbf,0xf7,0xbf,0xf7,0xbf,0xf7,0xdf,0xf7,0xdf,0xf7,0xdf,0xf7,0xdf,0xf7,
  0xff,0xff,0x9f,0xe7,0x5f,0x9e,0x5f,0x9e,0x9f,0xae,0x9f,0xa6,0xbf,0xef,0xff,0xff,0xdf,0xf7,0xdf,0xff,0xdf,0xf7,0xdf,0xf7,
  0xdf,0xff,0xdf,0xff,0xff,0xff,0xff,0xff,0xff,0xff,0xdf,0xff,0xdf,0xff,0xff,0xff,0xff,0xff,0xff,0xff,0xff,0xff,0xff,0xff,
  0xff,0xff,0xff,0xff,0xff,0xff,0xff,0xff,0xff,0xff,0xff,0xff,0xff,0xff,0xff,0xff,0xff,0xff,0xff,0xff,0xff,0xff,0xff,0xff,
  0xff,0xff,0xff,0xff,0xff,0xff,0xff,0xff,0xff,0xff,0xdf,0xff,0xdf,0xff,0xdf,0xf7,0xdf,0xf7,0xdf,0xf7,0xdf,0xf7,0xdf,0xf7,
  0xdf,0xf7,0xdf,0xf7,0xdf,0xf7,0xdf,0xf7,0xdf,0xf7,0xdf,0xf7,0xdf,0xf7,0xdf,0xf7,0xdf,0xff,0xdf,0xff,0xdf,0xff,0xdf,0xff,
  0xdf,0xf7,0xdf,0xff,0xdf,0xff,0xdf,0xf7,0xdf,0xf7,0xdf,0xff,0xdf,0xff,0xdf,0xff,0xdf,0xff,0xdf,0xff,0xdf,0xff,0xdf,0xff,
  0xdf,0xff,0xdf,0xff,0xdf,0xff,0xdf,0xf7,0xdf,0xff,0xdf,0xff,0xdf,0xf7,0xdf,0xff,0xdf,0xff,0xdf,0xff,0xdf,0xff,0xff,0xff,
  0xff,0xff,0xdf,0xff,0xff,0xff,0xdf,0xff,0xdf,0xff,0xdf,0xff,0xdf,0xff,0xdf,0xff,0xdf,0xff,0xdf,0xff,0xff,0xff,0xdf,0xff,
  0xdf,0xff,0xdf,0xff,0xdf,0xff,0xdf,0xff,0xdf,0xff,0xff,0xff,0xdf,0xff,0xdf,0xff,0xdf,0xff,0xdf,0xf7,0xdf,0xff,0xdf,0xff,
  0xdf,0xff,0xdf,0xff,0xdf,0xff,0xdf,0xff,0xdf,0xff,0xdf,0xff,0xdf,0xff,0xdf,0xff,0xdf,0xff,0xdf,0xff,0xdf,0xff,0xdf,0xff,
  0xdf,0xff,0xdf,0xff,0xdf,0xff,0xdf,0xff,0xdf,0xff,0xdf,0xff,0xdf,0xff,0xdf,0xff,0xdf,0xff,0xdf,0xff,0xdf,0xff,0xdf,0xff,
  0xdf,0xff,0xdf,0xff,0xdf,0xff,0xdf,0xff,0xdf,0xff,0xdf,0xff,0xdf,0xff,0xdf,0xff,0xdf,0xff,0xff,0xff,0xff,0xff,0xff,0xff,
  0xff,0xff,0xff,0xff,0xff,0xff,0xff,0xff,0xff,0xff,0xff,0xff,0xff,0xff,0xff,0xff,0xff,0xff,0xff,0xff,0xff,0xff,0xff,0xff,
  0xff,0xff,0xff,0xff,0xff,0xff,0xff,0xff,0xff,0xff,0xdf,0xff,0xff,0xff,0xff,0xff,0xff,0xff,0xff,0xff,0xff,0xff,0xff,0xff,
  0xff,0xff,0xff,0xff,0xff,0xff,0xff,0xff,0xff,0xff,0xff,0xff,0xff,0xff,0xff,0xff,0xff,0xff,0xff,0xff,0xff,0xff,0xff,0xff,
  0xff,0xff,0xff,0xff,0xff,0xff,0xff,0xff,0xff,0xff,0xff,0xff,0xff,0xff,0xff,0xff,0xff,0xff,0xff,0xff,0xff,0xff,0xff,0xff,
  0xff,0xff,0xff,0xff,0xff,0xff,0xff,0xff,0xff,0xff,0xff,0xff,0xff,0xff,0xff,0xff,0xff,0xff,0xff,0xff,0xff,0xff,0xff,0xff,
  0xff,0xff,0xff,0xff,0xff,0xff,0xff,0xff,0xff,0xff,0xff,0xff,0xff,0xff,0xff,0xff,0xff,0xff,0xff,0xff,0xff,0xff,0xff,0xff,
  0xff,0xff,0xff,0xff,0xff,0xff,0xff,0xff,0xff,0xff,0xff,0xff,0xff,0xff,0xff,0xff,0xff,0xff,0xff,0xff,0xff,0xff,0xff,0xff,
  0xff,0xff,0xff,0xff,0xff,0xff,0xff,0xff,0xff,0xff,0xff,0xff,0xff,0xff,0xff,0xff,0xff,0xff,0xff,0xff,0xff,0xff,0xff,0xff,
  0xff,0xff,0xff,0xff,0xff,0xff,0xff,0xff,0xff,0xff,0xff,0xff,0xff,0xff,0xff,0xff,0xff,0xff,0xff,0xff,0xff,0xff,0xff,0xff,
  0xff,0xff,0xff,0xff,0xdf,0xff,0xdf,0xff,0xdf,0xff,0xdf,0xff,0xdf,0xff,0xdf,0xf7,0xdf,0xf7,0xdf,0xf7,0xdf,0xf7,0xdf,0xf7,
  0xdf,0xf7,0xdf,0xf7,0xdf,0xf7,0xdf,0xf7,0xdf,0xf7,0xbf,0xf7,0xdf,0xf7,0xbf,0xf7,0xbf,0xf7,0xbf,0xf7,0xbf,0xef,0xbf,0xef,
  0x3f,0xd7,0x3f,0xd7,0x3f,0xd7,0x3f,0xd7,0x3f,0xd7,0x3f,0xd7,0x3f,0xd7,0x3f,0xd7,0x3f,0xd7,0x3f,0xd7,0x3f,0xd7,0x3f,0xd7,
  0x3f,0xd7,0x3f,0xd7,0x3f,0xd7,0x3f,0xd7,0x3f,0xd7,0x3f,0xd7,0x3f,0xd7,0x3f,0xd7,0x3f,0xd7,0x3f,0xd7,0x3f,0xd7,0x3f,0xd7,
  0x3f,0xd7,0x3f,0xd7,0x3f,0xd7,0x3f,0xd7,0x3f,0xd7,0xbf,0xef,0xdf,0xf7,0xbf,0xf7,0xbf,0xf7,0xbf,0xf7,0xbf,0xf7,0xbf,0xf7,
  0xbf,0xf7,0xbf,0xf7,0xbf,0xf7,0xdf,0xf7,0xdf,0xf7,0xdf,0xf7,0xdf,0xf7,0xdf,0xf7,0xbf,0xf7,0xdf,0xf7,0xdf,0xf7,0x9f,0xe7,
  0xff,0xff,0x9f,0xe7,0xbf,0xa6,0xff,0xff,0xdf,0xff,0xdf,0xf7,0xdf,0xf7,0xdf,0xf7,0xdf,0xf7,0xdf,0xff,0xff,0xff,0xff,0xff,
  0xdf,0xff,0xff,0xff,0xff,0xff,0xdf,0xff,0xdf,0xff,0xdf,0xff,0xff,0xff,0xff,0xff,0xff,0xff,0xff,0xff,0xff,0xff,0xff,0xff,
  0xff,0xff,0xff,0xff,0xff,0xff,0xff,0xff,0xff,0xff,0xff,0xff,0xff,0xff,0xff,0xff,0xff,0xff,0xff,0xff,0xff,0xff,0xff,0xff,
  0xff,0xff,0xdf,0xff,0xdf,0xf7,0xdf,0xf7,0xdf,0xf7,0xdf,0xf7,0xdf,0xf7,0xdf,0xf7,0xdf,0xf7,0xdf,0xf7,0xdf,0xf7,0xdf,0xf7,
  0xdf,0xf7,0xdf,0xf7,0xdf,0xf7,0xdf,0xf7,0xdf,0xf7,0xdf,0xf7,0xdf,0xff,0xdf,0xf7,0xdf,0xf7,0xdf,0xf7,0xdf,0xf7,0xdf,0xf7,
  0xdf,0xf7,0xdf,0xf7,0xdf,0xff,0xdf,0xff,0xdf,0xff,0xdf,0xf7,0xdf,0xff,0xdf,0xff,0xdf,0xff,0xdf,0xff,0xdf,0xff,0xdf,0xf7,
  0xdf,0xf7,0xdf,0xff,0xdf,0xff,0xdf,0xff,0xdf,0xff,0xdf,0xff,0xdf,0xf7,0xdf,0xff,0xdf,0xff,0xdf,0xff,0xdf,0xff,0xdf,0xff,
  0xdf,0xff,0xdf,0xff,0xdf,0xff,0xdf,0xff,0xdf,0xff,0xdf,0xff,0xdf,0xff,0xdf,0xff,0xdf,0xf7,0xdf,0xff,0xdf,0xff,0xdf,0xff,
  0xdf,0xff,0xdf,0xff,0xdf,0xff,0xdf,0xff,0xdf,0xff,0xdf,0xff,0xdf,0xff,0xdf,0xf7,0xdf,0xf7,0xdf,0xff,0xdf,0xff,0xdf,0xf7,
  0xdf,0xff,0xdf,0xf7,0xdf,0xff,0xdf,0xff,0xdf,0xff,0xdf,0xff,0xdf,0xff,0xdf,0xf7,0xdf,0xff,0xdf,0xf7,0xdf,0xff,0xdf,0xff,
  0xdf,0xff,0xdf,0xff,0xdf,0xff,0xdf,0xff,0xdf,0xff,0xdf,0xff,0xdf,0xff,0xdf,0xff,0xdf,0xff,0xdf,0xff,0xdf,0xff,0xdf,0xff,
  0xff,0xff,0xdf,0xff,0xdf,0xff,0xff,0xff,0xff,0xff,0xff,0xff,0xff,0xff,0xff,0xff,0xff,0xff,0xff,0xff,0xff,0xff,0xdf,0xff,
  0xff,0xff,0xff,0xff,0xff,0xff,0xff,0xff,0xff,0xff,0xff,0xff,0xff,0xff,0xff,0xff,0xff,0xff,0xff,0xff,0xff,0xff,0xff,0xff,
  0xff,0xff,0xdf,0xff,0xff,0xff,0xff,0xff,0xff,0xff,0xff,0xff,0xff,0xff,0xff,0xff,0xff,0xff,0xff,0xff,0xff,0xff,0xff,0xff,
  0xff,0xff,0xff,0xff,0xff,0xff,0xff,0xff,0xff,0xff,0xff,0xff,0xff,0xff,0xff,0xff,0xff,0xff,0xff,0xff,0xff,0xff,0xff,0xff,
  0xff,0xff,0xff,0xff,0xff,0xff,0xff,0xff,0xff,0xff,0xff,0xff,0xff,0xff,0xff,0xff,0xff,0xff,0xff,0xff,0xff,0xff,0xff,0xff,
  0xff,0xff,0xff,0xff,0xff,0xff,0xff,0xff,0xff,0xff,0xff,0xff,0xff,0xff,0xff,0xff,0xff,0xff,0xff,0xff,0xff,0xff,0xff,0xff,
  0xff,0xff,0xff,0xff,0xff,0xff,0xff,0xff,0xff,0xff,0xff,0xff,0xff,0xff,0xff,0xff,0xff,0xff,0xff,0xff,0xff,0xff,0xff,0xff,
  0xff,0xff,0xff,0xff,0xff,0xff,0xff,0xff,0xff,0xff,0xff,0xff,0xff,0xff,0xff,0xff,0xff,0xff,0xff,0xff,0xff,0xff,0xff,0xff,
  0xff,0xff,0xff,0xff,0xff,0xff,0xff,0xff,0xff,0xff,0xff,0xff,0xff,0xff,0xff,0xff,0xff,0xff,0xff,0xff,0xff,0xff,0xff,0xff,
  0xff,0xff,0xff,0xff,0xff,0xff,0xff,0xff,0xff,0xff,0xff,0xff,0xff,0xff,0xff,0xff,0xff,0xff,0xff,0xff,0xdf,0xff,0xdf,0xff,
  0xdf,0xff,0xdf,0xff,0xdf,0xff,0xdf,0xf7,0xdf,0xf7,0xdf,0xf7,0xdf,0xf7,0xdf,0xf7,0xdf,0xf7,0xdf,0xf7,0xdf,0xf7,0xdf,0xf7,
  0xbf,0xf7,0xbf,0xf7,0xbf,0xf7,0xbf,0xf7,0xbf,0xf7,0xbf,0xf7,0xbf,0xef,0xbf,0xef,0x9f,0xe7,0x7f,0xdf,0x5f,0xd7,0x3f,0xd7,
  0x3f,0xd7,0x3f,0xd7,0x3f,0xd7,0x3f,0xd7,0x3f,0xd7,0x3f,0xd7,0x3f,0xd7,0x3f,0xd7,0x3f,0xd7,0x3f,0xd7,0x3f,0xd7,0x3f,0xd7,
  0x3f,0xd7,0x3f,0xd7,0x3f,0xd7,0x3f,0xd7,0x3f,0xd7,0x3f,0xd7,0x3f,0xd7,0x3f,0xd7,0x3f,0xd7,0x3f,0xd7,0x3f,0xd7,0x3f,0xd7,
  0x3f,0xd7,0x3f,0xd7,0xbf,0xef,0xdf,0xf7,0xbf,0xf7,0xbf,0xf7,0xbf,0xf7,0xbf,0xf7,0xbf,0xf7,0xbf,0xf7,0xbf,0xf7,0xbf,0xf7,
  0xbf,0xf7,0xdf,0xf7,0xdf,0xf7,0xdf,0xf7,0xdf,0xf7,0xdf,0xf7,0xdf,0xf7,0xff,0xff,0xdf,0xf7,0xff,0xff,0x1f,0xc7,0xff,0xbe,
  0xff,0xff,0xdf,0xf7,0xdf,0xf7,0xdf,0xf7,0xdf,0xf7,0xdf,0xff,0xff,0xff,0xff,0xff,0xff,0xff,0xff,0xff,0xdf,0xff,0xdf,0xff,
  0xdf,0xff,0xff,0xff,0xff,0xff,0xdf,0xff,0xdf,0xff,0xff,0xff,0xff,0xff,0xff,0xff,0xdf,0xff,0xff,0xff,0xdf,0xff,0xff,0xff,
  0xff,0xff,0xff,0xff,0xff,0xff,0xff,0xff,0xdf,0xff,0xdf,0xff,0xff,0xff,0xff,0xff,0xff,0xff,0xdf,0xf7,0xdf,0xf7,0xdf,0xf7,
  0xdf,0xf7,0xdf,0xff,0xdf,0xf7,0xdf,0xf7,0xdf,0xf7,0xdf,0xf7,0xdf,0xf7,0xdf,0xf7,0xdf,0xf7,0xdf,0xf7,0xdf,0xf7,0xdf,0xf7,
  0xdf,0xf7,0xdf,0xf7,0xdf,0xf7,0xdf,0xf7,0xdf,0xf7,0xdf,0xf7,0xdf,0xf7,0xdf,0xf7,0xdf,0xf7,0xdf,0xff,0xdf,0xf7,0xdf,0xf7,
  0xdf,0xf7,0xdf,0xff,0xdf,0xff,0xdf,0xff,0xdf,0xff,0xdf,0xf7,0xdf,0xf7,0xdf,0xf7,0xdf,0xff,0xdf,0xf7,0xdf,0xff,0xdf,0xff,
  0xdf,0xf7,0xdf,0xff,0xdf,0xff,0xdf,0xff,0xdf,0xff,0xdf,0xff,0xdf,0xff,0xdf,0xff,0xdf,0xff,0xdf,0xff,0xdf,0xff,0xdf,0xff,
  0xdf,0xff,0xdf,0xff,0xdf,0xff,0xdf,0xff,0xdf,0xf7,0xdf,0xff,0xdf,0xff,0xdf,0xff,0xdf,0xff,0xdf,0xf7,0xdf,0xf7,0xdf,0xff,
  0xdf,0xff,0xdf,0xff,0xdf,0xff,0xdf,0xf7,0xdf,0xf7,0xdf,0xf7,0xdf,0xf7,0xdf,0xf7,0xdf,0xff,0xdf,0xf7,0xdf,0xff,0xdf,0xff,
  0xdf,0xff,0xdf,0xf7,0xdf,0xff,0xdf,0xff,0xdf,0xff,0xdf,0xff,0xdf,0xf7,0xdf,0xff,0xdf,0xff,0xdf,0xff,0xdf,0xff,0xdf,0xff,
  0xdf,0xff,0xdf,0xff,0xdf,0xff,0xdf,0xff,0xdf,0xff,0xdf,0xff,0xdf,0xff,0xdf,0xff,0xdf,0xff,0xdf,0xff,0xdf,0xff,0xdf,0xff,
  0xff,0xff,0xff,0xff,0xff,0xff,0xff,0xff,0xff,0xff,0xff,0xff,0xff,0xff,0xdf,0xff,0xff,0xff,0xff,0xff,0xff,0xff,0xff,0xff,
  0xff,0xff,0xff,0xff,0xff,0xff,0xff,0xff,0xff,0xff,0xff,0xff,0xff,0xff,0xff,0xff,0xdf,0xff,0xff,0xff,0xff,0xff,0xff,0xff,
  0xff,0xff,0xff,0xff,0xff,0xff,0xff,0xff,0xff,0xff,0xff,0xff,0xff,0xff,0xff,0xff,0xff,0xff,0xff,0xff,0xff,0xff,0xff,0xff,
  0xff,0xff,0xff,0xff,0xff,0xff,0xff,0xff,0xff,0xff,0xff,0xff,0xff,0xff,0xff,0xff,0xff,0xff,0xff,0xff,0xff,0xff,0xff,0xff,
  0xff,0xff,0xff,0xff,0xff,0xff,0xff,0xff,0xff,0xff,0xff,0xff,0xff,0xff,0xff,0xff,0xff,0xff,0xff,0xff,0xff,0xff,0xff,0xff,
  0xff,0xff,0xff,0xff,0xff,0xff,0xff,0xff,0xff,0xff,0xff,0xff,0xff,0xff,0xff,0xff,0xff,0xff,0xff,0xff,0xff,0xff,0xff,0xff,
  0xff,0xff,0xff,0xff,0xff,0xff,0xff,0xff,0xff,0xff,0xff,0xff,0xff,0xff,0xff,0xff,0xff,0xff,0xff,0xff,0xff,0xff,0xff,0xff,
  0xff,0xff,0xff,0xff,0xff,0xff,0xff,0xff,0xff,0xff,0xff,0xff,0xff,0xff,0xff,0xff,0xff,0xff,0xff,0xff,0xff,0xff,0xff,0xff,
  0xff,0xff,0xff,0xff,0xff,0xff,0xff,0xff,0xff,0xff,0xff,0xff,0xff,0xff,0xff,0xff,0xff,0xff,0xff,0xff,0xff,0xff,0xff,0xff,
  0xff,0xff,0xff,0xff,0xff,0xff,0xff,0xff,0xdf,0xff,0xdf,0xff,0xdf,0xff,0xdf,0xff,0xdf,0xf7,0xdf,0xf7,0xdf,0xf7,0xdf,0xf7,
  0xdf,0xf7,0xdf,0xf7,0xdf,0xf7,0xdf,0xf7,0xdf,0xf7,0xdf,0xf7,0xdf,0xf7,0xbf,0xf7,0xbf,0xf7,0xbf,0xf7,0xbf,0xf7,0xbf,0xf7,
  0xbf,0xef,0xbf,0xef,0xbf,0xef,0xbf,0xef,0x9f,0xe7,0x9f,0xef,0x9f,0xe7,0x7f,0xe7,0x5f,0xd7,0x1f,0xd7,0x3f,0xd7,0x3f,0xd7,
  0x3f,0xd7,0x3f,0xd7,0x3f,0xd7,0x3f,0xd7,0x3f,0xd7,0x3f,0xd7,0x3f,0xd7,0x3f,0xd7,0x3f,0xd7,0x3f,0xd7,0x3f,0xd7,0x3f,0xd7,
  0x3f,0xd7,0x3f,0xd7,0x3f,0xd7,0x3f,0xd7,0x3f,0xd7,0x3f,0xd7,0x3f,0xd7,0x3f,0xd7,0x3f,0xd7,0x3f,0xd7,0x5f,0xdf,0xbf,0xf7,
  0xdf,0xf7,0xbf,0xf7,0xbf,0xf7,0xbf,0xf7,0xbf,0xf7,0xbf,0xf7,0xdf,0xf7,0xbf,0xf7,0xbf,0xf7,0xdf,0xf7,0xdf,0xf7,0xdf,0xf7,
  0xdf,0xf7,0xdf,0xf7,0xdf,0xf7,0xdf,0xf7,0xdf,0xf7,0xdf,0xf7,0xff,0xff,0xbf,0xa6,0x5f,0xd7,0xff,0xff,0xdf,0xf7,0xdf,0xf7,
  0xdf,0xf7,0xdf,0xf7,0xff,0xff,0xff,0xff,0xff,0xff,0xdf,0xff,0xff,0xff,0xdf,0xff,0xff,0xff,0xdf,0xff,0xdf,0xff,0xff,0xff,
  0xff,0xff,0xff,0xff,0xff,0xff,0xff,0xff,0xdf,0xff,0xff,0xff,0xff,0xff,0xff,0xff,0xff,0xff,0xff,0xff,0xff,0xff,0xff,0xff,
  0xdf,0xff,0xff,0xff,0xdf,0xff,0xff,0xff,0xff,0xff,0xdf,0xf7,0xdf,0xf7,0xdf,0xf7,0xdf,0xf7,0xdf,0xf7,0xdf,0xf7,0xdf,0xf7,
  0xdf,0xf7,0xdf,0xf7,0xdf,0xf7,0xdf,0xf7,0xdf,0xf7,0xdf,0xf7,0xdf,0xf7,0xdf,0xf7,0xdf,0xf7,0xdf,0xf7,0xdf,0xf7,0xdf,0xf7,
  0xdf,0xf7,0xdf,0xf7,0xdf,0xf7,0xdf,0xf7,0xdf,0xf7,0xdf,0xf7,0xdf,0xf7,0xdf,0xf7,0xdf,0xf7,0xdf,0xf7,0xdf,0xf7,0xdf,0xf7,
  0xdf,0xff,0xdf,0xff,0xdf,0xff,0xdf,0xff,0xdf,0xf7,0xdf,0xf7,0xdf,0xf7,0xdf,0xf7,0xdf,0xf7,0xdf,0xf7,0xdf,0xf7,0xdf,0xf7,
  0xdf,0xff,0xdf,0xff,0xdf,0xff,0xdf,0xff,0xdf,0xff,0xdf,0xff,0xdf,0xff,0xdf,0xf7,0xdf,0xf7,0xdf,0xf7,0xdf,0xf7,0xdf,0xff,
  0xdf,0xf7,0xdf,0xf7,0xdf,0xf7,0xdf,0xf7,0xdf,0xf7,0xdf,0xf7,0xdf,0xf7,0xdf,0xff,0xdf,0xf7,0xdf,0xf7,0xdf,0xf7,0xdf,0xf7,
  0xdf,0xf7,0xdf,0xf7,0xdf,0xf7,0xdf,0xf7,0xdf,0xff,0xdf,0xff,0xdf,0xff,0xdf,0xf7,0xdf,0xf7,0xdf,0xff,0xdf,0xff,0xdf,0xff,
  0xdf,0xf7,0xdf,0xff,0xdf,0xff,0xdf,0xff,0xdf,0xff,0xdf,0xff,0xdf,0xff,0xdf,0xff,0xdf,0xff,0xdf,0xff,0xdf,0xff,0xdf,0xff,
  0xdf,0xff,0xdf,0xff,0xdf,0xff,0xff,0xff,0xdf,0xff,0xdf,0xff,0xdf,0xff,0xff,0xff,0xff,0xff,0xff,0xff,0xff,0xff,0xff,0xff,
  0xff,0xff,0xff,0xff,0xff,0xff,0xff,0xff,0xff,0xff,0xff,0xff,0xff,0xff,0xff,0xff,0xff,0xff,0xff,0xff,0xff,0xff,0xff,0xff,
  0xff,0xff,0xff,0xff,0xff,0xff,0xff,0xff,0xff,0xff,0xff,0xff,0xff,0xff,0xff,0xff,0xff,0xff,0xff,0xff,0xff,0xff,0xff,0xff,
  0xff,0xff,0xff,0xff,0xff,0xff,0xff,0xff,0xff,0xff,0xff,0xff,0xff,0xff,0xff,0xff,0xff,0xff,0xff,0xff,0xff,0xff,0xff,0xff,
  0xff,0xff,0xff,0xff,0xff,0xff,0xff,0xff,0xff,0xff,0xff,0xff,0xff,0xff,0xff,0xff,0xff,0xff,0xff,0xff,0xff,0xff,0xff,0xff,
  0xff,0xff,0xff,0xff,0xff,0xff,0xff,0xff,0xff,0xff,0xff,0xff,0xff,0xff,0xff,0xff,0xff,0xff,0xff,0xff,0xff,0xff,0xff,0xff,
  0xff,0xff,0xff,0xff,0xff,0xff,0xff,0xff,0xff,0xff,0xff,0xff,0xff,0xff,0xff,0xff,0xff,0xff,0xff,0xff,0xff,0xff,0xff,0xff,
  0xff,0xff,0xff,0xff,0xff,0xff,0xff,0xff,0xff,0xff,0xff,0xff,0xff,0xff,0xff,0xff,0xff,0xff,0xff,0xff,0xff,0xff,0xff,0xff,
  0xff,0xff,0xff,0xff,0xff,0xff,0xff,0xff,0xff,0xff,0xff,0xff,0xff,0xff,0xff,0xff,0xff,0xff,0xff,0xff,0xff,0xff,0xff,0xff,
  0xff,0xff,0xff,0xff,0xff,0xff,0xff,0xff,0xdf,0xff,0xff,0xff,0xff,0xff,0xff,0xff,0xff,0xff,0xff,0xff,0xff,0xff,0xdf,0xff,
  0xdf,0xff,0xdf,0xff,0xdf,0xff,0xdf,0xf7,0xdf,0xf7,0xdf,0xf7,0xdf,0xf7,0xdf,0xf7,0xdf,0xf7,0xdf,0xf7,0xdf,0xf7,0xdf,0xf7,
  0xdf,0xf7,0xdf,0xf7,0xdf,0xf7,0xbf,0xf7,0xbf,0xf7,0xbf,0xf7,0xbf,0xf7,0xbf,0xef,0xbf,0xef,0xbf,0xef,0xbf,0xef,0xbf,0xef,
  0x9f,0xe7,0x9f,0xe7,0x9f,0xe7,0x9f,0xef,0x9f,0xef,0x7f,0xe7,0x3f,0xd7,0x1f,0xd7,0x3f,0xd7,0x3f,0xd7,0x3f,0xd7,0x3f,0xd7,
  0x3f,0xd7,0x3f,0xd7,0x3f,0xd7,0x3f,0xd7,0x3f,0xd7,0x3f,0xd7,0x3f,0xd7,0x3f,0xd7,0x3f,0xd7,0x3f,0xd7,0x3f,0xd7,0x3f,0xd7,
  0x3f,0xd7,0x3f,0xd7,0x3f,0xd7,0x3f,0xd7,0x3f,0xd7,0x5f,0xd7,0x5f,0xd7,0x5f,0xdf,0xbf,0xf7,0xdf,0xf7,0xbf,0xf7,0xbf,0xf7,
  0xbf,0xf7,0xbf,0xf7,0xdf,0xf7,0xdf,0xf7,0xbf,0xf7,0xbf,0xf7,0xdf,0xf7,0xdf,0xf7,0xdf,0xf7,0xdf,0xf7,0xdf,0xf7,0xdf,0xf7,
  0xdf,0xf7,0xdf,0xf7,0xff,0xff,0x9f,0xe7,0x7f,0x9e,0xdf,0xf7,0xdf,0xf7,0xdf,0xf7,0xdf,0xf7,0xdf,0xf7,0xdf,0xf7,0xff,0xff,
  0xff,0xff,0xff,0xff,0xff,0xff,0xff,0xff,0xdf,0xff,0xdf,0xff,0xff,0xff,0xdf,0xff,0xff,0xff,0xdf,0xff,0xff,0xff,0xff,0xff,
  0xff,0xff,0xff,0xff,0xff,0xff,0xdf,0xff,0xff,0xff,0xff,0xff,0xff,0xff,0xff,0xff,0xff,0xff,0xff,0xff,0xff,0xff,0xff,0xff,
  0xff,0xff,0xdf,0xf7,0xdf,0xf7,0xdf,0xf7,0xdf,0xf7,0xdf,0xf7,0xdf,0xf7,0xdf,0xf7,0xdf,0xf7,0xdf,0xf7,0xdf,0xf7,0xdf,0xf7,
  0xdf,0xf7,0xdf,0xf7,0xdf,0xf7,0xdf,0xf7,0xdf,0xf7,0xdf,0xf7,0xdf,0xf7,0xdf,0xf7,0xdf,0xf7,0xdf,0xf7,0xdf,0xf7,0xdf,0xf7,
  0xdf,0xf7,0xdf,0xf7,0xdf,0xf7,0xdf,0xf7,0xdf,0xf7,0xdf,0xf7,0xdf,0xf7,0xdf,0xf7,0xdf,0xff,0xdf,0xff,0xdf,0xff,0xdf,0xf7,
  0xdf,0xf7,0xdf,0xf7,0xdf,0xf7,0xdf,0xf7,0xdf,0xf7,0xdf,0xf7,0xdf,0xf7,0xdf,0xf7,0xdf,0xff,0xdf,0xff,0xdf,0xff,0xdf,0xf7,
  0xdf,0xf7,0xdf,0xf7,0xdf,0xf7,0xdf,0xf7,0xdf,0xf7,0xdf,0xf7,0xdf,0xff,0xdf,0xf7,0xdf,0xf7,0xdf,0xf7,0xdf,0xf7,0xdf,0xf7,
  0xdf,0xf7,0xdf,0xf7,0xdf,0xf7,0xdf,0xff,0xdf,0xf7,0xdf,0xf7,0xdf,0xf7,0xdf,0xf7,0xdf,0xf7,0xdf,0xf7,0xdf,0xf7,0xdf,0xf7,
  0xdf,0xf7,0xdf,0xff,0xdf,0xf7,0xdf,0xf7,0xdf,0xff,0xdf,0xf7,0xdf,0xf7,0xdf,0xff,0xdf,0xf7,0xdf,0xff,0xdf,0xff,0xdf,0xff,
  0xdf,0xff,0xdf,0xff,0xdf,0xff,0xdf,0xff,0xdf,0xff,0xdf,0xff,0xdf,0xff,0xdf,0xff,0xdf,0xff,0xdf,0xff,0xdf,0xff,0xff,0xff,
  0xdf,0xff,0xdf,0xff,0xdf,0xff,0xff,0xff,0xff,0xff,0xff,0xff,0xff,0xff,0xff,0xff,0xff,0xff,0xff,0xff,0xff,0xff,0xff,0xff,
  0xff,0xff,0xff,0xff,0xff,0xff,0xff,0xff,0xff,0xff,0xff,0xff,0xff,0xff,0xff,0xff,0xff,0xff,0xff,0xff,0xff,0xff,0xff,0xff,
  0xff,0xff,0xff,0xff,0xff,0xff,0xff,0xff,0xff,0xff,0xff,0xff,0xff,0xff,0xff,0xff,0xff,0xff,0xff,0xff,0xff,0xff,0xff,0xff,
  0xff,0xff,0xff,0xff,0xff,0xff,0xff,0xff,0xff,0xff,0xff,0xff,0xff,0xff,0xff,0xff,0xff,0xff,0xff,0xff,0xff,0xff,0xff,0xff,
  0xff,0xff,0xff,0xff,0xff,0xff,0xff,0xff,0xff,0xff,0xff,0xff,0xff,0xff,0xff,0xff,0xff,0xff,0xff,0xff,0xff,0xff,0xff,0xff,
  0xff,0xff,0xff,0xff,0xff,0xff,0xff,0xff,0xff,0xff,0xff,0xff,0xff,0xff,0xff,0xff,0xff,0xff,0xff,0xff,0xff,0xff,0xff,0xff,
  0xff,0xff,0xff,0xff,0xff,0xff,0xff,0xff,0xff,0xff,0xff,0xff,0xff,0xff,0xff,0xff,0xff,0xff,0xff,0xff,0xff,0xff,0xff,0xff,
  0xff,0xff,0xff,0xff,0xff,0xff,0xff,0xff,0xff,0xff,0xff,0xff,0xff,0xff,0xff,0xff,0xff,0xff,0xff,0xff,0xff,0xff,0xff,0xff,
  0xff,0xff,0xff,0xff,0xff,0xff,0xff,0xff,0xff,0xff,0xff,0xff,0xff,0xff,0xff,0xff,0xff,0xff,0xff,0xff,0xff,0xff,0xff,0xff,
  0xff,0xff,0xff,0xff,0xff,0xff,0xff,0xff,0xff,0xff,0xff,0xff,0xff,0xff,0xdf,0xff,0xdf,0xff,0xdf,0xff,0xdf,0xf7,0xdf,0xf7,
  0xdf,0xf7,0xdf,0xf7,0xdf,0xf7,0xdf,0xf7,0xdf,0xf7,0xdf,0xf7,0xdf,0xf7,0xdf,0xf7,0xdf,0xf7,0xbf,0xf7,0xbf,0xf7,0xbf,0xf7,
  0xbf,0xf7,0xbf,0xf7,0xbf,0xef,0xbf,0xef,0xbf,0xef,0xbf,0xef,0xbf,0xef,0xbf,0xef,0x7f,0xe7,0x9f,0xe7,0x9f,0xe7,0x9f,0xe7,
  0x9f,0xe7,0x9f,0xef,0x9f,0xef,0x7f,0xe7,0x3f,0xd7,0x1f,0xcf,0x3f,0xd7,0x3f,0xd7,0x3f,0xd7,0x3f,0xd7,0x3f,0xd7,0x3f,0xd7,
  0x3f,0xd7,0x3f,0xd7,0x3f,0xd7,0x3f,0xd7,0x3f,0xd7,0x3f,0xd7,0x3f,0xd7,0x3f,0xd7,0x3f,0xd7,0x5f,0xd7,0x3f,0xd7,0x3f,0xd7,
  0x5f,0xd7,0x5f,0xd7,0x5f,0xd7,0x3f,0xd7,0x7f,0xdf,0xdf,0xf7,0xdf,0xf7,0xbf,0xf7,0xbf,0xf7,0xbf,0xf7,0xbf,0xf7,0xbf,0xf7,
  0xbf,0xf7,0xbf,0xf7,0xdf,0xf7,0xdf,0xf7,0xdf,0xf7,0xdf,0xf7,0xdf,0xf7,0xdf,0xf7,0xdf,0xf7,0xdf,0xf7,0xdf,0xf7,0xff,0xff,
  0x1f,0xbf,0xff,0xbe,0xff,0xff,0xdf,0xf7,0xdf,0xf7,0xdf,0xf7,0xdf,0xf7,0xdf,0xff,0xff,0xff,0xff,0xff,0xff,0xff,0xff,0xff,
  0xdf,0xff,0xff,0xff,0xff,0xff,0xff,0xff,0xdf,0xff,0xff,0xff,0xdf,0xff,0xff,0xff,0xff,0xff,0xdf,0xff,0xdf,0xff,0xff,0xff,
  0xff,0xff,0xdf,0xff,0xdf,0xff,0xff,0xff,0xff,0xff,0xff,0xff,0xff,0xff,0xff,0xff,0xff,0xff,0xdf,0xf7,0xdf,0xf7,0xdf,0xf7,
  0xdf,0xf7,0xdf,0xf7,0xdf,0xf7,0xdf,0xf7,0xdf,0xf7,0xdf,0xf7,0xdf,0xf7,0xdf,0xf7,0xdf,0xf7,0xdf,0xf7,0xdf,0xf7,0xdf,0xf7,
  0xdf,0xf7,0xdf,0xf7,0xdf,0xf7,0xdf,0xf7,0xdf,0xf7,0xdf,0xf7,0xdf,0xf7,0xdf,0xf7,0xdf,0xf7,0xdf,0xf7,0xdf,0xf7,0xdf,0xf7,
  0xdf,0xf7,0xdf,0xf7,0xdf,0xf7,0xdf,0xf7,0xdf,0xff,0xdf,0xf7,0xdf,0xf7,0xdf,0xf7,0xdf,0xf7,0xdf,0xf7,0xdf,0xf7,0xdf,0xf7,
  0xdf,0xf7,0xdf,0xf7,0xdf,0xf7,0xdf,0xf7,0xdf,0xf7,0xdf,0xf7,0xdf,0xf7,0xdf,0xff,0xdf,0xf7,0xdf,0xf7,0xdf,0xff,0xdf,0xf7,
  0xdf,0xf7,0xdf,0xf7,0xdf,0xf7,0xdf,0xff,0xdf,0xf7,0xdf,0xf7,0xdf,0xf7,0xdf,0xf7,0xdf,0xf7,0xdf,0xf7,0xdf,0xf7,0xdf,0xf7,
  0xdf,0xf7,0xdf,0xf7,0xdf,0xf7,0xdf,0xf7,0xdf,0xf7,0xdf,0xf7,0xdf,0xf7,0xdf,0xf7,0xdf,0xf7,0xdf,0xff,0xdf,0xf7,0xdf,0xff,
  0xdf,0xf7,0xdf,0xf7,0xdf,0xf7,0xdf,0xf7,0xdf,0xff,0xdf,0xff,0xdf,0xff,0xdf,0xff,0xdf,0xff,0xdf,0xff,0xdf,0xff,0xdf,0xff,
  0xdf,0xff,0xdf,0xff,0xdf,0xff,0xdf,0xff,0xdf,0xff,0xdf,0xff,0xdf,0xff,0xff,0xff,0xdf,0xff,0xdf,0xff,0xff,0xff,0xff,0xff,
  0xff,0xff,0xff,0xff,0xff,0xff,0xff,0xff,0xff,0xff,0xff,0xff,0xff,0xff,0xff,0xff,0xff,0xff,0xff,0xff,0xff,0xff,0xff,0xff,
  0xff,0xff,0xff,0xff,0xff,0xff,0xff,0xff,0xff,0xff,0xff,0xff,0xff,0xff,0xff,0xff,0xff,0xff,0xff,0xff,0xff,0xff,0xff,0xff,
  0xff,0xff,0xff,0xff,0xff,0xff,0xff,0xff,0xff,0xff,0xff,0xff,0xff,0xff,0xff,0xff,0xff,0xff,0xff,0xff,0xff,0xff,0xff,0xff,
  0xff,0xff,0xff,0xff,0xff,0xff,0xff,0xff,0xff,0xff,0xff,0xff,0xff,0xff,0xff,0xff,0xff,0xff,0xff,0xff,0xff,0xff,0xff,0xff,
  0xff,0xff,0xff,0xff,0xff,0xff,0xff,0xff,0xff,0xff,0xff,0xff,0xff,0xff,0xff,0xff,0xff,0xff,0xff,0xff,0xff,0xff,0xff,0xff,
  0xff,0xff,0xff,0xff,0xff,0xff,0xff,0xff,0xff,0xff,0xff,0xff,0xff,0xff,0xff,0xff,0xff,0xff,0xff,0xff,0xff,0xff,0xff,0xff,
  0xff,0xff,0xff,0xff,0xff,0xff,0xff,0xff,0xff,0xff,0xff,0xff,0xff,0xff,0xff,0xff,0xff,0xff,0xff,0xff,0xff,0xff,0xff,0xff,
  0xff,0xff,0xff,0xff,0xff,0xff,0xff,0xff,0xff,0xff,0xff,0xff,0xff,0xff,0xff,0xff,0xff,0xff,0xff,0xff,0xff,0xff,0xff,0xff,
  0xff,0xff,0xff,0xff,0xff,0xff,0xff,0xff,0xff,0xff,0xff,0xff,0xff,0xff,0xff,0xff,0xff,0xff,0xff,0xff,0xff,0xff,0xff,0xff,
  0xff,0xff,0xdf,0xff,0xdf,0xff,0xdf,0xff,0xdf,0xff,0xdf,0xff,0xdf,0xf7,0xdf,0xf7,0xdf,0xf7,0xdf,0xf7,0xdf,0xf7,0xdf,0xf7,
  0xdf,0xf7,0xdf,0xf7,0xdf,0xf7,0xdf,0xf7,0xdf,0xf7,0xbf,0xf7,0xbf,0xf7,0xbf,0xf7,0xbf,0xf7,0xbf,0xf7,0xbf,0xef,0xbf,0xef,
  0xbf,0xef,0xbf,0xef,0xbf,0xef,0xbf,0xef,0x7f,0xe7,0x7f,0xe7,0x9f,0xe7,0x9f,0xe7,0x9f,0xe7,0x9f,0xe7,0x9f,0xe7,0x9f,0xef,
  0x9f,0xef,0x7f,0xdf,0x3f,0xd7,0x1f,0xd7,0x3f,0xd7,0x3f,0xd7,0x3f,0xd7,0x3f,0xd7,0x3f,0xd7,0x3f,0xd7,0x3f,0xd7,0x3f,0xd7,
  0x3f,0xd7,0x3f,0xd7,0x3f,0xd7,0x3f,0xd7,0x3f,0xd7,0x3f,0xd7,0x3f,0xd7,0x3f,0xd7,0x3f,0xd7,0x5f,0xd7,0x5f,0xd7,0x5f,0xd7,
  0x3f,0xd7,0x7f,0xe7,0xdf,0xf7,0xbf,0xf7,0xdf,0xf7,0xdf,0xf7,0xbf,0xf7,0xdf,0xf7,0xbf,0xf7,0xbf,0xf7,0xbf,0xf7,0xdf,0xf7,
  0xdf,0xf7,0xdf,0xf7,0xdf,0xf7,0xdf,0xf7,0xdf,0xf7,0xdf,0xf7,0xdf,0xf7,0xdf,0xf7,0xff,0xff,0xbf,0xa6,0x9f,0xe7,0xdf,0xff,
  0xdf,0xf7,0xdf,0xf7,0xdf,0xf7,0xdf,0xf7,0xff,0xff,0xff,0xff,0xff,0xff,0xdf,0xff,0xdf,0xff,0xff,0xff,0xff,0xff,0xff,0xff,
  0xff,0xff,0xff,0xff,0xff,0xff,0xdf,0xff,0xdf,0xff,0xdf,0xff,0xdf,0xff,0xff,0xff,0xff,0xff,0xff,0xff,0xdf,0xff,0xff,0xff,
  0xdf,0xff,0xff,0xff,0xff,0xff,0xff,0xff,0xff,0xff,0xdf,0xf7,0xdf,0xf7,0xdf,0xf7,0xdf,0xf7,0xdf,0xf7,0xdf,0xf7,0xdf,0xf7,
  0xdf,0xf7,0xdf,0xf7,0xdf,0xf7,0xdf,0xf7,0xdf,0xf7,0xdf,0xf7,0xdf,0xf7,0xdf,0xf7,0xdf,0xf7,0xdf,0xf7,0xdf,0xf7,0xdf,0xf7,
  0xdf,0xf7,0xdf,0xf7,0xdf,0xf7,0xdf,0xf7,0xdf,0xf7,0xdf,0xf7,0xdf,0xf7,0xdf,0xf7,0xdf,0xf7,0xdf,0xf7,0xdf,0xf7,0xdf,0xf7,
  0xdf,0xf7,0xdf,0xf7,0xdf,0xf7,0xdf,0xf7,0xdf,0xf7,0xdf,0xf7,0xdf,0xf7,0xdf,0xf7,0xdf,0xf7,0xdf,0xf7,0xdf,0xf7,0xdf,0xf7,
  0xdf,0xf7,0xdf,0xf7,0xdf,0xf7,0xdf,0xf7,0xdf,0xf7,0xdf,0xf7,0xdf,0xf7,0xdf,0xf7,0xdf,0xf7,0xdf,0xf7,0xdf,0xf7,0xdf,0xf7,
  0xdf,0xf7,0xdf,0xf7,0xdf,0xf7,0xdf,0xf7,0xdf,0xf7,0xdf,0xf7,0xdf,0xf7,0xdf,0xf7,0xdf,0xf7,0xdf,0xf7,0xdf,0xf7,0xdf,0xf7,
  0xdf,0xf7,0xdf,0xf7,0xdf,0xf7,0xdf,0xf7,0xdf,0xf7,0xdf,0xf7,0xdf,0xf7,0xdf,0xf7,0xdf,0xf7,0xdf,0xff,0xdf,0xf7,0xdf,0xff,
  0xdf,0xff,0xdf,0xff,0xdf,0xff,0xdf,0xff,0xdf,0xff,0xdf,0xff,0xdf,0xff,0xdf,0xff,0xdf,0xff,0xdf,0xff,0xdf,0xff,0xdf,0xff,
  0xdf,0xff,0xdf,0xff,0xdf,0xff,0xdf,0xff,0xff,0xff,0xff,0xff,0xff,0xff,0xff,0xff,0xff,0xff,0xff,0xff,0xff,0xff,0xff,0xff,
  0xff,0xff,0xff,0xff,0xff,0xff,0xff,0xff,0xff,0xff,0xff,0xff,0xff,0xff,0xff,0xff,0xff,0xff,0xff,0xff,0xff,0xff,0xff,0xff,
  0xff,0xff,0xff,0xff,0xff,0xff,0xff,0xff,0xff,0xff,0xff,0xff,0xff,0xff,0xff,0xff,0xff,0xff,0xff,0xff,0xff,0xff,0xff,0xff,
  0xff,0xff,0xff,0xff,0xff,0xff,0xff,0xff,0xff,0xff,0xff,0xff,0xff,0xff,0xff,0xff,0xff,0xff,0xff,0xff,0xff,0xff,0xff,0xff,
  0xff,0xff,0xff,0xff,0xff,0xff,0xff,0xff,0xff,0xff,0xff,0xff,0xff,0xff,0xff,0xff,0xff,0xff,0xff,0xff,0xff,0xff,0xff,0xff,
  0xff,0xff,0xff,0xff,0xff,0xff,0xff,0xff,0xff,0xff,0xff,0xff,0xff,0xff,0xff,0xff,0xff,0xff,0xff,0xff,0xff,0xff,0xff,0xff,
  0xff,0xff,0xff,0xff,0xff,0xff,0xff,0xff,0xff,0xff,0xff,0xff,0xff,0xff,0xff,0xff,0xff,0xff,0xff,0xff,0xff,0xff,0xff,0xff,
  0xff,0xff,0xff,0xff,0xff,0xff,0xff,0xff,0xff,0xff,0xff,0xff,0xff,0xff,0xff,0xff,0xff,0xff,0xff,0xff,0xff,0xff,0xff,0xff,
  0xff,0xff,0xff,0xff,0xff,0xff,0xff,0xff,0xff,0xff,0xff,0xff,0xff,0xff,0xff,0xff,0xff,0xff,0xff,0xff,0xff,0xff,0xff,0xff,
  0xff,0xff,0xff,0xff,0xff,0xff,0xff,0xff,0xff,0xff,0xff,0xff,0xff,0xff,0xff,0xff,0xff,0xff,0xdf,0xff,0xdf,0xff,0xdf,0xff,
  0xdf,0xff,0xdf,0xf7,0xdf,0xf7,0xdf,0xf7,0xdf,0xf7,0xdf,0xf7,0xdf,0xf7,0xdf,0xf7,0xdf,0xf7,0xdf,0xf7,0xdf,0xf7,0xbf,0xf7,
  0xdf,0xf7,0xbf,0xf7,0xbf,0xf7,0xbf,0xf7,0xbf,0xef,0xbf,0xef,0xbf,0xef,0xbf,0xef,0xbf,0xef,0xbf,0xef,0xbf,0xef,0xbf,0xef,
  0x7f,0xe7,0x7f,0xe7,0x9f,0xe7,0x9f,0xe7,0x9f,0xe7,0x9f,0xe7,0x9f,0xe7,0x9f,0xe7,0x9f,0xe7,0x9f,0xef,0x9f,0xe7,0x3f,0xd7,
  0x1f,0xcf,0x3f,0xd7,0x3f,0xd7,0x3f,0xd7,0x3f,0xd7,0x3f,0xd7,0x3f,0xd7,0x3f,0xd7,0x3f,0xd7,0x3f,0xd7,0x3f,0xd7,0x3f,0xd7,
  0x3f,0xd7,0x3f,0xd7,0x3f,0xd7,0x3f,0xd7,0x3f,0xd7,0x5f,0xd7,0x5f,0xd7,0x5f,0xd7,0x5f,0xd7,0x3f,0xd7,0x9f,0xef,0xdf,0xf7,
  0xbf,0xf7,0xdf,0xf7,0xbf,0xf7,0xdf,0xf7,0xdf,0xf7,0xbf,0xf7,0xdf,0xf7,0xdf,0xf7,0xdf,0xf7,0xdf,0xf7,0xdf,0xf7,0xdf,0xf7,
  0xdf,0xf7,0xdf,0xf7,0xdf,0xf7,0xdf,0xf7,0xff,0xff,0x7f,0xdf,0xbf,0xa6,0xff,0xff,0xdf,0xf7,0xdf,0xf7,0xdf,0xf7,0xdf,0xf7,
  0xdf,0xff,0xff,0xff,0xff,0xff,0xff,0xff,0xff,0xff,0xff,0xff,0xff,0xff,0xdf,0xff,0xff,0xff,0xdf,0xff,0xff,0xff,0xff,0xff,
  0xff,0xff,0xff,0xff,0xff,0xff,0xdf,0xff,0xdf,0xff,0xdf,0xff,0xff,0xff,0xff,0xff,0xff,0xff,0xff,0xff,0xdf,0xff,0xff,0xff,
  0xff,0xff,0xdf,0xf7,0xdf,0xf7,0xdf,0xf7,0xdf,0xf7,0xdf,0xf7,0xdf,0xf7,0xdf,0xf7,0xdf,0xf7,0xdf,0xf7,0xdf,0xf7,0xdf,0xf7,
  0xdf,0xf7,0xdf,0xf7,0xdf,0xf7,0xdf,0xf7,0xdf,0xf7,0xdf,0xf7,0xdf,0xf7,0xdf,0xf7,0xdf,0xf7,0xdf,0xf7,0xdf,0xf7,0xdf,0xf7,
  0xdf,0xf7,0xdf,0xf7,0xdf,0xf7,0xdf,0xf7,0xdf,0xf7,0xdf,0xf7,0xdf,0xf7,0xdf,0xf7,0xdf,0xf7,0xdf,0xf7,0xdf,0xf7,0xdf,0xf7,
  0xdf,0xf7,0xdf,0xf7,0xdf,0xf7,0xdf,0xf7,0xdf,0xf7,0xdf,0xf7,0xdf,0xf7,0xdf,0xf7,0xdf,0xf7,0xdf,0xf7,0xdf,0xf7,0xdf,0xf7,
  0xdf,0xf7,0xdf,0xf7,0xdf,0xf7,0xdf,0xf7,0xdf,0xf7,0xdf,0xf7,0xdf,0xf7,0xdf,0xf7,0xdf,0xf7,0xdf,0xf7,0xdf,0xf7,0xdf,0xf7,
  0xdf,0xf7,0xdf,0xf7,0xdf,0xf7,0xdf,0xf7,0xdf,0xf7,0xdf,0xf7,0xdf,0xf7,0xdf,0xf7,0xdf,0xf7,0xdf,0xf7,0xdf,0xf7,0xdf,0xf7,
  0xdf,0xf7,0xdf,0xf7,0xdf,0xf7,0xdf,0xf7,0xdf,0xf7,0xdf,0xf7,0xdf,0xf7,0xdf,0xff,0xdf,0xff,0xdf,0xff,0xdf,0xff,0xdf,0xff,
  0xdf,0xff,0xdf,0xff,0xdf,0xff,0xdf,0xff,0xdf,0xff,0xdf,0xff,0xdf,0xff,0xdf,0xff,0xdf,0xff,0xdf,0xff,0xdf,0xff,0xdf,0xff,
  0xff,0xff,0xff,0xff,0xff,0xff,0xff,0xff,0xff,0xff,0xff,0xff,0xff,0xff,0xff,0xff,0xff,0xff,0xff,0xff,0xff,0xff,0xff,0xff,
  0xff,0xff,0xff,0xff,0xff,0xff,0xff,0xff,0xff,0xff,0xff,0xff,0xff,0xff,0xff,0xff,0xff,0xff,0xff,0xff,0xff,0xff,0xff,0xff,
  0xff,0xff,0xff,0xff,0xff,0xff,0xff,0xff,0xff,0xff,0xff,0xff,0xff,0xff,0xff,0xff,0xff,0xff,0xff,0xff,0xff,0xff,0xff,0xff,
  0xff,0xff,0xff,0xff,0xff,0xff,0xff,0xff,0xff,0xff,0xff,0xff,0xff,0xff,0xff,0xff,0xff,0xff,0xff,0xff,0xff,0xff,0xff,0xff,
  0xff,0xff,0xff,0xff,0xff,0xff,0xff,0xff,0xff,0xff,0xff,0xff,0xff,0xff,0xff,0xff,0xff,0xff,0xff,0xff,0xff,0xff,0xff,0xff,
  0xff,0xff,0xff,0xff,0xff,0xff,0xff,0xff,0xff,0xff,0xff,0xff,0xff,0xff,0xff,0xff,0xff,0xff,0xff,0xff,0xff,0xff,0xff,0xff,
  0xff,0xff,0xff,0xff,0xff,0xff,0xff,0xff,0xff,0xff,0xff,0xff,0xff,0xff,0xff,0xff,0xff,0xff,0xff,0xff,0xff,0xff,0xff,0xff,
  0xff,0xff,0xff,0xff,0xff,0xff,0xff,0xff,0xff,0xff,0xff,0xff,0xff,0xff,0xff,0xff,0xff,0xff,0xff,0xff,0xff,0xff,0xff,0xff,
  0xff,0xff,0xff,0xff,0xff,0xff,0xff,0xff,0xff,0xff,0xff,0xff,0xff,0xff,0xff,0xff,0xff,0xff,0xff,0xff,0xff,0xff,0xff,0xff,
  0xff,0xff,0xff,0xff,0xdf,0xff,0xff,0xff,0xdf,0xff,0xdf,0xff,0xdf,0xff,0xdf,0xff,0xdf,0xf7,0xdf,0xf7,0xdf,0xf7,0xdf,0xf7,
  0xdf,0xf7,0xdf,0xf7,0xdf,0xf7,0xdf,0xf7,0xdf,0xf7,0xdf,0xf7,0xdf,0xf7,0xbf,0xf7,0xbf,0xf7,0xbf,0xf7,0xbf,0xf7,0xbf,0xef,
  0xbf,0xef,0xbf,0xef,0xbf,0xef,0xbf,0xef,0xbf,0xef,0xbf,0xef,0xbf,0xef,0xbf,0xef,0x7f,0xe7,0x7f,0xe7,0x9f,0xe7,0x9f,0xe7,
  0x9f,0xe7,0x9f,0xe7,0x9f,0xe7,0x9f,0xe7,0x9f,0xe7,0x9f,0xe7,0x9f,0xef,0x9f,0xef,0x5f,0xdf,0x1f,0xd7,0x3f,0xd7,0x3f,0xd7,
  0x3f,0xd7,0x3f,0xd7,0x3f,0xd7,0x3f,0xd7,0x3f,0xd7,0x3f,0xd7,0x3f,0xd7,0x3f,0xd7,0x3f,0xd7,0x3f,0xd7,0x3f,0xd7,0x3f,0xd7,
  0x3f,0xd7,0x5f,0xd7,0x3f,0xd7,0x3f,0xd7,0x3f,0xd7,0x3f,0xd7,0x5f,0xd7,0xbf,0xef,0xdf,0xf7,0xbf,0xf7,0xbf,0xf7,0xbf,0xf7,
  0xdf,0xf7,0xbf,0xf7,0xdf,0xf7,0xdf,0xf7,0xdf,0xf7,0xdf,0xf7,0xdf,0xf7,0xdf,0xf7,0xdf,0xf7,0xdf,0xf7,0xdf,0xf7,0xdf,0xf7,
  0xdf,0xf7,0xff,0xff,0xbf,0xae,0x3f,0xcf,0xff,0xff,0xdf,0xf7,0xdf,0xf7,0xdf,0xf7,0xdf,0xf7,0xff,0xff,0xff,0xff,0xff,0xff,
  0xdf,0xff,0xdf,0xff,0xff,0xff,0xff,0xff,0xff,0xff,0xff,0xff,0xdf,0xff,0xdf,0xff,0xff,0xff,0xdf,0xff,0xdf,0xff,0xdf,0xff,
  0xdf,0xff,0xdf,0xff,0xff,0xff,0xdf,0xff,0xff,0xff,0xff,0xff,0xff,0xff,0xff,0xff,0xff,0xff,0xdf,0xf7,0xdf,0xf7,0xdf,0xf7,
  0xdf,0xf7,0xdf,0xf7,0xdf,0xf7,0xdf,0xf7,0xdf,0xf7,0xdf,0xf7,0xdf,0xf7,0xdf,0xf7,0xdf,0xf7,0xdf,0xf7,0xdf,0xf7,0xdf,0xf7,
  0xdf,0xf7,0xdf,0xf7,0xdf,0xf7,0xdf,0xf7,0xdf,0xf7,0xdf,0xf7,0xdf,0xf7,0xdf,0xf7,0xdf,0xf7,0xdf,0xf7,0xdf,0xf7,0xdf,0xf7,
  0xdf,0xf7,0xdf,0xf7,0xdf,0xf7,0xdf,0xf7,0xdf,0xf7,0xdf,0xf7,0xdf,0xf7,0xdf,0xf7,0xdf,0xf7,0xdf,0xf7,0xdf,0xf7,0xdf,0xf7,
  0xdf,0xf7,0xdf,0xf7,0xdf,0xf7,0xdf,0xf7,0xdf,0xf7,0xdf,0xf7,0xdf,0xf7,0xdf,0xf7,0xdf,0xf7,0xdf,0xf7,0xdf,0xf7,0xdf,0xf7,
  0xdf,0xf7,0xdf,0xf7,0xdf,0xf7,0xdf,0xf7,0xdf,0xf7,0xdf,0xf7,0xdf,0xf7,0xdf,0xf7,0xdf,0xf7,0xdf,0xf7,0xdf,0xf7,0xdf,0xf7,
  0xdf,0xf7,0xdf,0xf7,0xdf,0xf7,0xdf,0xf7,0xdf,0xf7,0xdf,0xf7,0xdf,0xf7,0xdf,0xf7,0xdf,0xf7,0xdf,0xff,0xdf,0xf7,0xdf,0xf7,
  0xdf,0xf7,0xdf,0xf7,0xdf,0xff,0xdf,0xff,0xdf,0xff,0xdf,0xff,0xdf,0xff,0xdf,0xff,0xdf,0xff,0xdf,0xff,0xdf,0xff,0xdf,0xff,
  0xdf,0xff,0xdf,0xff,0xdf,0xff,0xdf,0xff,0xdf,0xff,0xdf,0xff,0xff,0xff,0xff,0xff,0xff,0xff,0xff,0xff,0xff,0xff,0xff,0xff,
  0xdf,0xff,0xff,0xff,0xff,0xff,0xff,0xff,0xff,0xff,0xff,0xff,0xff,0xff,0xff,0xff,0xff,0xff,0xff,0xff,0xff,0xff,0xff,0xff,
  0xff,0xff,0xff,0xff,0xff,0xff,0xff,0xff,0xff,0xff,0xff,0xff,0xff,0xff,0xff,0xff,0xff,0xff,0xff,0xff,0xff,0xff,0xff,0xff,
  0xff,0xff,0xff,0xff,0xff,0xff,0xff,0xff,0xff,0xff,0xff,0xff,0xff,0xff,0xff,0xff,0xff,0xff,0xff,0xff,0xff,0xff,0xff,0xff,
  0xff,0xff,0xff,0xff,0xff,0xff,0xff,0xff,0xff,0xff,0xff,0xff,0xff,0xff,0xff,0xff,0xff,0xff,0xff,0xff,0xff,0xff,0xff,0xff,
  0xff,0xff,0xff,0xff,0xff,0xff,0xff,0xff,0xff,0xff,0xff,0xff,0xff,0xff,0xff,0xff,0xff,0xff,0xff,0xff,0xff,0xff,0xff,0xff,
  0xff,0xff,0xff,0xff,0xff,0xff,0xff,0xff,0xff,0xff,0xff,0xff,0xff,0xff,0xff,0xff,0xff,0xff,0xff,0xff,0xff,0xff,0xff,0xff,
  0xff,0xff,0xff,0xff,0xff,0xff,0xff,0xff,0xff,0xff,0xff,0xff,0xff,0xff,0xff,0xff,0xff,0xff,0xff,0xff,0xff,0xff,0xff,0xff,
  0xff,0xff,0xff,0xff,0xff,0xff,0xff,0xff,0xff,0xff,0xff,0xff,0xff,0xff,0xff,0xff,0xff,0xff,0xff,0xff,0xff,0xff,0xff,0xff,
  0xff,0xff,0xff,0xff,0xff,0xff,0xff,0xff,0xff,0xff,0xff,0xff,0xff,0xff,0xff,0xff,0xff,0xff,0xdf,0xff,0xdf,0xff,0xdf,0xff,
  0xdf,0xff,0xdf,0xff,0xdf,0xff,0xdf,0xf7,0xdf,0xff,0xdf,0xf7,0xdf,0xf7,0xdf,0xf7,0xdf,0xf7,0xdf,0xf7,0xdf,0xf7,0xdf,0xf7,
  0xdf,0xf7,0xdf,0xf7,0xbf,0xf7,0xbf,0xf7,0xbf,0xf7,0xbf,0xef,0xbf,0xef,0xbf,0xef,0xbf,0xef,0xbf,0xef,0xbf,0xef,0xbf,0xef,
  0xbf,0xef,0xbf,0xef,0xbf,0xef,0xbf,0xef,0x7f,0xe7,0x7f,0xe7,0x9f,0xe7,0x7f,0xe7,0x7f,0xe7,0x9f,0xe7,0x9f,0xe7,0x9f,0xe7,
  0x9f,0xe7,0x9f,0xe7,0x9f,0xe7,0x9f,0xef,0xbf,0xef,0x7f,0xe7,0x3f,0xd7,0x3f,0xd7,0x3f,0xd7,0x3f,0xd7,0x3f,0xd7,0x3f,0xd7,
  0x3f,0xd7,0x3f,0xd7,0x3f,0xd7,0x3f,0xd7,0x3f,0xd7,0x3f,0xd7,0x3f,0xd7,0x3f,0xd7,0x3f,0xd7,0x5f,0xd7,0x3f,0xd7,0x5f,0xd7,
  0x3f,0xd7,0x3f,0xd7,0x3f,0xd7,0x5f,0xdf,0xbf,0xf7,0xdf,0xf7,0xbf,0xf7,0xdf,0xf7,0xbf,0xf7,0xbf,0xf7,0xbf,0xf7,0xbf,0xf7,
  0xbf,0xf7,0xdf,0xf7,0xbf,0xf7,0xdf,0xf7,0xdf,0xf7,0xdf,0xf7,0xdf,0xf7,0xdf,0xf7,0xdf,0xf7,0xdf,0xff,0x9f,0xe7,0x7f,0x9e,
  0xdf,0xf7,0xdf,0xf7,0xdf,0xf7,0xdf,0xf7,0xdf,0xf7,0xdf,0xff,0xff,0xff,0xff,0xff,0xff,0xff,0xdf,0xff,0xff,0xff,0xff,0xff,
  0xdf,0xff,0xdf,0xff,0xdf,0xff,0xdf,0xff,0xdf,0xff,0xdf,0xff,0xdf,0xff,0xdf,0xff,0xdf,0xff,0xdf,0xff,0xdf,0xff,0xdf,0xff,
  0xdf,0xff,0xff,0xff,0xff,0xff,0xdf,0xff,0xff,0xff,0xdf,0xf7,0xdf,0xf7,0xdf,0xf7,0xdf,0xf7,0xdf,0xf7,0xdf,0xf7,0xdf,0xf7,
  0xdf,0xf7,0xdf,0xf7,0xdf,0xf7,0xdf,0xf7,0xdf,0xf7,0xdf,0xf7,0xdf,0xf7,0xdf,0xf7,0xdf,0xf7,0xdf,0xf7,0xdf,0xf7,0xdf,0xf7,
  0xdf,0xf7,0xdf,0xf7,0xdf,0xf7,0xdf,0xf7,0xdf,0xf7,0xdf,0xf7,0xdf,0xf7,0xdf,0xf7,0xdf,0xf7,0xdf,0xf7,0xdf,0xf7,0xdf,0xf7,
  0xdf,0xf7,0xdf,0xf7,0xdf,0xf7,0xdf,0xf7,0xdf,0xf7,0xdf,0xf7,0xdf,0xf7,0xdf,0xf7,0xdf,0xf7,0xdf,0xf7,0xdf,0xf7,0xdf,0xf7,
  0xdf,0xf7,0xdf,0xf7,0xdf,0xf7,0xdf,0xf7,0xdf,0xf7,0xdf,0xf7,0xdf,0xf7,0xdf,0xf7,0xdf,0xf7,0xdf,0xf7,0xdf,0xf7,0xdf,0xf7,
  0xdf,0xf7,0xdf,0xf7,0xdf,0xf7,0xdf,0xf7,0xdf,0xf7,0xdf,0xf7,0xdf,0xf7,0xdf,0xf7,0xdf,0xf7,0xdf,0xf7,0xdf,0xf7,0xdf,0xf7,
  0xdf,0xf7,0xdf,0xf7,0xdf,0xf7,0xdf,0xf7,0xdf,0xf7,0xdf,0xf7,0xdf,0xf7,0xdf,0xf7,0xdf,0xf7,0xdf,0xf7,0xdf,0xf7,0xdf,0xff,
  0xdf,0xff,0xdf,0xff,0xdf,0xff,0xdf,0xff,0xdf,0xff,0xdf,0xff,0xdf,0xff,0xdf,0xff,0xdf,0xff,0xdf,0xff,0xdf,0xff,0xdf,0xff,
  0xdf,0xff,0xdf,0xff,0xdf,0xff,0xff,0xff,0xff,0xff,0xdf,0xff,0xdf,0xff,0xff,0xff,0xdf,0xff,0xff,0xff,0xff,0xff,0xdf,0xff,
  0xff,0xff,0xff,0xff,0xff,0xff,0xff,0xff,0xff,0xff,0xff,0xff,0xff,0xff,0xff,0xff,0xff,0xff,0xff,0xff,0xff,0xff,0xff,0xff,
  0xff,0xff,0xff,0xff,0xff,0xff,0xff,0xff,0xff,0xff,0xff,0xff,0xff,0xff,0xff,0xff,0xff,0xff,0xff,0xff,0xff,0xff,0xff,0xff,
  0xff,0xff,0xff,0xff,0xff,0xff,0xff,0xff,0xff,0xff,0xff,0xff,0xff,0xff,0xff,0xff,0xff,0xff,0xff,0xff,0xff,0xff,0xff,0xff,
  0xff,0xff,0xff,0xff,0xff,0xff,0xff,0xff,0xff,0xff,0xff,0xff,0xff,0xff,0xff,0xff,0xff,0xff,0xff,0xff,0xff,0xff,0xff,0xff,
  0xff,0xff,0xff,0xff,0xff,0xff,0xff,0xff,0xff,0xff,0xff,0xff,0xff,0xff,0xff,0xff,0xff,0xff,0xff,0xff,0xff,0xff,0xff,0xff,
  0xff,0xff,0xff,0xff,0xff,0xff,0xff,0xff,0xff,0xff,0xff,0xff,0xff,0xff,0xff,0xff,0xff,0xff,0xff,0xff,0xff,0xff,0xff,0xff,
  0xff,0xff,0xff,0xff,0xff,0xff,0xff,0xff,0xff,0xff,0xff,0xff,0xff,0xff,0xff,0xff,0xff,0xff,0xff,0xff,0xff,0xff,0xff,0xff,
  0xff,0xff,0xff,0xff,0xff,0xff,0xff,0xff,0xff,0xff,0xff,0xff,0xff,0xff,0xff,0xff,0xff,0xff,0xff,0xff,0xff,0xff,0xff,0xff,
  0xff,0xff,0xff,0xff,0xff,0xff,0xff,0xff,0xff,0xff,0xdf,0xff,0xdf,0xff,0xdf,0xff,0xdf,0xff,0xdf,0xff,0xdf,0xf7,0xdf,0xff,
  0xdf,0xff,0xdf,0xf7,0xdf,0xf7,0xdf,0xf7,0xdf,0xf7,0xdf,0xf7,0xdf,0xf7,0xdf,0xf7,0xbf,0xf7,0xdf,0xf7,0xbf,0xf7,0xbf,0xf7,
  0xbf,0xf7,0xbf,0xef,0xbf,0xef,0xbf,0xef,0xbf,0xef,0xbf,0xef,0xbf,0xef,0xbf,0xef,0xbf,0xef,0xbf,0xef,0xbf,0xef,0xbf,0xef,
  0x7f,0xe7,0x7f,0xe7,0x7f,0xe7,0x7f,0xe7,0x7f,0xe7,0x9f,0xe7,0x9f,0xe7,0x9f,0xe7,0x9f,0xe7,0x9f,0xe7,0x9f,0xe7,0x9f,0xe7,
  0x9f,0xef,0x9f,0xef,0x9f,0xe7,0x3f,0xd7,0x3f,0xcf,0x3f,0xd7,0x3f,0xd7,0x3f,0xd7,0x3f,0xd7,0x3f,0xd7,0x3f,0xd7,0x3f,0xd7,
  0x3f,0xd7,0x3f,0xd7,0x3f,0xd7,0x3f,0xd7,0x3f,0xd7,0x3f,0xd7,0x3f,0xd7,0x5f,0xd7,0x3f,0xd7,0x3f,0xd7,0x5f,0xd7,0x3f,0xd7,
  0x7f,0xe7,0xdf,0xf7,0xbf,0xf7,0xdf,0xf7,0xdf,0xf7,0xdf,0xf7,0xbf,0xf7,0xbf,0xf7,0xbf,0xf7,0xbf,0xf7,0xbf,0xf7,0xdf,0xf7,
  0xdf,0xf7,0xdf,0xf7,0xdf,0xf7,0xdf,0xf7,0xdf,0xf7,0xdf,0xf7,0xff,0xff,0xdf,0xbe,0xff,0xc6,0xff,0xff,0xdf,0xf7,0xdf,0xf7,
  0xdf,0xf7,0xdf,0xf7,0xff,0xff,0xff,0xff,0xff,0xff,0xdf,0xff,0xdf,0xff,0xdf,0xff,0xdf,0xff,0xdf,0xff,0xdf,0xff,0xdf,0xff,
  0xdf,0xff,0xdf,0xff,0xdf,0xff,0xdf,0xff,0xdf,0xff,0xdf,0xff,0xdf,0xff,0xdf,0xff,0xdf,0xff,0xff,0xff,0xff,0xff,0xff,0xff,
  0xff,0xff,0xdf,0xf7,0xdf,0xf7,0xdf,0xf7,0xdf,0xf7,0xdf,0xf7,0xdf,0xf7,0xdf,0xf7,0xdf,0xf7,0xdf,0xf7,0xdf,0xf7,0xdf,0xf7,
  0xdf,0xf7,0xdf,0xf7,0xdf,0xf7,0xdf,0xf7,0xdf,0xf7,0xdf,0xf7,0xdf,0xf7,0xdf,0xf7,0xdf,0xf7,0xdf,0xf7,0xdf,0xf7,0xdf,0xf7,
  0xdf,0xf7,0xdf,0xf7,0xdf,0xf7,0xdf,0xf7,0xdf,0xf7,0xdf,0xf7,0xdf,0xf7,0xdf,0xf7,0xdf,0xf7,0xdf,0xf7,0xdf,0xf7,0xdf,0xf7,
  0xdf,0xf7,0xdf,0xf7,0xdf,0xf7,0xdf,0xf7,0xdf,0xf7,0xdf,0xf7,0xdf,0xf7,0xdf,0xf7,0xdf,0xf7,0xdf,0xf7,0xdf,0xf7,0xdf,0xf7,
  0xdf,0xf7,0xdf,0xf7,0xdf,0xf7,0xdf,0xf7,0xdf,0xf7,0xdf,0xf7,0xdf,0xf7,0xdf,0xf7,0xdf,0xf7,0xdf,0xf7,0xdf,0xf7,0xdf,0xf7,
  0xdf,0xf7,0xdf,0xf7,0xdf,0xf7,0xdf,0xf7,0xdf,0xf7,0xdf,0xf7,0xdf,0xf7,0xdf,0xf7,0xdf,0xf7,0xdf,0xf7,0xdf,0xf7,0xdf,0xf7,
  0xdf,0xf7,0xdf,0xf7,0xdf,0xf7,0xdf,0xf7,0xdf,0xf7,0xdf,0xf7,0xdf,0xf7,0xdf,0xf7,0xdf,0xff,0xdf,0xff,0xdf,0xff,0xdf,0xff,
  0xdf,0xff,0xdf,0xff,0xdf,0xff,0xdf,0xff,0xdf,0xff,0xdf,0xff,0xdf,0xff,0xdf,0xff,0xff,0xff,0xdf,0xff,0xff,0xff,0xff,0xff,
  0xdf,0xff,0xdf,0xff,0xdf,0xff,0xdf,0xff,0xdf,0xff,0xff,0xff,0xff,0xff,0xff,0xff,0xff,0xff,0xff,0xff,0xff,0xff,0xff,0xff,
  0xdf,0xff,0xdf,0xff,0xdf,0xff,0xff,0xff,0xff,0xff,0xff,0xff,0xff,0xff,0xff,0xff,0xff,0xff,0xff,0xff,0xff,0xff,0xff,0xff,
  0xdf,0xff,0xff,0xff,0xff,0xff,0xff,0xff,0xff,0xff,0xff,0xff,0xff,0xff,0xff,0xff,0xff,0xff,0xff,0xff,0xff,0xff,0xff,0xff,
  0xff,0xff,0xff,0xff,0xff,0xff,0xff,0xff,0xff,0xff,0xff,0xff,0xff,0xff,0xff,0xff,0xff,0xff,0xff,0xff,0xff,0xff,0xff,0xff,
  0xff,0xff,0xff,0xff,0xff,0xff,0xff,0xff,0xff,0xff,0xff,0xff,0xff,0xff,0xff,0xff,0xff,0xff,0xff,0xff,0xff,0xff,0xff,0xff,
  0xff,0xff,0xff,0xff,0xff,0xff,0xff,0xff,0xff,0xff,0xff,0xff,0xff,0xff,0xff,0xff,0xff,0xff,0xff,0xff,0xff,0xff,0xff,0xff,
  0xff,0xff,0xff,0xff,0xff,0xff,0xff,0xff,0xff,0xff,0xff,0xff,0xff,0xff,0xff,0xff,0xff,0xff,0xff,0xff,0xff,0xff,0xff,0xff,
  0xff,0xff,0xff,0xff,0xff,0xff,0xff,0xff,0xff,0xff,0xff,0xff,0xff,0xff,0xff,0xff,0xff,0xff,0xff,0xff,0xff,0xff,0xff,0xff,
  0xff,0xff,0xff,0xff,0xff,0xff,0xff,0xff,0xff,0xff,0xff,0xff,0xff,0xff,0xff,0xff,0xff,0xff,0xff,0xff,0xff,0xff,0xdf,0xff,
  0xdf,0xff,0xdf,0xff,0xdf,0xff,0xdf,0xff,0xdf,0xff,0xdf,0xff,0xdf,0xf7,0xdf,0xf7,0xdf,0xf7,0xdf,0xf7,0xdf,0xf7,0xdf,0xf7,
  0xdf,0xf7,0xdf,0xf7,0xdf,0xf7,0xdf,0xf7,0xdf,0xf7,0xbf,0xf7,0xbf,0xf7,0xbf,0xef,0xbf,0xef,0xbf,0xef,0xbf,0xef,0xbf,0xef,
  0xbf,0xef,0xbf,0xef,0xbf,0xef,0xbf,0xef,0xbf,0xef,0xbf,0xef,0xbf,0xef,0xbf,0xef,0x7f,0xe7,0x7f,0xe7,0x7f,0xe7,0x7f,0xe7,
  0x7f,0xe7,0x7f,0xe7,0x7f,0xe7,0x9f,0xe7,0x9f,0xe7,0x9f,0xe7,0x9f,0xe7,0x9f,0xe7,0x9f,0xef,0x9f,0xef,0x9f,0xef,0x9f,0xef,
  0x5f,0xdf,0x3f,0xd7,0x3f,0xd7,0x3f,0xd7,0x3f,0xd7,0x3f,0xd7,0x3f,0xd7,0x3f,0xd7,0x3f,0xd7,0x3f,0xd7,0x3f,0xd7,0x3f,0xd7,
  0x3f,0xd7,0x5f,0xd7,0x3f,0xd7,0x3f,0xd7,0x3f,0xd7,0x3f,0xd7,0x3f,0xd7,0x3f,0xd7,0x3f,0xd7,0x9f,0xef,0xdf,0xf7,0xbf,0xf7,
  0xbf,0xf7,0xdf,0xf7,0xbf,0xf7,0xbf,0xf7,0xdf,0xf7,0xdf,0xf7,0xdf,0xf7,0xdf,0xf7,0xdf,0xf7,0xdf,0xf7,0xdf,0xf7,0xdf,0xf7,
  0xdf,0xf7,0xdf,0xf7,0xdf,0xf7,0xbf,0xef,0x7f,0x9e,0xbf,0xef,0xdf,0xf7,0xdf,0xf7,0xdf,0xf7,0xdf,0xf7,0xdf,0xf7,0xff,0xff,
  0xff,0xff,0xff,0xff,0xff,0xff,0xff,0xff,0xdf,0xff,0xdf,0xff,0xdf,0xff,0xdf,0xff,0xdf,0xff,0xdf,0xff,0xdf,0xff,0xdf,0xff,
  0xdf,0xff,0xdf,0xff,0xdf,0xff,0xdf,0xff,0xdf,0xff,0xdf,0xff,0xdf,0xff,0xdf,0xff,0xff,0xff,0xdf,0xf7,0xdf,0xf7,0xdf,0xf7,
  0xdf,0xf7,0xdf,0xf7,0xdf,0xf7,0xdf,0xf7,0xdf,0xf7,0xdf,0xf7,0xdf,0xf7,0xdf,0xf7,0xdf,0xf7,0xdf,0xf7,0xdf,0xf7,0xdf,0xf7,
  0xdf,0xf7,0xdf,0xf7,0xdf,0xf7,0xdf,0xf7,0xdf,0xf7,0xdf,0xf7,0xdf,0xf7,0xdf,0xf7,0xdf,0xf7,0xdf,0xf7,0xdf,0xf7,0xdf,0xf7,
  0xdf,0xf7,0xdf,0xf7,0xdf,0xf7,0xdf,0xf7,0xdf,0xf7,0xdf,0xf7,0xdf,0xf7,0xdf,0xf7,0xdf,0xf7,0xdf,0xf7,0xdf,0xf7,0xdf,0xf7,
  0xdf,0xf7,0xdf,0xf7,0xdf,0xf7,0xdf,0xf7,0xdf,0xf7,0xdf,0xf7,0xdf,0xf7,0xdf,0xf7,0xdf,0xf7,0xdf,0xf7,0xdf,0xf7,0xdf,0xf7,
  0xdf,0xf7,0xdf,0xf7,0xdf,0xf7,0xdf,0xf7,0xdf,0xf7,0xdf,0xf7,0xdf,0xf7,0xdf,0xf7,0xdf,0xf7,0xdf,0xf7,0xdf,0xf7,0xdf,0xf7,
  0xdf,0xf7,0xdf,0xf7,0xdf,0xf7,0xdf,0xf7,0xdf,0xf7,0xdf,0xf7,0xdf,0xf7,0xdf,0xf7,0xdf,0xf7,0xdf,0xf7,0xdf,0xf7,0xdf,0xf7,
  0xdf,0xf7,0xdf,0xf7,0xdf,0xff,0xdf,0xff,0xdf,0xff,0xdf,0xff,0xdf,0xff,0xdf,0xff,0xdf,0xff,0xdf,0xff,0xdf,0xff,0xdf,0xff,
  0xdf,0xff,0xdf,0xff,0xdf,0xff,0xdf,0xff,0xdf,0xff,0xdf,0xff,0xdf,0xff,0xff,0xff,0xdf,0xff,0xdf,0xff,0xdf,0xff,0xdf,0xff,
  0xff,0xff,0xff,0xff,0xff,0xff,0xff,0xff,0xff,0xff,0xdf,0xff,0xdf,0xff,0xdf,0xff,0xdf,0xff,0xdf,0xff,0xdf,0xff,0xff,0xff,
  0xff,0xff,0xdf,0xff,0xff,0xff,0xff,0xff,0xff,0xff,0xff,0xff,0xff,0xff,0xff,0xff,0xff,0xff,0xff,0xff,0xff,0xff,0xff,0xff,
  0xff,0xff,0xff,0xff,0xff,0xff,0xff,0xff,0xff,0xff,0xff,0xff,0xff,0xff,0xff,0xff,0xff,0xff,0xff,0xff,0xff,0xff,0xff,0xff,
  0xff,0xff,0xff,0xff,0xff,0xff,0xff,0xff,0xff,0xff,0xff,0xff,0xff,0xff,0xff,0xff,0xff,0xff,0xff,0xff,0xff,0xff,0xff,0xff,
  0xff,0xff,0xff,0xff,0xff,0xff,0xff,0xff,0xff,0xff,0xff,0xff,0xff,0xff,0xff,0xff,0xff,0xff,0xff,0xff,0xff,0xff,0xff,0xff,
  0xff,0xff,0xff,0xff,0xff,0xff,0xff,0xff,0xff,0xff,0xff,0xff,0xff,0xff,0xff,0xff,0xff,0xff,0xff,0xff,0xff,0xff,0xff,0xff,
  0xff,0xff,0xff,0xff,0xff,0xff,0xff,0xff,0xff,0xff,0xff,0xff,0xff,0xff,0xff,0xff,0xff,0xff,0xff,0xff,0xff,0xff,0xff,0xff,
  0xff,0xff,0xff,0xff,0xff,0xff,0xff,0xff,0xff,0xff,0xff,0xff,0xff,0xff,0xff,0xff,0xff,0xff,0xff,0xff,0xff,0xff,0xff,0xff,
  0xff,0xff,0xff,0xff,0xff,0xff,0xff,0xff,0xff,0xff,0xdf,0xff,0xff,0xff,0xdf,0xff,0xdf,0xff,0xdf,0xff,0xdf,0xff,0xdf,0xf7,
  0xdf,0xf7,0xdf,0xf7,0xdf,0xf7,0xdf,0xf7,0xdf,0xf7,0xdf,0xf7,0xdf,0xf7,0xdf,0xf7,0xbf,0xf7,0xdf,0xf7,0xdf,0xf7,0xbf,0xf7,
  0xbf,0xf7,0xbf,0xf7,0xbf,0xf7,0xbf,0xef,0xbf,0xef,0xbf,0xef,0xbf,0xef,0xbf,0xef,0xbf,0xef,0xbf,0xef,0xbf,0xef,0x9f,0xef,
  0xbf,0xef,0xbf,0xef,0x9f,0xef,0xbf,0xef,0x7f,0xe7,0x7f,0xe7,0x7f,0xe7,0x7f,0xe7,0x7f,0xe7,0x7f,0xe7,0x7f,0xe7,0x7f,0xe7,
  0x9f,0xe7,0x9f,0xe7,0x9f,0xe7,0x9f,0xef,0x9f,0xef,0x9f,0xef,0x9f,0xef,0x9f,0xef,0xbf,0xef,0x5f,0xdf,0x3f,0xd7,0x3f,0xd7,
  0x3f,0xd7,0x3f,0xd7,0x3f,0xd7,0x3f,0xd7,0x3f,0xd7,0x3f,0xd7,0x3f,0xd7,0x3f,0xd7,0x3f,0xd7,0x5f,0xd7,0x3f,0xd7,0x3f,0xd7,
  0x3f,0xd7,0x3f,0xd7,0x3f,0xd7,0x3f,0xd7,0x3f,0xd7,0x3f,0xd7,0xbf,0xf7,0xbf,0xf7,0xbf,0xf7,0xdf,0xf7,0xbf,0xf7,0xbf,0xf7,
  0xbf,0xf7,0xdf,0xf7,0xdf,0xf7,0xdf,0xf7,0xdf,0xf7,0xdf,0xf7,0xdf,0xf7,0xdf,0xf7,0xdf,0xf7,0xdf,0xf7,0xdf,0xf7,0xff,0xff,
  0x1f,0xbf,0xff,0xbe,0xff,0xff,0xdf,0xf7,0xdf,0xf7,0xdf,0xf7,0xbf,0xf7,0xff,0xff,0xff,0xff,0xdf,0xff,0xdf,0xff,0xdf,0xff,
  0xff,0xff,0xdf,0xff,0xdf,0xff,0xdf,0xff,0xdf,0xff,0xdf,0xff,0xdf,0xff,0xdf,0xff,0xdf,0xff,0xdf,0xff,0xdf,0xff,0xdf,0xff,
  0xdf,0xff,0xdf,0xff,0xdf,0xff,0xdf,0xff,0xff,0xff,0xdf,0xf7,0xdf,0xf7,0xdf,0xf7,0xdf,0xf7,0xdf,0xf7,0xdf,0xf7,0xdf,0xf7,
  0xdf,0xf7,0xdf,0xf7,0xdf,0xf7,0xdf,0xf7,0xdf,0xf7,0xdf,0xf7,0xdf,0xf7,0xdf,0xf7,0xdf,0xf7,0xdf,0xf7,0xdf,0xf7,0xdf,0xf7,
  0xdf,0xf7,0xdf,0xf7,0xdf,0xf7,0xdf,0xf7,0xdf,0xf7,0xdf,0xf7,0xdf,0xf7,0xdf,0xf7,0xdf,0xf7,0xdf,0xf7,0xdf,0xf7,0xdf,0xf7,
  0xdf,0xf7,0xdf,0xf7,0xdf,0xf7,0xdf,0xf7,0xdf,0xf7,0xdf,0xf7,0xdf,0xf7,0xdf,0xf7,0xdf,0xf7,0xdf,0xf7,0xdf,0xf7,0xdf,0xf7,
  0xdf,0xf7,0xdf,0xf7,0xdf,0xf7,0xdf,0xf7,0xdf,0xf7,0xdf,0xf7,0xdf,0xf7,0xdf,0xf7,0xdf,0xf7,0xdf,0xf7,0xdf,0xf7,0xdf,0xf7,
  0xdf,0xf7,0xdf,0xf7,0xdf,0xf7,0xdf,0xf7,0xdf,0xf7,0xdf,0xf7,0xdf,0xf7,0xdf,0xf7,0xdf,0xf7,0xdf,0xf7,0xdf,0xf7,0xdf,0xf7,
  0xdf,0xf7,0xdf,0xf7,0xdf,0xf7,0xdf,0xf7,0xdf,0xf7,0xdf,0xf7,0xdf,0xf7,0xdf,0xf7,0xdf,0xff,0xdf,0xf7,0xdf,0xff,0xdf,0xff,
  0xdf,0xff,0xdf,0xff,0xdf,0xff,0xdf,0xff,0xdf,0xff,0xdf,0xff,0xdf,0xff,0xdf,0xff,0xdf,0xff,0xdf,0xff,0xdf,0xff,0xdf,0xff,
  0xdf,0xff,0xdf,0xff,0xdf,0xff,0xff,0xff,0xff,0xff,0xff,0xff,0xff,0xff,0xdf,0xff,0xdf,0xff,0xff,0xff,0xff,0xff,0xff,0xff,
  0xff,0xff,0xdf,0xff,0xdf,0xff,0xdf,0xff,0xff,0xff,0xff,0xff,0xdf,0xff,0xdf,0xff,0xdf,0xff,0xdf,0xff,0xff,0xff,0xff,0xff,
  0xff,0xff,0xff,0xff,0xff,0xff,0xff,0xff,0xff,0xff,0xff,0xff,0xff,0xff,0xff,0xff,0xff,0xff,0xff,0xff,0xff,0xff,0xff,0xff,
  0xff,0xff,0xff,0xff,0xff,0xff,0xff,0xff,0xff,0xff,0xff,0xff,0xff,0xff,0xff,0xff,0xff,0xff,0xff,0xff,0xff,0xff,0xff,0xff,
  0xff,0xff,0xff,0xff,0xff,0xff,0xff,0xff,0xff,0xff,0xff,0xff,0xff,0xff,0xff,0xff,0xff,0xff,0xff,0xff,0xff,0xff,0xff,0xff,
  0xff,0xff,0xff,0xff,0xff,0xff,0xff,0xff,0xff,0xff,0xff,0xff,0xff,0xff,0xff,0xff,0xff,0xff,0xff,0xff,0xff,0xff,0xff,0xff,
  0xff,0xff,0xff,0xff,0xff,0xff,0xff,0xff,0xff,0xff,0xff,0xff,0xff,0xff,0xff,0xff,0xff,0xff,0xff,0xff,0xff,0xff,0xff,0xff,
  0xff,0xff,0xff,0xff,0xff,0xff,0xff,0xff,0xff,0xff,0xff,0xff,0xff,0xff,0xff,0xff,0xff,0xff,0xff,0xff,0xff,0xff,0xff,0xff,
  0xff,0xff,0xff,0xff,0xff,0xff,0xff,0xff,0xff,0xff,0xff,0xff,0xff,0xff,0xff,0xff,0xff,0xff,0xff,0xff,0xff,0xff,0xff,0xff,
  0xff,0xff,0xdf,0xff,0xff,0xff,0xdf,0xff,0xdf,0xff,0xdf,0xff,0xdf,0xf7,0xdf,0xf7,0xdf,0xf7,0xdf,0xf7,0xdf,0xf7,0xdf,0xf7,
  0xdf,0xf7,0xdf,0xf7,0xdf,0xf7,0xdf,0xf7,0xdf,0xf7,0xbf,0xf7,0xbf,0xf7,0xbf,0xf7,0xbf,0xf7,0xbf,0xf7,0xbf,0xef,0xbf,0xef,
  0xbf,0xef,0xbf,0xef,0xbf,0xef,0xbf,0xef,0xbf,0xef,0xbf,0xef,0xbf,0xef,0x9f,0xef,0x9f,0xef,0x9f,0xef,0x9f,0xef,0x9f,0xef,
  0x7f,0xe7,0x7f,0xe7,0x7f,0xe7,0x7f,0xe7,0x7f,0xe7,0x7f,0xe7,0x7f,0xe7,0x9f,0xe7,0x9f,0xe7,0x9f,0xe7,0x9f,0xe7,0x9f,0xef,
  0x9f,0xe7,0x9f,0xef,0x9f,0xef,0x9f,0xef,0x9f,0xef,0xbf,0xef,0x5f,0xdf,0x3f,0xd7,0x3f,0xd7,0x3f,0xd7,0x3f,0xd7,0x3f,0xd7,
  0x3f,0xd7,0x3f,0xd7,0x3f,0xd7,0x3f,0xd7,0x3f,0xd7,0x5f,0xd7,0x3f,0xd7,0x3f,0xd7,0x3f,0xd7,0x3f,0xd7,0x3f,0xd7,0x3f,0xd7,
  0x3f,0xd7,0x3f,0xd7,0x7f,0xdf,0xdf,0xf7,0xbf,0xf7,0xdf,0xf7,0xbf,0xf7,0xbf,0xf7,0xbf,0xf7,0xbf,0xf7,0xbf,0xf7,0xbf,0xf7,
  0xdf,0xf7,0xdf,0xf7,0xdf,0xf7,0xbf,0xf7,0xdf,0xf7,0xdf,0xf7,0xdf,0xf7,0xdf,0xf7,0xbf,0xef,0x9f,0xa6,0xbf,0xef,0xdf,0xf7,
  0xdf,0xf7,0xdf,0xf7,0xbf,0xf7,0xdf,0xf7,0xff,0xff,0xdf,0xff,0xff,0xff,0xdf,0xff,0xff,0xff,0xdf,0xff,0xdf,0xff,0xdf,0xff,
  0xdf,0xff,0xdf,0xff,0xdf,0xff,0xdf,0xf7,0xdf,0xff,0xdf,0xff,0xdf,0xff,0xdf,0xff,0xdf,0xff,0xdf,0xff,0xdf,0xff,0xdf,0xff,
  0xdf,0xff,0xdf,0xf7,0xdf,0xf7,0xdf,0xf7,0xdf,0xf7,0xdf,0xf7,0xdf,0xf7,0xdf,0xf7,0xdf,0xf7,0xdf,0xf7,0xdf,0xf7,0xdf,0xf7,
  0xdf,0xf7,0xdf,0xf7,0xdf,0xf7,0xdf,0xf7,0xbf,0xf7,0xdf,0xf7,0xdf,0xf7,0xdf,0xf7,0xdf,0xf7,0xdf,0xf7,0xdf,0xf7,0xdf,0xf7,
  0xdf,0xf7,0xdf,0xf7,0xdf,0xf7,0xdf,0xf7,0xdf,0xf7,0xdf,0xf7,0xdf,0xf7,0xdf,0xf7,0xdf,0xf7,0xdf,0xf7,0xdf,0xf7,0xdf,0xf7,
  0xdf,0xf7,0xdf,0xf7,0xdf,0xf7,0xdf,0xf7,0xdf,0xf7,0xdf,0xf7,0xdf,0xf7,0xdf,0xf7,0xdf,0xf7,0xdf,0xf7,0xdf,0xf7,0xdf,0xf7,
  0xdf,0xf7,0xdf,0xf7,0xdf,0xf7,0xdf,0xf7,0xdf,0xf7,0xdf,0xf7,0xdf,0xf7,0xdf,0xf7,0xdf,0xf7,0xdf,0xf7,0xdf,0xf7,0xdf,0xf7,
  0xdf,0xf7,0xdf,0xf7,0xdf,0xf7,0xdf,0xf7,0xdf,0xf7,0xdf,0xf7,0xdf,0xf7,0xdf,0xf7,0xdf,0xf7,0xdf,0xf7,0xdf,0xf7,0xdf,0xf7,
  0xdf,0xf7,0xdf,0xf7,0xdf,0xf7,0xdf,0xf7,0xdf,0xf7,0xdf,0xf7,0xdf,0xf7,0xdf,0xff,0xdf,0xff,0xdf,0xff,0xdf,0xff,0xdf,0xff,
  0xdf,0xff,0xdf,0xff,0xdf,0xff,0xdf,0xff,0xdf,0xff,0xdf,0xff,0xdf,0xff,0xdf,0xff,0xdf,0xff,0xdf,0xff,0xff,0xff,0xff,0xff,
  0xff,0xff,0xdf,0xff,0xff,0xff,0xff,0xff,0xff,0xff,0xff,0xff,0xff,0xff,0xdf,0xff,0xdf,0xff,0xdf,0xff,0xdf,0xff,0xdf,0xff,
  0xdf,0xff,0xff,0xff,0xdf,0xff,0xff,0xff,0xdf,0xff,0xdf,0xff,0xdf,0xff,0xff,0xff,0xff,0xff,0xff,0xff,0xff,0xff,0xff,0xff,
  0xff,0xff,0xff,0xff,0xff,0xff,0xff,0xff,0xff,0xff,0xff,0xff,0xff,0xff,0xff,0xff,0xff,0xff,0xff,0xff,0xff,0xff,0xff,0xff,
  0xff,0xff,0xff,0xff,0xff,0xff,0xff,0xff,0xff,0xff,0xff,0xff,0xff,0xff,0xff,0xff,0xff,0xff,0xff,0xff,0xff,0xff,0xff,0xff,
  0xff,0xff,0xff,0xff,0xff,0xff,0xff,0xff,0xff,0xff,0xff,0xff,0xff,0xff,0xff,0xff,0xff,0xff,0xff,0xff,0xff,0xff,0xff,0xff,
  0xff,0xff,0xff,0xff,0xff,0xff,0xff,0xff,0xff,0xff,0xff,0xff,0xff,0xff,0xff,0xff,0xff,0xff,0xff,0xff,0xff,0xff,0xff,0xff,
  0xff,0xff,0xff,0xff,0xff,0xff,0xff,0xff,0xff,0xff,0xff,0xff,0xff,0xff,0xff,0xff,0xff,0xff,0xff,0xff,0xff,0xff,0xff,0xff,
  0xff,0xff,0xff,0xff,0xff,0xff,0xff,0xff,0xff,0xff,0xff,0xff,0xff,0xff,0xff,0xff,0xff,0xff,0xff,0xff,0xff,0xff,0xff,0xff,
  0xff,0xff,0xff,0xff,0xff,0xff,0xff,0xff,0xff,0xff,0xff,0xff,0xff,0xff,0xff,0xff,0xdf,0xff,0xdf,0xff,0xdf,0xff,0xdf,0xff,
  0xdf,0xff,0xdf,0xf7,0xdf,0xff,0xdf,0xf7,0xdf,0xf7,0xdf,0xf7,0xdf,0xf7,0xdf,0xf7,0xdf,0xf7,0xdf,0xf7,0xdf,0xf7,0xbf,0xf7,
  0xbf,0xf7,0xbf,0xf7,0xbf,0xf7,0xbf,0xf7,0xbf,0xf7,0xbf,0xef,0xbf,0xef,0xbf,0xef,0xbf,0xef,0xbf,0xef,0xbf,0xef,0xbf,0xef,
  0xbf,0xef,0x9f,0xef,0x9f,0xef,0x9f,0xef,0x9f,0xef,0x9f,0xef,0x9f,0xef,0x9f,0xef,0x7f,0xe7,0x7f,0xe7,0x7f,0xe7,0x7f,0xe7,
  0x7f,0xe7,0x7f,0xe7,0x7f,0xe7,0x7f,0xe7,0x9f,0xe7,0x9f,0xe7,0x9f,0xe7,0x9f,0xe7,0x9f,0xef,0x9f,0xef,0x9f,0xef,0x9f,0xef,
  0xbf,0xef,0xbf,0xef,0xbf,0xef,0x5f,0xdf,0x3f,0xd7,0x3f,0xd7,0x3f,0xd7,0x3f,0xd7,0x3f,0xd7,0x3f,0xd7,0x3f,0xd7,0x3f,0xd7,
  0x3f,0xd7,0x3f,0xd7,0x3f,0xd7,0x3f,0xd7,0x3f,0xd7,0x3f,0xd7,0x3f,0xd7,0x3f,0xd7,0x3f,0xd7,0x3f,0xd7,0x3f,0xd7,0x9f,0xef,
  0xdf,0xf7,0xbf,0xf7,0xdf,0xf7,0xbf,0xf7,0xdf,0xf7,0xbf,0xf7,0xbf,0xf7,0xbf,0xf7,0xbf,0xf7,0xdf,0xf7,0xdf,0xf7,0xdf,0xf7,
  0xdf,0xf7,0xdf,0xf7,0xdf,0xf7,0xdf,0xf7,0xff,0xff,0xff,0xbe,0x1f,0xbf,0xff,0xff,0xbf,0xf7,0xdf,0xf7,0xdf,0xf7,0xdf,0xf7,
  0xff,0xff,0xff,0xff,0xdf,0xff,0xff,0xff,0xdf,0xff,0xdf,0xff,0xdf,0xff,0xdf,0xff,0xdf,0xff,0xdf,0xff,0xdf,0xf7,0xdf,0xf7,
  0xdf,0xf7,0xdf,0xff,0xdf,0xff,0xdf,0xff,0xdf,0xff,0xdf,0xff,0xdf,0xff,0xdf,0xff,0xdf,0xff,0xdf,0xf7,0xdf,0xf7,0xdf,0xf7,
  0xdf,0xf7,0xdf,0xf7,0xdf,0xf7,0xdf,0xf7,0xdf,0xf7,0xdf,0xf7,0xdf,0xf7,0xdf,0xf7,0xdf,0xf7,0xdf,0xf7,0xdf,0xf7,0xdf,0xf7,
  0xbf,0xf7,0xbf,0xf7,0xdf,0xf7,0xdf,0xf7,0xdf,0xf7,0xdf,0xf7,0xdf,0xf7,0xdf,0xf7,0xdf,0xf7,0xdf,0xf7,0xdf,0xf7,0xdf,0xf7,
  0xdf,0xf7,0xdf,0xf7,0xdf,0xf7,0xdf,0xf7,0xdf,0xf7,0xdf,0xf7,0xdf,0xf7,0xdf,0xf7,0xdf,0xf7,0xdf,0xf7,0xdf,0xf7,0xdf,0xf7,
  0xdf,0xf7,0xdf,0xf7,0xdf,0xf7,0xdf,0xf7,0xdf,0xf7,0xdf,0xf7,0xdf,0xf7,0xdf,0xf7,0xdf,0xf7,0xdf,0xf7,0xdf,0xf7,0xdf,0xf7,
  0xdf,0xf7,0xdf,0xf7,0xdf,0xf7,0xdf,0xf7,0xdf,0xf7,0xdf,0xf7,0xdf,0xf7,0xdf,0xf7,0xdf,0xf7,0xdf,0xf7,0xdf,0xf7,0xdf,0xf7,
  0xdf,0xf7,0xdf,0xf7,0xdf,0xf7,0xdf,0xf7,0xdf,0xf7,0xdf,0xf7,0xdf,0xf7,0xdf,0xf7,0xdf,0xf7,0xdf,0xf7,0xdf,0xf7,0xdf,0xff,
  0xdf,0xff,0xdf,0xff,0xdf,0xff,0xdf,0xff,0xdf,0xf7,0xdf,0xf7,0xdf,0xff,0xdf,0xff,0xdf,0xff,0xdf,0xff,0xdf,0xff,0xdf,0xff,
  0xdf,0xff,0xdf,0xff,0xdf,0xff,0xdf,0xff,0xdf,0xff,0xdf,0xff,0xdf,0xff,0xdf,0xff,0xdf,0xff,0xdf,0xff,0xdf,0xff,0xdf,0xff,
  0xff,0xff,0xdf,0xff,0xdf,0xff,0xdf,0xff,0xdf,0xff,0xdf,0xff,0xdf,0xff,0xdf,0xff,0xff,0xff,0xff,0xff,0xff,0xff,0xdf,0xff,
  0xdf,0xff,0xff,0xff,0xff,0xff,0xff,0xff,0xff,0xff,0xff,0xff,0xff,0xff,0xff,0xff,0xff,0xff,0xff,0xff,0xff,0xff,0xff,0xff,
  0xff,0xff,0xff,0xff,0xff,0xff,0xff,0xff,0xff,0xff,0xff,0xff,0xff,0xff,0xff,0xff,0xff,0xff,0xff,0xff,0xff,0xff,0xff,0xff,
  0xff,0xff,0xff,0xff,0xff,0xff,0xff,0xff,0xff,0xff,0xff,0xff,0xff,0xff,0xff,0xff,0xff,0xff,0xff,0xff,0xff,0xff,0xff,0xff,
  0xff,0xff,0xff,0xff,0xff,0xff,0xff,0xff,0xff,0xff,0xff,0xff,0xff,0xff,0xff,0xff,0xff,0xff,0xff,0xff,0xff,0xff,0xff,0xff,
  0xff,0xff,0xff,0xff,0xff,0xff,0xff,0xff,0xff,0xff,0xff,0xff,0xff,0xff,0xff,0xff,0xff,0xff,0xff,0xff,0xff,0xff,0xff,0xff,
  0xff,0xff,0xff,0xff,0xff,0xff,0xff,0xff,0xff,0xff,0xff,0xff,0xff,0xff,0xff,0xff,0xff,0xff,0xff,0xff,0xff,0xff,0xff,0xff,
  0xff,0xff,0xff,0xff,0xff,0xff,0xff,0xff,0xff,0xff,0xff,0xff,0xff,0xff,0xff,0xff,0xff,0xff,0xff,0xff,0xff,0xff,0xff,0xff,
  0xff,0xff,0xff,0xff,0xff,0xff,0xff,0xff,0xdf,0xff,0xdf,0xff,0xdf,0xff,0xdf,0xff,0xdf,0xff,0xdf,0xf7,0xdf,0xf7,0xdf,0xf7,
  0xdf,0xf7,0xdf,0xf7,0xdf,0xf7,0xdf,0xf7,0xdf,0xf7,0xdf,0xf7,0xbf,0xf7,0xbf,0xf7,0xbf,0xf7,0xbf,0xf7,0xbf,0xf7,0xbf,0xef,
  0xbf,0xef,0xbf,0xef,0xbf,0xef,0xbf,0xef,0xbf,0xef,0xbf,0xef,0xbf,0xef,0xbf,0xef,0x9f,0xef,0x9f,0xef,0x9f,0xef,0x9f,0xef,
  0x9f,0xef,0x9f,0xef,0x9f,0xe7,0x9f,0xe7,0x7f,0xe7,0x7f,0xe7,0x7f,0xe7,0x7f,0xe7,0x7f,0xe7,0x7f,0xe7,0x7f,0xe7,0x7f,0xe7,
  0x9f,0xe7,0x9f,0xe7,0x9f,0xe7,0x9f,0xe7,0x9f,0xef,0x9f,0xef,0x9f,0xef,0x9f,0xef,0x9f,0xef,0xbf,0xef,0xbf,0xef,0xbf,0xef,
  0x5f,0xdf,0x3f,0xd7,0x3f,0xd7,0x3f,0xd7,0x3f,0xd7,0x3f,0xd7,0x3f,0xd7,0x3f,0xd7,0x3f,0xd7,0x3f,0xd7,0x3f,0xd7,0x3f,0xd7,
  0x3f,0xd7,0x3f,0xd7,0x3f,0xd7,0x3f,0xd7,0x3f,0xd7,0x3f,0xd7,0x3f,0xd7,0x5f,0xdf,0xbf,0xf7,0xbf,0xf7,0xbf,0xf7,0xbf,0xf7,
  0xbf,0xf7,0xbf,0xf7,0xbf,0xf7,0xdf,0xf7,0xbf,0xf7,0xdf,0xf7,0xdf,0xf7,0xdf,0xf7,0xdf,0xf7,0xbf,0xf7,0xdf,0xf7,0xdf,0xf7,
  0xdf,0xf7,0xbf,0xef,0x9f,0x9e,0xdf,0xf7,0xdf,0xf7,0xdf,0xf7,0xdf,0xf7,0xbf,0xf7,0xdf,0xf7,0xff,0xff,0xff,0xff,0xff,0xff,
  0xdf,0xff,0xdf,0xff,0xdf,0xff,0xdf,0xff,0xdf,0xff,0xdf,0xff,0xdf,0xf7,0xdf,0xff,0xdf,0xff,0xdf,0xf7,0xdf,0xff,0xdf,0xff,
  0xdf,0xff,0xdf,0xff,0xdf,0xff,0xdf,0xff,0xdf,0xff,0xdf,0xf7,0xdf,0xf7,0xdf,0xf7,0xdf,0xf7,0xdf,0xf7,0xdf,0xf7,0xdf,0xf7,
  0xdf,0xf7,0xdf,0xf7,0xdf,0xf7,0xdf,0xf7,0xdf,0xf7,0xbf,0xf7,0xdf,0xf7,0xdf,0xf7,0xdf,0xf7,0xbf,0xf7,0xdf,0xf7,0xdf,0xf7,
  0xdf,0xf7,0xdf,0xf7,0xdf,0xf7,0xbf,0xf7,0xdf,0xf7,0xdf,0xf7,0xdf,0xf7,0xdf,0xf7,0xdf,0xf7,0xdf,0xf7,0xdf,0xf7,0xdf,0xf7,
  0xdf,0xf7,0xdf,0xf7,0xdf,0xf7,0xdf,0xf7,0xdf,0xf7,0xdf,0xf7,0xdf,0xf7,0xdf,0xf7,0xdf,0xf7,0xdf,0xf7,0xdf,0xf7,0xdf,0xf7,
  0xdf,0xf7,0xdf,0xf7,0xdf,0xf7,0xdf,0xf7,0xdf,0xf7,0xdf,0xf7,0xdf,0xf7,0xdf,0xf7,0xdf,0xf7,0xdf,0xf7,0xdf,0xf7,0xdf,0xf7,
  0xdf,0xf7,0xdf,0xf7,0xdf,0xf7,0xdf,0xf7,0xdf,0xf7,0xdf,0xf7,0xdf,0xf7,0xdf,0xf7,0xdf,0xf7,0xdf,0xf7,0xdf,0xf7,0xdf,0xf7,
  0xdf,0xf7,0xdf,0xf7,0xdf,0xf7,0xdf,0xf7,0xdf,0xf7,0xdf,0xf7,0xdf,0xf7,0xdf,0xf7,0xdf,0xf7,0xdf,0xff,0xdf,0xff,0xdf,0xf7,
  0xdf,0xff,0xdf,0xff,0xdf,0xf7,0xdf,0xf7,0xdf,0xff,0xdf,0xff,0xdf,0xff,0xdf,0xff,0xdf,0xff,0xdf,0xff,0xdf,0xff,0xdf,0xff,
  0xdf,0xff,0xdf,0xff,0xdf,0xff,0xdf,0xff,0xdf,0xff,0xdf,0xff,0xdf,0xff,0xdf,0xff,0xdf,0xff,0xdf,0xff,0xdf,0xff,0xdf,0xff,
  0xff,0xff,0xdf,0xff,0xdf,0xff,0xdf,0xff,0xdf,0xff,0xdf,0xff,0xdf,0xff,0xdf,0xff,0xdf,0xff,0xdf,0xff,0xff,0xff,0xff,0xff,
  0xff,0xff,0xff,0xff,0xff,0xff,0xff,0xff,0xff,0xff,0xff,0xff,0xff,0xff,0xff,0xff,0xff,0xff,0xff,0xff,0xff,0xff,0xff,0xff,
  0xff,0xff,0xff,0xff,0xff,0xff,0xff,0xff,0xff,0xff,0xff,0xff,0xff,0xff,0xff,0xff,0xff,0xff,0xff,0xff,0xff,0xff,0xff,0xff,
  0xff,0xff,0xff,0xff,0xff,0xff,0xff,0xff,0xff,0xff,0xff,0xff,0xff,0xff,0xff,0xff,0xff,0xff,0xff,0xff,0xff,0xff,0xff,0xff,
  0xff,0xff,0xff,0xff,0xff,0xff,0xff,0xff,0xff,0xff,0xff,0xff,0xff,0xff,0xff,0xff,0xff,0xff,0xff,0xff,0xff,0xff,0xff,0xff,
  0xff,0xff,0xff,0xff,0xff,0xff,0xff,0xff,0xff,0xff,0xff,0xff,0xff,0xff,0xff,0xff,0xff,0xff,0xff,0xff,0xff,0xff,0xff,0xff,
  0xff,0xff,0xff,0xff,0xff,0xff,0xff,0xff,0xff,0xff,0xff,0xff,0xff,0xff,0xff,0xff,0xff,0xff,0xff,0xff,0xff,0xff,0xff,0xff,
  0xff,0xff,0xff,0xff,0xff,0xff,0xff,0xff,0xff,0xff,0xff,0xff,0xff,0xff,0xff,0xff,0xff,0xff,0xff,0xff,0xdf,0xff,0xdf,0xff,
  0xdf,0xff,0xdf,0xff,0xdf,0xff,0xdf,0xff,0xdf,0xf7,0xdf,0xf7,0xdf,0xf7,0xdf,0xf7,0xdf,0xf7,0xdf,0xf7,0xdf,0xf7,0xdf,0xf7,
  0xdf,0xf7,0xbf,0xf7,0xbf,0xf7,0xbf,0xf7,0xbf,0xf7,0xbf,0xf7,0xbf,0xef,0xbf,0xef,0xbf,0xef,0xbf,0xef,0xbf,0xef,0xbf,0xef,
  0xbf,0xef,0xbf,0xef,0xbf,0xef,0x9f,0xef,0x9f,0xef,0x9f,0xef,0x9f,0xef,0x9f,0xef,0x9f,0xe7,0x9f,0xef,0x9f,0xe7,0x9f,0xe7,
  0x7f,0xe7,0x7f,0xe7,0x7f,0xe7,0x7f,0xe7,0x7f,0xe7,0x7f,0xe7,0x9f,0xe7,0x7f,0xe7,0x9f,0xe7,0x9f,0xe7,0x9f,0xe7,0x9f,0xe7,
  0x9f,0xef,0x9f,0xef,0x9f,0xef,0x9f,0xef,0x9f,0xef,0x9f,0xef,0xbf,0xef,0x9f,0xef,0x9f,0xef,0x5f,0xdf,0x3f,0xd7,0x3f,0xd7,
  0x3f,0xd7,0x3f,0xd7,0x3f,0xd7,0x3f,0xd7,0x3f,0xd7,0x3f,0xd7,0x3f,0xd7,0x3f,0xd7,0x3f,0xd7,0x3f,0xd7,0x3f,0xd7,0x3f,0xd7,
  0x3f,0xd7,0x3f,0xd7,0x3f,0xd7,0x3f,0xd7,0x7f,0xe7,0xdf,0xf7,0xbf,0xf7,0xbf,0xf7,0xbf,0xf7,0xbf,0xf7,0xdf,0xf7,0xbf,0xf7,
  0xdf,0xf7,0xbf,0xf7,0xdf,0xf7,0xdf,0xf7,0xdf,0xf7,0xdf,0xf7,0xdf,0xf7,0xdf,0xf7,0xbf,0xf7,0xff,0xff,0xdf,0xb6,0x3f,0xc7,
  0xff,0xff,0xdf,0xf7,0xdf,0xf7,0xdf,0xf7,0xdf,0xf7,0xff,0xff,0xff,0xff,0xdf,0xff,0xdf,0xff,0xdf,0xff,0xdf,0xff,0xdf,0xff,
  0xdf,0xff,0xdf,0xff,0xdf,0xf7,0xdf,0xf7,0xdf,0xf7,0xdf,0xf7,0xdf,0xff,0xdf,0xff,0xdf,0xff,0xdf,0xf7,0xdf,0xff,0xdf,0xff,
  0xdf,0xff,0xdf,0xf7,0xdf,0xf7,0xdf,0xf7,0xdf,0xf7,0xdf,0xf7,0xdf,0xf7,0xdf,0xf7,0xbf,0xf7,0xbf,0xf7,0xdf,0xf7,0xdf,0xf7,
  0xdf,0xf7,0xbf,0xf7,0xdf,0xf7,0xdf,0xf7,0xdf,0xf7,0xdf,0xf7,0xdf,0xf7,0xdf,0xf7,0xdf,0xf7,0xdf,0xf7,0xdf,0xf7,0xdf,0xf7,
  0xdf,0xf7,0xdf,0xf7,0xdf,0xf7,0xdf,0xf7,0xdf,0xf7,0xdf,0xf7,0xdf,0xf7,0xdf,0xf7,0xdf,0xf7,0xdf,0xf7,0xdf,0xf7,0xdf,0xf7,
  0xdf,0xf7,0xdf,0xf7,0xdf,0xf7,0xdf,0xf7,0xdf,0xf7,0xdf,0xf7,0xdf,0xf7,0xdf,0xf7,0xdf,0xf7,0xdf,0xf7,0xdf,0xf7,0xdf,0xf7,
  0xdf,0xf7,0xdf,0xf7,0xdf,0xf7,0xdf,0xf7,0xdf,0xf7,0xdf,0xf7,0xdf,0xf7,0xdf,0xf7,0xdf,0xf7,0xdf,0xf7,0xdf,0xf7,0xdf,0xf7,
  0xdf,0xf7,0xdf,0xf7,0xdf,0xf7,0xdf,0xf7,0xdf,0xf7,0xdf,0xf7,0xdf,0xf7,0xdf,0xf7,0xdf,0xf7,0xdf,0xf7,0xdf,0xf7,0xdf,0xf7,
  0xdf,0xf7,0xdf,0xf7,0xdf,0xf7,0xdf,0xf7,0xdf,0xf7,0xdf,0xf7,0xdf,0xf7,0xdf,0xf7,0xdf,0xff,0xdf,0xff,0xdf,0xf7,0xdf,0xff,
  0xdf,0xff,0xdf,0xff,0xdf,0xff,0xff,0xff,0xdf,0xff,0xdf,0xff,0xff,0xff,0xdf,0xff,0xff,0xff,0xdf,0xff,0xdf,0xff,0xdf,0xff,
  0xdf,0xff,0xdf,0xff,0xdf,0xff,0xff,0xff,0xdf,0xff,0xdf,0xff,0xff,0xff,0xdf,0xff,0xdf,0xff,0xdf,0xff,0xdf,0xff,0xdf,0xff,
  0xdf,0xff,0xdf,0xff,0xdf,0xff,0xdf,0xff,0xdf,0xff,0xdf,0xff,0xff,0xff,0xff,0xff,0xff,0xff,0xff,0xff,0xff,0xff,0xff,0xff,
  0xff,0xff,0xff,0xff,0xff,0xff,0xff,0xff,0xff,0xff,0xff,0xff,0xff,0xff,0xff,0xff,0xff,0xff,0xff,0xff,0xff,0xff,0xff,0xff,
  0xff,0xff,0xff,0xff,0xff,0xff,0xff,0xff,0xff,0xff,0xff,0xff,0xff,0xff,0xff,0xff,0xff,0xff,0xff,0xff,0xff,0xff,0xff,0xff,
  0xff,0xff,0xff,0xff,0xff,0xff,0xff,0xff,0xff,0xff,0xff,0xff,0xff,0xff,0xff,0xff,0xff,0xff,0xff,0xff,0xff,0xff,0xff,0xff,
  0xff,0xff,0xff,0xff,0xff,0xff,0xff,0xff,0xff,0xff,0xff,0xff,0xff,0xff,0xff,0xff,0xff,0xff,0xff,0xff,0xff,0xff,0xff,0xff,
  0xff,0xff,0xff,0xff,0xff,0xff,0xff,0xff,0xff,0xff,0xff,0xff,0xff,0xff,0xff,0xff,0xff,0xff,0xff,0xff,0xff,0xff,0xff,0xff,
  0xff,0xff,0xff,0xff,0xff,0xff,0xff,0xff,0xff,0xff,0xff,0xff,0xff,0xff,0xff,0xff,0xff,0xff,0xff,0xff,0xff,0xff,0xdf,0xff,
  0xff,0xff,0xff,0xff,0xff,0xff,0xff,0xff,0xff,0xff,0xff,0xff,0xdf,0xff,0xdf,0xff,0xdf,0xff,0xdf,0xff,0xdf,0xff,0xdf,0xff,
  0xdf,0xf7,0xdf,0xf7,0xdf,0xf7,0xdf,0xf7,0xdf,0xf7,0xdf,0xf7,0xdf,0xf7,0xdf,0xf7,0xdf,0xf7,0xbf,0xf7,0xbf,0xf7,0xbf,0xf7,
  0xbf,0xef,0xbf,0xef,0xbf,0xef,0xbf,0xef,0xbf,0xef,0xbf,0xef,0xbf,0xef,0xbf,0xef,0xbf,0xef,0x9f,0xef,0x9f,0xef,0x9f,0xef,
  0x9f,0xef,0x9f,0xef,0x9f,0xef,0x9f,0xe7,0x9f,0xe7,0x9f,0xe7,0x9f,0xe7,0x9f,0xe7,0x7f,0xe7,0x7f,0xe7,0x7f,0xe7,0x7f,0xe7,
  0x7f,0xe7,0x7f,0xe7,0x7f,0xe7,0x9f,0xe7,0x9f,0xe7,0x9f,0xe7,0x9f,0xe7,0x9f,0xe7,0x9f,0xef,0x9f,0xef,0x9f,0xef,0x9f,0xef,
  0x9f,0xef,0x9f,0xef,0xbf,0xef,0x9f,0xef,0xbf,0xef,0x9f,0xef,0x3f,0xd7,0x3f,0xd7,0x3f,0xd7,0x3f,0xd7,0x3f,0xd7,0x3f,0xd7,
  0x3f,0xd7,0x3f,0xd7,0x3f,0xd7,0x3f,0xd7,0x3f,0xd7,0x3f,0xd7,0x3f,0xd7,0x3f,0xd7,0x3f,0xd7,0x3f,0xd7,0x3f,0xd7,0x3f,0xd7,
  0x3f,0xd7,0xbf,0xef,0xbf,0xf7,0xbf,0xf7,0xbf,0xf7,0xbf,0xf7,0xbf,0xf7,0xbf,0xf7,0xdf,0xf7,0xdf,0xf7,0xbf,0xf7,0xdf,0xf7,
  0xdf,0xf7,0xbf,0xf7,0xdf,0xf7,0xdf,0xf7,0xbf,0xf7,0xdf,0xff,0x7f,0xdf,0x9f,0x9e,0xdf,0xf7,0xdf,0xf7,0xdf,0xf7,0xdf,0xf7,
  0xdf,0xf7,0xdf,0xff,0xff,0xff,0xff,0xff,0xdf,0xff,0xdf,0xff,0xdf,0xff,0xdf,0xff,0xdf,0xf7,0xdf,0xf7,0xdf,0xf7,0xdf,0xf7,
  0xdf,0xf7,0xdf,0xf7,0xdf,0xf7,0xdf,0xf7,0xdf,0xf7,0xdf,0xf7,0xdf,0xf7,0xdf,0xff,0xdf,0xff,0xdf,0xf7,0xdf,0xf7,0xbf,0xf7,
  0xdf,0xf7,0xdf,0xf7,0xbf,0xf7,0xdf,0xf7,0xdf,0xf7,0xbf,0xf7,0xbf,0xf7,0xbf,0xf7,0xdf,0xf7,0xdf,0xf7,0xdf,0xf7,0xdf,0xf7,
  0xbf,0xf7,0xbf,0xf7,0xdf,0xf7,0xdf,0xf7,0xdf,0xf7,0xdf,0xf7,0xdf,0xf7,0xdf,0xf7,0xdf,0xf7,0xdf,0xf7,0xdf,0xf7,0xdf,0xf7,
  0xdf,0xf7,0xdf,0xf7,0xdf,0xf7,0xdf,0xf7,0xdf,0xf7,0xdf,0xf7,0xdf,0xf7,0xdf,0xf7,0xdf,0xf7,0xdf,0xf7,0xdf,0xf7,0xdf,0xf7,
  0xdf,0xf7,0xdf,0xf7,0xdf,0xf7,0xdf,0xf7,0xdf,0xf7,0xdf,0xf7,0xdf,0xf7,0xdf,0xf7,0xdf,0xf7,0xdf,0xf7,0xdf,0xf7,0xdf,0xf7,
  0xdf,0xf7,0xdf,0xf7,0xdf,0xf7,0xdf,0xf7,0xdf,0xf7,0xdf,0xf7,0xdf,0xf7,0xdf,0xf7,0xdf,0xf7,0xdf,0xf7,0xdf,0xf7,0xdf,0xf7,
  0xdf,0xf7,0xdf,0xf7,0xdf,0xf7,0xdf,0xf7,0xdf,0xf7,0xdf,0xf7,0xdf,0xf7,0xdf,0xf7,0xdf,0xf7,0xdf,0xf7,0xdf,0xf7,0xdf,0xff,
  0xdf,0xf7,0xdf,0xf7,0xdf,0xf7,0xdf,0xf7,0xdf,0xf7,0xdf,0xff,0xdf,0xf7,0xdf,0xff,0xdf,0xff,0xdf,0xff,0xdf,0xff,0xdf,0xff,
  0xdf,0xff,0xdf,0xff,0xff,0xff,0xdf,0xff,0xff,0xff,0xff,0xff,0xdf,0xff,0xdf,0xff,0xff,0xff,0xdf,0xff,0xdf,0xff,0xdf,0xff,
  0xdf,0xff,0xff,0xff,0xdf,0xff,0xdf,0xff,0xdf,0xff,0xdf,0xff,0xdf,0xff,0xdf,0xff,0xdf,0xff,0xdf,0xff,0xdf,0xff,0xdf,0xff,
  0xdf,0xff,0xff,0xff,0xff,0xff,0xff,0xff,0xff,0xff,0xff,0xff,0xff,0xff,0xff,0xff,0xff,0xff,0xff,0xff,0xff,0xff,0xff,0xff,
  0xff,0xff,0xff,0xff,0xff,0xff,0xff,0xff,0xff,0xff,0xff,0xff,0xff,0xff,0xff,0xff,0xff,0xff,0xff,0xff,0xff,0xff,0xff,0xff,
  0xff,0xff,0xff,0xff,0xff,0xff,0xff,0xff,0xff,0xff,0xff,0xff,0xff,0xff,0xff,0xff,0xff,0xff,0xff,0xff,0xff,0xff,0xff,0xff,
  0xff,0xff,0xff,0xff,0xff,0xff,0xff,0xff,0xff,0xff,0xff,0xff,0xff,0xff,0xff,0xff,0xff,0xff,0xff,0xff,0xff,0xff,0xff,0xff,
  0xff,0xff,0xff,0xff,0xff,0xff,0xff,0xff,0xff,0xff,0xff,0xff,0xff,0xff,0xff,0xff,0xff,0xff,0xff,0xff,0xff,0xff,0xff,0xff,
  0xff,0xff,0xff,0xff,0xff,0xff,0xff,0xff,0xff,0xff,0xff,0xff,0xff,0xff,0xff,0xff,0xff,0xff,0xff,0xff,0xff,0xff,0xff,0xff,
  0xff,0xff,0xff,0xff,0xff,0xff,0xff,0xff,0xff,0xff,0xff,0xff,0xff,0xff,0xff,0xff,0xff,0xff,0xff,0xff,0xff,0xff,0xff,0xff,
  0xff,0xff,0xff,0xff,0xdf,0xff,0xdf,0xff,0xdf,0xff,0xdf,0xff,0xdf,0xff,0xdf,0xf7,0xdf,0xf7,0xdf,0xf7,0xdf,0xf7,0xdf,0xf7,
  0xdf,0xf7,0xdf,0xf7,0xdf,0xf7,0xdf,0xf7,0xdf,0xf7,0xbf,0xf7,0xbf,0xf7,0xbf,0xef,0xbf,0xef,0xbf,0xef,0xbf,0xef,0xbf,0xef,
  0xbf,0xef,0xbf,0xef,0xbf,0xef,0xbf,0xef,0xbf,0xef,0x9f,0xef,0x9f,0xef,0x9f,0xef,0x9f,0xef,0x9f,0xef,0x9f,0xe7,0x9f,0xe7,
  0x9f,0xe7,0x9f,0xe7,0x9f,0xe7,0x9f,0xe7,0x7f,0xe7,0x7f,0xe7,0x7f,0xe7,0x7f,0xe7,0x7f,0xe7,0x7f,0xe7,0x7f,0xe7,0x9f,0xe7,
  0x9f,0xe7,0x9f,0xe7,0x9f,0xe7,0x9f,0xe7,0x9f,0xef,0x9f,0xef,0x9f,0xef,0x9f,0xef,0x9f,0xef,0x9f,0xef,0x9f,0xef,0x9f,0xef,
  0x9f,0xef,0xbf,0xef,0x7f,0xe7,0x3f,0xd7,0x3f,0xd7,0x3f,0xd7,0x3f,0xd7,0x3f,0xd7,0x3f,0xd7,0x3f,0xd7,0x3f,0xd7,0x3f,0xd7,
  0x3f,0xd7,0x3f,0xd7,0x3f,0xd7,0x3f,0xd7,0x3f,0xd7,0x3f,0xd7,0x3f,0xd7,0x3f,0xd7,0x3f,0xcf,0x7f,0xe7,0xdf,0xf7,0xbf,0xf7,
  0xbf,0xf7,0xbf,0xf7,0xbf,0xf7,0xdf,0xf7,0xdf,0xf7,0xdf,0xf7,0xbf,0xf7,0xbf,0xf7,0xdf,0xf7,0xbf,0xf7,0xdf,0xf7,0xbf,0xf7,
  0xbf,0xf7,0xbf,0xf7,0xff,0xff,0x9f,0xa6,0x7f,0xdf,0xdf,0xff,0xbf,0xf7,0xdf,0xf7,0xbf,0xf7,0xdf,0xf7,0xff,0xff,0xdf,0xff,
  0xdf,0xff,0xdf,0xff,0xdf,0xff,0xdf,0xf7,0xdf,0xf7,0xdf,0xf7,0xdf,0xf7,0xdf,0xf7,0xdf,0xf7,0xdf,0xf7,0xdf,0xf7,0xdf,0xf7,
  0xdf,0xf7,0xdf,0xff,0xdf,0xf7,0xdf,0xf7,0xdf,0xf7,0xdf,0xf7,0xdf,0xf7,0xbf,0xf7,0xbf,0xf7,0xdf,0xf7,0xbf,0xf7,0xbf,0xf7,
  0xbf,0xf7,0xbf,0xf7,0xdf,0xf7,0xbf,0xf7,0xdf,0xf7,0xdf,0xf7,0xdf,0xf7,0xdf,0xf7,0xdf,0xf7,0xdf,0xf7,0xdf,0xf7,0xbf,0xf7,
  0xdf,0xf7,0xdf,0xf7,0xdf,0xf7,0xdf,0xf7,0xdf,0xf7,0xdf,0xf7,0xdf,0xf7,0xdf,0xf7,0xdf,0xf7,0xdf,0xf7,0xdf,0xf7,0xdf,0xf7,
  0xdf,0xf7,0xdf,0xf7,0xdf,0xf7,0xdf,0xf7,0xdf,0xf7,0xdf,0xf7,0xdf,0xf7,0xdf,0xf7,0xdf,0xf7,0xdf,0xf7,0xdf,0xf7,0xdf,0xf7,
  0xdf,0xf7,0xdf,0xf7,0xdf,0xf7,0xdf,0xf7,0xdf,0xf7,0xdf,0xf7,0xdf,0xf7,0xdf,0xf7,0xdf,0xf7,0xdf,0xf7,0xdf,0xf7,0xdf,0xf7,
  0xdf,0xf7,0xdf,0xf7,0xdf,0xf7,0xdf,0xf7,0xdf,0xf7,0xdf,0xf7,0xdf,0xf7,0xdf,0xf7,0xdf,0xf7,0xdf,0xf7,0xdf,0xf7,0xdf,0xf7,
  0xdf,0xf7,0xdf,0xf7,0xdf,0xf7,0xdf,0xf7,0xdf,0xf7,0xdf,0xf7,0xdf,0xf7,0xdf,0xf7,0xdf,0xf7,0xdf,0xf7,0xdf,0xf7,0xdf,0xf7,
  0xdf,0xf7,0xdf,0xf7,0xdf,0xf7,0xdf,0xff,0xdf,0xff,0xdf,0xff,0xdf,0xff,0xdf,0xff,0xdf,0xff,0xff,0xff,0xff,0xff,0xdf,0xff,
  0xff,0xff,0xff,0xff,0xdf,0xff,0xdf,0xff,0xdf,0xff,0xdf,0xff,0xff,0xff,0xff,0xff,0xdf,0xff,0xdf,0xff,0xdf,0xff,0xdf,0xff,
  0xdf,0xff,0xdf,0xff,0xdf,0xff,0xdf,0xff,0xdf,0xff,0xdf,0xff,0xdf,0xff,0xdf,0xff,0xdf,0xff,0xff,0xff,0xff,0xff,0xff,0xff,
  0xff,0xff,0xdf,0xff,0xff,0xff,0xff,0xff,0xff,0xff,0xff,0xff,0xff,0xff,0xff,0xff,0xff,0xff,0xff,0xff,0xff,0xff,0xff,0xff,
  0xff,0xff,0xff,0xff,0xff,0xff,0xff,0xff,0xff,0xff,0xff,0xff,0xff,0xff,0xff,0xff,0xff,0xff,0xff,0xff,0xff,0xff,0xff,0xff,
  0xff,0xff,0xff,0xff,0xff,0xff,0xff,0xff,0xff,0xff,0xff,0xff,0xff,0xff,0xff,0xff,0xff,0xff,0xff,0xff,0xff,0xff,0xff,0xff,
  0xff,0xff,0xff,0xff,0xff,0xff,0xff,0xff,0xff,0xff,0xff,0xff,0xff,0xff,0xff,0xff,0xff,0xff,0xff,0xff,0xff,0xff,0xff,0xff,
  0xff,0xff,0xff,0xff,0xff,0xff,0xff,0xff,0xff,0xff,0xff,0xff,0xff,0xff,0xff,0xff,0xff,0xff,0xff,0xff,0xff,0xff,0xff,0xff,
  0xff,0xff,0xff,0xff,0xff,0xff,0xff,0xff,0xff,0xff,0xff,0xff,0xff,0xff,0xff,0xff,0xff,0xff,0xff,0xff,0xff,0xff,0xff,0xff,
  0xff,0xff,0xff,0xff,0xff,0xff,0xff,0xff,0xff,0xff,0xff,0xff,0xff,0xff,0xff,0xff,0xff,0xff,0xff,0xff,0xdf,0xff,0xdf,0xff,
  0xdf,0xff,0xdf,0xff,0xdf,0xf7,0xdf,0xf7,0xdf,0xf7,0xdf,0xf7,0xdf,0xf7,0xdf,0xf7,0xdf,0xf7,0xdf,0xf7,0xdf,0xf7,0xbf,0xf7,
  0xbf,0xf7,0xbf,0xf7,0xbf,0xef,0xbf,0xef,0xbf,0xef,0xbf,0xef,0xbf,0xef,0xbf,0xef,0xbf,0xef,0xbf,0xef,0xbf,0xef,0x9f,0xef,
  0x9f,0xef,0x9f,0xef,0x9f,0xef,0x9f,0xef,0x9f,0xef,0x9f,0xe7,0x9f,0xe7,0x9f,0xe7,0x9f,0xe7,0x9f,0xe7,0x9f,0xe7,0x9f,0xe7,
  0x7f,0xe7,0x7f,0xe7,0x7f,0xe7,0x7f,0xe7,0x7f,0xe7,0x7f,0xe7,0x7f,0xe7,0x9f,0xe7,0x9f,0xe7,0x9f,0xe7,0x9f,0xe7,0x9f,0xe7,
  0x9f,0xef,0x9f,0xef,0x9f,0xef,0x9f,0xef,0x9f,0xef,0x9f,0xef,0x9f,0xef,0x9f,0xef,0x9f,0xef,0xbf,0xef,0xbf,0xef,0x5f,0xdf,
  0x3f,0xd7,0x3f,0xd7,0x3f,0xd7,0x3f,0xd7,0x3f,0xd7,0x3f,0xd7,0x3f,0xd7,0x3f,0xd7,0x3f,0xd7,0x3f,0xd7,0x3f,0xd7,0x3f,0xd7,
  0x3f,0xd7,0x3f,0xd7,0x3f,0xd7,0x3f,0xd7,0x3f,0xd7,0x3f,0xd7,0xbf,0xef,0xbf,0xf7,0xbf,0xf7,0xbf,0xf7,0xdf,0xf7,0xbf,0xf7,
  0xbf,0xf7,0xbf,0xf7,0xbf,0xf7,0xbf,0xf7,0xbf,0xf7,0xdf,0xf7,0xbf,0xf7,0xbf,0xf7,0xdf,0xf7,0xbf,0xf7,0xff,0xff,0x3f,0xcf,
  0xdf,0xae,0xff,0xff,0xbf,0xf7,0xdf,0xf7,0xdf,0xf7,0xdf,0xf7,0xdf,0xff,0xff,0xff,0xdf,0xff,0xdf,0xff,0xdf,0xff,0xdf,0xf7,
  0xdf,0xf7,0xdf,0xf7,0xdf,0xf7,0xdf,0xf7,0xdf,0xf7,0xdf,0xf7,0xdf,0xf7,0xdf,0xf7,0xdf,0xf7,0xdf,0xf7,0xdf,0xf7,0xdf,0xf7,
  0xdf,0xf7,0xbf,0xf7,0xbf,0xf7,0xbf,0xf7,0xbf,0xf7,0xdf,0xf7,0xbf,0xf7,0xbf,0xf7,0xbf,0xf7,0xbf,0xf7,0xdf,0xf7,0xdf,0xf7,
  0xbf,0xf7,0xdf,0xf7,0xdf,0xf7,0xdf,0xf7,0xbf,0xf7,0xdf,0xf7,0xdf,0xf7,0xbf,0xf7,0xdf,0xf7,0xdf,0xf7,0xdf,0xf7,0xdf,0xf7,
  0xdf,0xf7,0xdf,0xf7,0xdf,0xf7,0xdf,0xf7,0xdf,0xf7,0xdf,0xf7,0xdf,0xf7,0xdf,0xf7,0xdf,0xf7,0xdf,0xf7,0xdf,0xf7,0xdf,0xf7,
  0xdf,0xf7,0xdf,0xf7,0xdf,0xf7,0xdf,0xf7,0xdf,0xf7,0xdf,0xf7,0xdf,0xf7,0xdf,0xf7,0xdf,0xf7,0xdf,0xf7,0xdf,0xf7,0xdf,0xf7,
  0xdf,0xf7,0xdf,0xf7,0xdf,0xf7,0xdf,0xf7,0xdf,0xf7,0xdf,0xf7,0xdf,0xf7,0xdf,0xf7,0xdf,0xf7,0xdf,0xf7,0xdf,0xf7,0xdf,0xf7,
  0xdf,0xf7,0xdf,0xf7,0xdf,0xf7,0xdf,0xf7,0xdf,0xf7,0xdf,0xf7,0xdf,0xf7,0xdf,0xf7,0xdf,0xf7,0xdf,0xf7,0xdf,0xf7,0xdf,0xf7,
  0xdf,0xf7,0xdf,0xf7,0xdf,0xf7,0xdf,0xf7,0xdf,0xf7,0xdf,0xf7,0xdf,0xf7,0xdf,0xf7,0xdf,0xf7,0xdf,0xf7,0xdf,0xff,0xdf,0xff,
  0xdf,0xff,0xdf,0xff,0xdf,0xff,0xdf,0xff,0xdf,0xff,0xdf,0xff,0xdf,0xff,0xdf,0xff,0xdf,0xff,0xdf,0xff,0xdf,0xff,0xdf,0xff,
  0xdf,0xff,0xdf,0xff,0xdf,0xff,0xdf,0xff,0xdf,0xff,0xff,0xff,0xdf,0xff,0xdf,0xff,0xdf,0xff,0xdf,0xff,0xdf,0xff,0xdf,0xff,
  0xdf,0xff,0xdf,0xff,0xdf,0xff,0xdf,0xff,0xff,0xff,0xdf,0xff,0xff,0xff,0xff,0xff,0xff,0xff,0xff,0xff,0xff,0xff,0xff,0xff,
  0xff,0xff,0xff,0xff,0xff,0xff,0xdf,0xff,0xff,0xff,0xff,0xff,0xff,0xff,0xff,0xff,0xff,0xff,0xff,0xff,0xff,0xff,0xff,0xff,
  0xff,0xff,0xff,0xff,0xff,0xff,0xff,0xff,0xff,0xff,0xff,0xff,0xff,0xff,0xff,0xff,0xff,0xff,0xff,0xff,0xff,0xff,0xff,0xff,
  0xff,0xff,0xff,0xff,0xff,0xff,0xff,0xff,0xff,0xff,0xff,0xff,0xff,0xff,0xff,0xff,0xff,0xff,0xff,0xff,0xff,0xff,0xff,0xff,
  0xff,0xff,0xff,0xff,0xff,0xff,0xff,0xff,0xff,0xff,0xff,0xff,0xff,0xff,0xff,0xff,0xff,0xff,0xff,0xff,0xff,0xff,0xff,0xff,
  0xff,0xff,0xff,0xff,0xff,0xff,0xff,0xff,0xff,0xff,0xff,0xff,0xff,0xff,0xff,0xff,0xff,0xff,0xff,0xff,0xff,0xff,0xff,0xff,
  0xff,0xff,0xff,0xff,0xff,0xff,0xff,0xff,0xff,0xff,0xff,0xff,0xff,0xff,0xff,0xff,0xff,0xff,0xff,0xff,0xff,0xff,0xff,0xff,
  0xff,0xff,0xff,0xff,0xff,0xff,0xff,0xff,0xff,0xff,0xff,0xff,0xdf,0xff,0xff,0xff,0xdf,0xff,0xdf,0xf7,0xdf,0xf7,0xdf,0xf7,
  0xdf,0xf7,0xdf,0xf7,0xdf,0xf7,0xdf,0xf7,0xdf,0xf7,0xdf,0xf7,0xbf,0xf7,0xbf,0xf7,0xbf,0xf7,0xbf,0xef,0xbf,0xef,0xbf,0xef,
  0xbf,0xef,0xbf,0xef,0xbf,0xef,0xbf,0xef,0xbf,0xef,0xbf,0xef,0x9f,0xef,0x9f,0xef,0x9f,0xef,0x9f,0xef,0x9f,0xe7,0x9f,0xe7,
  0x9f,0xe7,0x9f,0xe7,0x9f,0xe7,0x9f,0xe7,0x9f,0xe7,0x9f,0xe7,0x9f,0xe7,0x7f,0xe7,0x7f,0xe7,0x7f,0xe7,0x7f,0xe7,0x7f,0xe7,
  0x7f,0xe7,0x7f,0xe7,0x7f,0xe7,0x9f,0xe7,0x9f,0xe7,0x9f,0xe7,0x9f,0xe7,0x9f,0xe7,0x9f,0xe7,0x9f,0xef,0x9f,0xef,0x9f,0xef,
  0x9f,0xef,0x9f,0xef,0x9f,0xef,0x9f,0xef,0x9f,0xef,0xbf,0xef,0xbf,0xef,0xbf,0xef,0x3f,0xd7,0x3f,0xd7,0x3f,0xd7,0x3f,0xd7,
  0x3f,0xd7,0x3f,0xd7,0x3f,0xd7,0x3f,0xd7,0x3f,0xd7,0x3f,0xd7,0x3f,0xd7,0x3f,0xd7,0x3f,0xd7,0x3f,0xd7,0x3f,0xd7,0x3f,0xd7,
  0x3f,0xd7,0x3f,0xd7,0x7f,0xe7,0xdf,0xf7,0xbf,0xf7,0xbf,0xf7,0xbf,0xf7,0xbf,0xf7,0xbf,0xf7,0xdf,0xf7,0xdf,0xf7,0xbf,0xf7,
  0xbf,0xf7,0xbf,0xf7,0xbf,0xf7,0xbf,0xf7,0xdf,0xf7,0xdf,0xf7,0xdf,0xf7,0xbf,0xef,0x9f,0x9e,0xbf,0xef,0xdf,0xf7,0xdf,0xf7,
  0xdf,0xf7,0xdf,0xf7,0xdf,0xff,0xff,0xff,0xdf,0xff,0xdf,0xff,0xdf,0xf7,0xdf,0xf7,0xdf,0xf7,0xdf,0xf7,0xdf,0xf7,0xdf,0xf7,
  0xdf,0xf7,0xdf,0xf7,0xdf,0xf7,0xdf,0xf7,0xdf,0xf7,0xdf,0xf7,0xdf,0xf7,0xdf,0xf7,0xdf,0xf7,0xbf,0xf7,0xbf,0xf7,0xbf,0xf7,
  0xbf,0xf7,0xdf,0xf7,0xdf,0xf7,0xdf,0xf7,0xbf,0xf7,0xdf,0xf7,0xdf,0xf7,0xdf,0xf7,0xdf,0xf7,0xbf,0xf7,0xdf,0xf7,0xdf,0xf7,
  0xdf,0xf7,0xdf,0xf7,0xdf,0xf7,0xdf,0xf7,0xbf,0xf7,0xdf,0xf7,0xdf,0xf7,0xdf,0xf7,0xdf,0xf7,0xdf,0xf7,0xdf,0xf7,0xdf,0xf7,
  0xdf,0xf7,0xdf,0xf7,0xdf,0xf7,0xdf,0xf7,0xdf,0xf7,0xdf,0xf7,0xdf,0xf7,0xdf,0xf7,0xdf,0xf7,0xdf,0xf7,0xdf,0xf7,0xdf,0xf7,
  0xdf,0xf7,0xdf,0xf7,0xdf,0xf7,0xdf,0xf7,0xdf,0xf7,0xdf,0xf7,0xdf,0xf7,0xdf,0xf7,0xdf,0xf7,0xdf,0xf7,0xdf,0xf7,0xdf,0xf7,
  0xdf,0xf7,0xdf,0xf7,0xdf,0xf7,0xdf,0xf7,0xdf,0xf7,0xdf,0xf7,0xdf,0xf7,0xdf,0xf7,0xdf,0xf7,0xdf,0xf7,0xdf,0xf7,0xdf,0xf7,
  0xdf,0xf7,0xdf,0xf7,0xdf,0xf7,0xdf,0xf7,0xdf,0xf7,0xdf,0xf7,0xdf,0xf7,0xdf,0xf7,0xdf,0xf7,0xdf,0xf7,0xdf,0xf7,0xdf,0xf7,
  0xdf,0xf7,0xdf,0xf7,0xdf,0xf7,0xdf,0xf7,0xdf,0xf7,0xdf,0xf7,0xdf,0xf7,0xdf,0xf7,0xdf,0xff,0xdf,0xff,0xdf,0xff,0xdf,0xff,
  0xdf,0xff,0xdf,0xff,0xdf,0xff,0xdf,0xff,0xdf,0xff,0xdf,0xff,0xdf,0xff,0xdf,0xff,0xdf,0xff,0xdf,0xff,0xdf,0xff,0xdf,0xff,
  0xdf,0xff,0xdf,0xff,0xdf,0xff,0xdf,0xff,0xdf,0xff,0xdf,0xff,0xdf,0xff,0xdf,0xff,0xdf,0xff,0xdf,0xff,0xdf,0xff,0xdf,0xff,
  0xff,0xff,0xff,0xff,0xff,0xff,0xff,0xff,0xff,0xff,0xff,0xff,0xff,0xff,0xff,0xff,0xff,0xff,0xff,0xff,0xff,0xff,0xff,0xff,
  0xff,0xff,0xff,0xff,0xff,0xff,0xff,0xff,0xff,0xff,0xff,0xff,0xff,0xff,0xff,0xff,0xff,0xff,0xff,0xff,0xff,0xff,0xff,0xff,
  0xff,0xff,0xff,0xff,0xff,0xff,0xff,0xff,0xff,0xff,0xff,0xff,0xff,0xff,0xff,0xff,0xff,0xff,0xff,0xff,0xff,0xff,0xff,0xff,
  0xff,0xff,0xff,0xff,0xff,0xff,0xff,0xff,0xff,0xff,0xff,0xff,0xff,0xff,0xff,0xff,0xff,0xff,0xff,0xff,0xff,0xff,0xff,0xff,
  0xff,0xff,0xff,0xff,0xff,0xff,0xff,0xff,0xff,0xff,0xff,0xff,0xff,0xff,0xff,0xff,0xff,0xff,0xff,0xff,0xff,0xff,0xff,0xff,
  0xff,0xff,0xff,0xff,0xff,0xff,0xff,0xff,0xff,0xff,0xff,0xff,0xff,0xff,0xff,0xff,0xff,0xff,0xff,0xff,0xff,0xff,0xff,0xff,
  0xff,0xff,0xff,0xff,0xff,0xff,0xff,0xff,0xff,0xff,0xff,0xff,0xff,0xff,0xff,0xff,0xff,0xff,0xff,0xff,0xff,0xff,0xdf,0xff,
  0xff,0xff,0xdf,0xff,0xdf,0xff,0xdf,0xff,0xdf,0xff,0xdf,0xf7,0xdf,0xf7,0xdf,0xf7,0xdf,0xf7,0xdf,0xf7,0xdf,0xf7,0xdf,0xf7,
  0xdf,0xf7,0xbf,0xf7,0xbf,0xf7,0xbf,0xf7,0xbf,0xf7,0xbf,0xef,0xbf,0xef,0xbf,0xef,0xbf,0xef,0xbf,0xef,0xbf,0xef,0xbf,0xef,
  0xbf,0xef,0x9f,0xef,0x9f,0xef,0x9f,0xef,0x9f,0xef,0x9f,0xef,0x9f,0xe7,0x9f,0xe7,0x9f,0xe7,0x9f,0xe7,0x9f,0xe7,0x9f,0xe7,
  0x9f,0xe7,0x7f,0xe7,0x7f,0xe7,0x7f,0xe7,0x7f,0xe7,0x7f,0xe7,0x7f,0xe7,0x7f,0xe7,0x7f,0xe7,0x7f,0xe7,0x9f,0xe7,0x9f,0xe7,
  0x9f,0xe7,0x9f,0xe7,0x9f,0xe7,0x9f,0xe7,0x9f,0xe7,0x9f,0xe7,0x9f,0xef,0x9f,0xef,0x9f,0xef,0x9f,0xef,0x9f,0xef,0x9f,0xef,
  0x9f,0xef,0xbf,0xef,0xbf,0xef,0xbf,0xef,0x9f,0xe7,0x3f,0xd7,0x3f,0xd7,0x3f,0xd7,0x3f,0xd7,0x3f,0xd7,0x3f,0xd7,0x3f,0xd7,
  0x3f,0xd7,0x3f,0xd7,0x3f,0xd7,0x3f,0xd7,0x3f,0xd7,0x3f,0xd7,0x3f,0xd7,0x3f,0xd7,0x3f,0xd7,0x3f,0xd7,0x5f,0xd7,0xbf,0xf7,
  0xdf,0xf7,0xbf,0xf7,0xbf,0xf7,0xbf,0xf7,0xbf,0xf7,0xdf,0xf7,0xbf,0xf7,0xbf,0xf7,0xbf,0xf7,0xbf,0xf7,0xbf,0xf7,0xbf,0xf7,
  0xdf,0xf7,0xbf,0xf7,0xbf,0xf7,0xff,0xff,0xff,0xb6,0x3f,0xcf,0xff,0xff,0xdf,0xf7,0xdf,0xf7,0xbf,0xf7,0xdf,0xf7,0xdf,0xff,
  0xdf,0xff,0xdf,0xff,0xdf,0xf7,0xdf,0xf7,0xdf,0xf7,0xdf,0xf7,0xdf,0xf7,0xdf,0xf7,0xdf,0xf7,0xdf,0xf7,0xdf,0xf7,0xdf,0xf7,
  0xdf,0xf7,0xdf,0xf7,0xdf,0xf7,0xdf,0xf7,0xdf,0xf7,0xdf,0xf7,0xdf,0xf7,0xdf,0xf7,0xbf,0xf7,0xdf,0xf7,0xdf,0xf7,0xdf,0xf7,
  0xdf,0xf7,0xdf,0xf7,0xdf,0xf7,0xbf,0xf7,0xdf,0xf7,0xbf,0xf7,0xbf,0xf7,0xdf,0xf7,0xdf,0xf7,0xdf,0xf7,0xdf,0xf7,0xdf,0xf7,
  0xbf,0xf7,0xbf,0xf7,0xdf,0xf7,0xdf,0xf7,0xdf,0xf7,0xbf,0xf7,0xdf,0xf7,0xdf,0xf7,0xdf,0xf7,0xdf,0xf7,0xdf,0xf7,0xdf,0xf7,
  0xdf,0xf7,0xdf,0xf7,0xdf,0xf7,0xdf,0xf7,0xdf,0xf7,0xdf,0xf7,0xdf,0xf7,0xdf,0xf7,0xdf,0xf7,0xdf,0xf7,0xdf,0xf7,0xdf,0xf7,
  0xdf,0xf7,0xdf,0xf7,0xdf,0xf7,0xdf,0xf7,0xdf,0xf7,0xdf,0xf7,0xdf,0xf7,0xdf,0xf7,0xdf,0xf7,0xdf,0xf7,0xdf,0xf7,0xdf,0xf7,
  0xdf,0xf7,0xdf,0xf7,0xdf,0xf7,0xdf,0xf7,0xdf,0xf7,0xdf,0xf7,0xdf,0xf7,0xdf,0xf7,0xdf,0xf7,0xdf,0xf7,0xdf,0xf7,0xdf,0xf7,
  0xdf,0xf7,0xdf,0xf7,0xdf,0xf7,0xdf,0xf7,0xdf,0xf7,0xdf,0xf7,0xdf,0xf7,0xdf,0xf7,0xdf,0xf7,0xdf,0xf7,0xdf,0xf7,0xdf,0xf7,
  0xdf,0xf7,0xdf,0xf7,0xdf,0xf7,0xdf,0xf7,0xdf,0xf7,0xdf,0xf7,0xdf,0xff,0xdf,0xff,0xdf,0xff,0xdf,0xff,0xdf,0xff,0xdf,0xff,
  0xdf,0xff,0xdf,0xff,0xdf,0xff,0xdf,0xff,0xff,0xff,0xdf,0xff,0xdf,0xff,0xdf,0xff,0xff,0xff,0xdf,0xff,0xdf,0xff,0xff,0xff,
  0xdf,0xff,0xdf,0xff,0xdf,0xff,0xdf,0xff,0xdf,0xff,0xdf,0xff,0xdf,0xff,0xdf,0xff,0xdf,0xff,0xff,0xff,0xff,0xff,0xff,0xff,
  0xff,0xff,0xff,0xff,0xff,0xff,0xff,0xff,0xff,0xff,0xff,0xff,0xff,0xff,0xff,0xff,0xff,0xff,0xff,0xff,0xff,0xff,0xff,0xff,
  0xff,0xff,0xff,0xff,0xff,0xff,0xff,0xff,0xff,0xff,0xff,0xff,0xff,0xff,0xff,0xff,0xff,0xff,0xff,0xff,0xff,0xff,0xff,0xff,
  0xff,0xff,0xff,0xff,0xff,0xff,0xff,0xff,0xff,0xff,0xff,0xff,0xff,0xff,0xff,0xff,0xff,0xff,0xff,0xff,0xff,0xff,0xff,0xff,
  0xff,0xff,0xff,0xff,0xff,0xff,0xff,0xff,0xff,0xff,0xff,0xff,0xff,0xff,0xff,0xff,0xff,0xff,0xff,0xff,0xff,0xff,0xff,0xff,
  0xff,0xff,0xff,0xff,0xff,0xff,0xff,0xff,0xff,0xff,0xff,0xff,0xff,0xff,0xff,0xff,0xff,0xff,0xff,0xff,0xff,0xff,0xff,0xff,
  0xff,0xff,0xff,0xff,0xff,0xff,0xff,0xff,0xff,0xff,0xff,0xff,0xff,0xff,0xff,0xff,0xff,0xff,0xff,0xff,0xff,0xff,0xff,0xff,
  0xff,0xff,0xff,0xff,0xff,0xff,0xff,0xff,0xff,0xff,0xff,0xff,0xff,0xff,0xff,0xff,0xdf,0xff,0xdf,0xff,0xdf,0xff,0xdf,0xff,
  0xdf,0xf7,0xdf,0xf7,0xdf,0xf7,0xdf,0xf7,0xdf,0xf7,0xdf,0xf7,0xdf,0xf7,0xdf,0xf7,0xbf,0xf7,0xbf,0xf7,0xbf,0xf7,0xbf,0xf7,
  0xbf,0xf7,0xbf,0xef,0xbf,0xef,0xbf,0xef,0xbf,0xef,0xbf,0xef,0xbf,0xef,0xbf,0xef,0xbf,0xef,0x9f,0xef,0x9f,0xef,0x9f,0xef,
  0x9f,0xef,0x9f,0xe7,0x9f,0xe7,0x9f,0xe7,0x9f,0xe7,0x9f,0xe7,0x9f,0xe7,0x7f,0xe7,0x7f,0xe7,0x7f,0xe7,0x7f,0xe7,0x7f,0xe7,
  0x7f,0xe7,0x7f,0xe7,0x7f,0xe7,0x7f,0xe7,0x7f,0xe7,0x9f,0xe7,0x9f,0xe7,0x9f,0xe7,0x9f,0xe7,0x9f,0xe7,0x9f,0xe7,0x9f,0xe7,
  0x9f,0xe7,0x9f,0xef,0x9f,0xef,0x9f,0xef,0x9f,0xef,0x9f,0xef,0x9f,0xef,0x9f,0xef,0x9f,0xef,0xbf,0xef,0xbf,0xef,0xbf,0xef,
  0xbf,0xef,0x5f,0xdf,0x3f,0xd7,0x3f,0xd7,0x3f,0xd7,0x3f,0xd7,0x3f,0xd7,0x3f,0xd7,0x3f,0xd7,0x3f,0xd7,0x3f,0xd7,0x3f,0xd7,
  0x3f,0xd7,0x3f,0xd7,0x3f,0xd7,0x3f,0xd7,0x3f,0xd7,0x3f,0xd7,0x3f,0xd7,0x7f,0xe7,0xdf,0xf7,0xbf,0xf7,0xbf,0xf7,0xbf,0xf7,
  0xbf,0xf7,0xbf,0xf7,0xbf,0xf7,0xbf,0xf7,0xbf,0xf7,0xbf,0xf7,0xbf,0xf7,0xbf,0xf7,0xbf,0xf7,0xdf,0xf7,0xbf,0xf7,0xdf,0xff,
  0x7f,0xdf,0xbf,0xae,0xdf,0xff,0xbf,0xf7,0xdf,0xf7,0xdf,0xf7,0xbf,0xf7,0xdf,0xff,0xdf,0xff,0xdf,0xff,0xdf,0xf7,0xdf,0xf7,
  0xdf,0xf7,0xdf,0xf7,0xdf,0xf7,0xdf,0xf7,0xdf,0xf7,0xdf,0xf7,0xdf,0xf7,0xdf,0xf7,0xdf,0xf7,0xdf,0xf7,0xdf,0xf7,0xdf,0xf7,
  0xdf,0xf7,0xdf,0xf7,0xdf,0xf7,0xdf,0xf7,0xdf,0xf7,0xdf,0xf7,0xdf,0xf7,0xdf,0xf7,0xdf,0xf7,0xdf,0xf7,0xdf,0xf7,0xdf,0xf7,
  0xdf,0xf7,0xdf,0xf7,0xdf,0xf7,0xdf,0xf7,0xdf,0xf7,0xdf,0xf7,0xdf,0xf7,0xdf,0xf7,0xdf,0xf7,0xdf,0xf7,0xdf,0xf7,0xdf,0xf7,
  0xdf,0xf7,0xdf,0xf7,0xdf,0xf7,0xdf,0xf7,0xdf,0xf7,0xdf,0xf7,0xdf,0xf7,0xdf,0xf7,0xdf,0xf7,0xdf,0xf7,0xdf,0xf7,0xdf,0xff,
  0xdf,0xf7,0xdf,0xf7,0xdf,0xf7,0xdf,0xf7,0xdf,0xf7,0xdf,0xff,0xdf,0xf7,0xdf,0xf7,0xdf,0xf7,0xdf,0xf7,0xdf,0xf7,0xdf,0xf7,
  0xdf,0xff,0xdf,0xff,0xdf,0xff,0xdf,0xff,0xdf,0xff,0xdf,0xf7,0xdf,0xf7,0xdf,0xf7,0xdf,0xf7,0xdf,0xf7,0xdf,0xf7,0xdf,0xf7,
  0xdf,0xf7,0xdf,0xf7,0xdf,0xf7,0xdf,0xf7,0xdf,0xf7,0xdf,0xf7,0xdf,0xf7,0xdf,0xf7,0xdf,0xf7,0xdf,0xf7,0xdf,0xf7,0xdf,0xf7,
  0xdf,0xf7,0xdf,0xf7,0xdf,0xff,0xdf,0xff,0xdf,0xff,0xdf,0xff,0xdf,0xff,0xdf,0xff,0xdf,0xff,0xdf,0xff,0xdf,0xff,0xdf,0xff,
  0xdf,0xff,0xdf,0xff,0xdf,0xff,0xdf,0xff,0xdf,0xff,0xdf,0xff,0xdf,0xff,0xdf,0xff,0xdf,0xff,0xdf,0xff,0xdf,0xff,0xdf,0xff,
  0xdf,0xff,0xdf,0xff,0xdf,0xff,0xdf,0xff,0xdf,0xff,0xdf,0xff,0xdf,0xff,0xff,0xff,0xff,0xff,0xff,0xff,0xdf,0xff,0xdf,0xff,
  0xff,0xff,0xdf,0xff,0xdf,0xff,0xdf,0xff,0xdf,0xff,0xff,0xff,0xff,0xff,0xff,0xff,0xff,0xff,0xff,0xff,0xff,0xff,0xff,0xff,
  0xff,0xff,0xff,0xff,0xff,0xff,0xff,0xff,0xff,0xff,0xff,0xff,0xff,0xff,0xff,0xff,0xff,0xff,0xff,0xff,0xff,0xff,0xff,0xff,
  0xff,0xff,0xff,0xff,0xff,0xff,0xff,0xff,0xff,0xff,0xff,0xff,0xff,0xff,0xff,0xff,0xff,0xff,0xff,0xff,0xff,0xff,0xff,0xff,
  0xff,0xff,0xff,0xff,0xff,0xff,0xff,0xff,0xff,0xff,0xff,0xff,0xff,0xff,0xff,0xff,0xff,0xff,0xff,0xff,0xff,0xff,0xff,0xff,
  0xff,0xff,0xff,0xff,0xff,0xff,0xff,0xff,0xff,0xff,0xff,0xff,0xff,0xff,0xff,0xff,0xff,0xff,0xff,0xff,0xff,0xff,0xff,0xff,
  0xff,0xff,0xff,0xff,0xff,0xff,0xff,0xff,0xff,0xff,0xff,0xff,0xff,0xff,0xff,0xff,0xff,0xff,0xff,0xff,0xff,0xff,0xff,0xff,
  0xff,0xff,0xff,0xff,0xff,0xff,0xff,0xff,0xff,0xff,0xff,0xff,0xff,0xff,0xff,0xff,0xff,0xff,0xff,0xff,0xff,0xff,0xff,0xff,
  0xff,0xff,0xdf,0xff,0xff,0xff,0xdf,0xff,0xff,0xff,0xff,0xff,0xdf,0xff,0xdf,0xf7,0xdf,0xf7,0xdf,0xf7,0xdf,0xf7,0xdf,0xf7,
  0xdf,0xf7,0xdf,0xf7,0xdf,0xf7,0xdf,0xf7,0xbf,0xf7,0xbf,0xf7,0xbf,0xf7,0xbf,0xef,0xbf,0xef,0xbf,0xef,0xbf,0xef,0xbf,0xef,
  0xbf,0xef,0xbf,0xef,0xbf,0xef,0x9f,0xef,0x9f,0xef,0x9f,0xef,0x9f,0xef,0x9f,0xe7,0x9f,0xe7,0x9f,0xe7,0x9f,0xe7,0x9f,0xe7,
  0x9f,0xe7,0x7f,0xe7,0x7f,0xe7,0x7f,0xe7,0x7f,0xe7,0x7f,0xe7,0x7f,0xe7,0x7f,0xe7,0x7f,0xe7,0x7f,0xe7,0x7f,0xe7,0x7f,0xe7,
  0x7f,0xe7,0x7f,0xe7,0x7f,0xe7,0x9f,0xe7,0x9f,0xe7,0x9f,0xe7,0x9f,0xe7,0x9f,0xe7,0x9f,0xef,0x9f,0xef,0x9f,0xef,0x9f,0xef,
  0x9f,0xef,0x9f,0xef,0x9f,0xef,0x9f,0xef,0x9f,0xef,0xbf,0xef,0xbf,0xef,0xbf,0xef,0xbf,0xef,0xbf,0xef,0x3f,0xd7,0x3f,0xd7,
  0x3f,0xd7,0x3f,0xd7,0x3f,0xd7,0x3f,0xd7,0x3f,0xd7,0x3f,0xd7,0x3f,0xd7,0x3f,0xd7,0x3f,0xd7,0x3f,0xd7,0x3f,0xd7,0x3f,0xd7,
  0x3f,0xd7,0x3f,0xd7,0x3f,0xd7,0x5f,0xd7,0xbf,0xf7,0xdf,0xf7,0xbf,0xf7,0xbf,0xf7,0xbf,0xf7,0xbf,0xf7,0xbf,0xf7,0xbf,0xf7,
  0xbf,0xf7,0xbf,0xf7,0xbf,0xf7,0xbf,0xf7,0xbf,0xf7,0xdf,0xf7,0xbf,0xf7,0xdf,0xf7,0xdf,0xf7,0x9f,0x9e,0x9f,0xe7,0xdf,0xf7,
  0xdf,0xf7,0xbf,0xf7,0xbf,0xf7,0xdf,0xf7,0xdf,0xff,0xdf,0xff,0xdf,0xf7,0xdf,0xf7,0xdf,0xf7,0xdf,0xf7,0xdf,0xf7,0xdf,0xf7,
  0xdf,0xf7,0xdf,0xf7,0xdf,0xf7,0xdf,0xf7,0xdf,0xf7,0xdf,0xf7,0xdf,0xf7,0xdf,0xf7,0xdf,0xf7,0xdf,0xf7,0xdf,0xf7,0xdf,0xf7,
  0xdf,0xf7,0xdf,0xf7,0xdf,0xf7,0xdf,0xf7,0xdf,0xf7,0xdf,0xf7,0xdf,0xf7,0xdf,0xf7,0xdf,0xf7,0xdf,0xf7,0xdf,0xf7,0xdf,0xf7,
  0xdf,0xf7,0xdf,0xf7,0xdf,0xf7,0xdf,0xf7,0xdf,0xf7,0xdf,0xf7,0xdf,0xf7,0xdf,0xf7,0xdf,0xf7,0xdf,0xf7,0xdf,0xf7,0xdf,0xf7,
  0xdf,0xf7,0xdf,0xf7,0xdf,0xf7,0xdf,0xf7,0xdf,0xf7,0xdf,0xf7,0xdf,0xf7,0xdf,0xf7,0xdf,0xf7,0xdf,0xf7,0xdf,0xf7,0xdf,0xf7,
  0xdf,0xf7,0xdf,0xf7,0xdf,0xf7,0xdf,0xf7,0xdf,0xf7,0xdf,0xf7,0xdf,0xf7,0xdf,0xf7,0xdf,0xff,0xdf,0xff,0xdf,0xff,0xdf,0xf7,
  0xdf,0xff,0xdf,0xff,0xdf,0xf7,0xdf,0xff,0xdf,0xff,0xdf,0xf7,0xdf,0xf7,0xdf,0xf7,0xdf,0xf7,0xdf,0xf7,0xdf,0xf7,0xdf,0xf7,
  0xdf,0xf7,0xdf,0xf7,0xdf,0xf7,0xdf,0xf7,0xdf,0xf7,0xdf,0xf7,0xdf,0xf7,0xdf,0xf7,0xdf,0xf7,0xdf,0xff,0xdf,0xff,0xdf,0xff,
  0xdf,0xff,0xdf,0xff,0xdf,0xff,0xdf,0xff,0xdf,0xff,0xdf,0xff,0xdf,0xff,0xdf,0xff,0xdf,0xff,0xdf,0xff,0xdf,0xff,0xdf,0xff,
  0xdf,0xff,0xdf,0xff,0xdf,0xff,0xdf,0xff,0xdf,0xff,0xdf,0xff,0xdf,0xff,0xdf,0xff,0xdf,0xff,0xdf,0xff,0xdf,0xff,0xdf,0xff,
  0xdf,0xff,0xdf,0xff,0xff,0xff,0xff,0xff,0xff,0xff,0xff,0xff,0xdf,0xff,0xff,0xff,0xff,0xff,0xff,0xff,0xdf,0xff,0xdf,0xff,
  0xff,0xff,0xff,0xff,0xff,0xff,0xff,0xff,0xff,0xff,0xff,0xff,0xff,0xff,0xff,0xff,0xff,0xff,0xff,0xff,0xff,0xff,0xff,0xff,
  0xff,0xff,0xff,0xff,0xff,0xff,0xff,0xff,0xff,0xff,0xff,0xff,0xff,0xff,0xff,0xff,0xff,0xff,0xff,0xff,0xff,0xff,0xff,0xff,
  0xff,0xff,0xff,0xff,0xff,0xff,0xff,0xff,0xff,0xff,0xff,0xff,0xff,0xff,0xff,0xff,0xff,0xff,0xff,0xff,0xff,0xff,0xff,0xff,
  0xff,0xff,0xff,0xff,0xff,0xff,0xff,0xff,0xff,0xff,0xff,0xff,0xff,0xff,0xff,0xff,0xff,0xff,0xff,0xff,0xff,0xff,0xff,0xff,
  0xff,0xff,0xff,0xff,0xff,0xff,0xff,0xff,0xff,0xff,0xff,0xff,0xff,0xff,0xff,0xff,0xff,0xff,0xff,0xff,0xff,0xff,0xff,0xff,
  0xff,0xff,0xff,0xff,0xff,0xff,0xff,0xff,0xff,0xff,0xff,0xff,0xff,0xff,0xff,0xff,0xff,0xff,0xff,0xff,0xff,0xff,0xff,0xff,
  0xff,0xff,0xff,0xff,0xff,0xff,0xff,0xff,0xff,0xff,0xff,0xff,0xff,0xff,0xff,0xff,0xff,0xff,0xff,0xff,0xdf,0xff,0xdf,0xff,
  0xdf,0xff,0xdf,0xff,0xdf,0xff,0xdf,0xf7,0xdf,0xf7,0xdf,0xf7,0xdf,0xf7,0xdf,0xf7,0xdf,0xf7,0xdf,0xf7,0xdf,0xf7,0xbf,0xf7,
  0xbf,0xf7,0xbf,0xf7,0xbf,0xf7,0xbf,0xef,0xbf,0xef,0xbf,0xef,0xbf,0xef,0xbf,0xef,0xbf,0xef,0xbf,0xef,0x9f,0xef,0x9f,0xef,
  0x9f,0xef,0x9f,0xef,0x9f,0xe7,0x9f,0xe7,0x9f,0xe7,0x9f,0xe7,0x9f,0xe7,0x9f,0xe7,0x7f,0xe7,0x7f,0xe7,0x7f,0xe7,0x7f,0xe7,
  0x7f,0xe7,0x7f,0xe7,0x7f,0xe7,0x7f,0xe7,0x7f,0xe7,0x7f,0xe7,0x7f,0xe7,0x7f,0xe7,0x7f,0xe7,0x7f,0xe7,0x7f,0xe7,0x9f,0xe7,
  0x9f,0xe7,0x9f,0xe7,0x9f,0xe7,0x9f,0xe7,0x9f,0xe7,0x9f,0xef,0x9f,0xef,0x9f,0xef,0x9f,0xef,0x9f,0xef,0x9f,0xef,0xbf,0xef,
  0x9f,0xef,0x9f,0xef,0x9f,0xef,0xbf,0xef,0xbf,0xef,0xbf,0xef,0x7f,0xe7,0x3f,0xd7,0x3f,0xd7,0x3f,0xd7,0x3f,0xd7,0x3f,0xd7,
  0x3f,0xd7,0x3f,0xd7,0x3f,0xd7,0x3f,0xd7,0x3f,0xd7,0x3f,0xd7,0x3f,0xd7,0x3f,0xd7,0x3f,0xd7,0x3f,0xd7,0x3f,0xd7,0x3f,0xcf,
  0x9f,0xef,0xdf,0xf7,0xbf,0xf7,0xbf,0xf7,0xbf,0xf7,0xbf,0xf7,0xbf,0xf7,0xbf,0xf7,0xbf,0xf7,0xbf,0xf7,0xbf,0xf7,0xbf,0xf7,
  0xbf,0xf7,0xbf,0xf7,0xdf,0xf7,0xbf,0xf7,0xff,0xff,0xff,0xb6,0x3f,0xc7,0xff,0xff,0xbf,0xf7,0xbf,0xf7,0xbf,0xf7,0xdf,0xf7,
  0xdf,0xff,0xdf,0xf7,0xdf,0xf7,0xdf,0xf7,0xdf,0xf7,0xdf,0xf7,0xdf,0xf7,0xdf,0xf7,0xdf,0xf7,0xdf,0xf7,0xdf,0xf7,0xdf,0xf7,
  0xdf,0xf7,0xdf,0xf7,0xdf,0xf7,0xdf,0xf7,0xdf,0xf7,0xdf,0xf7,0xdf,0xf7,0xdf,0xf7,0xdf,0xf7,0xdf,0xf7,0xdf,0xf7,0xdf,0xf7,
  0xdf,0xf7,0xdf,0xf7,0xdf,0xf7,0xdf,0xf7,0xdf,0xf7,0xdf,0xf7,0xdf,0xf7,0xdf,0xf7,0xdf,0xf7,0xdf,0xf7,0xdf,0xf7,0xdf,0xf7,
  0xdf,0xf7,0xdf,0xf7,0xdf,0xf7,0xdf,0xf7,0xdf,0xf7,0xdf,0xf7,0xdf,0xf7,0xdf,0xf7,0xdf,0xf7,0xdf,0xf7,0xdf,0xf7,0xdf,0xf7,
  0xdf,0xf7,0xdf,0xf7,0xdf,0xf7,0xdf,0xf7,0xdf,0xf7,0xdf,0xf7,0xdf,0xf7,0xdf,0xf7,0xdf,0xf7,0xdf,0xf7,0xdf,0xf7,0xdf,0xf7,
  0xdf,0xf7,0xdf,0xf7,0xdf,0xff,0xdf,0xf7,0xdf,0xf7,0xdf,0xf7,0xdf,0xf7,0xdf,0xf7,0xdf,0xf7,0xdf,0xf7,0xdf,0xf7,0xdf,0xf7,
  0xdf,0xf7,0xdf,0xf7,0xdf,0xf7,0xdf,0xf7,0xdf,0xf7,0xdf,0xf7,0xdf,0xf7,0xdf,0xf7,0xdf,0xf7,0xdf,0xf7,0xdf,0xf7,0xdf,0xf7,
  0xdf,0xf7,0xdf,0xf7,0xdf,0xf7,0xdf,0xf7,0xdf,0xf7,0xdf,0xf7,0xdf,0xff,0xdf,0xff,0xdf,0xf7,0xdf,0xff,0xdf,0xff,0xdf,0xff,
  0xdf,0xff,0xdf,0xff,0xdf,0xff,0xdf,0xff,0xdf,0xff,0xdf,0xff,0xdf,0xff,0xdf,0xff,0xdf,0xff,0xdf,0xff,0xdf,0xff,0xdf,0xff,
  0xdf,0xff,0xdf,0xff,0xdf,0xff,0xdf,0xff,0xdf,0xff,0xff,0xff,0xdf,0xff,0xdf,0xff,0xff,0xff,0xff,0xff,0xff,0xff,0xff,0xff,
  0xff,0xff,0xff,0xff,0xff,0xff,0xff,0xff,0xdf,0xff,0xff,0xff,0xff,0xff,0xff,0xff,0xff,0xff,0xdf,0xff,0xff,0xff,0xff,0xff,
  0xff,0xff,0xff,0xff,0xff,0xff,0xff,0xff,0xff,0xff,0xff,0xff,0xff,0xff,0xff,0xff,0xff,0xff,0xff,0xff,0xff,0xff,0xff,0xff,
  0xff,0xff,0xff,0xff,0xff,0xff,0xff,0xff,0xff,0xff,0xff,0xff,0xff,0xff,0xff,0xff,0xff,0xff,0xff,0xff,0xff,0xff,0xff,0xff,
  0xff,0xff,0xff,0xff,0xff,0xff,0xff,0xff,0xff,0xff,0xff,0xff,0xff,0xff,0xff,0xff,0xff,0xff,0xff,0xff,0xff,0xff,0xff,0xff,
  0xff,0xff,0xff,0xff,0xff,0xff,0xff,0xff,0xff,0xff,0xff,0xff,0xff,0xff,0xff,0xff,0xff,0xff,0xff,0xff,0xff,0xff,0xff,0xff,
  0xff,0xff,0xff,0xff,0xff,0xff,0xff,0xff,0xff,0xff,0xff,0xff,0xff,0xff,0xff,0xff,0xff,0xff,0xff,0xff,0xff,0xff,0xff,0xff,
  0xff,0xff,0xff,0xff,0xff,0xff,0xff,0xff,0xff,0xff,0xff,0xff,0xff,0xff,0xff,0xff,0xff,0xff,0xff,0xff,0xff,0xff,0xff,0xff,
  0xff,0xff,0xff,0xff,0xff,0xff,0xff,0xff,0xff,0xff,0xff,0xff,0xdf,0xff,0xdf,0xff,0xdf,0xff,0xdf,0xff,0xdf,0xff,0xdf,0xf7,
  0xdf,0xf7,0xdf,0xf7,0xdf,0xf7,0xdf,0xf7,0xdf,0xf7,0xdf,0xf7,0xbf,0xf7,0xbf,0xf7,0xbf,0xf7,0xbf,0xf7,0xbf,0xef,0xbf,0xef,
  0xbf,0xef,0xbf,0xef,0xbf,0xef,0xbf,0xef,0x9f,0xef,0xbf,0xef,0x9f,0xef,0x9f,0xef,0x9f,0xef,0x9f,0xef,0x9f,0xe7,0x9f,0xe7,
  0x9f,0xe7,0x9f,0xe7,0x7f,0xe7,0x7f,0xe7,0x7f,0xe7,0x7f,0xe7,0x7f,0xe7,0x7f,0xe7,0x7f,0xe7,0x7f,0xe7,0x7f,0xdf,0x7f,0xdf,
  0x7f,0xe7,0x7f,0xe7,0x7f,0xe7,0x7f,0xe7,0x7f,0xe7,0x7f,0xe7,0x7f,0xe7,0x9f,0xe7,0x9f,0xe7,0x9f,0xe7,0x9f,0xe7,0x9f,0xe7,
  0x9f,0xe7,0x9f,0xef,0x9f,0xe7,0x9f,0xe7,0x9f,0xef,0x9f,0xef,0x9f,0xef,0x9f,0xef,0x9f,0xef,0x9f,0xef,0x9f,0xef,0xbf,0xef,
  0xbf,0xef,0xbf,0xef,0xbf,0xef,0x3f,0xd7,0x3f,0xd7,0x3f,0xd7,0x3f,0xd7,0x3f,0xd7,0x3f,0xd7,0x3f,0xd7,0x3f,0xd7,0x3f,0xd7,
  0x3f,0xd7,0x3f,0xd7,0x3f,0xd7,0x3f,0xd7,0x3f,0xd7,0x3f,0xd7,0x3f,0xd7,0x3f,0xcf,0x5f,0xdf,0xdf,0xf7,0xbf,0xf7,0xbf,0xf7,
  0xbf,0xf7,0xbf,0xf7,0xbf,0xf7,0xbf,0xf7,0xbf,0xf7,0xbf,0xf7,0xbf,0xf7,0xbf,0xf7,0xbf,0xf7,0xbf,0xf7,0xbf,0xf7,0xbf,0xf7,
  0xdf,0xff,0x7f,0xdf,0xdf,0xae,0xdf,0xff,0xbf,0xf7,0xbf,0xf7,0xbf,0xf7,0xbf,0xf7,0xdf,0xf7,0xdf,0xf7,0xdf,0xf7,0xdf,0xf7,
  0xdf,0xf7,0xdf,0xf7,0xdf,0xf7,0xdf,0xf7,0xdf,0xf7,0xdf,0xf7,0xdf,0xf7,0xdf,0xf7,0xdf,0xf7,0xdf,0xf7,0xdf,0xf7,0xdf,0xf7,
  0xdf,0xf7,0xdf,0xf7,0xdf,0xf7,0xdf,0xf7,0xdf,0xf7,0xdf,0xf7,0xdf,0xf7,0xdf,0xf7,0xdf,0xf7,0xdf,0xf7,0xdf,0xf7,0xdf,0xf7,
  0xdf,0xf7,0xdf,0xf7,0xdf,0xf7,0xdf,0xf7,0xdf,0xf7,0xdf,0xf7,0xdf,0xf7,0xdf,0xf7,0xdf,0xf7,0xdf,0xf7,0xdf,0xf7,0xdf,0xf7,
  0xdf,0xf7,0xdf,0xf7,0xdf,0xf7,0xdf,0xf7,0xdf,0xf7,0xdf,0xf7,0xdf,0xf7,0xdf,0xf7,0xdf,0xf7,0xdf,0xf7,0xdf,0xf7,0xdf,0xf7,
  0xdf,0xf7,0xdf,0xf7,0xdf,0xf7,0xdf,0xf7,0xdf,0xf7,0xdf,0xf7,0xdf,0xf7,0xdf,0xf7,0xdf,0xf7,0xdf,0xf7,0xdf,0xf7,0xdf,0xf7,
  0xdf,0xf7,0xdf,0xf7,0xdf,0xf7,0xdf,0xf7,0xdf,0xf7,0xdf,0xf7,0xdf,0xf7,0xdf,0xf7,0xdf,0xf7,0xdf,0xf7,0xdf,0xf7,0xdf,0xf7,
  0xdf,0xf7,0xdf,0xf7,0xdf,0xf7,0xdf,0xf7,0xdf,0xf7,0xdf,0xf7,0xdf,0xf7,0xdf,0xf7,0xdf,0xf7,0xdf,0xf7,0xdf,0xf7,0xdf,0xf7,
  0xdf,0xf7,0xdf,0xf7,0xdf,0xf7,0xdf,0xf7,0xdf,0xf7,0xdf,0xff,0xdf,0xff,0xdf,0xff,0xdf,0xff,0xdf,0xff,0xdf,0xff,0xdf,0xff,
  0xdf,0xff,0xdf,0xff,0xdf,0xff,0xdf,0xff,0xdf,0xff,0xdf,0xff,0xdf,0xff,0xdf,0xff,0xdf,0xff,0xdf,0xff,0xdf,0xff,0xdf,0xff,
  0xdf,0xff,0xdf,0xff,0xdf,0xff,0xff,0xff,0xff,0xff,0xff,0xff,0xff,0xff,0xff,0xff,0xff,0xff,0xff,0xff,0xff,0xff,0xff,0xff,
  0xff,0xff,0xff,0xff,0xff,0xff,0xdf,0xff,0xff,0xff,0xff,0xff,0xff,0xff,0xff,0xff,0xff,0xff,0xff,0xff,0xff,0xff,0xff,0xff,
  0xff,0xff,0xff,0xff,0xff,0xff,0xff,0xff,0xff,0xff,0xff,0xff,0xff,0xff,0xff,0xff,0xff,0xff,0xff,0xff,0xff,0xff,0xff,0xff,
  0xff,0xff,0xff,0xff,0xff,0xff,0xff,0xff,0xff,0xff,0xff,0xff,0xff,0xff,0xff,0xff,0xff,0xff,0xff,0xff,0xff,0xff,0xff,0xff,
  0xff,0xff,0xff,0xff,0xff,0xff,0xff,0xff,0xff,0xff,0xff,0xff,0xff,0xff,0xff,0xff,0xff,0xff,0xff,0xff,0xff,0xff,0xff,0xff,
  0xff,0xff,0xff,0xff,0xff,0xff,0xff,0xff,0xff,0xff,0xff,0xff,0xff,0xff,0xff,0xff,0xff,0xff,0xff,0xff,0xff,0xff,0xff,0xff,
  0xff,0xff,0xff,0xff,0xff,0xff,0xff,0xff,0xff,0xff,0xff,0xff,0xff,0xff,0xff,0xff,0xff,0xff,0xff,0xff,0xff,0xff,0xff,0xff,
  0xff,0xff,0xff,0xff,0xff,0xff,0xff,0xff,0xff,0xff,0xff,0xff,0xff,0xff,0xff,0xff,0xff,0xff,0xff,0xff,0xff,0xff,0xff,0xff,
  0xff,0xff,0xdf,0xff,0xdf,0xff,0xdf,0xff,0xdf,0xff,0xdf,0xff,0xdf,0xf7,0xdf,0xf7,0xdf,0xf7,0xdf,0xf7,0xdf,0xf7,0xdf,0xf7,
  0xdf,0xf7,0xdf,0xf7,0xbf,0xf7,0xbf,0xf7,0xbf,0xf7,0xbf,0xef,0xbf,0xef,0xbf,0xef,0xbf,0xef,0xbf,0xef,0xbf,0xef,0xbf,0xef,
  0x9f,0xef,0x9f,0xef,0x9f,0xef,0x9f,0xef,0x9f,0xef,0x9f,0xe7,0x9f,0xe7,0x9f,0xe7,0x9f,0xe7,0x7f,0xe7,0x7f,0xe7,0x7f,0xe7,
  0x7f,0xe7,0x7f,0xe7,0x7f,0xe7,0x7f,0xe7,0x7f,0xe7,0x7f,0xdf,0x7f,0xdf,0x7f,0xdf,0x7f,0xe7,0x7f,0xe7,0x7f,0xe7,0x7f,0xe7,
  0x7f,0xe7,0x7f,0xe7,0x7f,0xe7,0x7f,0xe7,0x9f,0xe7,0x9f,0xe7,0x9f,0xe7,0x9f,0xe7,0x9f,0xe7,0x9f,0xef,0x9f,0xef,0x9f,0xef,
  0x9f,0xef,0x9f,0xef,0x9f,0xef,0x9f,0xef,0x9f,0xef,0x9f,0xef,0x9f,0xef,0xbf,0xef,0xbf,0xef,0xbf,0xef,0xbf,0xef,0x7f,0xe7,
  0x1f,0xd7,0x3f,0xd7,0x3f,0xd7,0x3f,0xd7,0x3f,0xd7,0x3f,0xd7,0x3f,0xd7,0x3f,0xd7,0x3f,0xd7,0x3f,0xd7,0x3f,0xd7,0x3f,0xd7,
  0x3f,0xd7,0x3f,0xd7,0x3f,0xd7,0x3f,0xd7,0x3f,0xd7,0xbf,0xef,0xbf,0xf7,0xbf,0xf7,0xbf,0xf7,0xbf,0xf7,0xbf,0xf7,0xbf,0xf7,
  0xbf,0xf7,0xbf,0xf7,0xbf,0xf7,0xbf,0xf7,0xbf,0xf7,0xbf,0xf7,0xbf,0xf7,0xdf,0xf7,0xdf,0xf7,0xdf,0xf7,0xbf,0xa6,0x9f,0xe7,
  0xdf,0xf7,0xdf,0xf7,0xbf,0xf7,0xbf,0xf7,0xdf,0xf7,0xdf,0xf7,0xdf,0xf7,0xdf,0xf7,0xdf,0xf7,0xdf,0xf7,0xdf,0xf7,0xdf,0xf7,
  0xdf,0xf7,0xdf,0xf7,0xdf,0xf7,0xdf,0xf7,0xdf,0xf7,0xdf,0xf7,0xdf,0xf7,0xdf,0xf7,0xdf,0xf7,0xdf,0xf7,0xdf,0xf7,0xdf,0xf7,
  0xdf,0xf7,0xdf,0xf7,0xdf,0xf7,0xdf,0xf7,0xdf,0xf7,0xdf,0xf7,0xdf,0xf7,0xdf,0xf7,0xdf,0xf7,0xdf,0xf7,0xdf,0xf7,0xdf,0xf7,
  0xdf,0xf7,0xdf,0xf7,0xdf,0xf7,0xdf,0xf7,0xdf,0xf7,0xdf,0xf7,0xdf,0xf7,0xdf,0xf7,0xdf,0xf7,0xdf,0xf7,0xdf,0xf7,0xdf,0xf7,
  0xdf,0xf7,0xdf,0xf7,0xdf,0xf7,0xdf,0xf7,0xdf,0xf7,0xdf,0xf7,0xdf,0xf7,0xdf,0xf7,0xdf,0xf7,0xdf,0xf7,0xdf,0xf7,0xdf,0xf7,
  0xdf,0xf7,0xdf,0xf7,0xdf,0xf7,0xdf,0xf7,0xdf,0xf7,0xdf,0xf7,0xdf,0xf7,0xdf,0xf7,0xdf,0xf7,0xdf,0xf7,0xdf,0xf7,0xdf,0xf7,
  0xdf,0xf7,0xdf,0xf7,0xdf,0xf7,0xdf,0xf7,0xdf,0xf7,0xdf,0xf7,0xdf,0xf7,0xdf,0xf7,0xdf,0xf7,0xdf,0xf7,0xdf,0xf7,0xdf,0xf7,
  0xdf,0xf7,0xdf,0xf7,0xdf,0xf7,0xdf,0xf7,0xdf,0xf7,0xdf,0xf7,0xdf,0xf7,0xdf,0xf7,0xdf,0xf7,0xdf,0xf7,0xdf,0xf7,0xdf,0xf7,
  0xdf,0xf7,0xdf,0xff,0xdf,0xf7,0xdf,0xf7,0xdf,0xff,0xdf,0xf7,0xdf,0xff,0xdf,0xff,0xdf,0xff,0xdf,0xff,0xdf,0xff,0xdf,0xff,
  0xdf,0xff,0xdf,0xff,0xdf,0xff,0xdf,0xff,0xdf,0xff,0xdf,0xff,0xdf,0xff,0xdf,0xff,0xdf,0xff,0xdf,0xff,0xdf,0xff,0xdf,0xff,
  0xff,0xff,0xff,0xff,0xff,0xff,0xff,0xff,0xff,0xff,0xff,0xff,0xff,0xff,0xff,0xff,0xff,0xff,0xff,0xff,0xff,0xff,0xff,0xff,
  0xff,0xff,0xff,0xff,0xff,0xff,0xff,0xff,0xff,0xff,0xff,0xff,0xff,0xff,0xff,0xff,0xff,0xff,0xff,0xff,0xff,0xff,0xff,0xff,
  0xff,0xff,0xff,0xff,0xff,0xff,0xff,0xff,0xff,0xff,0xff,0xff,0xff,0xff,0xff,0xff,0xff,0xff,0xff,0xff,0xff,0xff,0xff,0xff,
  0xff,0xff,0xff,0xff,0xff,0xff,0xff,0xff,0xff,0xff,0xff,0xff,0xff,0xff,0xff,0xff,0xff,0xff,0xff,0xff,0xff,0xff,0xff,0xff,
  0xff,0xff,0xff,0xff,0xff,0xff,0xff,0xff,0xff,0xff,0xff,0xff,0xff,0xff,0xff,0xff,0xff,0xff,0xff,0xff,0xff,0xff,0xff,0xff,
  0xff,0xff,0xff,0xff,0xff,0xff,0xff,0xff,0xff,0xff,0xff,0xff,0xff,0xff,0xff,0xff,0xff,0xff,0xff,0xff,0xff,0xff,0xff,0xff,
  0xff,0xff,0xff,0xff,0xff,0xff,0xff,0xff,0xff,0xff,0xff,0xff,0xff,0xff,0xff,0xff,0xff,0xff,0xff,0xff,0xff,0xff,0xff,0xff,
  0xff,0xff,0xff,0xff,0xff,0xff,0xff,0xff,0xff,0xff,0xff,0xff,0xff,0xff,0xff,0xff,0xdf,0xff,0xdf,0xff,0xff,0xff,0xdf,0xff,
  0xdf,0xff,0xdf,0xf7,0xdf,0xf7,0xdf,0xf7,0xdf,0xf7,0xdf,0xf7,0xdf,0xf7,0xdf,0xf7,0xdf,0xf7,0xdf,0xf7,0xbf,0xf7,0xbf,0xf7,
  0xbf,0xf7,0xbf,0xef,0xbf,0xef,0xbf,0xef,0xbf,0xef,0xbf,0xef,0xbf,0xef,0xbf,0xef,0x9f,0xef,0x9f,0xef,0x9f,0xef,0x9f,0xef,
  0x9f,0xe7,0x9f,0xe7,0x9f,0xe7,0x9f,0xe7,0x7f,0xe7,0x7f,0xe7,0x7f,0xe7,0x7f,0xe7,0x7f,0xe7,0x7f,0xe7,0x7f,0xe7,0x7f,0xe7,
  0x7f,0xdf,0x7f,0xdf,0x7f,0xdf,0x7f,0xdf,0x7f,0xe7,0x7f,0xe7,0x7f,0xe7,0x7f,0xe7,0x7f,0xe7,0x7f,0xe7,0x7f,0xe7,0x7f,0xe7,
  0x9f,0xe7,0x9f,0xe7,0x9f,0xe7,0x9f,0xe7,0x9f,0xe7,0x9f,0xe7,0x9f,0xef,0x9f,0xef,0x9f,0xe7,0x9f,0xef,0x9f,0xef,0x9f,0xef,
  0x9f,0xef,0x9f,0xef,0x9f,0xef,0x9f,0xef,0x9f,0xef,0xbf,0xef,0xbf,0xef,0xbf,0xef,0x3f,0xd7,0x3f,0xd7,0x3f,0xd7,0x3f,0xd7,
  0x3f,0xd7,0x3f,0xd7,0x3f,0xd7,0x3f,0xd7,0x3f,0xd7,0x3f,0xd7,0x3f,0xd7,0x3f,0xd7,0x3f,0xd7,0x3f,0xd7,0x3f,0xd7,0x3f,0xd7,
  0x3f,0xd7,0x9f,0xe7,0xdf,0xf7,0xbf,0xef,0xbf,0xf7,0xbf,0xf7,0xbf,0xf7,0xbf,0xf7,0xbf,0xf7,0xbf,0xf7,0xbf,0xf7,0xbf,0xf7,
  0xbf,0xf7,0xbf,0xf7,0xbf,0xf7,0xbf,0xf7,0xbf,0xf7,0xff,0xff,0xdf,0xae,0x3f,0xcf,0xdf,0xff,0xbf,0xf7,0xbf,0xf7,0xbf,0xf7,
  0xdf,0xf7,0xdf,0xf7,0xdf,0xf7,0xdf,0xf7,0xdf,0xf7,0xdf,0xf7,0xdf,0xf7,0xdf,0xf7,0xdf,0xf7,0xbf,0xf7,0xdf,0xf7,0xbf,0xf7,
  0xdf,0xf7,0xdf,0xf7,0xdf,0xf7,0xdf,0xf7,0xdf,0xf7,0xdf,0xf7,0xdf,0xf7,0xdf,0xf7,0xdf,0xf7,0xdf,0xf7,0xdf,0xf7,0xdf,0xf7,
  0xdf,0xf7,0xdf,0xf7,0xdf,0xf7,0xdf,0xf7,0xdf,0xf7,0xdf,0xf7,0xdf,0xf7,0xdf,0xf7,0xdf,0xf7,0xdf,0xf7,0xdf,0xf7,0xdf,0xf7,
  0xdf,0xf7,0xdf,0xf7,0xdf,0xf7,0xdf,0xf7,0xdf,0xf7,0xdf,0xf7,0xdf,0xf7,0xdf,0xf7,0xdf,0xf7,0xdf,0xf7,0xdf,0xf7,0xdf,0xf7,
  0xdf,0xf7,0xdf,0xf7,0xdf,0xf7,0xdf,0xf7,0xdf,0xf7,0xdf,0xf7,0xdf,0xf7,0xdf,0xf7,0xdf,0xf7,0xdf,0xf7,0xdf,0xf7,0xdf,0xf7,
  0xdf,0xf7,0xdf,0xf7,0xdf,0xf7,0xdf,0xf7,0xdf,0xf7,0xdf,0xf7,0xdf,0xf7,0xdf,0xf7,0xdf,0xf7,0xdf,0xf7,0xdf,0xf7,0xdf,0xf7,
  0xdf,0xf7,0xdf,0xf7,0xdf,0xf7,0xdf,0xf7,0xdf,0xf7,0xdf,0xf7,0xdf,0xf7,0xdf,0xf7,0xdf,0xf7,0xdf,0xf7,0xdf,0xf7,0xdf,0xf7,
  0xdf,0xf7,0xdf,0xf7,0xdf,0xf7,0xdf,0xf7,0xdf,0xf7,0xdf,0xf7,0xdf,0xf7,0xdf,0xff,0xdf,0xff,0xdf,0xff,0xdf,0xff,0xdf,0xf7,
  0xdf,0xff,0xdf,0xff,0xdf,0xf7,0xdf,0xff,0xdf,0xff,0xdf,0xff,0xdf,0xff,0xdf,0xff,0xdf,0xff,0xdf,0xff,0xdf,0xff,0xdf,0xff,
  0xdf,0xff,0xdf,0xff,0xdf,0xff,0xdf,0xff,0xdf,0xff,0xdf,0xff,0xdf,0xff,0xdf,0xff,0xff,0xff,0xff,0xff,0xff,0xff,0xff,0xff,
  0xff,0xff,0xff,0xff,0xff,0xff,0xff,0xff,0xff,0xff,0xff,0xff,0xff,0xff,0xff,0xff,0xff,0xff,0xff,0xff,0xff,0xff,0xff,0xff,
  0xff,0xff,0xff,0xff,0xff,0xff,0xff,0xff,0xff,0xff,0xff,0xff,0xff,0xff,0xff,0xff,0xff,0xff,0xff,0xff,0xff,0xff,0xff,0xff,
  0xff,0xff,0xff,0xff,0xff,0xff,0xff,0xff,0xff,0xff,0xff,0xff,0xff,0xff,0xff,0xff,0xff,0xff,0xff,0xff,0xff,0xff,0xff,0xff,
  0xff,0xff,0xff,0xff,0xff,0xff,0xff,0xff,0xff,0xff,0xff,0xff,0xff,0xff,0xff,0xff,0xff,0xff,0xff,0xff,0xff,0xff,0xff,0xff,
  0xff,0xff,0xff,0xff,0xff,0xff,0xff,0xff,0xff,0xff,0xff,0xff,0xff,0xff,0xff,0xff,0xff,0xff,0xff,0xff,0xff,0xff,0xff,0xff,
  0xff,0xff,0xff,0xff,0xff,0xff,0xff,0xff,0xff,0xff,0xff,0xff,0xff,0xff,0xff,0xff,0xff,0xff,0xff,0xff,0xff,0xff,0xff,0xff,
  0xff,0xff,0xff,0xff,0xff,0xff,0xff,0xff,0xff,0xff,0xff,0xff,0xff,0xff,0xff,0xff,0xff,0xff,0xff,0xff,0xff,0xff,0xff,0xff,
  0xff,0xff,0xff,0xff,0xff,0xff,0xdf,0xff,0xdf,0xff,0xdf,0xff,0xff,0xff,0xdf,0xff,0xdf,0xf7,0xdf,0xf7,0xdf,0xf7,0xdf,0xf7,
  0xdf,0xf7,0xdf,0xf7,0xdf,0xf7,0xdf,0xf7,0xdf,0xf7,0xdf,0xf7,0xbf,0xf7,0xbf,0xf7,0xbf,0xef,0xbf,0xef,0xbf,0xef,0xbf,0xef,
  0xbf,0xef,0xbf,0xef,0xbf,0xef,0xbf,0xef,0x9f,0xef,0x9f,0xef,0x9f,0xef,0x9f,0xe7,0x9f,0xe7,0x9f,0xe7,0x9f,0xe7,0x7f,0xe7,
  0x7f,0xe7,0x7f,0xe7,0x7f,0xe7,0x7f,0xe7,0x7f,0xe7,0x7f,0xe7,0x7f,0xe7,0x7f,0xdf,0x7f,0xdf,0x7f,0xdf,0x5f,0xdf,0x5f,0xdf,
  0x7f,0xe7,0x7f,0xe7,0x7f,0xe7,0x7f,0xe7,0x7f,0xe7,0x7f,0xe7,0x7f,0xe7,0x7f,0xe7,0x9f,0xe7,0x7f,0xe7,0x9f,0xe7,0x9f,0xe7,
  0x9f,0xe7,0x9f,0xe7,0x9f,0xe7,0x9f,0xe7,0x9f,0xef,0x9f,0xef,0x9f,0xef,0x9f,0xef,0x9f,0xef,0x9f,0xef,0x9f,0xef,0x9f,0xef,
  0x9f,0xef,0xbf,0xef,0xbf,0xef,0xbf,0xef,0x7f,0xe7,0x1f,0xd7,0x3f,0xd7,0x3f,0xd7,0x3f,0xd7,0x3f,0xd7,0x3f,0xd7,0x3f,0xd7,
  0x3f,0xd7,0x3f,0xd7,0x3f,0xd7,0x3f,0xd7,0x3f,0xd7,0x3f,0xd7,0x3f,0xd7,0x3f,0xd7,0x3f,0xd7,0x5f,0xdf,0xbf,0xf7,0xbf,0xf7,
  0xbf,0xf7,0xbf,0xf7,0xbf,0xf7,0xbf,0xf7,0xbf,0xf7,0xbf,0xf7,0xbf,0xf7,0xbf,0xf7,0xbf,0xf7,0xbf,0xf7,0xbf,0xf7,0xdf,0xf7,
  0xbf,0xf7,0xff,0xff,0x1f,0xc7,0xdf,0xb6,0xff,0xff,0xbf,0xef,0xbf,0xf7,0xbf,0xf7,0xbf,0xf7,0xdf,0xf7,0xdf,0xf7,0xdf,0xf7,
  0xdf,0xf7,0xdf,0xf7,0xdf,0xf7,0xdf,0xf7,0xdf,0xf7,0xdf,0xf7,0xdf,0xf7,0xdf,0xf7,0xdf,0xf7,0xdf,0xf7,0xdf,0xf7,0xdf,0xf7,
  0xdf,0xf7,0xdf,0xf7,0xdf,0xf7,0xdf,0xf7,0xdf,0xf7,0xdf,0xf7,0xdf,0xf7,0xdf,0xf7,0xdf,0xf7,0xdf,0xf7,0xdf,0xf7,0xdf,0xf7,
  0xdf,0xf7,0xdf,0xf7,0xdf,0xf7,0xdf,0xf7,0xdf,0xf7,0xdf,0xf7,0xdf,0xf7,0xdf,0xf7,0xdf,0xf7,0xdf,0xf7,0xdf,0xf7,0xdf,0xf7,
  0xdf,0xf7,0xdf,0xf7,0xdf,0xf7,0xdf,0xf7,0xdf,0xf7,0xdf,0xf7,0xdf,0xf7,0xdf,0xf7,0xdf,0xf7,0xdf,0xf7,0xdf,0xf7,0xdf,0xf7,
  0xdf,0xf7,0xdf,0xf7,0xdf,0xf7,0xdf,0xf7,0xdf,0xf7,0xdf,0xf7,0xdf,0xf7,0xdf,0xf7,0xdf,0xf7,0xdf,0xf7,0xdf,0xf7,0xdf,0xf7,
  0xdf,0xf7,0xdf,0xf7,0xdf,0xf7,0xdf,0xf7,0xdf,0xf7,0xdf,0xf7,0xdf,0xf7,0xdf,0xf7,0xdf,0xf7,0xdf,0xf7,0xdf,0xf7,0xdf,0xf7,
  0xdf,0xf7,0xdf,0xf7,0xdf,0xf7,0xdf,0xf7,0xdf,0xf7,0xdf,0xf7,0xdf,0xf7,0xdf,0xf7,0xdf,0xf7,0xdf,0xf7,0xdf,0xf7,0xdf,0xf7,
  0xdf,0xf7,0xdf,0xf7,0xdf,0xf7,0xdf,0xf7,0xdf,0xf7,0xdf,0xf7,0xdf,0xf7,0xdf,0xff,0xdf,0xff,0xdf,0xff,0xdf,0xff,0xdf,0xff,
  0xdf,0xff,0xdf,0xff,0xdf,0xff,0xdf,0xff,0xdf,0xff,0xdf,0xff,0xdf,0xff,0xdf,0xff,0xdf,0xff,0xdf,0xff,0xdf,0xff,0xff,0xff,
  0xff,0xff,0xdf,0xff,0xff,0xff,0xff,0xff,0xff,0xff,0xff,0xff,0xff,0xff,0xff,0xff,0xff,0xff,0xff,0xff,0xff,0xff,0xff,0xff,
  0xff,0xff,0xff,0xff,0xff,0xff,0xff,0xff,0xff,0xff,0xff,0xff,0xff,0xff,0xff,0xff,0xff,0xff,0xff,0xff,0xff,0xff,0xff,0xff,
  0xff,0xff,0xff,0xff,0xff,0xff,0xff,0xff,0xff,0xff,0xff,0xff,0xff,0xff,0xff,0xff,0xff,0xff,0xff,0xff,0xff,0xff,0xff,0xff,
  0xff,0xff,0xff,0xff,0xff,0xff,0xff,0xff,0xff,0xff,0xff,0xff,0xff,0xff,0xff,0xff,0xff,0xff,0xff,0xff,0xff,0xff,0xff,0xff,
  0xff,0xff,0xff,0xff,0xff,0xff,0xff,0xff,0xff,0xff,0xff,0xff,0xff,0xff,0xff,0xff,0xff,0xff,0xff,0xff,0xff,0xff,0xff,0xff,
  0xff,0xff,0xff,0xff,0xff,0xff,0xff,0xff,0xff,0xff,0xff,0xff,0xff,0xff,0xff,0xff,0xff,0xff,0xff,0xff,0xff,0xff,0xff,0xff,
  0xff,0xff,0xff,0xff,0xff,0xff,0xff,0xff,0xff,0xff,0xff,0xff,0xff,0xff,0xff,0xff,0xff,0xff,0xff,0xff,0xff,0xff,0xff,0xff,
  0xff,0xff,0xff,0xff,0xff,0xff,0xff,0xff,0xff,0xff,0xff,0xff,0xff,0xff,0xdf,0xff,0xdf,0xff,0xdf,0xff,0xdf,0xff,0xdf,0xff,
  0xdf,0xff,0xdf,0xff,0xdf,0xff,0xdf,0xf7,0xdf,0xf7,0xdf,0xf7,0xdf,0xf7,0xdf,0xf7,0xdf,0xf7,0xdf,0xf7,0xdf,0xf7,0xdf,0xf7,
  0xdf,0xf7,0xbf,0xf7,0xbf,0xf7,0xbf,0xf7,0xbf,0xef,0xbf,0xef,0xbf,0xef,0xbf,0xef,0xbf,0xef,0xbf,0xef,0xbf,0xef,0xbf,0xef,
  0x9f,0xef,0x9f,0xef,0x9f,0xef,0x9f,0xe7,0x9f,0xe7,0x9f,0xe7,0x7f,0xe7,0x7f,0xe7,0x7f,0xe7,0x7f,0xe7,0x7f,0xe7,0x7f,0xe7,
  0x7f,0xe7,0x7f,0xdf,0x5f,0xdf,0x7f,0xdf,0x5f,0xdf,0x5f,0xdf,0x5f,0xdf,0x5f,0xdf,0x7f,0xe7,0x7f,0xe7,0x7f,0xe7,0x7f,0xe7,
  0x7f,0xe7,0x7f,0xe7,0x7f,0xe7,0x7f,0xe7,0x7f,0xe7,0x9f,0xe7,0x9f,0xe7,0x9f,0xe7,0x9f,0xe7,0x9f,0xe7,0x9f,0xe7,0x9f,0xe7,
  0x9f,0xe7,0x9f,0xef,0x9f,0xef,0x9f,0xef,0x9f,0xef,0x9f,0xef,0x9f,0xef,0x9f,0xef,0x9f,0xef,0x9f,0xef,0xbf,0xef,0xbf,0xef,
  0x9f,0xef,0x3f,0xd7,0x3f,0xd7,0x3f,0xd7,0x3f,0xd7,0x3f,0xd7,0x3f,0xd7,0x3f,0xd7,0x3f,0xd7,0x3f,0xd7,0x3f,0xd7,0x3f,0xd7,
  0x3f,0xd7,0x3f,0xd7,0x3f,0xd7,0x3f,0xd7,0x3f,0xd7,0x3f,0xd7,0xbf,0xef,0xbf,0xf7,0xbf,0xf7,0xbf,0xf7,0xbf,0xf7,0xbf,0xf7,
  0xbf,0xf7,0xbf,0xf7,0xbf,0xf7,0xbf,0xf7,0xbf,0xf7,0xbf,0xf7,0xbf,0xf7,0xbf,0xf7,0xbf,0xf7,0xdf,0xf7,0x9f,0xe7,0x9f,0xa6,
  0xdf,0xf7,0xbf,0xf7,0xbf,0xf7,0xbf,0xf7,0xbf,0xf7,0xdf,0xf7,0xdf,0xf7,0xdf,0xf7,0xdf,0xf7,0xdf,0xf7,0xdf,0xf7,0xdf,0xf7,
  0xdf,0xf7,0xdf,0xf7,0xdf,0xf7,0xdf,0xf7,0xdf,0xf7,0xdf,0xf7,0xdf,0xf7,0xdf,0xf7,0xdf,0xf7,0xdf,0xf7,0xdf,0xf7,0xdf,0xf7,
  0xdf,0xf7,0xdf,0xf7,0xdf,0xf7,0xdf,0xf7,0xdf,0xf7,0xdf,0xf7,0xdf,0xf7,0xdf,0xf7,0xdf,0xf7,0xdf,0xf7,0xdf,0xf7,0xdf,0xf7,
  0xdf,0xf7,0xdf,0xf7,0xdf,0xf7,0xdf,0xf7,0xdf,0xf7,0xdf,0xf7,0xdf,0xf7,0xdf,0xf7,0xdf,0xf7,0xdf,0xf7,0xdf,0xf7,0xdf,0xf7,
  0xdf,0xf7,0xdf,0xf7,0xdf,0xf7,0xdf,0xf7,0xdf,0xf7,0xdf,0xf7,0xdf,0xf7,0xdf,0xf7,0xdf,0xf7,0xdf,0xf7,0xdf,0xf7,0xdf,0xf7,
  0xdf,0xf7,0xdf,0xf7,0xdf,0xf7,0xdf,0xf7,0xdf,0xf7,0xdf,0xf7,0xdf,0xf7,0xdf,0xf7,0xdf,0xf7,0xdf,0xf7,0xdf,0xf7,0xdf,0xf7,
  0xdf,0xf7,0xdf,0xf7,0xdf,0xf7,0xdf,0xf7,0xdf,0xf7,0xdf,0xf7,0xdf,0xf7,0xdf,0xf7,0xdf,0xf7,0xdf,0xf7,0xdf,0xf7,0xdf,0xf7,
  0xdf,0xf7,0xdf,0xf7,0xdf,0xf7,0xdf,0xf7,0xdf,0xf7,0xdf,0xf7,0xdf,0xf7,0xdf,0xf7,0xdf,0xf7,0xdf,0xf7,0xdf,0xf7,0xdf,0xf7,
  0xdf,0xf7,0xdf,0xf7,0xdf,0xf7,0xdf,0xf7,0xdf,0xff,0xdf,0xff,0xdf,0xff,0xdf,0xff,0xdf,0xff,0xdf,0xff,0xdf,0xff,0xdf,0xff,
  0xdf,0xff,0xdf,0xff,0xff,0xff,0xdf,0xff,0xdf,0xff,0xff,0xff,0xff,0xff,0xff,0xff,0xff,0xff,0xff,0xff,0xff,0xff,0xff,0xff,
  0xff,0xff,0xff,0xff,0xff,0xff,0xff,0xff,0xff,0xff,0xff,0xff,0xff,0xff,0xff,0xff,0xff,0xff,0xff,0xff,0xff,0xff,0xff,0xff,
  0xff,0xff,0xdf,0xff,0xff,0xff,0xff,0xff,0xff,0xff,0xff,0xff,0xff,0xff,0xff,0xff,0xff,0xff,0xff,0xff,0xff,0xff,0xff,0xff,
  0xff,0xff,0xff,0xff,0xff,0xff,0xff,0xff,0xff,0xff,0xff,0xff,0xff,0xff,0xff,0xff,0xff,0xff,0xff,0xff,0xff,0xff,0xff,0xff,
  0xff,0xff,0xff,0xff,0xff,0xff,0xff,0xff,0xff,0xff,0xff,0xff,0xff,0xff,0xff,0xff,0xff,0xff,0xff,0xff,0xff,0xff,0xff,0xff,
  0xff,0xff,0xff,0xff,0xff,0xff,0xff,0xff,0xff,0xff,0xff,0xff,0xff,0xff,0xff,0xff,0xff,0xff,0xff,0xff,0xff,0xff,0xff,0xff,
  0xff,0xff,0xff,0xff,0xff,0xff,0xff,0xff,0xff,0xff,0xff,0xff,0xff,0xff,0xff,0xff,0xff,0xff,0xff,0xff,0xff,0xff,0xff,0xff,
  0xff,0xff,0xff,0xff,0xff,0xff,0xff,0xff,0xff,0xff,0xff,0xff,0xff,0xff,0xff,0xff,0xff,0xff,0xff,0xff,0xff,0xff,0xff,0xff,
  0xff,0xff,0xff,0xff,0xff,0xff,0xdf,0xff,0xff,0xff,0xdf,0xff,0xdf,0xff,0xff,0xff,0xff,0xff,0xdf,0xff,0xdf,0xff,0xdf,0xf7,
  0xdf,0xf7,0xdf,0xf7,0xdf,0xf7,0xdf,0xf7,0xdf,0xf7,0xdf,0xf7,0xdf,0xf7,0xdf,0xf7,0xbf,0xf7,0xbf,0xf7,0xbf,0xf7,0xbf,0xef,
  0xbf,0xf7,0xbf,0xef,0xbf,0xef,0xbf,0xef,0xbf,0xef,0xbf,0xef,0xbf,0xef,0x9f,0xef,0x9f,0xef,0x9f,0xef,0x9f,0xef,0x9f,0xe7,
  0x9f,0xe7,0x9f,0xe7,0x9f,0xe7,0x7f,0xe7,0x7f,0xe7,0x7f,0xe7,0x7f,0xe7,0x7f,0xe7,0x7f,0xdf,0x7f,0xdf,0x5f,0xdf,0x5f,0xdf,
  0x5f,0xdf,0x5f,0xdf,0x5f,0xdf,0x5f,0xdf,0x7f,0xe7,0x7f,0xe7,0x7f,0xe7,0x7f,0xe7,0x7f,0xe7,0x7f,0xe7,0x7f,0xe7,0x7f,0xe7,
  0x7f,0xe7,0x7f,0xe7,0x9f,0xe7,0x9f,0xe7,0x9f,0xe7,0x9f,0xe7,0x9f,0xe7,0x9f,0xe7,0x9f,0xe7,0x9f,0xe7,0x9f,0xe7,0x9f,0xef,
  0x9f,0xef,0x9f,0xe7,0x9f,0xef,0x9f,0xef,0x9f,0xef,0x9f,0xef,0xbf,0xef,0xbf,0xef,0xbf,0xef,0x5f,0xdf,0x1f,0xcf,0x3f,0xd7,
  0x3f,0xd7,0x3f,0xd7,0x3f,0xd7,0x3f,0xd7,0x3f,0xd7,0x3f,0xd7,0x3f,0xd7,0x3f,0xd7,0x3f,0xd7,0x3f,0xd7,0x3f,0xd7,0x3f,0xd7,
  0x3f,0xd7,0x1f,0xcf,0x7f,0xe7,0xdf,0xf7,0xbf,0xf7,0xbf,0xf7,0xbf,0xf7,0xbf,0xf7,0xbf,0xf7,0xbf,0xf7,0xbf,0xf7,0xbf,0xf7,
  0xbf,0xf7,0xbf,0xf7,0xbf,0xf7,0xbf,0xf7,0xbf,0xf7,0xdf,0xf7,0xdf,0xf7,0xbf,0xa6,0x9f,0xe7,0xdf,0xf7,0xbf,0xf7,0xbf,0xf7,
  0xbf,0xf7,0xdf,0xf7,0xdf,0xf7,0xdf,0xf7,0xdf,0xf7,0xdf,0xf7,0xdf,0xf7,0xdf,0xf7,0xdf,0xf7,0xdf,0xf7,0xdf,0xf7,0xdf,0xf7,
  0xdf,0xf7,0xdf,0xf7,0xdf,0xf7,0xdf,0xf7,0xdf,0xf7,0xdf,0xf7,0xdf,0xf7,0xdf,0xf7,0xdf,0xf7,0xdf,0xf7,0xdf,0xf7,0xdf,0xf7,
  0xdf,0xf7,0xdf,0xf7,0xdf,0xf7,0xdf,0xf7,0xdf,0xf7,0xdf,0xf7,0xdf,0xf7,0xdf,0xf7,0xdf,0xf7,0xdf,0xf7,0xbf,0xf7,0xdf,0xf7,
  0xdf,0xf7,0xdf,0xf7,0xdf,0xf7,0xdf,0xf7,0xdf,0xf7,0xdf,0xf7,0xdf,0xf7,0xdf,0xf7,0xdf,0xf7,0xdf,0xf7,0xdf,0xf7,0xdf,0xf7,
  0xdf,0xf7,0xdf,0xf7,0xdf,0xf7,0xdf,0xf7,0xdf,0xf7,0xdf,0xf7,0xdf,0xf7,0xdf,0xf7,0xdf,0xf7,0xdf,0xf7,0xdf,0xf7,0xdf,0xf7,
  0xdf,0xf7,0xdf,0xf7,0xdf,0xf7,0xdf,0xf7,0xdf,0xf7,0xdf,0xf7,0xdf,0xf7,0xdf,0xf7,0xdf,0xf7,0xdf,0xf7,0xdf,0xf7,0xdf,0xf7,
  0xdf,0xf7,0xdf,0xf7,0xdf,0xf7,0xdf,0xf7,0xdf,0xf7,0xdf,0xf7,0xdf,0xf7,0xdf,0xf7,0xdf,0xf7,0xdf,0xf7,0xdf,0xf7,0xdf,0xf7,
  0xdf,0xf7,0xdf,0xf7,0xdf,0xf7,0xdf,0xf7,0xdf,0xf7,0xdf,0xf7,0xdf,0xf7,0xdf,0xf7,0xdf,0xf7,0xdf,0xf7,0xdf,0xff,0xdf,0xf7,
  0xdf,0xff,0xdf,0xff,0xdf,0xff,0xdf,0xff,0xdf,0xff,0xdf,0xff,0xdf,0xff,0xdf,0xff,0xff,0xff,0xdf,0xff,0xdf,0xff,0xdf,0xff,
  0xdf,0xff,0xff,0xff,0xff,0xff,0xff,0xff,0xff,0xff,0xff,0xff,0xff,0xff,0xff,0xff,0xff,0xff,0xff,0xff,0xff,0xff,0xff,0xff,
  0xff,0xff,0xff,0xff,0xff,0xff,0xff,0xff,0xff,0xff,0xff,0xff,0xff,0xff,0xff,0xff,0xff,0xff,0xff,0xff,0xff,0xff,0xff,0xff,
  0xff,0xff,0xff,0xff,0xff,0xff,0xff,0xff,0xff,0xff,0xff,0xff,0xff,0xff,0xff,0xff,0xff,0xff,0xff,0xff,0xff,0xff,0xff,0xff,
  0xff,0xff,0xff,0xff,0xff,0xff,0xff,0xff,0xff,0xff,0xff,0xff,0xff,0xff,0xff,0xff,0xff,0xff,0xff,0xff,0xff,0xff,0xff,0xff,
  0xff,0xff,0xff,0xff,0xff,0xff,0xff,0xff,0xff,0xff,0xff,0xff,0xff,0xff,0xff,0xff,0xff,0xff,0xff,0xff,0xff,0xff,0xff,0xff,
  0xff,0xff,0xff,0xff,0xff,0xff,0xff,0xff,0xff,0xff,0xff,0xff,0xff,0xff,0xff,0xff,0xff,0xff,0xff,0xff,0xff,0xff,0xff,0xff,
  0xff,0xff,0xff,0xff,0xff,0xff,0xff,0xff,0xff,0xff,0xff,0xff,0xff,0xff,0xff,0xff,0xff,0xff,0xff,0xff,0xff,0xff,0xff,0xff,
  0xff,0xff,0xff,0xff,0xff,0xff,0xff,0xff,0xff,0xff,0xff,0xff,0xff,0xff,0xff,0xff,0xff,0xff,0xff,0xff,0xdf,0xff,0xdf,0xff,
  0xdf,0xff,0xff,0xff,0xdf,0xff,0xdf,0xff,0xdf,0xff,0xdf,0xff,0xdf,0xf7,0xdf,0xf7,0xdf,0xf7,0xdf,0xf7,0xdf,0xf7,0xdf,0xf7,
  0xdf,0xf7,0xdf,0xf7,0xdf,0xf7,0xbf,0xf7,0xbf,0xf7,0xbf,0xf7,0xbf,0xf7,0xbf,0xf7,0xbf,0xef,0xbf,0xef,0xbf,0xef,0xbf,0xef,
  0xbf,0xef,0xbf,0xef,0xbf,0xef,0x9f,0xef,0x9f,0xef,0x9f,0xef,0x9f,0xe7,0x9f,0xe7,0x9f,0xe7,0x9f,0xe7,0x9f,0xe7,0x7f,0xe7,
  0x7f,0xe7,0x7f,0xe7,0x7f,0xe7,0x7f,0xdf,0x7f,0xdf,0x5f,0xdf,0x5f,0xdf,0x5f,0xdf,0x5f,0xdf,0x5f,0xdf,0x5f,0xdf,0x5f,0xdf,
  0x7f,0xdf,0x7f,0xe7,0x7f,0xe7,0x7f,0xe7,0x7f,0xe7,0x7f,0xe7,0x7f,0xe7,0x7f,0xe7,0x7f,0xe7,0x7f,0xe7,0x7f,0xe7,0x9f,0xe7,
  0x9f,0xe7,0x9f,0xe7,0x9f,0xe7,0x9f,0xe7,0x9f,0xe7,0x9f,0xe7,0x9f,0xe7,0x9f,0xe7,0x9f,0xe7,0x9f,0xef,0x9f,0xef,0x9f,0xef,
  0x9f,0xef,0x9f,0xef,0x9f,0xef,0x9f,0xef,0xbf,0xef,0x9f,0xe7,0x3f,0xd7,0x3f,0xd7,0x3f,0xd7,0x3f,0xd7,0x3f,0xd7,0x3f,0xd7,
  0x3f,0xd7,0x3f,0xd7,0x3f,0xd7,0x3f,0xd7,0x3f,0xd7,0x3f,0xd7,0x3f,0xd7,0x3f,0xd7,0x3f,0xd7,0x3f,0xcf,0x5f,0xdf,0xdf,0xf7,
  0xbf,0xf7,0xbf,0xf7,0xbf,0xf7,0xbf,0xf7,0xbf,0xf7,0xbf,0xf7,0xbf,0xf7,0xbf,0xf7,0xbf,0xf7,0xbf,0xf7,0xbf,0xf7,0xbf,0xf7,
  0xbf,0xf7,0xbf,0xef,0xff,0xff,0xff,0xb6,0x5f,0xcf,0xdf,0xff,0xbf,0xef,0xbf,0xf7,0xbf,0xf7,0xbf,0xf7,0xdf,0xf7,0xdf,0xf7,
  0xdf,0xf7,0xdf,0xf7,0xdf,0xf7,0xbf,0xf7,0xdf,0xf7,0xdf,0xf7,0xdf,0xf7,0xdf,0xf7,0xdf,0xf7,0xdf,0xf7,0xdf,0xf7,0xbf,0xf7,
  0xdf,0xf7,0xdf,0xf7,0xdf,0xf7,0xdf,0xf7,0xdf,0xf7,0xdf,0xf7,0xdf,0xf7,0xdf,0xf7,0xdf,0xf7,0xdf,0xf7,0xdf,0xf7,0xdf,0xf7,
  0xdf,0xf7,0xdf,0xf7,0xdf,0xf7,0xdf,0xf7,0xdf,0xf7,0xdf,0xf7,0xdf,0xf7,0xdf,0xf7,0xdf,0xf7,0xdf,0xf7,0xdf,0xf7,0xdf,0xf7,
  0xdf,0xf7,0xdf,0xf7,0xdf,0xf7,0xdf,0xf7,0xdf,0xf7,0xdf,0xf7,0xdf,0xf7,0xdf,0xf7,0xdf,0xf7,0xdf,0xf7,0xdf,0xf7,0xdf,0xf7,
  0xdf,0xf7,0xdf,0xf7,0xdf,0xf7,0xdf,0xf7,0xdf,0xf7,0xdf,0xf7,0xdf,0xf7,0xdf,0xf7,0xdf,0xf7,0xdf,0xf7,0xdf,0xf7,0xdf,0xf7,
  0xdf,0xf7,0xdf,0xf7,0xdf,0xf7,0xdf,0xf7,0xdf,0xf7,0xdf,0xf7,0xdf,0xf7,0xdf,0xf7,0xdf,0xf7,0xdf,0xf7,0xdf,0xf7,0xdf,0xf7,
  0xdf,0xf7,0xdf,0xf7,0xdf,0xf7,0xdf,0xf7,0xdf,0xf7,0xdf,0xf7,0xdf,0xf7,0xdf,0xf7,0xdf,0xf7,0xdf,0xf7,0xdf,0xf7,0xdf,0xf7,
  0xdf,0xf7,0xdf,0xf7,0xdf,0xf7,0xdf,0xf7,0xdf,0xf7,0xdf,0xf7,0xdf,0xf7,0xdf,0xf7,0xdf,0xf7,0xdf,0xff,0xdf,0xff,0xdf,0xff,
  0xdf,0xff,0xdf,0xff,0xdf,0xff,0xdf,0xff,0xdf,0xff,0xdf,0xff,0xdf,0xff,0xff,0xff,0xff,0xff,0xff,0xff,0xff,0xff,0xff,0xff,
  0xff,0xff,0xff,0xff,0xff,0xff,0xff,0xff,0xff,0xff,0xff,0xff,0xff,0xff,0xff,0xff,0xff,0xff,0xff,0xff,0xff,0xff,0xff,0xff,
  0xff,0xff,0xff,0xff,0xff,0xff,0xff,0xff,0xff,0xff,0xff,0xff,0xff,0xff,0xff,0xff,0xff,0xff,0xff,0xff,0xff,0xff,0xff,0xff,
  0xff,0xff,0xff,0xff,0xff,0xff,0xff,0xff,0xff,0xff,0xff,0xff,0xff,0xff,0xff,0xff,0xff,0xff,0xff,0xff,0xff,0xff,0xff,0xff,
  0xff,0xff,0xff,0xff,0xff,0xff,0xff,0xff,0xff,0xff,0xff,0xff,0xff,0xff,0xff,0xff,0xff,0xff,0xff,0xff,0xff,0xff,0xff,0xff,
  0xff,0xff,0xff,0xff,0xff,0xff,0xff,0xff,0xff,0xff,0xff,0xff,0xff,0xff,0xff,0xff,0xff,0xff,0xff,0xff,0xff,0xff,0xff,0xff,
  0xff,0xff,0xff,0xff,0xff,0xff,0xff,0xff,0xff,0xff,0xff,0xff,0xff,0xff,0xff,0xff,0xff,0xff,0xff,0xff,0xff,0xff,0xff,0xff,
  0xff,0xff,0xff,0xff,0xff,0xff,0xff,0xff,0xff,0xff,0xff,0xff,0xff,0xff,0xff,0xff,0xff,0xff,0xff,0xff,0xff,0xff,0xff,0xff,
  0xff,0xff,0xff,0xff,0xff,0xff,0xdf,0xff,0xdf,0xff,0xdf,0xff,0xdf,0xff,0xdf,0xff,0xdf,0xff,0xdf,0xff,0xdf,0xff,0xdf,0xff,
  0xdf,0xff,0xdf,0xf7,0xdf,0xf7,0xdf,0xf7,0xdf,0xf7,0xdf,0xf7,0xdf,0xf7,0xdf,0xf7,0xdf,0xf7,0xdf,0xf7,0xbf,0xf7,0xbf,0xf7,
  0xbf,0xf7,0xdf,0xf7,0xbf,0xf7,0xbf,0xef,0xbf,0xef,0xbf,0xef,0xbf,0xef,0xbf,0xef,0xbf,0xef,0xbf,0xef,0x9f,0xef,0x9f,0xef,
  0x9f,0xef,0x9f,0xef,0x9f,0xe7,0x9f,0xe7,0x9f,0xe7,0x7f,0xe7,0x7f,0xe7,0x7f,0xe7,0x7f,0xe7,0x7f,0xe7,0x7f,0xdf,0x7f,0xdf,
  0x5f,0xdf,0x5f,0xdf,0x5f,0xdf,0x5f,0xdf,0x5f,0xdf,0x5f,0xdf,0x5f,0xdf,0x5f,0xdf,0x5f,0xdf,0x7f,0xdf,0x7f,0xdf,0x7f,0xe7,
  0x7f,0xe7,0x7f,0xe7,0x7f,0xe7,0x7f,0xe7,0x7f,0xe7,0x7f,0xe7,0x7f,0xe7,0x7f,0xe7,0x7f,0xe7,0x7f,0xe7,0x9f,0xe7,0x9f,0xe7,
  0x9f,0xe7,0x9f,0xe7,0x9f,0xe7,0x9f,0xe7,0x9f,0xe7,0x9f,0xe7,0x9f,0xef,0x9f,0xef,0x9f,0xef,0x9f,0xef,0x9f,0xef,0x9f,0xef,
  0xbf,0xef,0xbf,0xef,0x5f,0xdf,0x3f,0xd7,0x3f,0xd7,0x3f,0xd7,0x3f,0xd7,0x3f,0xd7,0x3f,0xd7,0x3f,0xd7,0x3f,0xd7,0x3f,0xd7,
  0x3f,0xd7,0x3f,0xd7,0x3f,0xd7,0x3f,0xd7,0x3f,0xd7,0x3f,0xd7,0x3f,0xd7,0xbf,0xf7,0xbf,0xf7,0xbf,0xf7,0xbf,0xf7,0xbf,0xf7,
  0xbf,0xf7,0xbf,0xf7,0xbf,0xf7,0xbf,0xf7,0xbf,0xf7,0xbf,0xf7,0xbf,0xf7,0xbf,0xf7,0xbf,0xf7,0xbf,0xef,0xdf,0xff,0x1f,0xc7,
  0xff,0xb6,0xff,0xff,0xbf,0xef,0xbf,0xf7,0xbf,0xf7,0xbf,0xf7,0xdf,0xf7,0xbf,0xf7,0xdf,0xf7,0xdf,0xf7,0xbf,0xf7,0xdf,0xf7,
  0xdf,0xf7,0xdf,0xf7,0xbf,0xf7,0xbf,0xf7,0xdf,0xf7,0xdf,0xf7,0xdf,0xf7,0xdf,0xf7,0xdf,0xf7,0xdf,0xf7,0xdf,0xf7,0xdf,0xf7,
  0xdf,0xf7,0xdf,0xf7,0xdf,0xf7,0xdf,0xf7,0xdf,0xf7,0xdf,0xf7,0xdf,0xf7,0xdf,0xf7,0xdf,0xf7,0xdf,0xf7,0xdf,0xf7,0xdf,0xf7,
  0xdf,0xf7,0xdf,0xf7,0xdf,0xf7,0xdf,0xf7,0xdf,0xf7,0xdf,0xf7,0xdf,0xf7,0xbf,0xf7,0xdf,0xf7,0xdf,0xf7,0xdf,0xf7,0xdf,0xf7,
  0xdf,0xf7,0xdf,0xf7,0xdf,0xf7,0xdf,0xf7,0xdf,0xf7,0xdf,0xf7,0xdf,0xf7,0xdf,0xf7,0xdf,0xf7,0xdf,0xf7,0xdf,0xf7,0xdf,0xf7,
  0xdf,0xf7,0xdf,0xf7,0xdf,0xf7,0xdf,0xf7,0xdf,0xf7,0xdf,0xf7,0xdf,0xf7,0xdf,0xf7,0xdf,0xf7,0xdf,0xf7,0xdf,0xf7,0xdf,0xf7,
  0xdf,0xf7,0xdf,0xf7,0xdf,0xf7,0xdf,0xf7,0xdf,0xf7,0xdf,0xf7,0xdf,0xf7,0xdf,0xf7,0xdf,0xf7,0xdf,0xf7,0xdf,0xf7,0xdf,0xf7,
  0xdf,0xf7,0xdf,0xf7,0xdf,0xf7,0xdf,0xf7,0xdf,0xf7,0xdf,0xf7,0xdf,0xf7,0xdf,0xf7,0xdf,0xf7,0xdf,0xf7,0xdf,0xf7,0xdf,0xf7,
  0xdf,0xf7,0xdf,0xf7,0xdf,0xf7,0xdf,0xf7,0xdf,0xff,0xdf,0xf7,0xdf,0xf7,0xdf,0xff,0xdf,0xff,0xdf,0xff,0xdf,0xff,0xdf,0xff,
  0xdf,0xff,0xff,0xff,0xff,0xff,0xdf,0xff,0xff,0xff,0xff,0xff,0xdf,0xff,0xff,0xff,0xff,0xff,0xff,0xff,0xff,0xff,0xff,0xff,
  0xff,0xff,0xff,0xff,0xff,0xff,0xff,0xff,0xff,0xff,0xff,0xff,0xff,0xff,0xff,0xff,0xff,0xff,0xff,0xff,0xff,0xff,0xff,0xff,
  0xff,0xff,0xff,0xff,0xff,0xff,0xff,0xff,0xff,0xff,0xff,0xff,0xff,0xff,0xff,0xff,0xff,0xff,0xff,0xff,0xff,0xff,0xff,0xff,
  0xff,0xff,0xff,0xff,0xff,0xff,0xff,0xff,0xff,0xff,0xff,0xff,0xff,0xff,0xff,0xff,0xff,0xff,0xff,0xff,0xff,0xff,0xff,0xff,
  0xff,0xff,0xff,0xff,0xff,0xff,0xff,0xff,0xff,0xff,0xff,0xff,0xff,0xff,0xff,0xff,0xff,0xff,0xff,0xff,0xff,0xff,0xff,0xff,
  0xff,0xff,0xff,0xff,0xff,0xff,0xff,0xff,0xff,0xff,0xff,0xff,0xff,0xff,0xff,0xff,0xff,0xff,0xff,0xff,0xff,0xff,0xff,0xff,
  0xff,0xff,0xff,0xff,0xff,0xff,0xff,0xff,0xff,0xff,0xff,0xff,0xff,0xff,0xff,0xff,0xff,0xff,0xff,0xff,0xff,0xff,0xff,0xff,
  0xff,0xff,0xff,0xff,0xff,0xff,0xff,0xff,0xff,0xff,0xff,0xff,0xff,0xff,0xff,0xff,0xff,0xff,0xff,0xff,0xdf,0xff,0xdf,0xff,
  0xdf,0xff,0xdf,0xff,0xff,0xff,0xff,0xff,0xdf,0xff,0xdf,0xff,0xdf,0xf7,0xdf,0xf7,0xdf,0xf7,0xdf,0xf7,0xdf,0xf7,0xdf,0xf7,
  0xdf,0xf7,0xdf,0xf7,0xdf,0xf7,0xdf,0xf7,0xdf,0xf7,0xbf,0xf7,0xbf,0xf7,0xbf,0xf7,0xbf,0xf7,0xbf,0xf7,0xbf,0xef,0xbf,0xef,
  0xbf,0xef,0xbf,0xef,0xbf,0xef,0xbf,0xef,0xbf,0xef,0xbf,0xef,0x9f,0xef,0x9f,0xef,0x9f,0xe7,0x9f,0xe7,0x9f,0xe7,0x9f,0xe7,
  0x9f,0xe7,0x7f,0xe7,0x7f,0xe7,0x7f,0xe7,0x7f,0xe7,0x7f,0xe7,0x7f,0xdf,0x7f,0xdf,0x5f,0xdf,0x5f,0xdf,0x5f,0xdf,0x5f,0xdf,
  0x5f,0xdf,0x5f,0xdf,0x5f,0xdf,0x5f,0xdf,0x7f,0xdf,0x7f,0xdf,0x7f,0xdf,0x7f,0xe7,0x7f,0xe7,0x7f,0xe7,0x7f,0xe7,0x7f,0xe7,
  0x7f,0xe7,0x7f,0xe7,0x7f,0xe7,0x7f,0xe7,0x7f,0xe7,0x9f,0xe7,0x9f,0xe7,0x9f,0xe7,0x7f,0xe7,0x9f,0xe7,0x9f,0xe7,0x9f,0xe7,
  0x9f,0xe7,0x9f,0xe7,0x9f,0xe7,0x9f,0xe7,0x9f,0xe7,0x9f,0xef,0x9f,0xef,0x9f,0xef,0x9f,0xef,0xbf,0xef,0x7f,0xe7,0x3f,0xd7,
  0x3f,0xd7,0x3f,0xd7,0x3f,0xd7,0x3f,0xd7,0x3f,0xd7,0x3f,0xd7,0x3f,0xd7,0x3f,0xd7,0x3f,0xd7,0x3f,0xd7,0x3f,0xd7,0x3f,0xd7,
  0x3f,0xd7,0x3f,0xd7,0x3f,0xd7,0x9f,0xef,0xdf,0xf7,0xbf,0xf7,0xbf,0xf7,0xbf,0xf7,0xbf,0xf7,0xbf,0xf7,0xbf,0xf7,0xbf,0xf7,
  0xbf,0xf7,0xbf,0xf7,0xbf,0xf7,0xbf,0xf7,0xbf,0xf7,0xbf,0xf7,0xdf,0xf7,0x7f,0xdf,0x9f,0xa6,0xdf,0xf7,0xbf,0xf7,0xbf,0xf7,
  0xbf,0xf7,0xbf,0xf7,0xdf,0xf7,0xdf,0xf7,0xdf,0xf7,0xdf,0xf7,0xdf,0xf7,0xdf,0xf7,0xbf,0xf7,0xbf,0xf7,0xbf,0xf7,0xbf,0xf7,
  0xbf,0xf7,0xbf,0xf7,0xbf,0xf7,0xbf,0xf7,0xdf,0xf7,0xdf,0xf7,0xdf,0xf7,0xdf,0xf7,0xdf,0xf7,0xdf,0xf7,0xdf,0xf7,0xdf,0xf7,
  0xdf,0xf7,0xdf,0xf7,0xdf,0xf7,0xbf,0xf7,0xbf,0xf7,0xdf,0xf7,0xdf,0xf7,0xdf,0xf7,0xdf,0xf7,0xdf,0xf7,0xdf,0xf7,0xdf,0xf7,
  0xdf,0xf7,0xbf,0xf7,0xbf,0xf7,0xdf,0xf7,0xdf,0xf7,0xdf,0xf7,0xdf,0xf7,0xdf,0xf7,0xdf,0xf7,0xdf,0xf7,0xdf,0xf7,0xdf,0xf7,
  0xdf,0xf7,0xdf,0xf7,0xdf,0xf7,0xdf,0xf7,0xdf,0xf7,0xdf,0xf7,0xdf,0xf7,0xdf,0xf7,0xdf,0xf7,0xdf,0xf7,0xdf,0xf7,0xdf,0xf7,
  0xdf,0xf7,0xdf,0xf7,0xdf,0xf7,0xdf,0xf7,0xdf,0xf7,0xdf,0xf7,0xdf,0xf7,0xdf,0xf7,0xdf,0xf7,0xdf,0xf7,0xdf,0xf7,0xdf,0xf7,
  0xdf,0xf7,0xdf,0xf7,0xdf,0xf7,0xdf,0xf7,0xdf,0xf7,0xdf,0xf7,0xdf,0xf7,0xdf,0xf7,0xdf,0xf7,0xbf,0xf7,0xdf,0xf7,0xdf,0xf7,
  0xdf,0xf7,0xdf,0xf7,0xdf,0xf7,0xdf,0xf7,0xdf,0xf7,0xdf,0xf7,0xdf,0xf7,0xdf,0xf7,0xdf,0xf7,0xdf,0xf7,0xdf,0xf7,0xdf,0xf7,
  0xdf,0xff,0xdf,0xf7,0xdf,0xf7,0xdf,0xff,0xdf,0xff,0xdf,0xff,0xdf,0xff,0xdf,0xff,0xdf,0xff,0xdf,0xff,0xdf,0xff,0xff,0xff,
  0xff,0xff,0xff,0xff,0xff,0xff,0xff,0xff,0xff,0xff,0xff,0xff,0xff,0xff,0xff,0xff,0xff,0xff,0xff,0xff,0xff,0xff,0xff,0xff,
  0xff,0xff,0xff,0xff,0xff,0xff,0xff,0xff,0xff,0xff,0xff,0xff,0xff,0xff,0xff,0xff,0xff,0xff,0xff,0xff,0xff,0xff,0xff,0xff,
  0xff,0xff,0xff,0xff,0xff,0xff,0xff,0xff,0xff,0xff,0xff,0xff,0xff,0xff,0xff,0xff,0xff,0xff,0xff,0xff,0xff,0xff,0xff,0xff,
  0xff,0xff,0xff,0xff,0xff,0xff,0xff,0xff,0xff,0xff,0xff,0xff,0xff,0xff,0xff,0xff,0xff,0xff,0xff,0xff,0xff,0xff,0xff,0xff,
  0xff,0xff,0xff,0xff,0xff,0xff,0xff,0xff,0xff,0xff,0xff,0xff,0xff,0xff,0xff,0xff,0xff,0xff,0xff,0xff,0xff,0xff,0xff,0xff,
  0xff,0xff,0xff,0xff,0xff,0xff,0xff,0xff,0xff,0xff,0xff,0xff,0xff,0xff,0xff,0xff,0xff,0xff,0xff,0xff,0xff,0xff,0xff,0xff,
  0xff,0xff,0xff,0xff,0xff,0xff,0xff,0xff,0xff,0xff,0xff,0xff,0xff,0xff,0xff,0xff,0xff,0xff,0xff,0xff,0xff,0xff,0xff,0xff,
  0xff,0xff,0xff,0xff,0xff,0xff,0xff,0xff,0xdf,0xff,0xff,0xff,0xdf,0xff,0xdf,0xff,0xff,0xff,0xdf,0xff,0xdf,0xff,0xdf,0xff,
  0xdf,0xf7,0xdf,0xf7,0xdf,0xf7,0xdf,0xf7,0xdf,0xf7,0xdf,0xf7,0xdf,0xf7,0xdf,0xf7,0xdf,0xf7,0xdf,0xf7,0xdf,0xf7,0xdf,0xf7,
  0xbf,0xf7,0xbf,0xf7,0xbf,0xf7,0xbf,0xf7,0xbf,0xf7,0xbf,0xef,0xbf,0xef,0xbf,0xef,0xbf,0xef,0xbf,0xef,0xbf,0xef,0xbf,0xef,
  0xbf,0xef,0x9f,0xef,0x9f,0xef,0x9f,0xef,0x9f,0xe7,0x9f,0xe7,0x9f,0xe7,0x9f,0xe7,0x7f,0xe7,0x7f,0xe7,0x7f,0xe7,0x7f,0xe7,
  0x7f,0xe7,0x7f,0xe7,0x7f,0xdf,0x5f,0xdf,0x5f,0xdf,0x5f,0xdf,0x5f,0xdf,0x5f,0xdf,0x5f,0xdf,0x5f,0xdf,0x5f,0xdf,0x5f,0xdf,
  0x5f,0xdf,0x7f,0xdf,0x7f,0xdf,0x7f,0xdf,0x7f,0xdf,0x7f,0xe7,0x7f,0xe7,0x7f,0xe7,0x7f,0xe7,0x7f,0xe7,0x7f,0xe7,0x7f,0xe7,
  0x7f,0xe7,0x7f,0xe7,0x7f,0xe7,0x7f,0xe7,0x7f,0xe7,0x9f,0xe7,0x9f,0xe7,0x9f,0xe7,0x9f,0xe7,0x9f,0xe7,0x9f,0xe7,0x9f,0xe7,
  0x9f,0xe7,0x9f,0xe7,0x9f,0xef,0x9f,0xef,0x9f,0xef,0xbf,0xef,0x9f,0xe7,0x3f,0xd7,0x3f,0xd7,0x3f,0xd7,0x3f,0xd7,0x3f,0xd7,
  0x3f,0xd7,0x3f,0xd7,0x3f,0xd7,0x3f,0xd7,0x3f,0xd7,0x3f,0xd7,0x3f,0xd7,0x3f,0xd7,0x3f,0xd7,0x3f,0xd7,0x3f,0xcf,0x7f,0xe7,
  0xdf,0xf7,0xbf,0xf7,0xbf,0xf7,0xbf,0xf7,0xbf,0xf7,0xbf,0xf7,0xbf,0xf7,0xbf,0xf7,0xbf,0xf7,0xbf,0xf7,0xbf,0xf7,0xbf,0xf7,
  0xbf,0xf7,0xbf,0xf7,0xdf,0xf7,0xbf,0xef,0x9f,0x9e,0xbf,0xef,0xdf,0xf7,0xbf,0xf7,0xbf,0xf7,0xbf,0xf7,0xdf,0xf7,0xdf,0xf7,
  0xdf,0xf7,0xdf,0xf7,0xdf,0xf7,0xbf,0xf7,0xbf,0xf7,0xbf,0xf7,0xbf,0xf7,0xbf,0xf7,0xbf,0xf7,0xbf,0xf7,0xbf,0xf7,0xbf,0xf7,
  0xbf,0xf7,0xbf,0xf7,0xbf,0xf7,0xbf,0xf7,0xdf,0xf7,0xdf,0xf7,0xdf,0xf7,0xbf,0xf7,0xbf,0xf7,0xbf,0xf7,0xbf,0xf7,0xbf,0xf7,
  0xbf,0xf7,0xbf,0xf7,0xbf,0xf7,0xbf,0xf7,0xbf,0xf7,0xbf,0xf7,0xbf,0xf7,0xbf,0xf7,0xbf,0xf7,0xbf,0xf7,0xbf,0xf7,0xbf,0xf7,
  0xbf,0xf7,0xdf,0xf7,0xbf,0xf7,0xbf,0xf7,0xbf,0xf7,0xbf,0xf7,0xbf,0xf7,0xdf,0xf7,0xdf,0xf7,0xdf,0xf7,0xdf,0xf7,0xdf,0xf7,
  0xdf,0xf7,0xdf,0xf7,0xdf,0xf7,0xdf,0xf7,0xbf,0xf7,0xdf,0xf7,0xdf,0xf7,0xdf,0xf7,0xdf,0xf7,0xdf,0xf7,0xdf,0xf7,0xdf,0xf7,
  0xdf,0xf7,0xdf,0xf7,0xdf,0xf7,0xdf,0xf7,0xdf,0xf7,0xdf,0xf7,0xdf,0xf7,0xdf,0xf7,0xdf,0xf7,0xdf,0xf7,0xdf,0xf7,0xdf,0xf7,
  0xdf,0xf7,0xdf,0xf7,0xdf,0xf7,0xdf,0xf7,0xdf,0xf7,0xdf,0xf7,0xdf,0xf7,0xbf,0xf7,0xdf,0xf7,0xdf,0xf7,0xdf,0xf7,0xdf,0xf7,
  0xdf,0xf7,0xdf,0xf7,0xdf,0xf7,0xdf,0xf7,0xdf,0xf7,0xdf,0xf7,0xdf,0xf7,0xdf,0xf7,0xdf,0xf7,0xdf,0xf7,0xdf,0xff,0xdf,0xff,
  0xdf,0xff,0xdf,0xff,0xdf,0xff,0xdf,0xff,0xdf,0xff,0xdf,0xff,0xdf,0xff,0xdf,0xff,0xff,0xff,0xff,0xff,0xff,0xff,0xff,0xff,
  0xff,0xff,0xff,0xff,0xdf,0xff,0xff,0xff,0xff,0xff,0xff,0xff,0xff,0xff,0xff,0xff,0xff,0xff,0xff,0xff,0xff,0xff,0xff,0xff,
  0xff,0xff,0xff,0xff,0xff,0xff,0xff,0xff,0xff,0xff,0xff,0xff,0xff,0xff,0xff,0xff,0xff,0xff,0xff,0xff,0xff,0xff,0xff,0xff,
  0xff,0xff,0xff,0xff,0xff,0xff,0xff,0xff,0xff,0xff,0xff,0xff,0xff,0xff,0xff,0xff,0xff,0xff,0xff,0xff,0xff,0xff,0xff,0xff,
  0xff,0xff,0xff,0xff,0xff,0xff,0xff,0xff,0xff,0xff,0xff,0xff,0xff,0xff,0xff,0xff,0xff,0xff,0xff,0xff,0xff,0xff,0xff,0xff,
  0xff,0xff,0xff,0xff,0xff,0xff,0xff,0xff,0xff,0xff,0xff,0xff,0xff,0xff,0xff,0xff,0xff,0xff,0xff,0xff,0xff,0xff,0xff,0xff,
  0xff,0xff,0xff,0xff,0xff,0xff,0xff,0xff,0xff,0xff,0xff,0xff,0xff,0xff,0xff,0xff,0xff,0xff,0xff,0xff,0xff,0xff,0xff,0xff,
  0xff,0xff,0xff,0xff,0xff,0xff,0xff,0xff,0xff,0xff,0xff,0xff,0xff,0xff,0xff,0xff,0xff,0xff,0xdf,0xff,0xdf,0xff,0xdf,0xff,
  0xdf,0xff,0xdf,0xff,0xff,0xff,0xdf,0xff,0xff,0xff,0xdf,0xff,0xdf,0xff,0xdf,0xf7,0xdf,0xf7,0xdf,0xf7,0xdf,0xf7,0xdf,0xf7,
  0xdf,0xf7,0xdf,0xf7,0xdf,0xf7,0xdf,0xf7,0xdf,0xf7,0xdf,0xf7,0xbf,0xf7,0xbf,0xf7,0xbf,0xf7,0xbf,0xf7,0xbf,0xef,0xbf,0xef,
  0xbf,0xef,0xbf,0xef,0xbf,0xef,0xbf,0xef,0xbf,0xef,0xbf,0xef,0xbf,0xef,0xbf,0xef,0xbf,0xef,0x9f,0xef,0x9f,0xef,0x9f,0xe7,
  0x9f,0xe7,0x9f,0xe7,0x9f,0xe7,0x9f,0xe7,0x7f,0xe7,0x7f,0xe7,0x7f,0xe7,0x7f,0xe7,0x7f,0xe7,0x7f,0xdf,0x7f,0xdf,0x5f,0xdf,
  0x5f,0xdf,0x5f,0xdf,0x5f,0xdf,0x5f,0xdf,0x5f,0xdf,0x5f,0xdf,0x5f,0xdf,0x5f,0xdf,0x5f,0xdf,0x7f,0xdf,0x5f,0xdf,0x7f,0xdf,
  0x7f,0xdf,0x7f,0xe7,0x7f,0xe7,0x7f,0xe7,0x7f,0xe7,0x7f,0xe7,0x7f,0xe7,0x7f,0xe7,0x7f,0xe7,0x7f,0xe7,0x7f,0xe7,0x7f,0xe7,
  0x7f,0xe7,0x9f,0xe7,0x9f,0xe7,0x9f,0xe7,0x9f,0xe7,0x9f,0xe7,0x9f,0xe7,0x9f,0xe7,0x9f,0xe7,0x9f,0xe7,0x9f,0xe7,0x9f,0xef,
  0x9f,0xef,0x9f,0xef,0x9f,0xef,0x3f,0xd7,0x3f,0xd7,0x3f,0xd7,0x3f,0xd7,0x3f,0xd7,0x3f,0xd7,0x3f,0xd7,0x3f,0xd7,0x3f,0xd7,
  0x3f,0xd7,0x3f,0xd7,0x3f,0xd7,0x3f,0xd7,0x3f,0xd7,0x3f,0xd7,0x3f,0xcf,0x5f,0xdf,0xdf,0xf7,0xbf,0xf7,0xbf,0xf7,0xbf,0xf7,
  0xbf,0xf7,0xbf,0xf7,0xbf,0xf7,0xbf,0xf7,0xbf,0xf7,0xbf,0xf7,0xbf,0xf7,0xbf,0xf7,0xbf,0xf7,0xbf,0xf7,0xbf,0xf7,0xdf,0xf7,
  0xbf,0xa6,0x7f,0xdf,0xdf,0xf7,0xbf,0xf7,0xbf,0xf7,0xbf,0xf7,0xbf,0xf7,0xdf,0xf7,0xdf,0xf7,0xdf,0xf7,0xbf,0xf7,0xbf,0xf7,
  0xbf,0xf7,0xbf,0xf7,0xbf,0xf7,0xbf,0xf7,0xbf,0xf7,0xbf,0xf7,0xbf,0xf7,0xbf,0xf7,0xbf,0xf7,0xbf,0xf7,0xbf,0xf7,0xbf,0xf7,
  0xbf,0xf7,0xdf,0xf7,0xbf,0xf7,0xbf,0xf7,0xbf,0xf7,0xbf,0xf7,0xbf,0xf7,0xdf,0xf7,0xbf,0xf7,0xdf,0xf7,0xbf,0xf7,0xbf,0xf7,
  0xbf,0xf7,0xbf,0xf7,0xbf,0xf7,0xbf,0xf7,0xbf,0xf7,0xbf,0xf7,0xbf,0xf7,0xbf,0xf7,0xbf,0xf7,0xdf,0xf7,0xbf,0xf7,0xbf,0xf7,
  0xbf,0xf7,0xbf,0xf7,0xbf,0xf7,0xdf,0xf7,0xdf,0xf7,0xdf,0xf7,0xdf,0xf7,0xbf,0xf7,0xdf,0xf7,0xbf,0xf7,0xdf,0xf7,0xdf,0xf7,
  0xbf,0xf7,0xdf,0xf7,0xbf,0xf7,0xbf,0xf7,0xdf,0xf7,0xdf,0xf7,0xdf,0xf7,0xdf,0xf7,0xbf,0xf7,0xdf,0xf7,0xdf,0xf7,0xdf,0xf7,
  0xdf,0xf7,0xdf,0xf7,0xdf,0xf7,0xdf,0xf7,0xdf,0xf7,0xdf,0xf7,0xdf,0xf7,0xdf,0xf7,0xdf,0xf7,0xdf,0xf7,0xdf,0xf7,0xdf,0xf7,
  0xdf,0xf7,0xdf,0xf7,0xdf,0xf7,0xdf,0xf7,0xdf,0xf7,0xdf,0xf7,0xdf,0xf7,0xdf,0xf7,0xdf,0xf7,0xdf,0xf7,0xdf,0xf7,0xdf,0xf7,
  0xdf,0xf7,0xdf,0xf7,0xdf,0xf7,0xdf,0xf7,0xdf,0xf7,0xdf,0xf7,0xdf,0xf7,0xdf,0xf7,0xdf,0xff,0xdf,0xff,0xdf,0xff,0xdf,0xff,
  0xdf,0xff,0xdf,0xff,0xdf,0xff,0xdf,0xff,0xff,0xff,0xff,0xff,0xff,0xff,0xff,0xff,0xff,0xff,0xff,0xff,0xff,0xff,0xff,0xff,
  0xff,0xff,0xff,0xff,0xff,0xff,0xff,0xff,0xff,0xff,0xff,0xff,0xff,0xff,0xff,0xff,0xff,0xff,0xff,0xff,0xff,0xff,0xff,0xff,
  0xff,0xff,0xff,0xff,0xff,0xff,0xff,0xff,0xff,0xff,0xff,0xff,0xff,0xff,0xff,0xff,0xff,0xff,0xff,0xff,0xff,0xff,0xff,0xff,
  0xff,0xff,0xff,0xff,0xff,0xff,0xff,0xff,0xff,0xff,0xff,0xff,0xff,0xff,0xff,0xff,0xff,0xff,0xff,0xff,0xff,0xff,0xff,0xff,
  0xff,0xff,0xff,0xff,0xff,0xff,0xff,0xff,0xff,0xff,0xff,0xff,0xff,0xff,0xff,0xff,0xff,0xff,0xff,0xff,0xff,0xff,0xff,0xff,
  0xff,0xff,0xff,0xff,0xff,0xff,0xff,0xff,0xff,0xff,0xff,0xff,0xff,0xff,0xff,0xff,0xff,0xff,0xff,0xff,0xff,0xff,0xff,0xff,
  0xff,0xff,0xff,0xff,0xff,0xff,0xff,0xff,0xff,0xff,0xff,0xff,0xff,0xff,0xff,0xff,0xff,0xff,0xff,0xff,0xff,0xff,0xff,0xff,
  0xff,0xff,0xff,0xff,0xff,0xff,0xff,0xff,0xff,0xff,0xff,0xff,0xdf,0xff,0xdf,0xff,0xdf,0xff,0xdf,0xff,0xdf,0xff,0xdf,0xff,
  0xdf,0xff,0xdf,0xff,0xdf,0xf7,0xdf,0xf7,0xdf,0xf7,0xdf,0xf7,0xdf,0xf7,0xdf,0xf7,0xdf,0xf7,0xdf,0xf7,0xdf,0xf7,0xdf,0xf7,
  0xdf,0xf7,0xdf,0xf7,0xbf,0xf7,0xbf,0xf7,0xbf,0xf7,0xbf,0xef,0xbf,0xf7,0xbf,0xef,0xbf,0xef,0xbf,0xef,0xbf,0xef,0xbf,0xef,
  0xbf,0xef,0xbf,0xef,0xbf,0xef,0x9f,0xef,0x9f,0xef,0x9f,0xef,0x9f,0xef,0x9f,0xe7,0x9f,0xe7,0x9f,0xe7,0x7f,0xe7,0x9f,0xe7,
  0x7f,0xe7,0x7f,0xe7,0x7f,0xe7,0x7f,0xe7,0x7f,0xdf,0x7f,0xdf,0x5f,0xdf,0x5f,0xdf,0x5f,0xdf,0x5f,0xdf,0x5f,0xdf,0x5f,0xdf,
  0x5f,0xdf,0x5f,0xdf,0x5f,0xdf,0x5f,0xdf,0x5f,0xdf,0x5f,0xdf,0x7f,0xdf,0x7f,0xdf,0x5f,0xdf,0x7f,0xdf,0x7f,0xe7,0x7f,0xe7,
  0x7f,0xe7,0x7f,0xe7,0x7f,0xe7,0x7f,0xe7,0x7f,0xe7,0x7f,0xe7,0x7f,0xe7,0x7f,0xe7,0x7f,0xe7,0x9f,0xe7,0x9f,0xe7,0x9f,0xe7,
  0x9f,0xe7,0x9f,0xe7,0x7f,0xe7,0x9f,0xe7,0x9f,0xe7,0x9f,0xe7,0x9f,0xe7,0x9f,0xef,0x9f,0xef,0x9f,0xef,0xbf,0xef,0x5f,0xdf,
  0x3f,0xd7,0x3f,0xd7,0x3f,0xd7,0x3f,0xd7,0x3f,0xd7,0x3f,0xd7,0x3f,0xd7,0x3f,0xd7,0x3f,0xd7,0x3f,0xd7,0x3f,0xd7,0x3f,0xd7,
  0x3f,0xd7,0x3f,0xd7,0x3f,0xd7,0x3f,0xd7,0xdf,0xf7,0xbf,0xf7,0xbf,0xf7,0xbf,0xf7,0xbf,0xf7,0xbf,0xf7,0xbf,0xef,0xbf,0xf7,
  0xbf,0xf7,0xbf,0xf7,0xbf,0xf7,0xbf,0xf7,0xbf,0xf7,0xbf,0xf7,0xbf,0xef,0xdf,0xff,0xdf,0xae,0x5f,0xcf,0xdf,0xff,0xbf,0xf7,
  0xbf,0xf7,0xbf,0xef,0xbf,0xf7,0xdf,0xf7,0xbf,0xf7,0xbf,0xf7,0xbf,0xf7,0xbf,0xf7,0xbf,0xf7,0xbf,0xf7,0xbf,0xf7,0xbf,0xf7,
  0xbf,0xf7,0xbf,0xf7,0xbf,0xf7,0xbf,0xf7,0xbf,0xf7,0xbf,0xf7,0xbf,0xf7,0xdf,0xf7,0xdf,0xf7,0xdf,0xf7,0xbf,0xf7,0xbf,0xf7,
  0xbf,0xf7,0xbf,0xf7,0xbf,0xf7,0xbf,0xf7,0xbf,0xf7,0xbf,0xf7,0xbf,0xf7,0xbf,0xf7,0xdf,0xf7,0xbf,0xf7,0xbf,0xf7,0xbf,0xf7,
  0xbf,0xf7,0xbf,0xf7,0xbf,0xf7,0xbf,0xf7,0xbf,0xf7,0xbf,0xf7,0xbf,0xf7,0xbf,0xf7,0xbf,0xf7,0xbf,0xf7,0xbf,0xf7,0xbf,0xf7,
  0xbf,0xf7,0xbf,0xf7,0xbf,0xf7,0xdf,0xf7,0xbf,0xf7,0xbf,0xf7,0xbf,0xf7,0xbf,0xf7,0xbf,0xf7,0xbf,0xf7,0xbf,0xf7,0xbf,0xf7,
  0xbf,0xf7,0xdf,0xf7,0xdf,0xf7,0xdf,0xf7,0xdf,0xf7,0xbf,0xf7,0xbf,0xf7,0xdf,0xf7,0xbf,0xf7,0xbf,0xf7,0xdf,0xf7,0xdf,0xf7,
  0xdf,0xf7,0xdf,0xf7,0xdf,0xf7,0xdf,0xf7,0xdf,0xf7,0xdf,0xf7,0xdf,0xf7,0xdf,0xf7,0xdf,0xf7,0xdf,0xf7,0xdf,0xf7,0xdf,0xf7,
  0xdf,0xf7,0xdf,0xf7,0xdf,0xf7,0xdf,0xf7,0xdf,0xf7,0xdf,0xf7,0xdf,0xf7,0xdf,0xf7,0xdf,0xf7,0xdf,0xf7,0xdf,0xf7,0xdf,0xf7,
  0xdf,0xf7,0xdf,0xf7,0xdf,0xff,0xdf,0xf7,0xdf,0xff,0xdf,0xff,0xdf,0xff,0xdf,0xff,0xdf,0xff,0xdf,0xff,0xdf,0xff,0xff,0xff,
  0xff,0xff,0xdf,0xff,0xff,0xff,0xdf,0xff,0xff,0xff,0xff,0xff,0xff,0xff,0xff,0xff,0xff,0xff,0xff,0xff,0xff,0xff,0xff,0xff,
  0xff,0xff,0xff,0xff,0xff,0xff,0xff,0xff,0xff,0xff,0xff,0xff,0xff,0xff,0xff,0xff,0xff,0xff,0xff,0xff,0xff,0xff,0xff,0xff,
  0xff,0xff,0xff,0xff,0xff,0xff,0xff,0xff,0xff,0xff,0xff,0xff,0xff,0xff,0xff,0xff,0xff,0xff,0xff,0xff,0xff,0xff,0xff,0xff,
  0xff,0xff,0xff,0xff,0xff,0xff,0xff,0xff,0xff,0xff,0xff,0xff,0xff,0xff,0xff,0xff,0xff,0xff,0xff,0xff,0xff,0xff,0xff,0xff,
  0xff,0xff,0xff,0xff,0xff,0xff,0xff,0xff,0xff,0xff,0xff,0xff,0xff,0xff,0xff,0xff,0xff,0xff,0xff,0xff,0xff,0xff,0xff,0xff,
  0xff,0xff,0xff,0xff,0xff,0xff,0xff,0xff,0xff,0xff,0xff,0xff,0xff,0xff,0xff,0xff,0xff,0xff,0xff,0xff,0xff,0xff,0xff,0xff,
  0xff,0xff,0xff,0xff,0xff,0xff,0xff,0xff,0xff,0xff,0xff,0xff,0xff,0xff,0xff,0xff,0xff,0xff,0xdf,0xff,0xdf,0xff,0xff,0xff,
  0xff,0xff,0xdf,0xff,0xff,0xff,0xdf,0xff,0xdf,0xff,0xdf,0xff,0xdf,0xff,0xdf,0xf7,0xdf,0xf7,0xdf,0xf7,0xdf,0xf7,0xdf,0xf7,
  0xdf,0xf7,0xdf,0xf7,0xdf,0xf7,0xdf,0xf7,0xdf,0xf7,0xdf,0xf7,0xdf,0xf7,0xdf,0xf7,0xbf,0xf7,0xbf,0xf7,0xbf,0xf7,0xbf,0xf7,
  0xbf,0xef,0xbf,0xef,0xbf,0xef,0xbf,0xef,0xbf,0xef,0xbf,0xef,0xbf,0xef,0xbf,0xef,0xbf,0xef,0xbf,0xef,0xbf,0xef,0x9f,0xef,
  0x9f,0xef,0x9f,0xef,0x9f,0xe7,0x9f,0xe7,0x9f,0xe7,0x9f,0xe7,0x7f,0xe7,0x7f,0xe7,0x7f,0xe7,0x7f,0xe7,0x7f,0xe7,0x7f,0xe7,
  0x7f,0xdf,0x7f,0xdf,0x5f,0xdf,0x5f,0xdf,0x5f,0xdf,0x5f,0xdf,0x5f,0xdf,0x5f,0xdf,0x5f,0xdf,0x5f,0xdf,0x5f,0xdf,0x5f,0xdf,
  0x5f,0xdf,0x5f,0xdf,0x5f,0xdf,0x5f,0xdf,0x7f,0xdf,0x7f,0xdf,0x7f,0xdf,0x7f,0xe7,0x7f,0xe7,0x7f,0xe7,0x7f,0xe7,0x7f,0xe7,
  0x7f,0xe7,0x7f,0xe7,0x7f,0xe7,0x7f,0xe7,0x7f,0xe7,0x7f,0xe7,0x7f,0xe7,0x7f,0xe7,0x7f,0xe7,0x9f,0xe7,0x7f,0xe7,0x7f,0xe7,
  0x9f,0xe7,0x9f,0xe7,0x9f,0xe7,0x9f,0xe7,0x9f,0xe7,0x9f,0xe7,0x9f,0xef,0x7f,0xe7,0x3f,0xd7,0x3f,0xd7,0x3f,0xd7,0x3f,0xd7,
  0x3f,0xd7,0x3f,0xd7,0x3f,0xd7,0x3f,0xd7,0x3f,0xd7,0x3f,0xd7,0x3f,0xd7,0x3f,0xd7,0x3f,0xd7,0x3f,0xd7,0x3f,0xd7,0x3f,0xd7,
  0xbf,0xef,0xbf,0xf7,0xbf,0xf7,0xbf,0xf7,0xbf,0xf7,0xbf,0xf7,0xbf,0xf7,0xbf,0xef,0xbf,0xef,0xbf,0xf7,0xbf,0xf7,0xbf,0xf7,
  0xbf,0xf7,0xbf,0xf7,0xbf,0xef,0xdf,0xff,0xff,0xb6,0xff,0xbe,0xff,0xff,0xbf,0xef,0xbf,0xf7,0xbf,0xef,0xbf,0xf7,0xbf,0xf7,
  0xbf,0xf7,0xbf,0xf7,0xbf,0xf7,0xbf,0xf7,0xbf,0xf7,0xbf,0xf7,0xbf,0xf7,0xbf,0xf7,0xbf,0xf7,0xbf,0xf7,0xbf,0xf7,0xbf,0xf7,
  0xbf,0xf7,0xbf,0xf7,0xbf,0xf7,0xbf,0xf7,0xdf,0xf7,0xdf,0xf7,0xbf,0xf7,0xbf,0xf7,0xbf,0xf7,0xbf,0xf7,0xbf,0xf7,0xbf,0xf7,
  0xbf,0xf7,0xbf,0xf7,0xbf,0xf7,0xbf,0xf7,0xbf,0xf7,0xbf,0xf7,0xbf,0xf7,0xbf,0xf7,0xbf,0xf7,0xbf,0xf7,0xbf,0xf7,0xbf,0xf7,
  0xbf,0xf7,0xbf,0xf7,0xbf,0xf7,0xbf,0xf7,0xbf,0xf7,0xbf,0xf7,0xbf,0xf7,0xbf,0xf7,0xbf,0xf7,0xbf,0xf7,0xbf,0xf7,0xbf,0xf7,
  0xbf,0xf7,0xbf,0xf7,0xbf,0xf7,0xbf,0xf7,0xbf,0xf7,0xbf,0xf7,0xbf,0xf7,0xbf,0xf7,0xbf,0xf7,0xdf,0xf7,0xdf,0xf7,0xdf,0xf7,
  0xbf,0xf7,0xbf,0xf7,0xbf,0xf7,0xbf,0xf7,0xdf,0xf7,0xbf,0xf7,0xbf,0xf7,0xbf,0xf7,0xbf,0xf7,0xdf,0xf7,0xbf,0xf7,0xbf,0xf7,
  0xdf,0xf7,0xdf,0xf7,0xbf,0xf7,0xdf,0xf7,0xbf,0xf7,0xdf,0xf7,0xbf,0xf7,0xdf,0xf7,0xdf,0xf7,0xdf,0xf7,0xdf,0xf7,0xdf,0xf7,
  0xdf,0xf7,0xdf,0xf7,0xdf,0xf7,0xdf,0xf7,0xdf,0xf7,0xdf,0xf7,0xdf,0xf7,0xdf,0xf7,0xdf,0xf7,0xdf,0xf7,0xdf,0xf7,0xdf,0xf7,
  0xdf,0xf7,0xdf,0xff,0xdf,0xff,0xdf,0xff,0xdf,0xff,0xdf,0xff,0xdf,0xff,0xdf,0xff,0xdf,0xff,0xdf,0xff,0xff,0xff,0xff,0xff,
  0xff,0xff,0xff,0xff,0xdf,0xff,0xff,0xff,0xff,0xff,0xff,0xff,0xff,0xff,0xff,0xff,0xff,0xff,0xff,0xff,0xff,0xff,0xff,0xff,
  0xff,0xff,0xff,0xff,0xff,0xff,0xff,0xff,0xff,0xff,0xff,0xff,0xff,0xff,0xff,0xff,0xff,0xff,0xff,0xff,0xff,0xff,0xff,0xff,
  0xff,0xff,0xff,0xff,0xff,0xff,0xff,0xff,0xff,0xff,0xff,0xff,0xff,0xff,0xff,0xff,0xff,0xff,0xff,0xff,0xff,0xff,0xff,0xff,
  0xff,0xff,0xff,0xff,0xff,0xff,0xff,0xff,0xff,0xff,0xff,0xff,0xff,0xff,0xff,0xff,0xff,0xff,0xff,0xff,0xff,0xff,0xff,0xff,
  0xff,0xff,0xff,0xff,0xff,0xff,0xff,0xff,0xff,0xff,0xff,0xff,0xff,0xff,0xff,0xff,0xff,0xff,0xff,0xff,0xff,0xff,0xff,0xff,
  0xff,0xff,0xff,0xff,0xff,0xff,0xff,0xff,0xff,0xff,0xff,0xff,0xff,0xff,0xff,0xff,0xff,0xff,0xff,0xff,0xff,0xff,0xff,0xff,
  0xff,0xff,0xdf,0xff,0xdf,0xff,0xff,0xff,0xdf,0xff,0xdf,0xff,0xdf,0xff,0xff,0xff,0xdf,0xff,0xdf,0xff,0xdf,0xff,0xdf,0xff,
  0xdf,0xff,0xdf,0xff,0xdf,0xf7,0xdf,0xf7,0xdf,0xf7,0xdf,0xf7,0xdf,0xf7,0xdf,0xf7,0xdf,0xf7,0xdf,0xf7,0xdf,0xf7,0xdf,0xf7,
  0xdf,0xf7,0xdf,0xf7,0xdf,0xf7,0xdf,0xf7,0xbf,0xf7,0xbf,0xf7,0xbf,0xf7,0xbf,0xf7,0xbf,0xef,0xbf,0xef,0xbf,0xef,0xbf,0xef,
  0xbf,0xef,0xbf,0xef,0xbf,0xef,0xbf,0xef,0xbf,0xef,0x9f,0xef,0x9f,0xef,0x9f,0xef,0x9f,0xef,0x9f,0xe7,0x9f,0xe7,0x9f,0xe7,
  0x9f,0xe7,0x7f,0xe7,0x7f,0xe7,0x7f,0xe7,0x7f,0xe7,0x7f,0xe7,0x7f,0xe7,0x7f,0xdf,0x7f,0xdf,0x5f,0xdf,0x5f,0xdf,0x5f,0xdf,
  0x5f,0xdf,0x5f,0xdf,0x5f,0xdf,0x5f,0xdf,0x5f,0xdf,0x5f,0xdf,0x5f,0xdf,0x5f,0xdf,0x5f,0xdf,0x5f,0xdf,0x5f,0xdf,0x5f,0xdf,
  0x5f,0xdf,0x5f,0xdf,0x7f,0xdf,0x7f,0xdf,0x7f,0xe7,0x7f,0xe7,0x7f,0xe7,0x7f,0xe7,0x7f,0xe7,0x7f,0xe7,0x7f,0xe7,0x7f,0xe7,
  0x7f,0xe7,0x7f,0xe7,0x7f,0xe7,0x7f,0xe7,0x7f,0xe7,0x7f,0xe7,0x7f,0xe7,0x9f,0xe7,0x7f,0xe7,0x9f,0xe7,0x9f,0xe7,0x9f,0xe7,
  0x9f,0xe7,0x9f,0xe7,0x9f,0xe7,0x9f,0xe7,0x3f,0xd7,0x3f,0xd7,0x3f,0xd7,0x3f,0xd7,0x3f,0xd7,0x3f,0xd7,0x3f,0xd7,0x3f,0xd7,
  0x3f,0xd7,0x3f,0xd7,0x3f,0xd7,0x3f,0xd7,0x3f,0xd7,0x3f,0xd7,0x3f,0xd7,0x3f,0xd7,0x9f,0xef,0xbf,0xf7,0xbf,0xf7,0xbf,0xf7,
  0xbf,0xf7,0xbf,0xef,0xbf,0xef,0xbf,0xef,0xbf,0xef,0xbf,0xef,0xbf,0xf7,0xbf,0xf7,0xbf,0xf7,0xbf,0xf7,0xbf,0xef,0xdf,0xff,
  0x3f,0xc7,0xdf,0xae,0xff,0xff,0xbf,0xef,0xbf,0xf7,0xbf,0xef,0xbf,0xf7,0xbf,0xf7,0xbf,0xf7,0xbf,0xf7,0xbf,0xf7,0xbf,0xf7,
  0xbf,0xf7,0xbf,0xf7,0xbf,0xf7,0xbf,0xf7,0xbf,0xf7,0xbf,0xf7,0xbf,0xf7,0xbf,0xf7,0xbf,0xf7,0xbf,0xf7,0xbf,0xf7,0xbf,0xf7,
  0xbf,0xf7,0xbf,0xf7,0xbf,0xf7,0xbf,0xf7,0xbf,0xf7,0xbf,0xf7,0xbf,0xf7,0xbf,0xf7,0xbf,0xf7,0xbf,0xf7,0xbf,0xf7,0xbf,0xf7,
  0xbf,0xf7,0xbf,0xf7,0xbf,0xf7,0xbf,0xf7,0xbf,0xf7,0xbf,0xf7,0xbf,0xf7,0xbf,0xf7,0xbf,0xf7,0xbf,0xf7,0xbf,0xf7,0xbf,0xf7,
  0xbf,0xf7,0xbf,0xf7,0xbf,0xf7,0xbf,0xf7,0xbf,0xf7,0xbf,0xf7,0xbf,0xf7,0xbf,0xf7,0xbf,0xf7,0xbf,0xf7,0xbf,0xf7,0xbf,0xf7,
  0xbf,0xf7,0xbf,0xf7,0xbf,0xf7,0xbf,0xf7,0xbf,0xf7,0xbf,0xf7,0xbf,0xf7,0xdf,0xf7,0xbf,0xf7,0xbf,0xf7,0xbf,0xf7,0xbf,0xf7,
  0xbf,0xf7,0xbf,0xf7,0xbf,0xf7,0xdf,0xf7,0xbf,0xf7,0xbf,0xf7,0xbf,0xf7,0xdf,0xf7,0xbf,0xf7,0xbf,0xf7,0xbf,0xf7,0xbf,0xf7,
  0xbf,0xf7,0xbf,0xf7,0xbf,0xf7,0xdf,0xf7,0xdf,0xf7,0xdf,0xf7,0xdf,0xf7,0xdf,0xf7,0xdf,0xf7,0xdf,0xf7,0xdf,0xf7,0xdf,0xf7,
  0xdf,0xf7,0xdf,0xf7,0xdf,0xf7,0xdf,0xf7,0xdf,0xf7,0xdf,0xf7,0xdf,0xf7,0xdf,0xf7,0xdf,0xf7,0xdf,0xf7,0xdf,0xff,0xdf,0xff,
  0xdf,0xff,0xdf,0xff,0xdf,0xff,0xdf,0xff,0xdf,0xff,0xdf,0xff,0xdf,0xff,0xff,0xff,0xff,0xff,0xff,0xff,0xff,0xff,0xff,0xff,
  0xff,0xff,0xff,0xff,0xff,0xff,0xff,0xff,0xff,0xff,0xff,0xff,0xff,0xff,0xff,0xff,0xff,0xff,0xff,0xff,0xff,0xff,0xff,0xff,
  0xff,0xff,0xff,0xff,0xff,0xff,0xff,0xff,0xff,0xff,0xff,0xff,0xff,0xff,0xff,0xff,0xff,0xff,0xff,0xff,0xff,0xff,0xff,0xff,
  0xff,0xff,0xff,0xff,0xff,0xff,0xff,0xff,0xff,0xff,0xff,0xff,0xff,0xff,0xff,0xff,0xff,0xff,0xff,0xff,0xff,0xff,0xff,0xff,
  0xff,0xff,0xff,0xff,0xff,0xff,0xff,0xff,0xff,0xff,0xff,0xff,0xff,0xff,0xff,0xff,0xff,0xff,0xff,0xff,0xff,0xff,0xff,0xff,
  0xff,0xff,0xff,0xff,0xff,0xff,0xff,0xff,0xff,0xff,0xff,0xff,0xff,0xff,0xff,0xff,0xff,0xff,0xff,0xff,0xff,0xff,0xff,0xff,
  0xff,0xff,0xff,0xff,0xff,0xff,0xff,0xff,0xff,0xff,0xff,0xff,0xff,0xff,0xff,0xff,0xff,0xff,0xdf,0xff,0xdf,0xff,0xdf,0xff,
  0xdf,0xff,0xdf,0xff,0xdf,0xff,0xdf,0xff,0xdf,0xff,0xdf,0xff,0xdf,0xff,0xdf,0xff,0xdf,0xf7,0xdf,0xf7,0xdf,0xf7,0xdf,0xf7,
  0xdf,0xf7,0xdf,0xf7,0xdf,0xf7,0xdf,0xf7,0xdf,0xf7,0xdf,0xf7,0xdf,0xf7,0xdf,0xf7,0xdf,0xf7,0xbf,0xf7,0xdf,0xf7,0xbf,0xf7,
  0xbf,0xf7,0xbf,0xf7,0xbf,0xf7,0xbf,0xef,0xbf,0xef,0xbf,0xef,0xbf,0xef,0xbf,0xef,0xbf,0xef,0xbf,0xef,0xbf,0xef,0x9f,0xef,
  0x9f,0xef,0x9f,0xef,0x9f,0xef,0x9f,0xe7,0x9f,0xe7,0x9f,0xe7,0x9f,0xe7,0x9f,0xe7,0x9f,0xe7,0x7f,0xe7,0x7f,0xe7,0x7f,0xe7,
  0x7f,0xe7,0x7f,0xe7,0x7f,0xdf,0x7f,0xdf,0x5f,0xdf,0x5f,0xdf,0x5f,0xdf,0x5f,0xdf,0x5f,0xdf,0x5f,0xdf,0x5f,0xdf,0x5f,0xdf,
  0x5f,0xdf,0x5f,0xdf,0x5f,0xdf,0x5f,0xdf,0x5f,0xdf,0x5f,0xdf,0x5f,0xdf,0x5f,0xdf,0x5f,0xdf,0x5f,0xdf,0x7f,0xdf,0x7f,0xdf,
  0x7f,0xe7,0x7f,0xe7,0x7f,0xe7,0x7f,0xe7,0x7f,0xe7,0x7f,0xe7,0x7f,0xe7,0x7f,0xe7,0x7f,0xe7,0x7f,0xe7,0x7f,0xe7,0x7f,0xe7,
  0x7f,0xe7,0x7f,0xe7,0x9f,0xe7,0x9f,0xe7,0x9f,0xe7,0x9f,0xe7,0x9f,0xe7,0x9f,0xe7,0x9f,0xe7,0x9f,0xe7,0x9f,0xe7,0x9f,0xef,
  0x5f,0xd7,0x3f,0xd7,0x3f,0xd7,0x3f,0xd7,0x3f,0xd7,0x3f,0xd7,0x3f,0xd7,0x3f,0xd7,0x3f,0xd7,0x3f,0xd7,0x3f,0xd7,0x3f,0xd7,
  0x3f,0xd7,0x3f,0xd7,0x3f,0xd7,0x3f,0xd7,0x7f,0xe7,0xdf,0xf7,0xbf,0xef,0xbf,0xf7,0xbf,0xef,0xbf,0xef,0xbf,0xef,0xbf,0xef,
  0xbf,0xef,0xbf,0xf7,0xbf,0xef,0xbf,0xf7,0xbf,0xf7,0xbf,0xef,0xbf,0xef,0xdf,0xf7,0x5f,0xd7,0xbf,0xa6,0xdf,0xf7,0xbf,0xef,
  0xbf,0xf7,0xbf,0xf7,0xbf,0xf7,0xbf,0xf7,0xbf,0xf7,0xbf,0xf7,0xbf,0xf7,0xbf,0xf7,0xbf,0xf7,0xbf,0xf7,0xbf,0xf7,0xbf,0xf7,
  0xbf,0xf7,0xbf,0xf7,0xbf,0xf7,0xbf,0xf7,0xbf,0xf7,0xbf,0xf7,0xbf,0xf7,0xbf,0xf7,0xbf,0xf7,0xbf,0xf7,0xbf,0xf7,0xbf,0xf7,
  0xbf,0xf7,0xbf,0xf7,0xbf,0xf7,0xbf,0xf7,0xbf,0xf7,0xbf,0xf7,0xbf,0xf7,0xbf,0xf7,0xbf,0xf7,0xbf,0xf7,0xbf,0xf7,0xbf,0xf7,
  0xbf,0xf7,0xbf,0xf7,0xbf,0xf7,0xbf,0xf7,0xbf,0xf7,0xbf,0xf7,0xbf,0xf7,0xbf,0xf7,0xbf,0xf7,0xbf,0xf7,0xbf,0xf7,0xbf,0xf7,
  0xbf,0xf7,0xbf,0xf7,0xbf,0xf7,0xbf,0xf7,0xbf,0xf7,0xbf,0xf7,0xbf,0xf7,0xbf,0xf7,0xbf,0xf7,0xbf,0xf7,0xbf,0xf7,0xbf,0xf7,
  0xbf,0xf7,0xbf,0xf7,0xdf,0xf7,0xbf,0xf7,0xbf,0xf7,0xbf,0xf7,0xbf,0xf7,0xbf,0xf7,0xbf,0xf7,0xbf,0xf7,0xbf,0xf7,0xbf,0xf7,
  0xbf,0xf7,0xbf,0xf7,0xbf,0xf7,0xbf,0xf7,0xbf,0xf7,0xbf,0xf7,0xbf,0xf7,0xbf,0xf7,0xbf,0xf7,0xbf,0xf7,0xbf,0xf7,0xbf,0xf7,
  0xbf,0xf7,0xdf,0xf7,0xdf,0xf7,0xdf,0xf7,0xdf,0xf7,0xdf,0xf7,0xdf,0xf7,0xdf,0xf7,0xdf,0xf7,0xdf,0xf7,0xdf,0xf7,0xdf,0xf7,
  0xdf,0xf7,0xdf,0xf7,0xdf,0xf7,0xdf,0xf7,0xdf,0xf7,0xdf,0xf7,0xdf,0xf7,0xdf,0xf7,0xdf,0xff,0xdf,0xff,0xdf,0xff,0xff,0xff,
  0xdf,0xff,0xdf,0xff,0xdf,0xff,0xdf,0xff,0xdf,0xff,0xdf,0xff,0xff,0xff,0xff,0xff,0xff,0xff,0xff,0xff,0xff,0xff,0xff,0xff,
  0xff,0xff,0xff,0xff,0xff,0xff,0xff,0xff,0xff,0xff,0xff,0xff,0xff,0xff,0xff,0xff,0xff,0xff,0xff,0xff,0xff,0xff,0xff,0xff,
  0xff,0xff,0xff,0xff,0xff,0xff,0xff,0xff,0xff,0xff,0xff,0xff,0xff,0xff,0xff,0xff,0xff,0xff,0xff,0xff,0xff,0xff,0xff,0xff,
  0xff,0xff,0xff,0xff,0xff,0xff,0xff,0xff,0xff,0xff,0xff,0xff,0xff,0xff,0xff,0xff,0xff,0xff,0xff,0xff,0xff,0xff,0xff,0xff,
  0xff,0xff,0xff,0xff,0xff,0xff,0xff,0xff,0xff,0xff,0xff,0xff,0xff,0xff,0xff,0xff,0xff,0xff,0xff,0xff,0xff,0xff,0xff,0xff,
  0xff,0xff,0xff,0xff,0xff,0xff,0xff,0xff,0xff,0xff,0xff,0xff,0xff,0xff,0xff,0xff,0xff,0xff,0xff,0xff,0xff,0xff,0xff,0xff,
  0xff,0xff,0xff,0xff,0xff,0xff,0xff,0xff,0xdf,0xff,0xdf,0xff,0xdf,0xff,0xdf,0xff,0xdf,0xff,0xff,0xff,0xdf,0xff,0xdf,0xff,
  0xdf,0xff,0xdf,0xff,0xdf,0xf7,0xdf,0xf7,0xdf,0xf7,0xdf,0xf7,0xdf,0xf7,0xdf,0xf7,0xdf,0xf7,0xdf,0xf7,0xdf,0xf7,0xdf,0xf7,
  0xdf,0xf7,0xdf,0xf7,0xdf,0xf7,0xdf,0xf7,0xdf,0xf7,0xbf,0xf7,0xbf,0xf7,0xbf,0xf7,0xbf,0xef,0xbf,0xef,0xbf,0xef,0xbf,0xef,
  0xbf,0xef,0xbf,0xef,0xbf,0xef,0xbf,0xef,0xbf,0xef,0xbf,0xef,0xbf,0xef,0x9f,0xef,0x9f,0xef,0x9f,0xef,0x9f,0xe7,0x9f,0xe7,
  0x9f,0xe7,0x9f,0xe7,0x9f,0xe7,0x9f,0xe7,0x7f,0xe7,0x7f,0xe7,0x7f,0xe7,0x7f,0xe7,0x7f,0xe7,0x7f,0xe7,0x7f,0xdf,0x5f,0xdf,
  0x5f,0xdf,0x5f,0xdf,0x5f,0xdf,0x5f,0xdf,0x5f,0xdf,0x5f,0xdf,0x5f,0xdf,0x5f,0xdf,0x5f,0xdf,0x3f,0xd7,0x3f,0xd7,0x5f,0xd7,
  0x5f,0xdf,0x5f,0xdf,0x5f,0xdf,0x5f,0xdf,0x5f,0xdf,0x5f,0xdf,0x5f,0xdf,0x5f,0xdf,0x7f,0xdf,0x7f,0xe7,0x7f,0xe7,0x7f,0xe7,
  0x7f,0xe7,0x7f,0xe7,0x7f,0xe7,0x7f,0xe7,0x7f,0xe7,0x7f,0xe7,0x7f,0xe7,0x7f,0xe7,0x7f,0xe7,0x7f,0xe7,0x7f,0xe7,0x7f,0xe7,
  0x7f,0xe7,0x7f,0xe7,0x7f,0xe7,0x7f,0xe7,0x9f,0xe7,0x9f,0xe7,0x9f,0xe7,0x9f,0xef,0x5f,0xdf,0x3f,0xd7,0x3f,0xd7,0x3f,0xd7,
  0x3f,0xd7,0x3f,0xd7,0x3f,0xd7,0x3f,0xd7,0x3f,0xd7,0x3f,0xd7,0x3f,0xd7,0x3f,0xd7,0x3f,0xd7,0x3f,0xd7,0x3f,0xd7,0x3f,0xd7,
  0x7f,0xdf,0xdf,0xf7,0xbf,0xf7,0xbf,0xf7,0xbf,0xef,0xbf,0xef,0xbf,0xef,0xbf,0xef,0xbf,0xef,0xbf,0xf7,0xbf,0xf7,0xbf,0xf7,
  0xbf,0xef,0xbf,0xef,0xbf,0xef,0xdf,0xf7,0x9f,0xe7,0xbf,0xa6,0xdf,0xf7,0xbf,0xf7,0xbf,0xf7,0xbf,0xf7,0xbf,0xf7,0xbf,0xf7,
  0xbf,0xf7,0xdf,0xf7,0xbf,0xf7,0xbf,0xf7,0xbf,0xf7,0xbf,0xf7,0xbf,0xf7,0xbf,0xf7,0xbf,0xf7,0xbf,0xf7,0xbf,0xf7,0xbf,0xf7,
  0xbf,0xf7,0xbf,0xf7,0xbf,0xf7,0xbf,0xf7,0xbf,0xf7,0xbf,0xf7,0xbf,0xf7,0xbf,0xf7,0xbf,0xf7,0xbf,0xf7,0xbf,0xf7,0xbf,0xf7,
  0xbf,0xf7,0xbf,0xf7,0xbf,0xf7,0xbf,0xf7,0xbf,0xf7,0xbf,0xf7,0xbf,0xf7,0xbf,0xf7,0xbf,0xf7,0xbf,0xf7,0xbf,0xf7,0xbf,0xf7,
  0xbf,0xef,0xbf,0xf7,0xbf,0xf7,0xbf,0xf7,0xbf,0xf7,0xbf,0xf7,0xbf,0xf7,0xbf,0xf7,0xbf,0xf7,0xbf,0xef,0xbf,0xf7,0xbf,0xf7,
  0xbf,0xef,0xbf,0xf7,0xbf,0xf7,0xbf,0xf7,0xbf,0xf7,0xbf,0xf7,0xbf,0xf7,0xbf,0xf7,0xbf,0xf7,0xbf,0xf7,0xdf,0xf7,0xbf,0xf7,
  0xbf,0xf7,0xbf,0xf7,0xbf,0xf7,0xbf,0xf7,0xbf,0xf7,0xdf,0xf7,0xbf,0xf7,0xbf,0xf7,0xbf,0xf7,0xbf,0xf7,0xbf,0xf7,0xbf,0xf7,
  0xbf,0xf7,0xbf,0xf7,0xbf,0xf7,0xbf,0xf7,0xbf,0xf7,0xdf,0xf7,0xbf,0xf7,0xbf,0xf7,0xbf,0xf7,0xdf,0xf7,0xdf,0xf7,0xdf,0xf7,
  0xdf,0xf7,0xdf,0xf7,0xdf,0xf7,0xdf,0xf7,0xdf,0xf7,0xdf,0xf7,0xdf,0xf7,0xdf,0xf7,0xdf,0xf7,0xdf,0xf7,0xdf,0xf7,0xdf,0xf7,
  0xdf,0xf7,0xdf,0xf7,0xdf,0xf7,0xdf,0xff,0xdf,0xff,0xdf,0xff,0xdf,0xff,0xdf,0xff,0xdf,0xff,0xdf,0xff,0xdf,0xff,0xdf,0xff,
  0xdf,0xff,0xff,0xff,0xdf,0xff,0xff,0xff,0xff,0xff,0xff,0xff,0xff,0xff,0xff,0xff,0xff,0xff,0xff,0xff,0xff,0xff,0xff,0xff,
  0xff,0xff,0xff,0xff,0xff,0xff,0xff,0xff,0xff,0xff,0xff,0xff,0xff,0xff,0xff,0xff,0xff,0xff,0xff,0xff,0xff,0xff,0xff,0xff,
  0xff,0xff,0xff,0xff,0xff,0xff,0xff,0xff,0xff,0xff,0xff,0xff,0xff,0xff,0xff,0xff,0xff,0xff,0xff,0xff,0xff,0xff,0xff,0xff,
  0xff,0xff,0xff,0xff,0xff,0xff,0xff,0xff,0xff,0xff,0xff,0xff,0xff,0xff,0xff,0xff,0xff,0xff,0xff,0xff,0xff,0xff,0xff,0xff,
  0xff,0xff,0xff,0xff,0xff,0xff,0xff,0xff,0xff,0xff,0xff,0xff,0xff,0xff,0xff,0xff,0xff,0xff,0xff,0xff,0xff,0xff,0xff,0xff,
  0xff,0xff,0xff,0xff,0xff,0xff,0xff,0xff,0xff,0xff,0xff,0xff,0xff,0xff,0xdf,0xff,0xdf,0xff,0xdf,0xff,0xdf,0xff,0xdf,0xff,
  0xdf,0xff,0xdf,0xff,0xdf,0xff,0xdf,0xff,0xdf,0xff,0xdf,0xff,0xdf,0xff,0xdf,0xff,0xdf,0xf7,0xdf,0xf7,0xdf,0xf7,0xdf,0xf7,
  0xdf,0xf7,0xdf,0xf7,0xdf,0xf7,0xdf,0xf7,0xdf,0xf7,0xdf,0xf7,0xdf,0xf7,0xdf,0xf7,0xdf,0xf7,0xbf,0xf7,0xbf,0xf7,0xbf,0xf7,
  0xbf,0xf7,0xbf,0xf7,0xbf,0xef,0xbf,0xef,0xbf,0xef,0xbf,0xef,0xbf,0xef,0xbf,0xef,0xbf,0xef,0xbf,0xef,0xbf,0xef,0xbf,0xef,
  0xbf,0xef,0x9f,0xef,0x9f,0xef,0x9f,0xef,0x9f,0xef,0x9f,0xe7,0x9f,0xe7,0x9f,0xe7,0x9f,0xe7,0x9f,0xe7,0x9f,0xe7,0x7f,0xe7,
  0x7f,0xe7,0x7f,0xe7,0x7f,0xe7,0x7f,0xe7,0x7f,0xe7,0x7f,0xdf,0x7f,0xdf,0x5f,0xdf,0x5f,0xdf,0x5f,0xdf,0x5f,0xdf,0x5f,0xdf,
  0x5f,0xdf,0x5f,0xdf,0x5f,0xdf,0x5f,0xdf,0x3f,0xdf,0x5f,0xdf,0x3f,0xdf,0x5f,0xd7,0x5f,0xdf,0x5f,0xdf,0x5f,0xdf,0x5f,0xdf,
  0x5f,0xdf,0x5f,0xdf,0x5f,0xdf,0x5f,0xdf,0x7f,0xdf,0x7f,0xdf,0x7f,0xdf,0x7f,0xe7,0x7f,0xe7,0x7f,0xe7,0x7f,0xe7,0x7f,0xe7,
  0x7f,0xe7,0x7f,0xe7,0x7f,0xe7,0x7f,0xe7,0x7f,0xe7,0x7f,0xe7,0x7f,0xe7,0x7f,0xe7,0x7f,0xe7,0x7f,0xe7,0x7f,0xe7,0x7f,0xe7,
  0x7f,0xe7,0x9f,0xe7,0x9f,0xe7,0x9f,0xe7,0x7f,0xdf,0x3f,0xd7,0x3f,0xd7,0x3f,0xd7,0x3f,0xd7,0x3f,0xd7,0x3f,0xd7,0x3f,0xd7,
  0x3f,0xd7,0x3f,0xd7,0x3f,0xd7,0x3f,0xd7,0x3f,0xd7,0x3f,0xd7,0x3f,0xd7,0x3f,0xd7,0x5f,0xdf,0xbf,0xf7,0xbf,0xef,0xbf,0xef,
  0xbf,0xef,0xbf,0xef,0xbf,0xef,0xbf,0xef,0xbf,0xef,0xbf,0xef,0xbf,0xf7,0xbf,0xf7,0xbf,0xef,0xbf,0xf7,0xbf,0xf7,0xbf,0xf7,
  0x9f,0xef,0x9f,0x9e,0xbf,0xef,0xdf,0xf7,0xbf,0xf7,0xbf,0xf7,0xbf,0xf7,0xbf,0xf7,0xbf,0xf7,0xbf,0xf7,0xbf,0xf7,0xbf,0xf7,
  0xbf,0xf7,0xbf,0xf7,0xbf,0xf7,0xbf,0xf7,0xbf,0xf7,0xbf,0xf7,0xbf,0xf7,0xbf,0xf7,0xbf,0xf7,0xbf,0xf7,0xbf,0xf7,0xbf,0xf7,
  0xbf,0xf7,0xbf,0xf7,0xbf,0xf7,0xbf,0xf7,0xbf,0xf7,0xbf,0xf7,0xbf,0xf7,0xbf,0xf7,0xbf,0xf7,0xbf,0xf7,0xbf,0xf7,0xbf,0xf7,
  0xbf,0xf7,0xbf,0xf7,0xbf,0xf7,0xbf,0xf7,0xbf,0xf7,0xbf,0xf7,0xbf,0xf7,0xbf,0xf7,0xbf,0xf7,0xbf,0xf7,0xbf,0xf7,0xbf,0xf7,
  0xbf,0xf7,0xbf,0xf7,0xbf,0xf7,0xbf,0xf7,0xbf,0xf7,0xdf,0xf7,0xbf,0xef,0xbf,0xef,0xdf,0xf7,0xbf,0xf7,0xbf,0xf7,0xbf,0xf7,
  0xbf,0xf7,0xbf,0xf7,0xbf,0xf7,0xbf,0xf7,0xbf,0xf7,0xbf,0xf7,0xbf,0xf7,0xbf,0xf7,0xbf,0xef,0xbf,0xf7,0xbf,0xf7,0xbf,0xf7,
  0xbf,0xf7,0xbf,0xf7,0xbf,0xf7,0xbf,0xf7,0xbf,0xf7,0xbf,0xf7,0xbf,0xf7,0xbf,0xf7,0xbf,0xf7,0xbf,0xf7,0xbf,0xf7,0xbf,0xf7,
  0xbf,0xf7,0xbf,0xf7,0xbf,0xf7,0xbf,0xf7,0xbf,0xf7,0xbf,0xf7,0xbf,0xf7,0xdf,0xf7,0xdf,0xf7,0xdf,0xf7,0xdf,0xf7,0xdf,0xf7,
  0xdf,0xf7,0xdf,0xf7,0xdf,0xf7,0xdf,0xf7,0xdf,0xf7,0xdf,0xf7,0xdf,0xf7,0xdf,0xf7,0xdf,0xf7,0xdf,0xf7,0xdf,0xf7,0xdf,0xf7,
  0xdf,0xf7,0xdf,0xff,0xdf,0xf7,0xdf,0xf7,0xdf,0xff,0xdf,0xff,0xdf,0xff,0xdf,0xff,0xdf,0xff,0xdf,0xff,0xdf,0xff,0xff,0xff,
  0xff,0xff,0xff,0xff,0xff,0xff,0xff,0xff,0xff,0xff,0xff,0xff,0xff,0xff,0xff,0xff,0xff,0xff,0xff,0xff,0xff,0xff,0xff,0xff,
  0xff,0xff,0xff,0xff,0xff,0xff,0xff,0xff,0xff,0xff,0xff,0xff,0xff,0xff,0xff,0xff,0xff,0xff,0xff,0xff,0xff,0xff,0xff,0xff,
  0xff,0xff,0xff,0xff,0xff,0xff,0xff,0xff,0xff,0xff,0xff,0xff,0xff,0xff,0xff,0xff,0xff,0xff,0xff,0xff,0xff,0xff,0xff,0xff,
  0xff,0xff,0xff,0xff,0xff,0xff,0xff,0xff,0xff,0xff,0xff,0xff,0xff,0xff,0xff,0xff,0xff,0xff,0xff,0xff,0xff,0xff,0xff,0xff,
  0xff,0xff,0xff,0xff,0xff,0xff,0xff,0xff,0xff,0xff,0xff,0xff,0xff,0xff,0xff,0xff,0xff,0xff,0xff,0xff,0xff,0xff,0xff,0xff,
  0xff,0xff,0xff,0xff,0xff,0xff,0xff,0xff,0xdf,0xff,0xdf,0xff,0xdf,0xff,0xdf,0xff,0xdf,0xff,0xdf,0xff,0xdf,0xff,0xdf,0xf7,
  0xdf,0xff,0xdf,0xf7,0xdf,0xf7,0xdf,0xf7,0xdf,0xf7,0xdf,0xf7,0xdf,0xf7,0xdf,0xf7,0xdf,0xf7,0xdf,0xf7,0xdf,0xf7,0xdf,0xf7,
  0xdf,0xf7,0xdf,0xf7,0xdf,0xf7,0xdf,0xf7,0xbf,0xf7,0xbf,0xf7,0xbf,0xf7,0xbf,0xf7,0xbf,0xf7,0xbf,0xf7,0xbf,0xf7,0xbf,0xef,
  0xbf,0xef,0xbf,0xef,0xbf,0xef,0xbf,0xef,0xbf,0xef,0xbf,0xef,0xbf,0xef,0xbf,0xef,0x9f,0xef,0xbf,0xef,0x9f,0xef,0x9f,0xe7,
  0x9f,0xe7,0x9f,0xe7,0x9f,0xe7,0x9f,0xe7,0x9f,0xe7,0x9f,0xe7,0x7f,0xe7,0x7f,0xe7,0x7f,0xe7,0x7f,0xe7,0x7f,0xe7,0x7f,0xe7,
  0x7f,0xdf,0x7f,0xdf,0x5f,0xdf,0x5f,0xdf,0x5f,0xdf,0x5f,0xdf,0x5f,0xdf,0x5f,0xdf,0x5f,0xdf,0x5f,0xdf,0x5f,0xdf,0x3f,0xdf,
  0x3f,0xd7,0x3f,0xd7,0x3f,0xd7,0x3f,0xd7,0x5f,0xdf,0x5f,0xdf,0x5f,0xdf,0x5f,0xdf,0x5f,0xdf,0x5f,0xdf,0x5f,0xdf,0x5f,0xdf,
  0x5f,0xdf,0x7f,0xdf,0x7f,0xdf,0x7f,0xdf,0x7f,0xe7,0x7f,0xe7,0x7f,0xe7,0x7f,0xe7,0x7f,0xe7,0x7f,0xe7,0x7f,0xe7,0x7f,0xe7,
  0x7f,0xe7,0x7f,0xe7,0x7f,0xe7,0x7f,0xe7,0x7f,0xe7,0x7f,0xe7,0x7f,0xe7,0x7f,0xe7,0x7f,0xe7,0x7f,0xe7,0x9f,0xe7,0x9f,0xe7,
  0x7f,0xe7,0x3f,0xd7,0x3f,0xd7,0x3f,0xd7,0x3f,0xd7,0x3f,0xd7,0x3f,0xd7,0x3f,0xd7,0x3f,0xd7,0x3f,0xd7,0x3f,0xd7,0x3f,0xd7,
  0x3f,0xd7,0x3f,0xd7,0x3f,0xd7,0x3f,0xd7,0x5f,0xdf,0xbf,0xf7,0xbf,0xef,0xbf,0xef,0xbf,0xef,0xbf,0xef,0xbf,0xef,0xbf,0xef,
  0xbf,0xef,0xbf,0xef,0xbf,0xef,0xbf,0xef,0xbf,0xef,0xbf,0xef,0xbf,0xf7,0xbf,0xf7,0xbf,0xef,0x9f,0x9e,0x9f,0xe7,0xdf,0xf7,
  0xbf,0xef,0xbf,0xf7,0xbf,0xf7,0xdf,0xf7,0xbf,0xf7,0xbf,0xf7,0xbf,0xf7,0xbf,0xf7,0xbf,0xf7,0xbf,0xf7,0xbf,0xf7,0xbf,0xf7,
  0xbf,0xf7,0xbf,0xf7,0xbf,0xf7,0xbf,0xf7,0xbf,0xf7,0xbf,0xf7,0xbf,0xf7,0xbf,0xf7,0xbf,0xf7,0xbf,0xf7,0xbf,0xf7,0xbf,0xf7,
  0xbf,0xf7,0xbf,0xf7,0xbf,0xf7,0xbf,0xf7,0xbf,0xf7,0xbf,0xf7,0xbf,0xf7,0xbf,0xf7,0xbf,0xf7,0xbf,0xf7,0xbf,0xf7,0xbf,0xf7,
  0xbf,0xf7,0xbf,0xf7,0xbf,0xf7,0xbf,0xf7,0xbf,0xef,0xbf,0xf7,0xbf,0xf7,0xbf,0xf7,0xbf,0xf7,0xbf,0xf7,0xbf,0xef,0xbf,0xef,
  0xdf,0xf7,0x3f,0xcf,0x5f,0x96,0x5f,0x96,0xdf,0xb6,0xbf,0xf7,0xbf,0xf7,0xbf,0xf7,0xbf,0xf7,0xbf,0xf7,0xbf,0xf7,0xbf,0xf7,
  0xbf,0xf7,0xbf,0xf7,0xbf,0xf7,0xbf,0xf7,0xbf,0xf7,0xbf,0xf7,0xbf,0xef,0xbf,0xf7,0xbf,0xef,0xbf,0xf7,0xbf,0xf7,0xbf,0xf7,
  0xbf,0xf7,0xbf,0xf7,0xbf,0xf7,0xbf,0xf7,0xbf,0xf7,0xbf,0xf7,0xbf,0xf7,0xbf,0xef,0xbf,0xf7,0xbf,0xf7,0xbf,0xf7,0xbf,0xf7,
  0xbf,0xf7,0xbf,0xf7,0xbf,0xf7,0xdf,0xf7,0xdf,0xf7,0xdf,0xf7,0xdf,0xf7,0xbf,0xf7,0xdf,0xf7,0xdf,0xf7,0xdf,0xf7,0xdf,0xf7,
  0xdf,0xf7,0xdf,0xf7,0xdf,0xf7,0xdf,0xf7,0xdf,0xf7,0xdf,0xf7,0xdf,0xf7,0xdf,0xf7,0xdf,0xf7,0xdf,0xff,0xdf,0xf7,0xdf,0xf7,
  0xdf,0xf7,0xdf,0xff,0xdf,0xff,0xdf,0xff,0xdf,0xff,0xdf,0xff,0xdf,0xff,0xdf,0xff,0xdf,0xff,0xff,0xff,0xff,0xff,0xff,0xff,
  0xff,0xff,0xff,0xff,0xff,0xff,0xff,0xff,0xff,0xff,0xff,0xff,0xff,0xff,0xff,0xff,0xff,0xff,0xff,0xff,0xff,0xff,0xff,0xff,
  0xff,0xff,0xff,0xff,0xff,0xff,0xff,0xff,0xff,0xff,0xff,0xff,0xff,0xff,0xff,0xff,0xff,0xff,0xff,0xff,0xff,0xff,0xff,0xff,
  0xff,0xff,0xff,0xff,0xff,0xff,0xff,0xff,0xff,0xff,0xff,0xff,0xff,0xff,0xff,0xff,0xff,0xff,0xff,0xff,0xff,0xff,0xff,0xff,
  0xff,0xff,0xff,0xff,0xff,0xff,0xff,0xff,0xff,0xff,0xff,0xff,0xff,0xff,0xff,0xff,0xff,0xff,0xff,0xff,0xff,0xff,0xff,0xff,
  0xff,0xff,0xff,0xff,0xff,0xff,0xff,0xff,0xff,0xff,0xff,0xff,0xff,0xff,0xff,0xff,0xff,0xff,0xff,0xff,0xff,0xff,0xdf,0xff,
  0xdf,0xff,0xdf,0xff,0xdf,0xff,0xdf,0xf7,0xdf,0xff,0xdf,0xff,0xdf,0xf7,0xdf,0xf7,0xdf,0xf7,0xdf,0xf7,0xdf,0xf7,0xdf,0xf7,
  0xdf,0xf7,0xdf,0xf7,0xdf,0xf7,0xdf,0xf7,0xdf,0xf7,0xdf,0xf7,0xdf,0xf7,0xdf,0xf7,0xdf,0xf7,0xdf,0xf7,0xdf,0xf7,0xbf,0xf7,
  0xbf,0xf7,0xbf,0xf7,0xbf,0xf7,0xbf,0xf7,0xbf,0xf7,0xbf,0xef,0xbf,0xef,0xbf,0xef,0xbf,0xef,0xbf,0xef,0xbf,0xef,0xbf,0xef,
  0xbf,0xef,0xbf,0xef,0xbf,0xef,0x9f,0xef,0x9f,0xef,0x9f,0xef,0x9f,0xef,0x9f,0xe7,0x9f,0xe7,0x9f,0xe7,0x9f,0xe7,0x9f,0xe7,
  0x7f,0xe7,0x7f,0xe7,0x7f,0xe7,0x7f,0xe7,0x7f,0xe7,0x7f,0xe7,0x7f,0xdf,0x7f,0xdf,0x7f,0xdf,0x7f,0xdf,0x5f,0xdf,0x5f,0xdf,
  0x5f,0xdf,0x5f,0xdf,0x5f,0xdf,0x5f,0xdf,0x5f,0xdf,0x5f,0xdf,0x3f,0xdf,0x3f,0xdf,0x3f,0xdf,0x3f,0xd7,0x3f,0xd7,0x3f,0xd7,
  0x5f,0xdf,0x5f,0xdf,0x5f,0xdf,0x5f,0xdf,0x5f,0xdf,0x5f,0xdf,0x5f,0xdf,0x5f,0xdf,0x5f,0xdf,0x5f,0xdf,0x7f,0xdf,0x7f,0xdf,
  0x7f,0xdf,0x7f,0xe7,0x7f,0xe7,0x7f,0xe7,0x7f,0xe7,0x7f,0xe7,0x7f,0xe7,0x7f,0xe7,0x7f,0xe7,0x7f,0xe7,0x7f,0xe7,0x7f,0xe7,
  0x7f,0xe7,0x7f,0xe7,0x7f,0xe7,0x7f,0xe7,0x7f,0xe7,0x7f,0xe7,0x7f,0xe7,0x9f,0xe7,0x9f,0xe7,0x3f,0xd7,0x3f,0xd7,0x3f,0xd7,
  0x3f,0xd7,0x3f,0xd7,0x3f,0xd7,0x3f,0xd7,0x3f,0xd7,0x3f,0xd7,0x3f,0xd7,0x3f,0xd7,0x3f,0xd7,0x3f,0xd7,0x3f,0xd7,0x3f,0xd7,
  0x5f,0xdf,0xbf,0xf7,0xbf,0xf7,0xbf,0xef,0xbf,0xef,0xbf,0xef,0xbf,0xef,0xbf,0xef,0xbf,0xef,0xbf,0xef,0xbf,0xef,0xbf,0xef,
  0xbf,0xef,0xbf,0xef,0xbf,0xf7,0xbf,0xef,0xdf,0xf7,0xdf,0xae,0xbf,0xe7,0xdf,0xff,0xbf,0xef,0xdf,0xf7,0xdf,0xf7,0xdf,0xf7,
  0xdf,0xf7,0xdf,0xf7,0xdf,0xf7,0xdf,0xf7,0xdf,0xf7,0xdf,0xf7,0xdf,0xf7,0xdf,0xf7,0xdf,0xf7,0xdf,0xf7,0xdf,0xf7,0xdf,0xf7,
  0xdf,0xf7,0xdf,0xf7,0xdf,0xf7,0xdf,0xf7,0xdf,0xf7,0xdf,0xf7,0xdf,0xf7,0xdf,0xf7,0xdf,0xf7,0xdf,0xf7,0xdf,0xf7,0xdf,0xf7,
  0xdf,0xf7,0xdf,0xf7,0xdf,0xf7,0xdf,0xf7,0xdf,0xf7,0xdf,0xf7,0xdf,0xf7,0xdf,0xf7,0xdf,0xf7,0xdf,0xf7,0xdf,0xf7,0xdf,0xf7,
  0xdf,0xf7,0xdf,0xf7,0xdf,0xf7,0xdf,0xf7,0xdf,0xf7,0xdf,0xf7,0xdf,0xf7,0xdf,0xff,0x7f,0xdf,0x1f,0x86,0x3f,0x8e,0x3f,0x8e,
  0x1f,0x7e,0x1f,0xc7,0xdf,0xf7,0xbf,0xef,0xbf,0xf7,0xbf,0xf7,0xbf,0xf7,0xbf,0xef,0xbf,0xf7,0xbf,0xf7,0xbf,0xf7,0xbf,0xef,
  0xbf,0xef,0xbf,0xef,0xbf,0xef,0xbf,0xef,0xbf,0xef,0xbf,0xef,0xbf,0xef,0xbf,0xef,0xbf,0xef,0xbf,0xef,0xbf,0xef,0xbf,0xf7,
  0xbf,0xf7,0xbf,0xf7,0xbf,0xf7,0xbf,0xef,0xbf,0xf7,0xbf,0xf7,0xbf,0xf7,0xbf,0xf7,0xbf,0xf7,0xbf,0xf7,0xbf,0xf7,0xbf,0xf7,
  0xdf,0xf7,0xdf,0xf7,0xdf,0xf7,0xdf,0xf7,0xdf,0xf7,0xdf,0xf7,0xdf,0xf7,0xdf,0xf7,0xdf,0xf7,0xdf,0xf7,0xdf,0xf7,0xdf,0xf7,
  0xdf,0xf7,0xdf,0xf7,0xdf,0xf7,0xdf,0xf7,0xdf,0xf7,0xdf,0xf7,0xdf,0xf7,0xdf,0xf7,0xdf,0xf7,0xdf,0xf7,0xdf,0xf7,0xdf,0xff,
  0xdf,0xff,0xdf,0xff,0xdf,0xff,0xdf,0xff,0xdf,0xff,0xdf,0xff,0xff,0xff,0xff,0xff,0xff,0xff,0xff,0xff,0xff,0xff,0xff,0xff,
  0xff,0xff,0xff,0xff,0xff,0xff,0xff,0xff,0xff,0xff,0xff,0xff,0xff,0xff,0xff,0xff,0xff,0xff,0xff,0xff,0xff,0xff,0xff,0xff,
  0xff,0xff,0xff,0xff,0xff,0xff,0xff,0xff,0xff,0xff,0xff,0xff,0xff,0xff,0xff,0xff,0xff,0xff,0xff,0xff,0xff,0xff,0xff,0xff,
  0xff,0xff,0xff,0xff,0xff,0xff,0xff,0xff,0xff,0xff,0xff,0xff,0xff,0xff,0xff,0xff,0xff,0xff,0xff,0xff,0xff,0xff,0xff,0xff,
  0xff,0xff,0xff,0xff,0xff,0xff,0xff,0xff,0xff,0xff,0xff,0xff,0xff,0xff,0xff,0xff,0xff,0xff,0xff,0xff,0xff,0xff,0xff,0xff,
  0xdf,0xff,0xff,0xff,0xff,0xff,0xdf,0xff,0xff,0xff,0xdf,0xff,0xdf,0xff,0xdf,0xff,0xdf,0xff,0xdf,0xf7,0xdf,0xf7,0xdf,0xff,
  0xdf,0xf7,0xdf,0xf7,0xdf,0xf7,0xdf,0xf7,0xdf,0xf7,0xdf,0xf7,0xdf,0xf7,0xdf,0xf7,0xdf,0xf7,0xdf,0xf7,0xdf,0xf7,0xdf,0xf7,
  0xdf,0xf7,0xbf,0xf7,0xbf,0xf7,0xbf,0xf7,0xbf,0xf7,0xbf,0xf7,0xbf,0xf7,0xbf,0xf7,0xbf,0xf7,0xbf,0xef,0xbf,0xef,0xbf,0xef,
  0xbf,0xef,0xbf,0xef,0xbf,0xef,0xbf,0xef,0xbf,0xef,0xbf,0xef,0xbf,0xef,0xbf,0xef,0xbf,0xef,0xbf,0xef,0xbf,0xef,0x9f,0xef,
  0x9f,0xef,0x9f,0xef,0x9f,0xe7,0x9f,0xe7,0x9f,0xe7,0x9f,0xe7,0x9f,0xe7,0x7f,0xe7,0x7f,0xe7,0x7f,0xe7,0x7f,0xe7,0x7f,0xe7,
  0x7f,0xe7,0x7f,0xdf,0x5f,0xdf,0x5f,0xdf,0x5f,0xdf,0x5f,0xdf,0x5f,0xdf,0x5f,0xdf,0x5f,0xdf,0x5f,0xdf,0x5f,0xdf,0x5f,0xdf,
  0x5f,0xdf,0x3f,0xdf,0x3f,0xdf,0x3f,0xdf,0x5f,0xdf,0x3f,0xd7,0x3f,0xd7,0x3f,0xd7,0x5f,0xdf,0x5f,0xdf,0x5f,0xdf,0x5f,0xdf,
  0x5f,0xdf,0x5f,0xdf,0x5f,0xdf,0x5f,0xdf,0x5f,0xdf,0x5f,0xdf,0x5f,0xdf,0x5f,0xdf,0x7f,0xdf,0x7f,0xdf,0x7f,0xe7,0x7f,0xe7,
  0x7f,0xe7,0x7f,0xdf,0x7f,0xe7,0x7f,0xe7,0x7f,0xe7,0x7f,0xe7,0x7f,0xe7,0x7f,0xe7,0x7f,0xe7,0x7f,0xe7,0x7f,0xe7,0x7f,0xe7,
  0x7f,0xe7,0x7f,0xe7,0x9f,0xe7,0x9f,0xe7,0x9f,0xe7,0x3f,0xd7,0x3f,0xd7,0x3f,0xd7,0x3f,0xd7,0x3f,0xd7,0x3f,0xd7,0x3f,0xd7,
  0x3f,0xd7,0x3f,0xd7,0x3f,0xd7,0x3f,0xd7,0x3f,0xd7,0x3f,0xd7,0x3f,0xd7,0x3f,0xd7,0x5f,0xd7,0xbf,0xef,0xbf,0xf7,0xbf,0xef,
  0xbf,0xef,0xbf,0xef,0xbf,0xef,0xbf,0xef,0xbf,0xef,0xbf,0xef,0xbf,0xef,0xbf,0xef,0xbf,0xef,0xbf,0xef,0xbf,0xef,0xbf,0xef,
  0xdf,0xf7,0xdf,0xae,0x7f,0x9e,0x9f,0xa6,0x9f,0xa6,0xbf,0xae,0xbf,0xae,0x9f,0xa6,0x9f,0xa6,0x9f,0xa6,0x9f,0xa6,0xbf,0xa6,
  0xbf,0xa6,0xbf,0xae,0xbf,0xa6,0x9f,0xa6,0x9f,0xa6,0xbf,0xa6,0xbf,0xa6,0xbf,0xa6,0x9f,0xa6,0x9f,0xa6,0x9f,0xa6,0x9f,0xa6,
  0x9f,0xa6,0x9f,0xa6,0x9f,0xa6,0x9f,0xa6,0x9f,0xa6,0x9f,0xa6,0x9f,0xa6,0x9f,0xa6,0xbf,0xae,0xbf,0xa6,0xbf,0xa6,0x9f,0xa6,
  0x9f,0xa6,0x9f,0xa6,0x9f,0xa6,0x9f,0xa6,0x9f,0xa6,0xbf,0xa6,0x9f,0xa6,0x9f,0xa6,0x9f,0xa6,0x9f,0xa6,0x9f,0xa6,0x9f,0xa6,
  0xbf,0xae,0xbf,0xae,0xbf,0xae,0x9f,0xa6,0x3f,0x8e,0x1f,0x86,0x5f,0x8e,0x3f,0x8e,0x3f,0x86,0xbf,0xa6,0xdf,0xff,0xbf,0xef,
  0xbf,0xf7,0xbf,0xef,0xbf,0xef,0xbf,0xef,0xbf,0xf7,0xbf,0xf7,0xbf,0xf7,0xbf,0xef,0xbf,0xef,0xbf,0xef,0xbf,0xef,0xbf,0xef,
  0xbf,0xef,0xbf,0xef,0xbf,0xef,0xbf,0xef,0xbf,0xef,0xbf,0xf7,0xbf,0xef,0xbf,0xef,0xbf,0xef,0xbf,0xef,0xbf,0xef,0xbf,0xef,
  0xbf,0xef,0xbf,0xf7,0xbf,0xf7,0xbf,0xf7,0xbf,0xf7,0xbf,0xf7,0xbf,0xf7,0xbf,0xf7,0xbf,0xf7,0xbf,0xf7,0xbf,0xf7,0xbf,0xf7,
  0xdf,0xf7,0xdf,0xf7,0xdf,0xf7,0xdf,0xf7,0xdf,0xf7,0xdf,0xf7,0xdf,0xf7,0xdf,0xf7,0xdf,0xf7,0xdf,0xf7,0xdf,0xf7,0xdf,0xf7,
  0xdf,0xf7,0xdf,0xf7,0xdf,0xf7,0xdf,0xf7,0xdf,0xf7,0xdf,0xf7,0xdf,0xf7,0xdf,0xf7,0xdf,0xf7,0xdf,0xff,0xdf,0xff,0xdf,0xff,
  0xdf,0xff,0xdf,0xff,0xff,0xff,0xff,0xff,0xff,0xff,0xff,0xff,0xff,0xff,0xff,0xff,0xff,0xff,0xff,0xff,0xff,0xff,0xff,0xff,
  0xff,0xff,0xff,0xff,0xff,0xff,0xff,0xff,0xff,0xff,0xff,0xff,0xff,0xff,0xff,0xff,0xff,0xff,0xff,0xff,0xff,0xff,0xff,0xff,
  0xff,0xff,0xff,0xff,0xff,0xff,0xff,0xff,0xff,0xff,0xff,0xff,0xff,0xff,0xff,0xff,0xff,0xff,0xff,0xff,0xff,0xff,0xff,0xff,
  0xff,0xff,0xff,0xff,0xff,0xff,0xff,0xff,0xff,0xff,0xff,0xff,0xff,0xff,0xff,0xff,0xff,0xff,0xff,0xff,0xff,0xff,0xff,0xff,
  0xff,0xff,0xff,0xff,0xff,0xff,0xff,0xff,0xff,0xff,0xff,0xff,0xff,0xff,0xdf,0xff,0xff,0xff,0xff,0xff,0xdf,0xff,0xdf,0xff,
  0xdf,0xff,0xdf,0xff,0xdf,0xff,0xdf,0xff,0xdf,0xff,0xdf,0xf7,0xdf,0xf7,0xdf,0xf7,0xdf,0xf7,0xdf,0xf7,0xdf,0xf7,0xdf,0xf7,
  0xdf,0xf7,0xdf,0xf7,0xdf,0xf7,0xdf,0xf7,0xdf,0xf7,0xdf,0xf7,0xdf,0xf7,0xdf,0xf7,0xdf,0xf7,0xdf,0xf7,0xbf,0xf7,0xbf,0xf7,
  0xbf,0xf7,0xbf,0xf7,0xbf,0xf7,0xbf,0xef,0xbf,0xef,0xbf,0xef,0xbf,0xef,0xbf,0xef,0xbf,0xef,0xbf,0xef,0xbf,0xef,0xbf,0xef,
  0xbf,0xef,0xbf,0xef,0xbf,0xef,0x9f,0xef,0xbf,0xef,0x9f,0xef,0x9f,0xef,0x9f,0xef,0x9f,0xef,0x9f,0xe7,0x9f,0xe7,0x9f,0xe7,
  0x9f,0xe7,0x9f,0xe7,0x7f,0xe7,0x7f,0xe7,0x7f,0xe7,0x7f,0xe7,0x7f,0xe7,0x7f,0xe7,0x7f,0xdf,0x7f,0xdf,0x5f,0xdf,0x5f,0xdf,
  0x5f,0xdf,0x5f,0xdf,0x5f,0xdf,0x5f,0xdf,0x5f,0xdf,0x5f,0xdf,0x5f,0xdf,0x5f,0xdf,0x5f,0xdf,0x3f,0xdf,0x3f,0xdf,0x5f,0xd7,
  0x3f,0xdf,0x3f,0xd7,0x3f,0xd7,0x3f,0xd7,0x5f,0xdf,0x5f,0xdf,0x5f,0xdf,0x5f,0xdf,0x5f,0xdf,0x5f,0xdf,0x5f,0xdf,0x5f,0xdf,
  0x5f,0xdf,0x5f,0xdf,0x5f,0xdf,0x5f,0xdf,0x5f,0xdf,0x7f,0xdf,0x7f,0xdf,0x7f,0xdf,0x7f,0xdf,0x7f,0xdf,0x7f,0xe7,0x7f,0xe7,
  0x7f,0xe7,0x7f,0xe7,0x7f,0xe7,0x7f,0xe7,0x7f,0xe7,0x7f,0xe7,0x7f,0xe7,0x7f,0xe7,0x7f,0xe7,0x7f,0xe7,0x9f,0xe7,0x9f,0xe7,
  0x9f,0xe7,0x5f,0xd7,0x3f,0xd7,0x3f,0xd7,0x3f,0xd7,0x3f,0xd7,0x3f,0xd7,0x3f,0xd7,0x3f,0xd7,0x3f,0xd7,0x3f,0xd7,0x3f,0xd7,
  0x3f,0xd7,0x3f,0xd7,0x5f,0xd7,0x5f,0xd7,0x5f,0xd7,0xbf,0xef,0xbf,0xef,0xbf,0xef,0xbf,0xef,0xbf,0xef,0xbf,0xef,0xbf,0xef,
  0xbf,0xef,0xbf,0xef,0xbf,0xef,0xbf,0xef,0xbf,0xef,0xbf,0xef,0xbf,0xef,0xbf,0xef,0xbf,0xef,0x9f,0xe7,0x7f,0xdf,0x7f,0xdf,
  0x9f,0xe7,0x9f,0xe7,0x9f,0xe7,0x7f,0xdf,0x7f,0xdf,0x7f,0xdf,0x7f,0xe7,0x7f,0xe7,0x7f,0xdf,0x7f,0xe7,0x7f,0xdf,0x7f,0xdf,
  0x7f,0xdf,0x7f,0xdf,0x7f,0xdf,0x7f,0xdf,0x7f,0xdf,0x7f,0xdf,0x7f,0xdf,0x7f,0xdf,0x7f,0xdf,0x7f,0xdf,0x7f,0xdf,0x7f,0xdf,
  0x7f,0xdf,0x7f,0xdf,0x7f,0xdf,0x7f,0xdf,0x7f,0xdf,0x7f,0xdf,0x7f,0xdf,0x7f,0xdf,0x7f,0xdf,0x7f,0xdf,0x7f,0xdf,0x7f,0xdf,
  0x7f,0xdf,0x7f,0xdf,0x7f,0xdf,0x7f,0xdf,0x7f,0xdf,0x7f,0xdf,0x7f,0xdf,0x7f,0xdf,0x7f,0xe7,0x9f,0xe7,0x7f,0xdf,0x7f,0xdf,
  0xff,0xbe,0x1f,0x86,0x5f,0x8e,0x3f,0x8e,0xff,0x7d,0xbf,0xae,0xdf,0xf7,0xbf,0xef,0xbf,0xef,0xbf,0xef,0xbf,0xef,0xbf,0xef,
  0xbf,0xef,0xbf,0xef,0xbf,0xef,0xbf,0xef,0xbf,0xef,0xbf,0xef,0xbf,0xef,0xbf,0xef,0xbf,0xef,0xbf,0xef,0xbf,0xef,0xbf,0xef,
  0xbf,0xef,0xbf,0xef,0xbf,0xef,0xbf,0xef,0xbf,0xef,0xbf,0xef,0xbf,0xef,0xbf,0xef,0xbf,0xef,0xbf,0xef,0xbf,0xf7,0xbf,0xf7,
  0xbf,0xf7,0xbf,0xf7,0xbf,0xf7,0xbf,0xf7,0xbf,0xf7,0xbf,0xf7,0xbf,0xf7,0xbf,0xf7,0xbf,0xf7,0xdf,0xf7,0xdf,0xf7,0xdf,0xf7,
  0xdf,0xf7,0xbf,0xf7,0xdf,0xf7,0xdf,0xf7,0xdf,0xf7,0xdf,0xf7,0xdf,0xf7,0xdf,0xf7,0xdf,0xf7,0xdf,0xf7,0xdf,0xf7,0xdf,0xf7,
  0xdf,0xf7,0xdf,0xf7,0xdf,0xf7,0xdf,0xf7,0xdf,0xf7,0xdf,0xf7,0xdf,0xf7,0xdf,0xff,0xdf,0xff,0xdf,0xff,0xdf,0xff,0xdf,0xff,
  0xff,0xff,0xdf,0xff,0xff,0xff,0xff,0xff,0xff,0xff,0xff,0xff,0xff,0xff,0xdf,0xff,0xff,0xff,0xff,0xff,0xff,0xff,0xff,0xff,
  0xff,0xff,0xff,0xff,0xff,0xff,0xff,0xff,0xff,0xff,0xff,0xff,0xff,0xff,0xff,0xff,0xff,0xff,0xff,0xff,0xff,0xff,0xff,0xff,
  0xff,0xff,0xff,0xff,0xff,0xff,0xff,0xff,0xff,0xff,0xff,0xff,0xff,0xff,0xff,0xff,0xff,0xff,0xff,0xff,0xff,0xff,0xff,0xff,
  0xff,0xff,0xff,0xff,0xff,0xff,0xff,0xff,0xff,0xff,0xff,0xff,0xff,0xff,0xff,0xff,0xff,0xff,0xff,0xff,0xff,0xff,0xff,0xff,
  0xff,0xff,0xff,0xff,0xdf,0xff,0xdf,0xff,0xdf,0xff,0xff,0xff,0xff,0xff,0xdf,0xff,0xdf,0xff,0xdf,0xff,0xdf,0xff,0xdf,0xf7,
  0xdf,0xf7,0xdf,0xf7,0xdf,0xf7,0xdf,0xf7,0xdf,0xf7,0xdf,0xf7,0xdf,0xf7,0xdf,0xf7,0xdf,0xf7,0xdf,0xf7,0xdf,0xf7,0xdf,0xf7,
  0xdf,0xf7,0xdf,0xf7,0xdf,0xf7,0xdf,0xf7,0xbf,0xf7,0xbf,0xf7,0xbf,0xf7,0xbf,0xf7,0xbf,0xef,0xbf,0xef,0xbf,0xef,0xbf,0xef,
  0xbf,0xef,0xbf,0xef,0xbf,0xef,0xbf,0xef,0xbf,0xef,0xbf,0xef,0xbf,0xef,0xbf,0xef,0xbf,0xef,0xbf,0xef,0xbf,0xef,0x9f,0xef,
  0x9f,0xef,0x9f,0xef,0x9f,0xef,0x9f,0xe7,0x9f,0xe7,0x9f,0xe7,0x9f,0xe7,0x9f,0xe7,0x7f,0xe7,0x7f,0xe7,0x7f,0xe7,0x7f,0xe7,
  0x7f,0xe7,0x7f,0xe7,0x7f,0xe7,0x7f,0xdf,0x5f,0xdf,0x5f,0xdf,0x5f,0xdf,0x5f,0xdf,0x5f,0xdf,0x5f,0xdf,0x5f,0xdf,0x5f,0xdf,
  0x5f,0xdf,0x5f,0xdf,0x5f,0xdf,0x5f,0xdf,0x3f,0xdf,0x3f,0xdf,0x3f,0xdf,0x5f,0xd7,0x3f,0xdf,0x3f,0xd7,0x3f,0xd7,0x3f,0xd7,
  0x5f,0xdf,0x5f,0xdf,0x5f,0xdf,0x5f,0xdf,0x5f,0xdf,0x5f,0xdf,0x5f,0xdf,0x5f,0xdf,0x5f,0xdf,0x5f,0xdf,0x5f,0xdf,0x5f,0xdf,
  0x5f,0xdf,0x5f,0xdf,0x5f,0xdf,0x7f,0xdf,0x7f,0xdf,0x7f,0xe7,0x7f,0xe7,0x7f,0xe7,0x7f,0xe7,0x7f,0xe7,0x7f,0xe7,0x7f,0xe7,
  0x7f,0xe7,0x7f,0xe7,0x7f,0xe7,0x7f,0xe7,0x7f,0xe7,0x7f,0xe7,0x9f,0xe7,0x9f,0xe7,0x9f,0xe7,0x5f,0xdf,0x3f,0xd7,0x3f,0xd7,
  0x3f,0xd7,0x3f,0xd7,0x3f,0xd7,0x3f,0xd7,0x3f,0xd7,0x3f,0xd7,0x3f,0xd7,0x3f,0xd7,0x3f,0xd7,0x5f,0xd7,0x5f,0xd7,0x5f,0xd7,
  0x3f,0xd7,0x9f,0xef,0xbf,0xf7,0xbf,0xef,0xbf,0xef,0xbf,0xef,0xbf,0xef,0xbf,0xef,0xbf,0xef,0xbf,0xef,0xbf,0xef,0xbf,0xef,
  0xbf,0xef,0xbf,0xef,0xbf,0xef,0xbf,0xef,0xbf,0xef,0xbf,0xf7,0xdf,0xf7,0xdf,0xf7,0xdf,0xf7,0xdf,0xf7,0xbf,0xf7,0xdf,0xf7,
  0xdf,0xf7,0xdf,0xf7,0xdf,0xf7,0xdf,0xf7,0xdf,0xf7,0xdf,0xf7,0xdf,0xf7,0xdf,0xf7,0xdf,0xf7,0xdf,0xf7,0xbf,0xf7,0xdf,0xf7,
  0xdf,0xf7,0xdf,0xf7,0xdf,0xf7,0xdf,0xf7,0xdf,0xf7,0xdf,0xf7,0xdf,0xf7,0xdf,0xf7,0xdf,0xf7,0xdf,0xf7,0xdf,0xf7,0xdf,0xf7,
  0xdf,0xf7,0xdf,0xf7,0xbf,0xf7,0xdf,0xf7,0xdf,0xf7,0xdf,0xf7,0xdf,0xf7,0xdf,0xf7,0xdf,0xf7,0xdf,0xf7,0xdf,0xf7,0xbf,0xf7,
  0xdf,0xf7,0xbf,0xf7,0xdf,0xf7,0xdf,0xf7,0xdf,0xf7,0xdf,0xf7,0xbf,0xf7,0xdf,0xf7,0xdf,0xf7,0xbf,0xae,0x1f,0x86,0x1f,0x7e,
  0x5f,0x96,0x9f,0xe7,0xdf,0xf7,0xbf,0xef,0xbf,0xef,0xbf,0xef,0xbf,0xef,0xbf,0xef,0xbf,0xef,0xbf,0xef,0xbf,0xef,0xbf,0xef,
  0xbf,0xef,0xbf,0xef,0xbf,0xef,0xbf,0xef,0xbf,0xef,0xbf,0xef,0xbf,0xef,0xbf,0xef,0xbf,0xef,0xbf,0xef,0xbf,0xef,0xbf,0xef,
  0xbf,0xef,0xbf,0xef,0xbf,0xef,0xbf,0xef,0xbf,0xef,0xbf,0xef,0xbf,0xf7,0xbf,0xef,0xbf,0xef,0xbf,0xf7,0xbf,0xf7,0xbf,0xf7,
  0xbf,0xf7,0xbf,0xf7,0xbf,0xf7,0xbf,0xf7,0xbf,0xf7,0xbf,0xf7,0xdf,0xf7,0xdf,0xf7,0xdf,0xf7,0xbf,0xf7,0xdf,0xf7,0xbf,0xf7,
  0xdf,0xf7,0xdf,0xf7,0xdf,0xf7,0xdf,0xf7,0xdf,0xf7,0xdf,0xf7,0xdf,0xf7,0xdf,0xf7,0xdf,0xf7,0xdf,0xf7,0xdf,0xf7,0xdf,0xf7,
  0xdf,0xf7,0xdf,0xf7,0xdf,0xf7,0xdf,0xff,0xdf,0xff,0xdf,0xff,0xdf,0xff,0xdf,0xff,0xdf,0xff,0xdf,0xff,0xdf,0xff,0xdf,0xff,
  0xdf,0xff,0xff,0xff,0xff,0xff,0xff,0xff,0xff,0xff,0xff,0xff,0xff,0xff,0xff,0xff,0xff,0xff,0xff,0xff,0xff,0xff,0xff,0xff,
  0xff,0xff,0xff,0xff,0xff,0xff,0xff,0xff,0xff,0xff,0xff,0xff,0xff,0xff,0xff,0xff,0xff,0xff,0xff,0xff,0xff,0xff,0xff,0xff,
  0xff,0xff,0xff,0xff,0xff,0xff,0xff,0xff,0xff,0xff,0xff,0xff,0xff,0xff,0xff,0xff,0xff,0xff,0xff,0xff,0xff,0xff,0xff,0xff,
  0xff,0xff,0xff,0xff,0xff,0xff,0xff,0xff,0xff,0xff,0xff,0xff,0xff,0xff,0xff,0xff,0xdf,0xff,0xdf,0xff,0xdf,0xff,0xff,0xff,
  0xff,0xff,0xff,0xff,0xdf,0xff,0xff,0xff,0xdf,0xff,0xdf,0xff,0xdf,0xff,0xdf,0xf7,0xdf,0xf7,0xdf,0xf7,0xdf,0xf7,0xdf,0xf7,
  0xdf,0xf7,0xdf,0xf7,0xdf,0xf7,0xdf,0xf7,0xdf,0xf7,0xdf,0xf7,0xdf,0xf7,0xdf,0xf7,0xdf,0xf7,0xdf,0xf7,0xbf,0xf7,0xbf,0xf7,
  0xbf,0xf7,0xbf,0xf7,0xbf,0xef,0xbf,0xf7,0xbf,0xef,0xbf,0xef,0xbf,0xef,0xbf,0xef,0xbf,0xef,0xbf,0xef,0xbf,0xef,0xbf,0xef,
  0xbf,0xef,0xbf,0xef,0xbf,0xef,0xbf,0xef,0x9f,0xef,0x9f,0xef,0x9f,0xef,0x9f,0xef,0x9f,0xef,0x9f,0xe7,0x9f,0xe7,0x9f,0xe7,
  0x9f,0xe7,0x9f,0xe7,0x7f,0xe7,0x7f,0xe7,0x7f,0xe7,0x7f,0xe7,0x7f,0xe7,0x7f,0xe7,0x7f,0xe7,0x7f,0xe7,0x7f,0xdf,0x7f,0xdf,
  0x5f,0xdf,0x5f,0xdf,0x5f,0xdf,0x5f,0xdf,0x5f,0xdf,0x5f,0xdf,0x5f,0xdf,0x5f,0xdf,0x5f,0xdf,0x5f,0xdf,0x5f,0xdf,0x5f,0xdf,
  0x3f,0xdf,0x5f,0xdf,0x3f,0xdf,0x3f,0xd7,0x5f,0xdf,0x3f,0xd7,0x3f,0xd7,0x3f,0xd7,0x5f,0xdf,0x5f,0xdf,0x5f,0xdf,0x5f,0xdf,
  0x5f,0xdf,0x5f,0xdf,0x5f,0xdf,0x5f,0xdf,0x5f,0xdf,0x5f,0xdf,0x5f,0xdf,0x5f,0xdf,0x5f,0xdf,0x5f,0xdf,0x5f,0xdf,0x5f,0xdf,
  0x5f,0xdf,0x7f,0xdf,0x7f,0xe7,0x7f,0xe7,0x7f,0xe7,0x7f,0xe7,0x7f,0xe7,0x7f,0xe7,0x7f,0xe7,0x7f,0xe7,0x7f,0xe7,0x7f,0xe7,
  0x7f,0xe7,0x9f,0xe7,0x7f,0xe7,0x9f,0xe7,0x9f,0xe7,0x5f,0xdf,0x3f,0xd7,0x3f,0xd7,0x3f,0xd7,0x3f,0xd7,0x3f,0xd7,0x3f,0xd7,
  0x3f,0xd7,0x3f,0xd7,0x3f,0xd7,0x5f,0xd7,0x5f,0xd7,0x5f,0xd7,0x5f,0xd7,0x5f,0xd7,0x3f,0xd7,0x9f,0xef,0xbf,0xf7,0xbf,0xef,
  0xbf,0xef,0xbf,0xef,0xbf,0xef,0xbf,0xef,0xbf,0xef,0xbf,0xef,0xbf,0xef,0xbf,0xef,0xbf,0xef,0xbf,0xef,0xbf,0xef,0xbf,0xef,
  0xbf,0xef,0xbf,0xef,0xbf,0xef,0xbf,0xef,0xbf,0xef,0xbf,0xef,0xbf,0xef,0xbf,0xef,0xbf,0xf7,0xbf,0xef,0xbf,0xef,0xbf,0xef,
  0xbf,0xef,0xbf,0xef,0xbf,0xef,0xbf,0xef,0xbf,0xef,0xbf,0xef,0xbf,0xef,0xbf,0xef,0xbf,0xef,0xbf,0xef,0xbf,0xef,0xbf,0xef,
  0xbf,0xef,0xbf,0xef,0xbf,0xef,0xbf,0xef,0xbf,0xef,0xbf,0xef,0xbf,0xef,0xbf,0xef,0xbf,0xef,0xbf,0xef,0xbf,0xef,0xbf,0xef,
  0xbf,0xef,0xbf,0xef,0xbf,0xef,0xbf,0xef,0xbf,0xef,0xbf,0xef,0xbf,0xef,0xbf,0xef,0xbf,0xef,0xbf,0xef,0xbf,0xef,0xbf,0xef,
  0xbf,0xef,0xbf,0xef,0xbf,0xef,0xbf,0xef,0xbf,0xf7,0xbf,0xf7,0x5f,0xd7,0x3f,0xcf,0xbf,0xef,0xdf,0xf7,0xbf,0xef,0xbf,0xef,
  0xbf,0xef,0xbf,0xef,0xbf,0xef,0xbf,0xef,0xbf,0xef,0xbf,0xef,0xbf,0xef,0xbf,0xef,0xbf,0xef,0xbf,0xef,0xbf,0xef,0xbf,0xef,
  0xbf,0xef,0xbf,0xef,0xbf,0xef,0xbf,0xef,0xbf,0xef,0xbf,0xef,0xbf,0xef,0xbf,0xef,0xbf,0xef,0xbf,0xef,0xbf,0xef,0xbf,0xef,
  0xbf,0xef,0xbf,0xef,0xbf,0xef,0xbf,0xef,0xbf,0xef,0xbf,0xef,0xbf,0xef,0xbf,0xef,0xbf,0xef,0xbf,0xf7,0xbf,0xf7,0xbf,0xf7,
  0xbf,0xf7,0xbf,0xf7,0xbf,0xf7,0xbf,0xf7,0xbf,0xf7,0xdf,0xf7,0xdf,0xf7,0xbf,0xf7,0xbf,0xf7,0xdf,0xf7,0xdf,0xf7,0xdf,0xf7,
  0xdf,0xf7,0xdf,0xf7,0xdf,0xf7,0xdf,0xf7,0xdf,0xf7,0xdf,0xf7,0xdf,0xf7,0xdf,0xf7,0xdf,0xf7,0xdf,0xf7,0xdf,0xf7,0xdf,0xf7,
  0xdf,0xf7,0xdf,0xff,0xdf,0xff,0xdf,0xff,0xdf,0xff,0xdf,0xff,0xdf,0xff,0xdf,0xff,0xdf,0xff,0xdf,0xff,0xdf,0xff,0xff,0xff,
  0xdf,0xff,0xdf,0xff,0xdf,0xff,0xdf,0xff,0xdf,0xff,0xdf,0xff,0xff,0xff,0xdf,0xff,0xff,0xff,0xff,0xff,0xff,0xff,0xff,0xff,
  0xff,0xff,0xff,0xff,0xff,0xff,0xff,0xff,0xff,0xff,0xff,0xff,0xff,0xff,0xff,0xff,0xff,0xff,0xff,0xff,0xff,0xff,0xff,0xff,
  0xff,0xff,0xff,0xff,0xff,0xff,0xff,0xff,0xff,0xff,0xff,0xff,0xff,0xff,0xff,0xff,0xff,0xff,0xff,0xff,0xff,0xff,0xff,0xff,
  0xff,0xff,0xff,0xff,0xff,0xff,0xff,0xff,0xff,0xff,0xff,0xff,0xdf,0xff,0xff,0xff,0xff,0xff,0xff,0xff,0xdf,0xff,0xdf,0xff,
  0xdf,0xff,0xdf,0xf7,0xdf,0xf7,0xdf,0xf7,0xdf,0xf7,0xdf,0xf7,0xdf,0xf7,0xdf,0xf7,0xdf,0xf7,0xdf,0xf7,0xdf,0xf7,0xdf,0xf7,
  0xdf,0xf7,0xdf,0xf7,0xbf,0xf7,0xbf,0xf7,0xbf,0xf7,0xbf,0xf7,0xbf,0xf7,0xbf,0xef,0xbf,0xef,0xbf,0xef,0xbf,0xef,0xbf,0xef,
  0xbf,0xef,0xbf,0xef,0xbf,0xef,0xbf,0xef,0xbf,0xef,0xbf,0xef,0xbf,0xef,0xbf,0xef,0xbf,0xef,0xbf,0xef,0xbf,0xef,0xbf,0xef,
  0x9f,0xef,0x9f,0xef,0x9f,0xef,0x9f,0xef,0x9f,0xe7,0x9f,0xe7,0x9f,0xe7,0x9f,0xe7,0x9f,0xe7,0x7f,0xe7,0x7f,0xe7,0x7f,0xe7,
  0x7f,0xe7,0x7f,0xe7,0x7f,0xe7,0x7f,0xe7,0x7f,0xdf,0x7f,0xdf,0x5f,0xdf,0x5f,0xdf,0x5f,0xdf,0x5f,0xdf,0x5f,0xdf,0x5f,0xdf,
  0x5f,0xdf,0x5f,0xdf,0x5f,0xdf,0x3f,0xdf,0x5f,0xdf,0x5f,0xdf,0x5f,0xdf,0x3f,0xdf,0x3f,0xd7,0x3f,0xd7,0x3f,0xd7,0x3f,0xd7,
  0x3f,0xd7,0x3f,0xd7,0x3f,0xd7,0x3f,0xd7,0x3f,0xdf,0x5f,0xdf,0x5f,0xdf,0x5f,0xdf,0x5f,0xdf,0x5f,0xdf,0x5f,0xdf,0x5f,0xdf,
  0x5f,0xdf,0x5f,0xdf,0x5f,0xdf,0x5f,0xdf,0x5f,0xdf,0x5f,0xdf,0x5f,0xdf,0x5f,0xdf,0x5f,0xdf,0x5f,0xdf,0x7f,0xdf,0x7f,0xe7,
  0x7f,0xe7,0x7f,0xe7,0x7f,0xe7,0x7f,0xe7,0x7f,0xe7,0x7f,0xe7,0x7f,0xe7,0x7f,0xe7,0x7f,0xe7,0x7f,0xe7,0x7f,0xe7,0x7f,0xe7,
  0x9f,0xe7,0x5f,0xdf,0x3f,0xd7,0x5f,0xd7,0x3f,0xd7,0x3f,0xd7,0x3f,0xd7,0x3f,0xd7,0x3f,0xd7,0x3f,0xd7,0x3f,0xd7,0x5f,0xd7,
  0x5f,0xd7,0x5f,0xd7,0x5f,0xd7,0x5f,0xd7,0x3f,0xd7,0x9f,0xef,0xbf,0xf7,0xbf,0xef,0xbf,0xef,0xbf,0xef,0xbf,0xef,0xbf,0xef,
  0xbf,0xef,0xbf,0xef,0x9f,0xef,0xbf,0xef,0xbf,0xef,0xbf,0xef,0xbf,0xef,0xbf,0xef,0xbf,0xef,0xbf,0xef,0xbf,0xef,0xbf,0xef,
  0xbf,0xef,0xbf,0xef,0xbf,0xef,0xbf,0xf7,0xbf,0xf7,0xbf,0xf7,0xbf,0xef,0xbf,0xef,0xbf,0xef,0xbf,0xef,0xbf,0xef,0xbf,0xf7,
  0xbf,0xef,0xbf,0xef,0xbf,0xef,0xbf,0xef,0xbf,0xef,0xbf,0xef,0xbf,0xef,0xbf,0xef,0xbf,0xef,0xbf,0xef,0xbf,0xef,0xbf,0xef,
  0xbf,0xef,0xbf,0xef,0xbf,0xef,0xbf,0xef,0xbf,0xef,0xbf,0xef,0xbf,0xef,0xbf,0xef,0xbf,0xef,0xbf,0xef,0xbf,0xef,0xbf,0xef,
  0xbf,0xef,0xbf,0xef,0xbf,0xef,0xbf,0xef,0xbf,0xef,0xbf,0xef,0xbf,0xef,0xbf,0xef,0xbf,0xef,0xbf,0xef,0xbf,0xef,0xbf,0xf7,
  0xbf,0xef,0xbf,0xf7,0xdf,0xf7,0xdf,0xf7,0xbf,0xf7,0xbf,0xef,0xbf,0xf7,0xbf,0xef,0xbf,0xef,0xbf,0xef,0xbf,0xef,0xbf,0xef,
  0xbf,0xef,0xbf,0xef,0xbf,0xef,0xbf,0xef,0xbf,0xef,0xbf,0xef,0xbf,0xef,0xbf,0xef,0xbf,0xef,0xbf,0xef,0xbf,0xef,0xbf,0xef,
  0xbf,0xef,0xbf,0xef,0xbf,0xef,0xbf,0xef,0xbf,0xef,0xbf,0xef,0xbf,0xef,0xbf,0xef,0xbf,0xef,0xbf,0xef,0xbf,0xef,0xbf,0xef,
  0xbf,0xef,0xbf,0xef,0xbf,0xef,0xbf,0xef,0xbf,0xef,0xbf,0xef,0xbf,0xf7,0xbf,0xf7,0xbf,0xf7,0xbf,0xf7,0xbf,0xf7,0xbf,0xf7,
  0xbf,0xf7,0xbf,0xf7,0xbf,0xf7,0xdf,0xf7,0xdf,0xf7,0xdf,0xf7,0xbf,0xf7,0xdf,0xf7,0xdf,0xf7,0xdf,0xf7,0xdf,0xf7,0xdf,0xf7,
  0xdf,0xf7,0xdf,0xf7,0xdf,0xf7,0xdf,0xf7,0xdf,0xf7,0xdf,0xf7,0xdf,0xf7,0xdf,0xf7,0xdf,0xf7,0xdf,0xff,0xdf,0xff,0xdf,0xff,
  0xdf,0xff,0xdf,0xff,0xdf,0xff,0xdf,0xff,0xdf,0xff,0xdf,0xff,0xdf,0xff,0xdf,0xff,0xdf,0xff,0xdf,0xff,0xdf,0xff,0xdf,0xff,
  0xdf,0xff,0xdf,0xff,0xff,0xff,0xdf,0xff,0xff,0xff,0xdf,0xff,0xdf,0xff,0xff,0xff,0xff,0xff,0xdf,0xff,0xdf,0xff,0xdf,0xff,
  0xdf,0xff,0xdf,0xff,0xff,0xff,0xff,0xff,0xff,0xff,0xff,0xff,0xff,0xff,0xff,0xff,0xff,0xff,0xff,0xff,0xff,0xff,0xff,0xff,
  0xff,0xff,0xff,0xff,0xff,0xff,0xff,0xff,0xdf,0xff,0xff,0xff,0xff,0xff,0xff,0xff,0xff,0xff,0xff,0xff,0xdf,0xff,0xff,0xff,
  0xdf,0xff,0xdf,0xff,0xff,0xff,0xff,0xff,0xff,0xff,0xdf,0xff,0xdf,0xff,0xdf,0xff,0xdf,0xf7,0xdf,0xf7,0xdf,0xf7,0xdf,0xf7,
  0xdf,0xf7,0xdf,0xf7,0xdf,0xf7,0xdf,0xf7,0xdf,0xf7,0xdf,0xf7,0xdf,0xf7,0xdf,0xf7,0xdf,0xf7,0xbf,0xf7,0xbf,0xf7,0xbf,0xf7,
  0xbf,0xf7,0xbf,0xf7,0xbf,0xef,0xbf,0xef,0xbf,0xef,0xbf,0xef,0xbf,0xef,0xbf,0xef,0xbf,0xef,0xbf,0xef,0xbf,0xef,0xbf,0xef,
  0xbf,0xef,0xbf,0xef,0xbf,0xef,0xbf,0xef,0xbf,0xef,0x9f,0xef,0x9f,0xef,0x9f,0xef,0x9f,0xef,0x9f,0xef,0x9f,0xe7,0x9f,0xe7,
  0x9f,0xe7,0x9f,0xe7,0x9f,0xe7,0x7f,0xe7,0x7f,0xe7,0x7f,0xe7,0x7f,0xe7,0x7f,0xe7,0x7f,0xe7,0x7f,0xe7,0x7f,0xe7,0x7f,0xdf,
  0x7f,0xdf,0x5f,0xdf,0x5f,0xdf,0x5f,0xdf,0x5f,0xdf,0x5f,0xdf,0x5f,0xdf,0x5f,0xdf,0x5f,0xdf,0x3f,0xdf,0x5f,0xdf,0x5f,0xdf,
  0x3f,0xdf,0x3f,0xdf,0x3f,0xdf,0x3f,0xdf,0x3f,0xd7,0x3f,0xd7,0x3f,0xd7,0x3f,0xd7,0x3f,0xd7,0x3f,0xd7,0x3f,0xd7,0x3f,0xd7,
  0x3f,0xdf,0x3f,0xdf,0x5f,0xdf,0x5f,0xdf,0x5f,0xdf,0x5f,0xdf,0x5f,0xdf,0x5f,0xdf,0x5f,0xdf,0x5f,0xdf,0x5f,0xdf,0x5f,0xdf,
  0x5f,0xdf,0x5f,0xdf,0x5f,0xdf,0x5f,0xdf,0x5f,0xdf,0x5f,0xdf,0x7f,0xdf,0x5f,0xdf,0x7f,0xdf,0x7f,0xdf,0x7f,0xe7,0x7f,0xe7,
  0x7f,0xe7,0x7f,0xe7,0x7f,0xe7,0x7f,0xe7,0x7f,0xe7,0x7f,0xe7,0x7f,0xe7,0x7f,0xe7,0x9f,0xe7,0x5f,0xdf,0x3f,0xd7,0x5f,0xd7,
  0x5f,0xd7,0x5f,0xd7,0x3f,0xd7,0x3f,0xd7,0x3f,0xd7,0x5f,0xd7,0x5f,0xd7,0x5f,0xd7,0x5f,0xd7,0x5f,0xd7,0x3f,0xd7,0x5f,0xd7,
  0x5f,0xd7,0x9f,0xef,0xbf,0xf7,0xbf,0xef,0xbf,0xef,0xbf,0xef,0xbf,0xef,0xbf,0xef,0xbf,0xef,0xbf,0xef,0xbf,0xef,0x9f,0xef,
  0xbf,0xef,0xbf,0xef,0xbf,0xef,0xbf,0xef,0xbf,0xef,0xbf,0xef,0xbf,0xef,0xbf,0xef,0xbf,0xef,0xbf,0xef,0xbf,0xef,0xbf,0xef,
  0xbf,0xf7,0xbf,0xef,0xbf,0xef,0xbf,0xef,0xbf,0xef,0xbf,0xef,0xbf,0xef,0xbf,0xef,0xbf,0xef,0xbf,0xef,0xbf,0xef,0xbf,0xef,
  0xbf,0xef,0xbf,0xef,0xbf,0xef,0xbf,0xef,0xbf,0xef,0xbf,0xef,0xbf,0xef,0xbf,0xef,0xbf,0xef,0xbf,0xef,0xbf,0xef,0xbf,0xef,
  0xbf,0xef,0xbf,0xef,0xbf,0xef,0xbf,0xef,0xbf,0xef,0xbf,0xef,0xbf,0xef,0xbf,0xef,0xbf,0xef,0xbf,0xef,0xbf,0xef,0xbf,0xef,
  0xbf,0xef,0xbf,0xef,0xbf,0xef,0xbf,0xef,0xbf,0xef,0xbf,0xef,0xbf,0xef,0xbf,0xef,0xbf,0xef,0xbf,0xf7,0xbf,0xef,0xbf,0xef,
  0xbf,0xef,0xbf,0xef,0xbf,0xef,0xbf,0xef,0xbf,0xef,0xbf,0xef,0xbf,0xef,0xbf,0xef,0xbf,0xef,0xbf,0xef,0xbf,0xef,0xbf,0xef,
  0xbf,0xef,0xbf,0xef,0xbf,0xef,0xbf,0xef,0xbf,0xef,0xbf,0xef,0xbf,0xef,0xbf,0xef,0xbf,0xef,0xbf,0xef,0xbf,0xef,0xbf,0xef,
  0xbf,0xef,0xbf,0xef,0xbf,0xef,0xbf,0xef,0xbf,0xef,0xbf,0xef,0xbf,0xef,0xbf,0xef,0xbf,0xef,0xbf,0xef,0xbf,0xef,0xbf,0xef,
  0xbf,0xef,0xbf,0xef,0xbf,0xef,0xbf,0xef,0xbf,0xf7,0xbf,0xf7,0xbf,0xf7,0xbf,0xf7,0xbf,0xf7,0xbf,0xf7,0xbf,0xf7,0xbf,0xf7,
  0xdf,0xf7,0xbf,0xf7,0xbf,0xf7,0xdf,0xf7,0xdf,0xf7,0xdf,0xf7,0xdf,0xf7,0xdf,0xf7,0xdf,0xf7,0xdf,0xf7,0xdf,0xf7,0xdf,0xf7,
  0xdf,0xf7,0xdf,0xf7,0xdf,0xf7,0xdf,0xf7,0xdf,0xf7,0xdf,0xf7,0xdf,0xff,0xdf,0xff,0xdf,0xff,0xdf,0xff,0xdf,0xff,0xdf,0xff,
  0xdf,0xff,0xdf,0xff,0xdf,0xff,0xdf,0xff,0xdf,0xff,0xdf,0xff,0xdf,0xff,0xdf,0xff,0xdf,0xff,0xdf,0xff,0xdf,0xff,0xdf,0xff,
  0xdf,0xff,0xdf,0xff,0xdf,0xff,0xdf,0xff,0xdf,0xff,0xdf,0xff,0xdf,0xff,0xdf,0xff,0xdf,0xff,0xdf,0xff,0xdf,0xff,0xdf,0xff,
  0xdf,0xff,0xdf,0xff,0xdf,0xff,0xdf,0xff,0xdf,0xff,0xdf,0xff,0xff,0xff,0xff,0xff,0xdf,0xff,0xff,0xff,0xdf,0xff,0xdf,0xff,
  0xff,0xff,0xdf,0xff,0xdf,0xff,0xdf,0xff,0xff,0xff,0xdf,0xff,0xff,0xff,0xdf,0xff,0xdf,0xff,0xdf,0xff,0xff,0xff,0xdf,0xff,
  0xdf,0xff,0xdf,0xff,0xdf,0xff,0xdf,0xf7,0xdf,0xf7,0xdf,0xf7,0xdf,0xf7,0xdf,0xf7,0xdf,0xf7,0xdf,0xf7,0xdf,0xf7,0xdf,0xf7,
  0xdf,0xf7,0xdf,0xf7,0xdf,0xf7,0xbf,0xf7,0xbf,0xf7,0xbf,0xf7,0xbf,0xf7,0xbf,0xf7,0xbf,0xf7,0xbf,0xef,0xbf,0xef,0xbf,0xef,
  0xbf,0xef,0xbf,0xef,0xbf,0xef,0xbf,0xef,0xbf,0xef,0xbf,0xef,0xbf,0xef,0xbf,0xef,0xbf,0xef,0xbf,0xef,0x9f,0xef,0xbf,0xef,
  0xbf,0xef,0x9f,0xef,0x9f,0xef,0x9f,0xef,0x9f,0xef,0x9f,0xe7,0x9f,0xe7,0x9f,0xe7,0x9f,0xe7,0x7f,0xe7,0x7f,0xe7,0x7f,0xe7,
  0x7f,0xe7,0x7f,0xe7,0x7f,0xe7,0x7f,0xdf,0x7f,0xdf,0x7f,0xdf,0x7f,0xdf,0x5f,0xdf,0x5f,0xdf,0x5f,0xdf,0x5f,0xdf,0x5f,0xdf,
  0x5f,0xdf,0x5f,0xdf,0x5f,0xdf,0x5f,0xdf,0x5f,0xdf,0x5f,0xdf,0x5f,0xdf,0x3f,0xdf,0x3f,0xdf,0x3f,0xdf,0x3f,0xdf,0x3f,0xd7,
  0x3f,0xd7,0x3f,0xd7,0x3f,0xd7,0x3f,0xd7,0x3f,0xd7,0x3f,0xd7,0x3f,0xd7,0x3f,0xd7,0x3f,0xdf,0x3f,0xd7,0x3f,0xd7,0x5f,0xdf,
  0x5f,0xdf,0x5f,0xdf,0x5f,0xdf,0x5f,0xdf,0x5f,0xdf,0x5f,0xdf,0x5f,0xdf,0x5f,0xdf,0x5f,0xdf,0x5f,0xdf,0x5f,0xdf,0x5f,0xdf,
  0x5f,0xdf,0x5f,0xdf,0x7f,0xdf,0x5f,0xdf,0x5f,0xdf,0x7f,0xdf,0x7f,0xe7,0x7f,0xe7,0x7f,0xe7,0x7f,0xe7,0x7f,0xe7,0x7f,0xe7,
  0x7f,0xe7,0x7f,0xe7,0x7f,0xe7,0x7f,0xe7,0x9f,0xe7,0x5f,0xdf,0x3f,0xd7,0x5f,0xd7,0x3f,0xd7,0x3f,0xd7,0x5f,0xd7,0x5f,0xd7,
  0x5f,0xd7,0x5f,0xd7,0x5f,0xd7,0x5f,0xd7,0x5f,0xd7,0x5f,0xd7,0x5f,0xd7,0x5f,0xdf,0x5f,0xd7,0x9f,0xef,0xbf,0xef,0xbf,0xef,
  0xbf,0xef,0xbf,0xef,0xbf,0xef,0xbf,0xef,0xbf,0xef,0xbf,0xef,0xbf,0xef,0xbf,0xef,0xbf,0xef,0xbf,0xef,0xbf,0xef,0xbf,0xef,
  0xbf,0xef,0xbf,0xef,0xbf,0xef,0xbf,0xef,0xbf,0xef,0xbf,0xef,0xbf,0xef,0xbf,0xef,0xbf,0xef,0xbf,0xef,0xbf,0xef,0xbf,0xef,
  0xbf,0xef,0xbf,0xef,0xbf,0xef,0xbf,0xef,0xbf,0xef,0xbf,0xef,0xbf,0xef,0xbf,0xef,0xbf,0xef,0xbf,0xef,0xbf,0xef,0xbf,0xef,
  0xbf,0xef,0xbf,0xef,0xbf,0xef,0xbf,0xef,0xbf,0xef,0xbf,0xef,0xbf,0xef,0xbf,0xef,0xbf,0xef,0xbf,0xef,0xbf,0xef,0xbf,0xef,
  0xbf,0xef,0xbf,0xef,0xbf,0xef,0xbf,0xef,0xbf,0xef,0xbf,0xef,0xbf,0xef,0xbf,0xef,0xbf,0xef,0xbf,0xef,0xbf,0xef,0xbf,0xef,
  0xbf,0xef,0xbf,0xef,0xbf,0xef,0xbf,0xef,0xbf,0xef,0xbf,0xef,0xbf,0xef,0xbf,0xef,0xbf,0xef,0xbf,0xef,0xbf,0xef,0xbf,0xef,
  0xbf,0xef,0xbf,0xef,0xbf,0xef,0xbf,0xef,0xbf,0xef,0xbf,0xef,0xbf,0xef,0xbf,0xef,0xbf,0xef,0xbf,0xef,0xbf,0xef,0xbf,0xef,
  0xbf,0xef,0xbf,0xef,0xbf,0xef,0xbf,0xef,0xbf,0xef,0xbf,0xef,0xbf,0xef,0xbf,0xef,0x9f,0xef,0xbf,0xef,0xbf,0xef,0xbf,0xef,
  0xbf,0xef,0xbf,0xef,0xbf,0xef,0xbf,0xef,0xbf,0xef,0xbf,0xef,0xbf,0xef,0xbf,0xef,0xbf,0xef,0xbf,0xef,0xbf,0xef,0xbf,0xef,
  0xbf,0xef,0xbf,0xf7,0xbf,0xf7,0xbf,0xf7,0xbf,0xf7,0xbf,0xf7,0xbf,0xf7,0xbf,0xf7,0xbf,0xf7,0xbf,0xf7,0xbf,0xf7,0xbf,0xf7,
  0xbf,0xf7,0xbf,0xf7,0xdf,0xf7,0xdf,0xf7,0xdf,0xf7,0xdf,0xf7,0xdf,0xf7,0xdf,0xf7,0xdf,0xf7,0xdf,0xf7,0xdf,0xf7,0xdf,0xf7,
  0xdf,0xf7,0xdf,0xf7,0xdf,0xf7,0xdf,0xf7,0xdf,0xf7,0xdf,0xff,0xdf,0xff,0xdf,0xff,0xdf,0xff,0xdf,0xff,0xdf,0xff,0xdf,0xff,
  0xdf,0xff,0xdf,0xff,0xdf,0xff,0xdf,0xff,0xdf,0xff,0xdf,0xff,0xdf,0xff,0xdf,0xff,0xdf,0xff,0xdf,0xff,0xdf,0xff,0xdf,0xff,
  0xdf,0xff,0xdf,0xff,0xdf,0xff,0xdf,0xff,0xdf,0xff,0xdf,0xff,0xdf,0xff,0xdf,0xff,0xdf,0xff,0xdf,0xff,0xdf,0xff,0xdf,0xff,
  0xdf,0xff,0xdf,0xff,0xdf,0xff,0xdf,0xff,0xdf,0xff,0xdf,0xff,0xdf,0xff,0xdf,0xff,0xdf,0xff,0xdf,0xff,0xdf,0xff,0xdf,0xff,
  0xdf,0xff,0xdf,0xff,0xdf,0xff,0xdf,0xff,0xdf,0xff,0xdf,0xff,0xff,0xff,0xdf,0xff,0xdf,0xff,0xdf,0xff,0xdf,0xff,0xdf,0xf7,
  0xdf,0xf7,0xdf,0xf7,0xdf,0xf7,0xdf,0xf7,0xdf,0xf7,0xdf,0xf7,0xdf,0xf7,0xdf,0xf7,0xbf,0xf7,0xbf,0xf7,0xbf,0xf7,0xbf,0xf7,
  0xbf,0xf7,0xbf,0xf7,0xbf,0xef,0xbf,0xef,0xbf,0xef,0xbf,0xef,0xbf,0xef,0xbf,0xef,0xbf,0xef,0xbf,0xef,0xbf,0xef,0xbf,0xef,
  0xbf,0xef,0xbf,0xef,0xbf,0xef,0xbf,0xef,0x9f,0xef,0x9f,0xef,0x9f,0xef,0x9f,0xef,0x9f,0xef,0x9f,0xef,0x9f,0xef,0x9f,0xe7,
  0x9f,0xe7,0x9f,0xe7,0x9f,0xe7,0x9f,0xe7,0x7f,0xe7,0x7f,0xe7,0x7f,0xe7,0x7f,0xe7,0x7f,0xe7,0x7f,0xe7,0x7f,0xdf,0x7f,0xdf,
  0x7f,0xdf,0x7f,0xdf,0x5f,0xdf,0x5f,0xdf,0x5f,0xdf,0x5f,0xdf,0x5f,0xdf,0x5f,0xdf,0x5f,0xdf,0x5f,0xdf,0x5f,0xdf,0x5f,0xdf,
  0x5f,0xdf,0x5f,0xdf,0x3f,0xdf,0x5f,0xd7,0x3f,0xd7,0x3f,0xd7,0x3f,0xd7,0x3f,0xd7,0x3f,0xd7,0x3f,0xd7,0x3f,0xd7,0x3f,0xd7,
  0x3f,0xd7,0x3f,0xd7,0x3f,0xd7,0x3f,0xd7,0x3f,0xd7,0x3f,0xd7,0x3f,0xd7,0x3f,0xdf,0x3f,0xdf,0x5f,0xdf,0x5f,0xdf,0x5f,0xdf,
  0x5f,0xdf,0x5f,0xdf,0x5f,0xdf,0x5f,0xdf,0x5f,0xdf,0x5f,0xdf,0x5f,0xdf,0x5f,0xdf,0x5f,0xdf,0x5f,0xdf,0x5f,0xdf,0x5f,0xdf,
  0x5f,0xdf,0x5f,0xdf,0x7f,0xdf,0x7f,0xe7,0x7f,0xe7,0x7f,0xe7,0x7f,0xe7,0x7f,0xe7,0x7f,0xe7,0x7f,0xe7,0x7f,0xe7,0x7f,0xe7,
  0x9f,0xe7,0x5f,0xdf,0x3f,0xd7,0x3f,0xd7,0x3f,0xd7,0x3f,0xd7,0x5f,0xd7,0x5f,0xd7,0x5f,0xd7,0x5f,0xd7,0x5f,0xd7,0x5f,0xd7,
  0x5f,0xd7,0x5f,0xd7,0x5f,0xd7,0x5f,0xdf,0x5f,0xd7,0x9f,0xef,0xbf,0xef,0xbf,0xef,0xbf,0xef,0xbf,0xef,0x9f,0xef,0x9f,0xef,
  0x9f,0xef,0x9f,0xef,0xbf,0xef,0xbf,0xef,0xbf,0xef,0xbf,0xef,0xbf,0xef,0xbf,0xef,0xbf,0xef,0xbf,0xef,0xbf,0xef,0xbf,0xef,
  0xbf,0xef,0xbf,0xef,0xbf,0xef,0xbf,0xef,0xbf,0xef,0xbf,0xef,0xbf,0xef,0xbf,0xef,0xbf,0xef,0xbf,0xef,0xbf,0xef,0xbf,0xef,
  0xbf,0xef,0xbf,0xef,0xbf,0xef,0xbf,0xef,0xbf,0xef,0xbf,0xef,0xbf,0xef,0xbf,0xef,0xbf,0xef,0xbf,0xef,0xbf,0xef,0xbf,0xef,
  0xbf,0xef,0xbf,0xef,0xbf,0xef,0xbf,0xef,0xbf,0xef,0xbf,0xef,0xbf,0xef,0xbf,0xef,0xbf,0xef,0xbf,0xef,0xbf,0xef,0xbf,0xef,
  0xbf,0xef,0xbf,0xef,0xbf,0xef,0xbf,0xef,0xbf,0xef,0xbf,0xef,0xbf,0xef,0xbf,0xef,0xbf,0xef,0xbf,0xef,0xbf,0xef,0xbf,0xef,
  0xbf,0xef,0xbf,0xef,0xbf,0xef,0xbf,0xef,0xbf,0xef,0xbf,0xef,0xbf,0xef,0xbf,0xef,0xbf,0xef,0xbf,0xef,0xbf,0xef,0xbf,0xef,
  0xbf,0xef,0xbf,0xef,0xbf,0xef,0xbf,0xef,0xbf,0xef,0xbf,0xef,0xbf,0xef,0xbf,0xef,0xbf,0xef,0xbf,0xef,0xbf,0xef,0x9f,0xef,
  0x9f,0xef,0xbf,0xef,0xbf,0xef,0xbf,0xef,0xbf,0xef,0xbf,0xef,0xbf,0xef,0xbf,0xef,0xbf,0xef,0xbf,0xef,0xbf,0xef,0xbf,0xef,
  0xbf,0xef,0xbf,0xef,0xbf,0xef,0xbf,0xef,0xbf,0xef,0xbf,0xef,0xbf,0xef,0xbf,0xef,0xbf,0xef,0xbf,0xef,0xbf,0xef,0xbf,0xf7,
  0xbf,0xf7,0xbf,0xf7,0xbf,0xf7,0xbf,0xf7,0xbf,0xf7,0xbf,0xf7,0xbf,0xf7,0xbf,0xf7,0xdf,0xf7,0xbf,0xf7,0xbf,0xf7,0xdf,0xf7,
  0xdf,0xf7,0xbf,0xf7,0xdf,0xf7,0xdf,0xf7,0xdf,0xf7,0xdf,0xf7,0xdf,0xf7,0xdf,0xf7,0xdf,0xf7,0xdf,0xf7,0xdf,0xf7,0xdf,0xf7,
  0xdf,0xf7,0xdf,0xf7,0xdf,0xf7,0xdf,0xff,0xdf,0xff,0xdf,0xff,0xdf,0xff,0xdf,0xff,0xdf,0xff,0xdf,0xff,0xdf,0xff,0xdf,0xff,
  0xdf,0xff,0xdf,0xff,0xdf,0xff,0xdf,0xff,0xdf,0xff,0xdf,0xff,0xdf,0xff,0xdf,0xff,0xdf,0xff,0xdf,0xff,0xdf,0xff,0xdf,0xff,
  0xdf,0xff,0xdf,0xff,0xdf,0xff,0xdf,0xff,0xdf,0xff,0xdf,0xff,0xdf,0xff,0xdf,0xff,0xdf,0xff,0xdf,0xff,0xdf,0xff,0xdf,0xff,
  0xdf,0xff,0xdf,0xff,0xdf,0xff,0xdf,0xff,0xdf,0xff,0xff,0xff,0xdf,0xff,0xdf,0xff,0xdf,0xff,0xdf,0xff,0xdf,0xff,0xdf,0xff,
  0xdf,0xff,0xdf,0xff,0xdf,0xff,0xdf,0xff,0xdf,0xff,0xdf,0xff,0xdf,0xf7,0xdf,0xf7,0xdf,0xf7,0xdf,0xf7,0xdf,0xf7,0xdf,0xf7,
  0xdf,0xf7,0xdf,0xf7,0xbf,0xf7,0xbf,0xf7,0xbf,0xf7,0xbf,0xf7,0xbf,0xef,0xbf,0xef,0xbf,0xef,0xbf,0xef,0xbf,0xef,0xbf,0xef,
  0xbf,0xef,0xbf,0xef,0xbf,0xef,0xbf,0xef,0xbf,0xef,0xbf,0xef,0xbf,0xef,0xbf,0xef,0xbf,0xef,0xbf,0xef,0x9f,0xef,0x9f,0xef,
  0x9f,0xef,0x9f,0xef,0x9f,0xef,0x9f,0xef,0x9f,0xef,0x9f,0xe7,0x9f,0xe7,0x9f,0xe7,0x9f,0xe7,0x9f,0xe7,0x7f,0xe7,0x7f,0xe7,
  0x7f,0xe7,0x7f,0xe7,0x7f,0xe7,0x7f,0xe7,0x7f,0xe7,0x7f,0xdf,0x5f,0xdf,0x5f,0xdf,0x7f,0xdf,0x5f,0xdf,0x5f,0xdf,0x5f,0xdf,
  0x5f,0xdf,0x5f,0xdf,0x5f,0xdf,0x5f,0xdf,0x5f,0xdf,0x5f,0xdf,0x5f,0xdf,0x5f,0xdf,0x3f,0xdf,0x5f,0xdf,0x3f,0xd7,0x3f,0xd7,
  0x3f,0xd7,0x3f,0xd7,0x3f,0xd7,0x3f,0xd7,0x3f,0xd7,0x3f,0xd7,0x3f,0xd7,0x3f,0xd7,0x3f,0xd7,0x3f,0xd7,0x3f,0xd7,0x3f,0xd7,
  0x3f,0xd7,0x3f,0xd7,0x3f,0xd7,0x3f,0xd7,0x3f,0xdf,0x5f,0xdf,0x5f,0xdf,0x5f,0xdf,0x5f,0xdf,0x5f,0xdf,0x5f,0xdf,0x5f,0xdf,
  0x5f,0xdf,0x5f,0xdf,0x5f,0xdf,0x5f,0xdf,0x5f,0xdf,0x5f,0xdf,0x5f,0xdf,0x5f,0xdf,0x5f,0xdf,0x7f,0xdf,0x7f,0xe7,0x7f,0xe7,
  0x7f,0xe7,0x7f,0xe7,0x7f,0xe7,0x7f,0xe7,0x7f,0xe7,0x7f,0xe7,0x7f,0xe7,0x7f,0xe7,0x9f,0xe7,0x5f,0xdf,0x3f,0xd7,0x5f,0xd7,
  0x3f,0xd7,0x5f,0xd7,0x3f,0xd7,0x5f,0xd7,0x5f,0xd7,0x5f,0xd7,0x5f,0xd7,0x5f,0xd7,0x5f,0xd7,0x5f,0xd7,0x5f,0xd7,0x5f,0xd7,
  0x5f,0xdf,0x9f,0xef,0xbf,0xef,0xbf,0xef,0xbf,0xef,0xbf,0xef,0xbf,0xef,0x9f,0xef,0x9f,0xef,0x9f,0xef,0x9f,0xef,0xbf,0xef,
  0x9f,0xef,0xbf,0xef,0xbf,0xef,0xbf,0xef,0xbf,0xef,0xbf,0xef,0xbf,0xef,0xbf,0xef,0xbf,0xef,0xbf,0xef,0xbf,0xef,0xbf,0xef,
  0xbf,0xef,0xbf,0xef,0xbf,0xef,0xbf,0xef,0xbf,0xef,0xbf,0xef,0xbf,0xef,0xbf,0xef,0xbf,0xef,0xbf,0xef,0xbf,0xef,0xbf,0xef,
  0xbf,0xef,0xbf,0xef,0xbf,0xef,0xbf,0xef,0xbf,0xef,0xbf,0xef,0xbf,0xef,0xbf,0xef,0xbf,0xef,0xbf,0xef,0xbf,0xef,0xbf,0xef,
  0xbf,0xef,0xbf,0xef,0xbf,0xef,0xbf,0xef,0xbf,0xef,0xbf,0xef,0xbf,0xef,0xbf,0xef,0xbf,0xef,0xbf,0xef,0xbf,0xef,0xbf,0xef,
  0xbf,0xef,0xbf,0xef,0xbf,0xef,0xbf,0xef,0xbf,0xef,0xbf,0xef,0xbf,0xef,0xbf,0xef,0xbf,0xef,0xbf,0xef,0xbf,0xef,0xbf,0xef,
  0xbf,0xef,0xbf,0xef,0xbf,0xef,0xbf,0xef,0xbf,0xef,0xbf,0xef,0xbf,0xef,0xbf,0xef,0xbf,0xef,0xbf,0xef,0x9f,0xef,0xbf,0xef,
  0xbf,0xef,0xbf,0xef,0xbf,0xef,0x9f,0xef,0x9f,0xef,0xbf,0xef,0xbf,0xef,0xbf,0xef,0x9f,0xef,0xbf,0xef,0x9f,0xef,0xbf,0xef,
  0xbf,0xef,0xbf,0xef,0xbf,0xef,0xbf,0xef,0xbf,0xef,0xbf,0xef,0xbf,0xef,0xbf,0xef,0xbf,0xef,0xbf,0xef,0xbf,0xef,0xbf,0xef,
  0xbf,0xef,0xbf,0xef,0xbf,0xef,0xbf,0xef,0xbf,0xef,0xbf,0xef,0xbf,0xef,0xbf,0xf7,0xbf,0xf7,0xbf,0xf7,0xbf,0xf7,0xbf,0xf7,
  0xbf,0xf7,0xbf,0xf7,0xbf,0xf7,0xbf,0xf7,0xbf,0xf7,0xbf,0xf7,0xbf,0xf7,0xdf,0xf7,0xdf,0xf7,0xdf,0xf7,0xdf,0xf7,0xdf,0xf7,
  0xdf,0xf7,0xdf,0xf7,0xdf,0xf7,0xdf,0xf7,0xdf,0xf7,0xdf,0xf7,0xdf,0xf7,0xdf,0xf7,0xdf,0xf7,0xdf,0xf7,0xdf,0xf7,0xdf,0xff,
  0xdf,0xff,0xdf,0xff,0xdf,0xff,0xdf,0xff,0xdf,0xff,0xdf,0xff,0xdf,0xf7,0xdf,0xf7,0xdf,0xf7,0xdf,0xf7,0xdf,0xf7,0xdf,0xf7,
  0xdf,0xf7,0xdf,0xf7,0xdf,0xf7,0xdf,0xf7,0xdf,0xf7,0xdf,0xf7,0xdf,0xff,0xdf,0xff,0xdf,0xff,0xdf,0xff,0xdf,0xff,0xdf,0xff,
  0xdf,0xff,0xdf,0xff,0xff,0xff,0xdf,0xff,0xdf,0xff,0xdf,0xff,0xdf,0xff,0xdf,0xff,0xdf,0xff,0xdf,0xff,0xdf,0xff,0xdf,0xff,
  0xdf,0xff,0xdf,0xff,0xdf,0xff,0xdf,0xff,0xdf,0xff,0xdf,0xff,0xdf,0xff,0xdf,0xff,0xdf,0xff,0xdf,0xff,0xdf,0xf7,0xdf,0xf7,
  0xdf,0xf7,0xdf,0xf7,0xdf,0xf7,0xdf,0xf7,0xdf,0xf7,0xdf,0xf7,0xdf,0xf7,0xdf,0xf7,0xdf,0xf7,0xdf,0xf7,0xbf,0xf7,0xbf,0xf7,
  0xbf,0xf7,0xbf,0xf7,0xbf,0xf7,0xbf,0xef,0xbf,0xef,0xbf,0xef,0xbf,0xef,0xbf,0xef,0xbf,0xef,0xbf,0xef,0xbf,0xef,0xbf,0xef,
  0xbf,0xef,0xbf,0xef,0xbf,0xef,0x9f,0xef,0x9f,0xef,0xbf,0xef,0x9f,0xef,0x9f,0xef,0x9f,0xef,0x9f,0xef,0x9f,0xef,0x9f,0xef,
  0x9f,0xe7,0x9f,0xe7,0x9f,0xe7,0x9f,0xe7,0x9f,0xe7,0x7f,0xe7,0x7f,0xe7,0x7f,0xe7,0x7f,0xe7,0x7f,0xe7,0x7f,0xe7,0x7f,0xe7,
  0x7f,0xdf,0x7f,0xdf,0x5f,0xdf,0x5f,0xdf,0x5f,0xdf,0x5f,0xdf,0x5f,0xdf,0x5f,0xdf,0x5f,0xdf,0x5f,0xdf,0x5f,0xdf,0x5f,0xdf,
  0x5f,0xdf,0x5f,0xdf,0x5f,0xdf,0x3f,0xdf,0x3f,0xdf,0x3f,0xd7,0x3f,0xd7,0x3f,0xd7,0x3f,0xd7,0x3f,0xd7,0x3f,0xd7,0x3f,0xd7,
  0x3f,0xd7,0x3f,0xd7,0x3f,0xd7,0x3f,0xd7,0x3f,0xd7,0x3f,0xd7,0x3f,0xd7,0x3f,0xd7,0x3f,0xd7,0x3f,0xd7,0x3f,0xd7,0x3f,0xd7,
  0x3f,0xdf,0x3f,0xdf,0x3f,0xdf,0x5f,0xdf,0x5f,0xdf,0x5f,0xdf,0x5f,0xdf,0x5f,0xdf,0x5f,0xdf,0x5f,0xdf,0x5f,0xdf,0x5f,0xdf,
  0x5f,0xdf,0x5f,0xdf,0x5f,0xdf,0x5f,0xdf,0x5f,0xdf,0x5f,0xdf,0x7f,0xe7,0x7f,0xe7,0x7f,0xe7,0x7f,0xe7,0x7f,0xe7,0x7f,0xe7,
  0x7f,0xe7,0x7f,0xe7,0x7f,0xe7,0x7f,0xe7,0x9f,0xe7,0x5f,0xdf,0x5f,0xd7,0x5f,0xd7,0x5f,0xd7,0x5f,0xd7,0x5f,0xd7,0x5f,0xd7,
  0x5f,0xd7,0x5f,0xd7,0x5f,0xdf,0x5f,0xdf,0x5f,0xdf,0x5f,0xd7,0x5f,0xd7,0x5f,0xdf,0x5f,0xdf,0xbf,0xef,0xbf,0xef,0xbf,0xef,
  0xbf,0xef,0xbf,0xef,0x9f,0xef,0x9f,0xef,0x9f,0xef,0x9f,0xef,0x9f,0xef,0x9f,0xef,0xbf,0xef,0xbf,0xef,0xbf,0xef,0xbf,0xef,
  0xbf,0xef,0xbf,0xef,0xbf,0xef,0xbf,0xef,0xbf,0xef,0xbf,0xef,0xbf,0xef,0xbf,0xf7,0xbf,0xef,0xbf,0xef,0xbf,0xef,0xbf,0xef,
  0xbf,0xef,0xbf,0xef,0xbf,0xef,0xbf,0xef,0xbf,0xef,0xbf,0xef,0xbf,0xef,0xbf,0xef,0xbf,0xef,0xbf,0xef,0xbf,0xef,0xbf,0xef,
  0xbf,0xef,0xbf,0xef,0xbf,0xef,0xbf,0xef,0xbf,0xef,0xbf,0xef,0xbf,0xef,0xbf,0xef,0xbf,0xef,0xbf,0xef,0xbf,0xef,0xbf,0xef,
  0xbf,0xef,0xbf,0xef,0xbf,0xef,0xbf,0xef,0xbf,0xef,0xbf,0xef,0xbf,0xef,0xbf,0xef,0xbf,0xef,0xbf,0xef,0xbf,0xef,0xbf,0xef,
  0xbf,0xef,0xbf,0xef,0xbf,0xef,0xbf,0xef,0xbf,0xef,0xbf,0xef,0xbf,0xef,0xbf,0xef,0xbf,0xef,0xbf,0xef,0xbf,0xef,0xbf,0xef,
  0xbf,0xef,0xbf,0xef,0xbf,0xef,0xbf,0xef,0xbf,0xef,0xbf,0xef,0x9f,0xef,0x9f,0xef,0xbf,0xef,0xbf,0xef,0xbf,0xef,0xbf,0xef,
  0xbf,0xef,0xbf,0xef,0x9f,0xef,0x9f,0xef,0xbf,0xef,0xbf,0xef,0xbf,0xef,0xbf,0xef,0xbf,0xef,0xbf,0xef,0xbf,0xef,0xbf,0xef,
  0xbf,0xef,0xbf,0xef,0xbf,0xef,0xbf,0xef,0xbf,0xef,0xbf,0xef,0xbf,0xef,0xbf,0xef,0xbf,0xef,0xbf,0xef,0xbf,0xef,0xbf,0xef,
  0xbf,0xef,0xbf,0xef,0xbf,0xef,0xbf,0xf7,0xbf,0xf7,0xbf,0xf7,0xbf,0xf7,0xbf,0xf7,0xbf,0xf7,0xbf,0xf7,0xbf,0xf7,0xbf,0xf7,
  0xbf,0xf7,0xdf,0xf7,0xdf,0xf7,0xdf,0xf7,0xdf,0xf7,0xdf,0xf7,0xdf,0xf7,0xdf,0xf7,0xdf,0xf7,0xdf,0xf7,0xdf,0xf7,0xdf,0xf7,
  0xdf,0xf7,0xdf,0xf7,0xdf,0xf7,0xdf,0xf7,0xdf,0xf7,0xdf,0xf7,0xdf,0xf7,0xdf,0xf7,0xdf,0xff,0xdf,0xff,0xdf,0xf7,0xdf,0xff,
  0xdf,0xff,0xdf,0xff,0xdf,0xff,0xdf,0xf7,0xdf,0xff,0xdf,0xf7,0xdf,0xf7,0xdf,0xf7,0xdf,0xf7,0xdf,0xf7,0xdf,0xf7,0xdf,0xf7,
  0xdf,0xf7,0xdf,0xf7,0xdf,0xf7,0xdf,0xf7,0xdf,0xf7,0xdf,0xff,0xdf,0xff,0xdf,0xff,0xdf,0xff,0xff,0xff,0xdf,0xff,0xdf,0xff,
  0xdf,0xff,0xdf,0xff,0xdf,0xff,0xdf,0xff,0xdf,0xff,0xdf,0xff,0xdf,0xff,0xdf,0xff,0xdf,0xff,0xdf,0xff,0xdf,0xff,0xdf,0xff,
  0xdf,0xff,0xdf,0xff,0xdf,0xff,0xdf,0xf7,0xdf,0xff,0xdf,0xf7,0xdf,0xf7,0xdf,0xf7,0xdf,0xf7,0xdf,0xf7,0xdf,0xf7,0xdf,0xf7,
  0xdf,0xf7,0xdf,0xf7,0xdf,0xf7,0xdf,0xf7,0xdf,0xf7,0xbf,0xf7,0xbf,0xf7,0xbf,0xf7,0xbf,0xf7,0xbf,0xf7,0xbf,0xef,0xbf,0xef,
  0xbf,0xef,0xbf,0xef,0xbf,0xef,0xbf,0xef,0xbf,0xef,0xbf,0xef,0xbf,0xef,0xbf,0xef,0xbf,0xef,0xbf,0xef,0xbf,0xef,0x9f,0xef,
  0x9f,0xef,0xbf,0xef,0x9f,0xef,0x9f,0xef,0x9f,0xef,0x9f,0xef,0x9f,0xef,0x9f,0xe7,0x9f,0xe7,0x9f,0xe7,0x9f,0xe7,0x9f,0xe7,
  0x9f,0xe7,0x9f,0xe7,0x7f,0xe7,0x7f,0xe7,0x7f,0xe7,0x7f,0xe7,0x7f,0xe7,0x7f,0xe7,0x7f,0xdf,0x5f,0xdf,0x5f,0xdf,0x5f,0xdf,
  0x5f,0xdf,0x5f,0xdf,0x5f,0xdf,0x5f,0xdf,0x5f,0xdf,0x5f,0xdf,0x5f,0xdf,0x5f,0xdf,0x5f,0xdf,0x5f,0xdf,0x5f,0xdf,0x3f,0xdf,
  0x3f,0xdf,0x3f,0xd7,0x3f,0xd7,0x3f,0xd7,0x3f,0xd7,0x3f,0xd7,0x3f,0xd7,0x3f,0xd7,0x3f,0xd7,0x3f,0xd7,0x3f,0xd7,0x3f,0xd7,
  0x3f,0xd7,0x3f,0xd7,0x3f,0xd7,0x3f,0xd7,0x3f,0xd7,0x3f,0xd7,0x3f,0xd7,0x3f,0xd7,0x3f,0xdf,0x3f,0xdf,0x3f,0xdf,0x5f,0xdf,
  0x5f,0xdf,0x5f,0xdf,0x5f,0xdf,0x5f,0xdf,0x5f,0xdf,0x5f,0xdf,0x5f,0xdf,0x5f,0xdf,0x5f,0xdf,0x5f,0xdf,0x5f,0xdf,0x5f,0xdf,
  0x7f,0xdf,0x7f,0xdf,0x7f,0xe7,0x7f,0xe7,0x7f,0xe7,0x7f,0xe7,0x7f,0xe7,0x7f,0xe7,0x7f,0xe7,0x7f,0xe7,0x7f,0xe7,0x7f,0xe7,
  0x9f,0xe7,0x5f,0xdf,0x5f,0xd7,0x5f,0xd7,0x5f,0xdf,0x5f,0xdf,0x5f,0xdf,0x5f,0xdf,0x5f,0xd7,0x5f,0xdf,0x5f,0xd7,0x5f,0xd7,
  0x5f,0xdf,0x5f,0xd7,0x5f,0xdf,0x5f,0xdf,0x5f,0xdf,0xbf,0xef,0xbf,0xef,0xbf,0xef,0xbf,0xef,0xbf,0xef,0xbf,0xef,0x9f,0xef,
  0x9f,0xef,0xbf,0xef,0xbf,0xef,0xbf,0xef,0x9f,0xef,0xbf,0xef,0xbf,0xef,0xbf,0xef,0xbf,0xef,0xbf,0xef,0xbf,0xef,0xbf,0xef,
  0xbf,0xef,0xbf,0xef,0xbf,0xef,0xbf,0xf7,0xbf,0xf7,0xbf,0xf7,0xbf,0xf7,0xbf,0xf7,0xbf,0xf7,0xbf,0xef,0xbf,0xef,0xbf,0xef,
  0xbf,0xef,0xbf,0xef,0xbf,0xef,0xbf,0xef,0xbf,0xef,0xbf,0xef,0xbf,0xef,0xbf,0xef,0xbf,0xef,0xbf,0xef,0xbf,0xef,0xbf,0xef,
  0xbf,0xef,0xbf,0xef,0xbf,0xef,0xbf,0xef,0xbf,0xef,0xbf,0xef,0xbf,0xef,0xbf,0xef,0xbf,0xef,0xbf,0xef,0xbf,0xef,0xbf,0xef,
  0xbf,0xef,0xbf,0xef,0xbf,0xef,0xbf,0xef,0xbf,0xef,0xbf,0xef,0xbf,0xef,0xbf,0xef,0xbf,0xef,0xbf,0xef,0xbf,0xef,0xbf,0xef,
  0xbf,0xef,0xbf,0xef,0xbf,0xef,0xbf,0xef,0xbf,0xef,0xbf,0xef,0xbf,0xef,0xbf,0xef,0xbf,0xef,0xbf,0xef,0xbf,0xef,0xbf,0xef,
  0xbf,0xef,0xbf,0xef,0xbf,0xef,0x9f,0xef,0xbf,0xef,0xbf,0xef,0xbf,0xef,0xbf,0xef,0xbf,0xef,0x9f,0xef,0xbf,0xef,0xbf,0xef,
  0x9f,0xef,0xbf,0xef,0xbf,0xef,0xbf,0xef,0xbf,0xef,0xbf,0xef,0xbf,0xef,0xbf,0xef,0xbf,0xef,0xbf,0xef,0xbf,0xef,0xbf,0xef,
  0xbf,0xef,0xbf,0xef,0xbf,0xef,0xbf,0xef,0xbf,0xef,0xbf,0xef,0xbf,0xef,0xbf,0xef,0xbf,0xef,0xbf,0xef,0xbf,0xef,0xbf,0xf7,
  0xbf,0xf7,0xbf,0xf7,0xbf,0xf7,0xbf,0xf7,0xbf,0xf7,0xbf,0xf7,0xbf,0xf7,0xbf,0xf7,0xbf,0xf7,0xbf,0xf7,0xbf,0xf7,0xdf,0xf7,
  0xdf,0xf7,0xdf,0xf7,0xdf,0xf7,0xdf,0xf7,0xdf,0xf7,0xdf,0xf7,0xdf,0xf7,0xdf,0xf7,0xdf,0xf7,0xdf,0xf7,0xdf,0xf7,0xdf,0xf7,
  0xdf,0xf7,0xdf,0xf7,0xdf,0xf7,0xdf,0xff,0xdf,0xf7,0xdf,0xff,0xdf,0xff,0xdf,0xf7,0xdf,0xf7,0xdf,0xf7,0xdf,0xf7,0xdf,0xf7,
  0xdf,0xf7,0xdf,0xf7,0xdf,0xf7,0xdf,0xf7,0xdf,0xf7,0xdf,0xf7,0xdf,0xf7,0xdf,0xf7,0xdf,0xf7,0xdf,0xf7,0xdf,0xf7,0xdf,0xf7,
  0xdf,0xff,0xdf,0xf7,0xff,0xff,0xdf,0xff,0xdf,0xff,0xdf,0xff,0xdf,0xf7,0xdf,0xff,0xdf,0xff,0xdf,0xff,0xdf,0xff,0xdf,0xff,
  0xdf,0xff,0xdf,0xf7,0xdf,0xff,0xdf,0xff,0xdf,0xff,0xdf,0xff,0xdf,0xff,0xdf,0xff,0xdf,0xff,0xdf,0xf7,0xdf,0xff,0xdf,0xff,
  0xdf,0xf7,0xdf,0xf7,0xdf,0xf7,0xdf,0xf7,0xdf,0xf7,0xdf,0xf7,0xdf,0xf7,0xdf,0xf7,0xdf,0xf7,0xdf,0xf7,0xdf,0xf7,0xdf,0xf7,
  0xdf,0xf7,0xdf,0xf7,0xbf,0xf7,0xdf,0xf7,0xbf,0xf7,0xbf,0xf7,0xbf,0xef,0xbf,0xef,0xbf,0xef,0xbf,0xef,0xbf,0xef,0xbf,0xef,
  0xbf,0xef,0xbf,0xef,0xbf,0xef,0xbf,0xef,0xbf,0xef,0xbf,0xef,0xbf,0xef,0x9f,0xef,0x9f,0xef,0xbf,0xef,0x9f,0xef,0x9f,0xef,
  0x9f,0xef,0x9f,0xef,0x9f,0xe7,0x9f,0xe7,0x9f,0xe7,0x9f,0xe7,0x9f,0xe7,0x9f,0xe7,0x9f,0xe7,0x9f,0xe7,0x7f,0xe7,0x7f,0xe7,
  0x7f,0xe7,0x7f,0xe7,0x7f,0xe7,0x7f,0xe7,0x7f,0xdf,0x7f,0xdf,0x5f,0xdf,0x5f,0xdf,0x5f,0xdf,0x5f,0xdf,0x5f,0xdf,0x5f,0xdf,
  0x5f,0xdf,0x5f,0xdf,0x5f,0xdf,0x5f,0xdf,0x5f,0xdf,0x5f,0xdf,0x5f,0xdf,0x3f,0xd7,0x3f,0xdf,0x3f,0xdf,0x3f,0xd7,0x3f,0xd7,
  0x3f,0xd7,0x3f,0xd7,0x3f,0xd7,0x3f,0xd7,0x3f,0xd7,0x3e,0xd7,0x3e,0xd7,0x3f,0xd7,0x3f,0xd7,0x3f,0xd7,0x3f,0xd7,0x3f,0xd7,
  0x3f,0xd7,0x3f,0xd7,0x3f,0xd7,0x3f,0xd7,0x3f,0xd7,0x3f,0xdf,0x3f,0xdf,0x3f,0xdf,0x5f,0xdf,0x5f,0xdf,0x5f,0xdf,0x5f,0xdf,
  0x5f,0xdf,0x5f,0xdf,0x5f,0xdf,0x5f,0xdf,0x5f,0xdf,0x5f,0xdf,0x5f,0xdf,0x5f,0xdf,0x7f,0xdf,0x7f,0xe7,0x7f,0xe7,0x7f,0xdf,
  0x7f,0xdf,0x7f,0xe7,0x7f,0xe7,0x7f,0xe7,0x7f,0xe7,0x7f,0xe7,0x7f,0xe7,0x7f,0xe7,0x7f,0xe7,0x5f,0xdf,0x5f,0xd7,0x5f,0xd7,
  0x5f,0xdf,0x5f,0xdf,0x5f,0xdf,0x5f,0xdf,0x5f,0xdf,0x5f,0xdf,0x5f,0xd7,0x5f,0xd7,0x5f,0xd7,0x5f,0xdf,0x5f,0xdf,0x5f,0xdf,
  0x7f,0xdf,0xbf,0xef,0xbf,0xef,0xbf,0xef,0xbf,0xef,0xbf,0xef,0x9f,0xef,0x9f,0xef,0xbf,0xef,0x9f,0xef,0x9f,0xef,0x9f,0xef,
  0x9f,0xef,0xbf,0xef,0xbf,0xef,0xbf,0xef,0xbf,0xef,0xbf,0xef,0xbf,0xef,0xbf,0xef,0xbf,0xef,0xbf,0xef,0xbf,0xef,0xbf,0xf7,
  0xbf,0xf7,0xbf,0xf7,0xbf,0xf7,0xbf,0xef,0xbf,0xef,0xbf,0xef,0xbf,0xef,0xbf,0xef,0xbf,0xef,0xbf,0xef,0xbf,0xef,0xbf,0xef,
  0xbf,0xef,0xbf,0xef,0xbf,0xef,0xbf,0xef,0xbf,0xef,0xbf,0xef,0xbf,0xef,0xbf,0xef,0xbf,0xef,0xbf,0xef,0xbf,0xef,0xbf,0xef,
  0xbf,0xef,0xbf,0xef,0xbf,0xef,0xbf,0xef,0xbf,0xef,0xbf,0xef,0xbf,0xef,0xbf,0xef,0xbf,0xef,0xbf,0xef,0xbf,0xef,0xbf,0xef,
  0xbf,0xef,0xbf,0xef,0xbf,0xef,0xbf,0xef,0xbf,0xef,0xbf,0xef,0xbf,0xef,0xbf,0xef,0xbf,0xef,0xbf,0xef,0xbf,0xef,0xbf,0xef,
  0xbf,0xef,0xbf,0xef,0xbf,0xef,0xbf,0xef,0xbf,0xef,0xbf,0xef,0xbf,0xef,0xbf,0xef,0xbf,0xef,0xbf,0xef,0xbf,0xef,0xbf,0xef,
  0x9f,0xef,0x9f,0xef,0xbf,0xef,0xbf,0xef,0xbf,0xef,0xbf,0xef,0xbf,0xef,0x9f,0xef,0x9f,0xef,0xbf,0xef,0xbf,0xef,0xbf,0xef,
  0xbf,0xef,0xbf,0xef,0xbf,0xef,0xbf,0xef,0xbf,0xef,0xbf,0xef,0xbf,0xef,0xbf,0xef,0xbf,0xef,0xbf,0xef,0xbf,0xef,0xbf,0xef,
  0xbf,0xef,0xbf,0xef,0xbf,0xef,0xbf,0xef,0xbf,0xef,0xbf,0xef,0xbf,0xf7,0xbf,0xef,0xbf,0xf7,0xbf,0xf7,0xbf,0xf7,0xbf,0xf7,
  0xbf,0xf7,0xbf,0xf7,0xbf,0xf7,0xbf,0xf7,0xbf,0xf7,0xbf,0xf7,0xdf,0xf7,0xdf,0xf7,0xbf,0xf7,0xbf,0xf7,0xdf,0xf7,0xdf,0xf7,
  0xdf,0xf7,0xdf,0xf7,0xdf,0xf7,0xdf,0xf7,0xdf,0xf7,0xdf,0xf7,0xdf,0xf7,0xdf,0xf7,0xdf,0xf7,0xdf,0xf7,0xdf,0xf7,0xdf,0xf7,
  0xdf,0xf7,0xdf,0xf7,0xdf,0xf7,0xdf,0xf7,0xdf,0xf7,0xdf,0xf7,0xdf,0xf7,0xdf,0xf7,0xdf,0xf7,0xdf,0xf7,0xdf,0xf7,0xdf,0xf7,
  0xdf,0xf7,0xdf,0xf7,0xdf,0xf7,0xdf,0xf7,0xdf,0xf7,0xdf,0xf7,0xdf,0xf7,0xdf,0xf7,0xdf,0xf7,0xdf,0xf7,0xdf,0xf7,0xdf,0xf7,
  0xdf,0xf7,0xdf,0xff,0xdf,0xff,0xdf,0xff,0xdf,0xff,0xdf,0xff,0xdf,0xff,0xdf,0xff,0xdf,0xff,0xdf,0xff,0xdf,0xff,0xdf,0xf7,
  0xdf,0xff,0xdf,0xff,0xdf,0xf7,0xdf,0xff,0xdf,0xf7,0xdf,0xf7,0xdf,0xf7,0xdf,0xff,0xdf,0xf7,0xdf,0xf7,0xdf,0xf7,0xdf,0xf7,
  0xdf,0xf7,0xdf,0xf7,0xdf,0xf7,0xdf,0xf7,0xdf,0xf7,0xdf,0xf7,0xdf,0xf7,0xdf,0xf7,0xdf,0xf7,0xbf,0xf7,0xbf,0xf7,0xbf,0xf7,
  0xbf,0xf7,0xbf,0xf7,0xbf,0xf7,0xbf,0xf7,0xbf,0xef,0xbf,0xef,0xbf,0xef,0xbf,0xef,0xbf,0xef,0xbf,0xef,0xbf,0xef,0xbf,0xef,
  0xbf,0xef,0xbf,0xef,0xbf,0xef,0x9f,0xef,0x9f,0xef,0x9f,0xef,0x9f,0xef,0x9f,0xef,0x9f,0xef,0x9f,0xef,0x9f,0xe7,0x9f,0xe7,
  0x9f,0xe7,0x9f,0xe7,0x9f,0xe7,0x9f,0xe7,0x9f,0xe7,0x7f,0xe7,0x7f,0xe7,0x7f,0xe7,0x7f,0xe7,0x7f,0xe7,0x7f,0xe7,0x7f,0xe7,
  0x7f,0xe7,0x7f,0xdf,0x7f,0xdf,0x5f,0xdf,0x5f,0xdf,0x5f,0xdf,0x5f,0xdf,0x5f,0xdf,0x5f,0xdf,0x5f,0xdf,0x5f,0xdf,0x5f,0xdf,
  0x3f,0xdf,0x5f,0xdf,0x5f,0xdf,0x5f,0xdf,0x3f,0xd7,0x3f,0xd7,0x3f,0xd7,0x3f,0xd7,0x3f,0xd7,0x3f,0xd7,0x3f,0xd7,0x3f,0xd7,
  0x3f,0xd7,0x3e,0xd7,0x3f,0xd7,0x3f,0xd7,0x3e,0xd7,0x3f,0xd7,0x3f,0xd7,0x3f,0xd7,0x5f,0xdf,0x5f,0xdf,0x5f,0xdf,0x5f,0xdf,
  0x5f,0xdf,0x5f,0xdf,0x5f,0xdf,0x5f,0xdf,0x5f,0xdf,0x5f,0xdf,0x5f,0xdf,0x5f,0xdf,0x5f,0xdf,0x5f,0xdf,0x5f,0xdf,0x5f,0xdf,
  0x5f,0xdf,0x7f,0xdf,0x7f,0xdf,0x7f,0xe7,0x7f,0xe7,0x7f,0xe7,0x7f,0xe7,0x7f,0xe7,0x7f,0xe7,0x7f,0xe7,0x7f,0xe7,0x7f,0xe7,
  0x9f,0xe7,0x9f,0xe7,0x9f,0xe7,0x9f,0xe7,0x9f,0xe7,0x5f,0xdf,0x5f,0xdf,0x5f,0xdf,0x5f,0xdf,0x5f,0xdf,0x5f,0xdf,0x5f,0xd7,
  0x5f,0xdf,0x5f,0xdf,0x5f,0xdf,0x5f,0xdf,0x5f,0xdf,0x5f,0xdf,0x5f,0xdf,0x5f,0xdf,0x7f,0xe7,0xbf,0xf7,0xbf,0xef,0xbf,0xef,
  0xbf,0xef,0xbf,0xef,0xbf,0xef,0xbf,0xef,0xbf,0xef,0xbf,0xef,0xbf,0xef,0xbf,0xef,0xbf,0xef,0xbf,0xef,0xbf,0xef,0xbf,0xef,
  0xbf,0xef,0xbf,0xef,0xbf,0xef,0xbf,0xef,0xbf,0xef,0xbf,0xf7,0xbf,0xf7,0xdf,0xf7,0xdf,0xf7,0xbf,0xf7,0xbf,0xf7,0xbf,0xf7,
  0xbf,0xf7,0xbf,0xf7,0xbf,0xf7,0xbf,0xf7,0xbf,0xf7,0xbf,0xf7,0xbf,0xf7,0xbf,0xf7,0xbf,0xf7,0xbf,0xf7,0xbf,0xf7,0xbf,0xf7,
  0xbf,0xf7,0xbf,0xf7,0xbf,0xef,0xbf,0xf7,0xbf,0xf7,0xbf,0xf7,0xbf,0xf7,0xbf,0xef,0xbf,0xf7,0xbf,0xf7,0xbf,0xf7,0xbf,0xf7,
  0xbf,0xf7,0xbf,0xef,0xbf,0xf7,0xbf,0xef,0xbf,0xf7,0xbf,0xef,0xbf,0xef,0xbf,0xef,0xbf,0xef,0xbf,0xef,0xbf,0xef,0xbf,0xef,
  0xbf,0xef,0xbf,0xef,0xbf,0xef,0xbf,0xef,0xbf,0xef,0xbf,0xef,0xbf,0xef,0xbf,0xef,0xbf,0xef,0xbf,0xef,0xbf,0xef,0xbf,0xef,
  0xbf,0xef,0xbf,0xef,0xbf,0xef,0xbf,0xef,0xbf,0xef,0xbf,0xef,0xbf,0xef,0xbf,0xef,0xbf,0xef,0xbf,0xef,0xbf,0xef,0xbf,0xef,
  0xbf,0xef,0xbf,0xef,0xbf,0xef,0xbf,0xef,0xbf,0xef,0xbf,0xef,0xbf,0xef,0xbf,0xef,0xbf,0xef,0xbf,0xef,0xbf,0xef,0xbf,0xef,
  0xbf,0xef,0xbf,0xf7,0xbf,0xf7,0xbf,0xf7,0xbf,0xf7,0xbf,0xf7,0xbf,0xf7,0xbf,0xf7,0xbf,0xf7,0xbf,0xf7,0xbf,0xf7,0xbf,0xf7,
  0xbf,0xf7,0xdf,0xf7,0xdf,0xf7,0xdf,0xf7,0xdf,0xf7,0xdf,0xf7,0xdf,0xf7,0xbf,0xf7,0xdf,0xf7,0xdf,0xf7,0xdf,0xf7,0xdf,0xf7,
  0xdf,0xf7,0xdf,0xf7,0xdf,0xf7,0xdf,0xf7,0xdf,0xf7,0xdf,0xf7,0xdf,0xf7,0xdf,0xf7,0xdf,0xf7,0xdf,0xf7,0xdf,0xf7,0xdf,0xf7,
  0xdf,0xf7,0xdf,0xf7,0xdf,0xf7,0xdf,0xf7,0xdf,0xff,0xdf,0xff,0xff,0xff,0xff,0xff,0xdf,0xf7,0xdf,0xff,0xdf,0xff,0xff,0xff,
  0xdf,0xff,0xdf,0xff,0xdf,0xff,0xdf,0xff,0xdf,0xf7,0xdf,0xff,0xdf,0xf7,0xdf,0xf7,0xdf,0xf7,0xdf,0xf7,0xdf,0xf7,0xdf,0xf7,
  0xdf,0xff,0xdf,0xff,0xdf,0xff,0xff,0xff,0xff,0xff,0xff,0xff,0xff,0xff,0xff,0xff,0xff,0xff,0xff,0xff,0xff,0xff,0xff,0xff,
  0xff,0xff,0xdf,0xff,0xff,0xff,0xdf,0xff,0xff,0xff,0xff,0xff,0xff,0xff,0xff,0xff,0xff,0xff,0xdf,0xff,0xdf,0xff,0xff,0xff,
  0xdf,0xff,0xff,0xff,0xff,0xff,0xff,0xff,0xff,0xff,0xff,0xff,0xff,0xff,0xff,0xff,0xff,0xff,0xdf,0xf7,0xdf,0xf7,0xdf,0xf7,
  0xdf,0xf7,0xdf,0xf7,0xdf,0xf7,0xdf,0xf7,0xdf,0xf7,0xdf,0xf7,0xdf,0xf7,0xdf,0xf7,0xdf,0xf7,0xdf,0xf7,0xdf,0xf7,0xbf,0xf7,
  0xbf,0xf7,0xbf,0xf7,0xbf,0xf7,0xbf,0xef,0xbf,0xef,0xbf,0xef,0xbf,0xef,0xbf,0xef,0xbf,0xef,0xbf,0xef,0xbf,0xef,0xbf,0xef,
  0xbf,0xef,0xbf,0xef,0xbf,0xef,0x9f,0xef,0x9f,0xef,0x9f,0xef,0x9f,0xef,0x9f,0xef,0x9f,0xef,0x9f,0xef,0x9f,0xe7,0x9f,0xe7,
  0x9f,0xe7,0x9f,0xe7,0x9f,0xe7,0x7f,0xe7,0x7f,0xe7,0x7f,0xe7,0x7f,0xe7,0x7f,0xe7,0x7f,0xe7,0x7f,0xe7,0x7f,0xdf,0x7f,0xdf,
  0x7f,0xdf,0x5f,0xdf,0x5f,0xdf,0x5f,0xdf,0x5f,0xdf,0x5f,0xdf,0x5f,0xdf,0x5f,0xdf,0x5f,0xdf,0x5f,0xdf,0x5f,0xdf,0x5f,0xdf,
  0x5f,0xdf,0x5f,0xdf,0x5f,0xdf,0x5f,0xdf,0x5f,0xdf,0x5f,0xdf,0x5f,0xdf,0x5f,0xdf,0x5f,0xdf,0x5f,0xdf,0x5f,0xdf,0x5f,0xdf,
  0x5f,0xdf,0x3f,0xdf,0x3f,0xdf,0x3f,0xdf,0xfe,0xce,0xfe,0xce,0x1e,0xd7,0x1e,0xd7,0x1e,0xd7,0x1e,0xd7,0x1e,0xd7,0x1e,0xd7,
  0x3e,0xd7,0x3e,0xd7,0x3e,0xd7,0x3e,0xd7,0x3e,0xd7,0x3e,0xd7,0x3e,0xd7,0x3e,0xdf,0x3e,0xdf,0x3e,0xdf,0x3e,0xdf,0x3e,0xdf,
  0x3e,0xdf,0x3e,0xdf,0x5e,0xdf,0x5e,0xdf,0x5e,0xdf,0x5e,0xdf,0x5e,0xdf,0x5e,0xdf,0x5e,0xdf,0x5e,0xdf,0x5e,0xdf,0x5e,0xe7,
  0x5e,0xe7,0x3f,0xd7,0x3f,0xd7,0x3e,0xd7,0x3e,0xd7,0x3e,0xd7,0x3e,0xd7,0x3e,0xd7,0x3e,0xd7,0x3e,0xd7,0x3e,0xd7,0x3e,0xd7,
  0x3e,0xd7,0x3e,0xd7,0x3e,0xd7,0x3f,0xd7,0x3e,0xdf,0x7e,0xe7,0x7e,0xe7,0x7e,0xe7,0x7e,0xe7,0x7e,0xe7,0x7e,0xe7,0x7e,0xef,
  0x7e,0xef,0x7e,0xef,0x7e,0xef,0x7e,0xef,0x7e,0xef,0x7e,0xef,0x7e,0xef,0x7e,0xef,0x7e,0xef,0x7e,0xef,0x9e,0xef,0x9e,0xef,
  0x9e,0xef,0x9e,0xef,0x9e,0xef,0x9f,0xef,0x9f,0xef,0x9f,0xef,0x9f,0xef,0x9e,0xef,0x9f,0xef,0x9f,0xef,0x9f,0xef,0x9e,0xef,
  0x9f,0xef,0x9f,0xef,0x9f,0xef,0x9f,0xef,0x9f,0xef,0x9e,0xef,0x9e,0xef,0x9f,0xef,0x9f,0xef,0x9e,0xef,0x9e,0xef,0x9e,0xef,
  0x9e,0xef,0x9e,0xef,0x9f,0xef,0x9e,0xef,0x9e,0xef,0x9e,0xef,0x9f,0xef,0x9f,0xef,0x9f,0xef,0x9f,0xef,0x9f,0xef,0x9f,0xef,
  0x9e,0xef,0x9f,0xef,0x7e,0xe7,0x7e,0xef,0x9e,0xef,0x9e,0xef,0x7e,0xef,0x7e,0xef,0x7e,0xef,0x9f,0xef,0x7f,0xef,0x7e,0xef,
  0x9f,0xef,0x9e,0xe7,0x9f,0xef,0x7e,0xe7,0x7e,0xe7,0x9f,0xef,0x7f,0xef,0x7f,0xef,0x7f,0xef,0x7e,0xe7,0x7e,0xe7,0x7e,0xe7,
  0x7e,0xe7,0x7f,0xe7,0x7f,0xef,0x7e,0xef,0x7f,0xe7,0x7f,0xe7,0x7f,0xef,0x7f,0xe7,0x7e,0xe7,0x7e,0xe7,0x7e,0xe7,0x7f,0xe7,
  0x7e,0xe7,0x7f,0xe7,0x7f,0xe7,0x7f,0xe7,0x7f,0xe7,0x7f,0xef,0x9f,0xef,0x9f,0xef,0x9f,0xef,0x9f,0xef,0x9f,0xef,0x9f,0xef,
  0x9e,0xef,0x9f,0xef,0x9f,0xef,0x9e,0xef,0x9e,0xef,0x9f,0xef,0x9f,0xef,0x9f,0xef,0x9f,0xef,0x9e,0xef,0x9f,0xef,0x9f,0xef,
  0x9e,0xef,0x9e,0xef,0x9e,0xef,0x9e,0xef,0x9f,0xef,0x9e,0xef,0x9f,0xef,0x9f,0xef,0x9f,0xef,0x9f,0xef,0x9f,0xef,0x9f,0xef,
  0x9f,0xef,0x9f,0xef,0x9f,0xef,0x9f,0xef,0x9f,0xef,0x9f,0xef,0x9f,0xef,0x9f,0xef,0x9f,0xef,0xbf,0xef,0xbf,0xef,0x9f,0xef,
  0xbf,0xef,0xbf,0xef,0xbf,0xf7,0xbf,0xf7,0xbf,0xf7,0xbf,0xf7,0xbf,0xf7,0xbf,0xf7,0xbf,0xf7,0xbf,0xf7,0xbf,0xef,0x9f,0xef,
  0x9f,0xef,0x9f,0xef,0xbf,0xf7,0xbf,0xef,0x9f,0xef,0xbf,0xef,0xbf,0xef,0xbf,0xef,0xbf,0xef,0xbf,0xf7,0xbf,0xf7,0xbf,0xf7,
  0xbf,0xf7,0xbf,0xf7,0xbf,0xf7,0xbf,0xf7,0xbf,0xf7,0xbf,0xf7,0xbf,0xf7,0xbf,0xf7,0xbf,0xf7,0xbf,0xf7,0xbf,0xf7,0xbf,0xf7,
  0xbf,0xf7,0xbf,0xf7,0xbf,0xf7,0xbf,0xf7,0xbf,0xf7,0xbf,0xf7,0xbf,0xf7,0xbf,0xf7,0xbf,0xf7,0xbf,0xf7,0xbf,0xf7,0xbf,0xf7,
  0xbf,0xf7,0xbf,0xf7,0xbf,0xef,0xbf,0xef,0xbf,0xef,0xbf,0xef,0x9f,0xef,0x9f,0xef,0x9f,0xef,0x9f,0xef,0x9f,0xef,0x9f,0xef,
  0x9f,0xef,0x9f,0xef,0x9f,0xef,0x9f,0xef,0x9f,0xef,0x9f,0xef,0x9f,0xef,0x9f,0xef,0x9f,0xef,0x9f,0xef,0x9f,0xef,0x9f,0xe7,
  0x7f,0xe7,0x7f,0xe7,0x7f,0xe7,0x7e,0xe7,0x7e,0xe7,0x7e,0xe7,0x7e,0xe7,0x7e,0xe7,0x7e,0xe7,0x7e,0xe7,0x7e,0xe7,0x7e,0xe7,
  0x7e,0xe7,0x7e,0xe7,0x5e,0xe7,0x7e,0xe7,0x7e,0xe7,0x7e,0xe7,0x5e,0xe7,0x5e,0xdf,0x5e,0xdf,0x5e,0xdf,0x5e,0xdf,0x5e,0xdf,
  0x5e,0xdf,0x5e,0xdf,0x5e,0xdf,0x5e,0xdf,0x3e,0xdf,0x3e,0xdf,0x3e,0xdf,0x3e,0xd7,0x3e,0xd7,0x3e,0xd7,0x3e,0xd7,0x3e,0xd7,
  0x3e,0xd7,0x3e,0xd7,0x1e,0xd7,0x1e,0xd7,0x1e,0xd7,0x1e,0xd7,0x1e,0xd7,0x1e,0xd7,0x1e,0xd7,0x1e,0xd7,0x1e,0xcf,0x1e,0xd7,
  0x1e,0xcf,0x1e,0xcf,0xfe,0xce,0xfe,0xce,0xfe,0xce,0xfe,0xce,0xfe,0xce,0xfe,0xce,0xfe,0xce,0xfe,0xce,0xfe,0xce,0xfe,0xce,
  0xdd,0xc6,0xdd,0xc6,0xdd,0xc6,0xdd,0xce,0xde,0xce,0xde,0xce,0xfd,0xce,0xfd,0xce,0xfd,0xce,0xfe,0xce,0xfe,0xce,0xfe,0xce,
  0xfe,0xce,0xfe,0xce,0xfe,0xce,0xfe,0xd6,0xfe,0xd6,0xfe,0xd6,0xfe,0xd6,0xfe,0xd6,0x1e,0xd7,0x1e,0xd7,0x1e,0xd7,0x1e,0xd7,
  0x1e,0xd7,0x1e,0xd7,0x1e,0xd7,0x1e,0xd7,0x1e,0xd7,0x1e,0xd7,0x1e,0xd7,0x3e,0xdf,0x1e,0xd7,0xfe,0xce,0xfe,0xce,0xfd,0xce,
  0xfe,0xce,0xfd,0xce,0xfd,0xce,0xfd,0xce,0xfd,0xce,0xfe,0xce,0xfe,0xce,0xfe,0xce,0xfe,0xce,0xfd,0xce,0xfd,0xce,0xfd,0xce,
  0x1d,0xd7,0x3d,0xdf,0x3d,0xdf,0x3d,0xdf,0x3d,0xdf,0x3d,0xdf,0x3d,0xdf,0x3d,0xdf,0x3d,0xdf,0x3d,0xdf,0x3d,0xdf,0x3e,0xdf,
  0x3d,0xdf,0x3d,0xdf,0x3d,0xdf,0x3d,0xdf,0x3d,0xdf,0x3d,0xdf,0x3d,0xdf,0x3d,0xdf,0x3d,0xdf,0x3d,0xdf,0x3d,0xdf,0x3d,0xdf,
  0x3d,0xdf,0x3d,0xdf,0x3e,0xdf,0x3e,0xdf,0x3e,0xdf,0x3e,0xdf,0x3e,0xe7,0x3e,0xdf,0x3e,0xdf,0x3e,0xdf,0x3e,0xdf,0x3e,0xdf,
  0x3e,0xdf,0x3e,0xdf,0x3e,0xdf,0x3e,0xdf,0x3e,0xdf,0x3e,0xdf,0x3d,0xdf,0x3d,0xdf,0x3d,0xdf,0x3d,0xdf,0x3d,0xdf,0x3e,0xdf,
  0x3e,0xdf,0x3e,0xdf,0x3e,0xdf,0x3e,0xdf,0x3e,0xdf,0x3e,0xdf,0x3e,0xdf,0x3e,0xdf,0x3e,0xdf,0x3e,0xdf,0x3e,0xdf,0x3d,0xdf,
  0x3d,0xdf,0x3d,0xdf,0x3d,0xdf,0x3d,0xdf,0x3e,0xdf,0x3e,0xdf,0x3e,0xdf,0x3d,0xdf,0x3d,0xdf,0x3e,0xdf,0x3e,0xdf,0x3e,0xdf,
  0x3e,0xdf,0x3e,0xdf,0x3e,0xdf,0x3e,0xdf,0x3e,0xdf,0x3d,0xdf,0x3d,0xdf,0x3d,0xdf,0x3d,0xdf,0x3e,0xdf,0x3e,0xdf,0x3e,0xdf,
  0x3e,0xdf,0x3e,0xdf,0x3e,0xdf,0x3e,0xdf,0x3e,0xdf,0x3e,0xdf,0x3e,0xdf,0x3e,0xdf,0x3e,0xdf,0x3e,0xdf,0x3e,0xdf,0x3e,0xdf,
  0x3e,0xdf,0x3e,0xdf,0x3e,0xdf,0x3e,0xdf,0x3e,0xdf,0x3e,0xdf,0x3e,0xdf,0x3e,0xdf,0x3e,0xdf,0x3e,0xdf,0x3e,0xdf,0x3e,0xdf,
  0x3e,0xdf,0x3e,0xdf,0x3e,0xdf,0x3e,0xdf,0x3e,0xdf,0x3e,0xdf,0x3e,0xdf,0x3e,0xdf,0x3e,0xdf,0x3e,0xdf,0x3e,0xdf,0x3e,0xdf,
  0x3e,0xdf,0x3e,0xdf,0x3e,0xdf,0x3e,0xdf,0x3e,0xdf,0x3e,0xdf,0x3e,0xe7,0x3e,0xdf,0x3e,0xdf,0x3e,0xe7,0x5e,0xe7,0x5e,0xe7,
  0x5e,0xe7,0x5e,0xe7,0x5e,0xe7,0x5e,0xe7,0x5e,0xe7,0x5e,0xe7,0x5e,0xe7,0x5e,0xe7,0x5e,0xe7,0x5e,0xe7,0x5e,0xe7,0x5e,0xe7,
  0x5e,0xe7,0x5d,0xe7,0x5e,0xe7,0x5e,0xe7,0x5e,0xe7,0x5e,0xe7,0x5e,0xe7,0x5e,0xe7,0x5e,0xe7,0x5e,0xe7,0x5e,0xe7,0x5e,0xe7,
  0x5e,0xe7,0x5e,0xe7,0x5e,0xe7,0x5e,0xe7,0x5e,0xe7,0x5e,0xe7,0x5e,0xe7,0x5e,0xe7,0x5e,0xe7,0x5e,0xe7,0x5e,0xe7,0x5e,0xe7,
  0x5e,0xe7,0x5e,0xe7,0x5e,0xe7,0x5e,0xe7,0x5e,0xe7,0x5e,0xe7,0x5e,0xe7,0x5e,0xe7,0x5e,0xe7,0x5e,0xe7,0x5e,0xe7,0x5e,0xe7,
  0x5e,0xe7,0x5e,0xe7,0x5e,0xe7,0x5e,0xe7,0x5e,0xe7,0x5e,0xe7,0x5e,0xe7,0x5e,0xe7,0x5e,0xe7,0x5e,0xe7,0x5e,0xe7,0x5e,0xe7,
  0x5e,0xe7,0x5e,0xe7,0x5e,0xe7,0x5e,0xe7,0x5e,0xe7,0x5e,0xe7,0x5e,0xe7,0x5e,0xe7,0x5e,0xe7,0x5e,0xdf,0x5e,0xdf,0x3e,0xdf,
  0x3e,0xdf,0x3e,0xdf,0x3e,0xdf,0x3e,0xdf,0x3e,0xdf,0x3e,0xdf,0x3e,0xdf,0x3e,0xdf,0x3e,0xdf,0x3e,0xdf,0x3e,0xdf,0x3e,0xdf,
  0x3e,0xdf,0x3e,0xdf,0x3e,0xdf,0x3e,0xdf,0x1e,0xdf,0x1e,0xd7,0x1e,0xd7,0x1e,0xd7,0x1e,0xd7,0x1e,0xd7,0x1e,0xd7,0x1e,0xd7,
  0x1e,0xd7,0x1e,0xd7,0x1e,0xd7,0x1e,0xd7,0x1e,0xd7,0x1e,0xd7,0x1e,0xd7,0x1e,0xd7,0x1e,0xd7,0x1e,0xd7,0x1e,0xd7,0xfe,0xd6,
  0xfe,0xce,0xfe,0xce,0xfe,0xce,0xfe,0xce,0xfe,0xce,0xfe,0xce,0xfe,0xce,0xfe,0xce,0xfe,0xce,0xde,0xce,0xde,0xce,0xde,0xce,
  0xdd,0xce,0xde,0xc6,0xde,0xce,0xdd,0xc6,0xdd,0xc6,0xdd,0xc6,0xdd,0xc6,0xbd,0xc6,0xbd,0xc6,0xbd,0xc6,0xbd,0xc6,0xbd,0xc6,
  0xbd,0xc6,0xbd,0xc6,0xbd,0xc6,0xbd,0xc6,0xbd,0xc6,0xbd,0xc6,0xbd,0xbe,0xbd,0xbe,0xfe,0xce,0xfe,0xce,0xfe,0xce,0xfe,0xce,
  0xfe,0xce,0xfe,0xce,0xfe,0xce,0xfe,0xce,0xfe,0xce,0xfe,0xce,0xfe,0xce,0xfe,0xce,0xfe,0xce,0xfe,0xce,0xfe,0xd6,0x1e,0xd7,
  0x1e,0xd7,0x1e,0xd7,0x1e,0xd7,0x1e,0xd7,0x1e,0xd7,0x1e,0xd7,0x1e,0xd7,0x1e,0xd7,0x1e,0xd7,0x1e,0xd7,0x1e,0xd7,0x1e,0xd7,
  0x3e,0xd7,0x3e,0xdf,0x3e,0xdf,0x3e,0xdf,0x1e,0xd7,0xfe,0xce,0xfe,0xce,0xfe,0xce,0xfe,0xce,0xfe,0xce,0xfe,0xce,0xfe,0xce,
  0xfe,0xce,0xfe,0xce,0xfe,0xce,0xfe,0xce,0xfe,0xd6,0xfe,0xce,0xfe,0xce,0xfe,0xce,0x3d,0xdf,0x3d,0xdf,0x3d,0xdf,0x3d,0xdf,
  0x3d,0xe7,0x3e,0xe7,0x3d,0xdf,0x3d,0xdf,0x3d,0xdf,0x3e,0xdf,0x3e,0xdf,0x3e,0xdf,0x3e,0xdf,0x3d,0xdf,0x3e,0xdf,0x5e,0xe7,
  0x3e,0xe7,0x5e,0xe7,0x5e,0xe7,0x5e,0xe7,0x3e,0xe7,0x5e,0xdf,0x5e,0xe7,0x5e,0xe7,0x3e,0xe7,0x3e,0xe7,0x3e,0xe7,0x3e,0xe7,
  0x5e,0xe7,0x5e,0xe7,0x3e,0xe7,0x5e,0xe7,0x5e,0xe7,0x5e,0xdf,0x3e,0xe7,0x3e,0xdf,0x5e,0xe7,0x5e,0xe7,0x5e,0xe7,0x5e,0xe7,
  0x5e,0xe7,0x5e,0xe7,0x3e,0xe7,0x3e,0xe7,0x3e,0xdf,0x5e,0xdf,0x3e,0xdf,0x3e,0xdf,0x3e,0xdf,0x5e,0xe7,0x5e,0xe7,0x3e,0xe7,
  0x3e,0xe7,0x3e,0xdf,0x3e,0xdf,0x3e,0xdf,0x3e,0xdf,0x3e,0xdf,0x3e,0xdf,0x3e,0xdf,0x3e,0xdf,0x3e,0xdf,0x3e,0xdf,0x3e,0xdf,
  0x3e,0xdf,0x3e,0xdf,0x3e,0xdf,0x3e,0xdf,0x3e,0xdf,0x3e,0xdf,0x3e,0xdf,0x3e,0xdf,0x3e,0xdf,0x3e,0xdf,0x3e,0xdf,0x3e,0xdf,
  0x3e,0xdf,0x3e,0xdf,0x3e,0xdf,0x3e,0xdf,0x3e,0xdf,0x3e,0xdf,0x3e,0xdf,0x3e,0xdf,0x3e,0xdf,0x3e,0xdf,0x3e,0xdf,0x3e,0xdf,
  0x3e,0xdf,0x3e,0xdf,0x3e,0xdf,0x3e,0xdf,0x3e,0xdf,0x3e,0xdf,0x3e,0xdf,0x3e,0xdf,0x3e,0xdf,0x3e,0xdf,0x5e,0xdf,0x3e,0xdf,
  0x3e,0xdf,0x5e,0xdf,0x3e,0xdf,0x5e,0xdf,0x3e,0xdf,0x3e,0xdf,0x5e,0xdf,0x5e,0xdf,0x3e,0xdf,0x3e,0xe7,0x5e,0xdf,0x3e,0xdf,
  0x3e,0xdf,0x5e,0xdf,0x3e,0xdf,0x3e,0xe7,0x3e,0xe7,0x5e,0xe7,0x5e,0xe7,0x5e,0xe7,0x5e,0xe7,0x5e,0xe7,0x5e,0xe7,0x5e,0xe7,
  0x5e,0xe7,0x5e,0xe7,0x5e,0xe7,0x5e,0xe7,0x5e,0xe7,0x5e,0xe7,0x5e,0xe7,0x5e,0xe7,0x5e,0xe7,0x5e,0xe7,0x5e,0xe7,0x5e,0xe7,
  0x5e,0xe7,0x5e,0xe7,0x5e,0xe7,0x5e,0xe7,0x5e,0xe7,0x5e,0xe7,0x5e,0xe7,0x5e,0xe7,0x5e,0xe7,0x5e,0xe7,0x5e,0xe7,0x5e,0xe7,
  0x5e,0xe7,0x5e,0xe7,0x5e,0xe7,0x5e,0xe7,0x5e,0xe7,0x5e,0xe7,0x5e,0xe7,0x5e,0xe7,0x5e,0xe7,0x5e,0xe7,0x5e,0xe7,0x5e,0xe7,
  0x5e,0xe7,0x5e,0xe7,0x5e,0xe7,0x5e,0xe7,0x5e,0xe7,0x5e,0xe7,0x5e,0xe7,0x5e,0xe7,0x5e,0xe7,0x5e,0xe7,0x5e,0xe7,0x5e,0xe7,
  0x5e,0xe7,0x5e,0xe7,0x5e,0xe7,0x5e,0xe7,0x5e,0xe7,0x5e,0xe7,0x5e,0xe7,0x7e,0xe7,0x7e,0xe7,0x5e,0xe7,0x5e,0xe7,0x7e,0xe7,
  0x7e,0xe7,0x5e,0xe7,0x5e,0xe7,0x7e,0xe7,0x5e,0xe7,0x5e,0xe7,0x5e,0xe7,0x5e,0xe7,0x5e,0xe7,0x5e,0xe7,0x5e,0xe7,0x5e,0xe7,
  0x5e,0xe7,0x5e,0xe7,0x5e,0xe7,0x5e,0xe7,0x5e,0xe7,0x5e,0xe7,0x5e,0xe7,0x5e,0xe7,0x5e,0xe7,0x5e,0xdf,0x5e,0xdf,0x5e,0xdf,
  0x3e,0xdf,0x3e,0xdf,0x3e,0xdf,0x3e,0xdf,0x3e,0xdf,0x3e,0xdf,0x3e,0xdf,0x3e,0xdf,0x3e,0xdf,0x3e,0xdf,0x3e,0xdf,0x3e,0xdf,
  0x3e,0xdf,0x3e,0xdf,0x3e,0xdf,0x3e,0xdf,0x3e,0xdf,0x3e,0xdf,0x3e,0xdf,0x3e,0xdf,0x3e,0xd7,0x1e,0xd7,0x1e,0xd7,0x1e,0xd7,
  0x1e,0xd7,0x1e,0xd7,0x1e,0xd7,0x1e,0xd7,0x1e,0xd7,0x1e,0xd7,0x1e,0xd7,0x1e,0xd7,0x1e,0xd7,0x1e,0xd7,0x1e,0xd7,0x1e,0xd7,
  0xfe,0xce,0xfe,0xce,0xfe,0xce,0xfe,0xce,0xfe,0xce,0xfe,0xce,0xfe,0xce,0xfe,0xce,0xfe,0xce,0xfe,0xce,0xfe,0xce,0xfe,0xce,
  0xfe,0xce,0xfe,0xce,0xfe,0xce,0xfe,0xce,0xfe,0xce,0xfe,0xce,0xfe,0xce,0xfe,0xce,0xfe,0xce,0xfe,0xce,0xfe,0xce,0xfe,0xce,
  0xfe,0xce,0xfe,0xce,0xfe,0xce,0xfe,0xce,0xfe,0xce,0xfe,0xce,0xfe,0xce,0xfe,0xce,0xfe,0xce,0xfe,0xce,0xfe,0xce,0xfe,0xce,
  0xfe,0xce,0xfe,0xce,0xfe,0xce,0xfe,0xce,0xfe,0xce,0xfe,0xce,0xfe,0xce,0x1e,0xd7,0x1e,0xd7,0x1e,0xd7,0x1e,0xd7,0x1e,0xd7,
  0x1e,0xd7,0x1e,0xd7,0x1e,0xd7,0x1e,0xd7,0x1e,0xd7,0x1e,0xd7,0x1e,0xd7,0x1e,0xd7,0x1e,0xd7,0x3e,0xd7,0x3e,0xdf,0x3e,0xdf,
  0x1e,0xd7,0xfe,0xce,0xfe,0xce,0xfe,0xce,0xfe,0xce,0xfe,0xce,0xfe,0xce,0xfe,0xce,0xfe,0xce,0xfe,0xce,0xfe,0xce,0xfe,0xce,
  0xfe,0xce,0xfe,0xce,0xfe,0xce,0xfe,0xce,0x3d,0xdf,0x3d,0xdf,0x3d,0xdf,0x3d,0xdf,0x3d,0xdf,0x3d,0xdf,0x3d,0xdf,0x3e,0xdf,
  0x3e,0xdf,0x3e,0xdf,0x3e,0xdf,0x3d,0xdf,0x3d,0xdf,0x3e,0xdf,0x3e,0xdf,0x3e,0xdf,0x3e,0xdf,0x3e,0xdf,0x3e,0xdf,0x3e,0xdf,
  0x3e,0xdf,0x3e,0xdf,0x3e,0xdf,0x3d,0xdf,0x3e,0xe7,0x3e,0xe7,0x3e,0xe7,0x5e,0xe7,0x5e,0xe7,0x5e,0xe7,0x3e,0xe7,0x3e,0xdf,
  0x3e,0xe7,0x3e,0xdf,0x3e,0xdf,0x3e,0xdf,0x3e,0xe7,0x5e,0xdf,0x5e,0xdf,0x3e,0xe7,0x3e,0xe7,0x3e,0xe7,0x3e,0xdf,0x3e,0xdf,
  0x3e,0xdf,0x3e,0xdf,0x3e,0xdf,0x3e,0xdf,0x3e,0xdf,0x3e,0xdf,0x3e,0xdf,0x3e,0xdf,0x3e,0xdf,0x3e,0xdf,0x3e,0xdf,0x3e,0xdf,
  0x3e,0xdf,0x3e,0xdf,0x3e,0xdf,0x3e,0xdf,0x3e,0xdf,0x3e,0xdf,0x3e,0xdf,0x3e,0xdf,0x3e,0xdf,0x3e,0xdf,0x3e,0xdf,0x3e,0xdf,
  0x3e,0xdf,0x3e,0xdf,0x3e,0xdf,0x3e,0xdf,0x3e,0xdf,0x3e,0xdf,0x3e,0xdf,0x3e,0xdf,0x3d,0xdf,0x3e,0xdf,0x3e,0xdf,0x3e,0xdf,
  0x3e,0xdf,0x3e,0xdf,0x3e,0xdf,0x3e,0xdf,0x3e,0xdf,0x3e,0xdf,0x3e,0xdf,0x3e,0xdf,0x3e,0xdf,0x3e,0xdf,0x3e,0xdf,0x3e,0xdf,
  0x3e,0xdf,0x3e,0xdf,0x3e,0xdf,0x3e,0xdf,0x3e,0xdf,0x3e,0xdf,0x3e,0xdf,0x3e,0xdf,0x3e,0xdf,0x3e,0xdf,0x3e,0xdf,0x3e,0xdf,
  0x3e,0xdf,0x3e,0xdf,0x3e,0xdf,0x3e,0xdf,0x3e,0xdf,0x5e,0xdf,0x3e,0xdf,0x3e,0xdf,0x3e,0xdf,0x3e,0xdf,0x3e,0xdf,0x3e,0xdf,
  0x3e,0xdf,0x3e,0xe7,0x3e,0xdf,0x3e,0xdf,0x5e,0xe7,0x5e,0xdf,0x5e,0xdf,0x5e,0xe7,0x5e,0xe7,0x3e,0xdf,0x5e,0xe7,0x5e,0xe7,
  0x5e,0xe7,0x5e,0xe7,0x5e,0xe7,0x5e,0xe7,0x5e,0xe7,0x5e,0xe7,0x5e,0xe7,0x5e,0xe7,0x5e,0xe7,0x5e,0xe7,0x5e,0xe7,0x5e,0xe7,
  0x5e,0xe7,0x5e,0xe7,0x5e,0xe7,0x5e,0xe7,0x5e,0xe7,0x5e,0xe7,0x5e,0xe7,0x5e,0xe7,0x5e,0xe7,0x5e,0xe7,0x5e,0xe7,0x5e,0xe7,
  0x5e,0xe7,0x5e,0xe7,0x5e,0xe7,0x5e,0xe7,0x5e,0xe7,0x5e,0xe7,0x5e,0xe7,0x5e,0xe7,0x5e,0xe7,0x5e,0xe7,0x5e,0xe7,0x5e,0xe7,
  0x5e,0xe7,0x5e,0xe7,0x5e,0xe7,0x5e,0xe7,0x5e,0xe7,0x5e,0xe7,0x5e,0xe7,0x5e,0xe7,0x5e,0xe7,0x5e,0xe7,0x5e,0xe7,0x5e,0xe7,
  0x5e,0xe7,0x5e,0xe7,0x5e,0xe7,0x5e,0xe7,0x5e,0xe7,0x5e,0xe7,0x5e,0xe7,0x5e,0xe7,0x5e,0xe7,0x5e,0xe7,0x5e,0xe7,0x5e,0xe7,
  0x5e,0xe7,0x5e,0xe7,0x5e,0xe7,0x5e,0xe7,0x5e,0xe7,0x5e,0xe7,0x5e,0xe7,0x5e,0xe7,0x5e,0xe7,0x5e,0xe7,0x5e,0xe7,0x5e,0xe7,
  0x5e,0xe7,0x5e,0xe7,0x5e,0xe7,0x3e,0xe7,0x5e,0xdf,0x5e,0xdf,0x5e,0xdf,0x3e,0xdf,0x3e,0xdf,0x3e,0xdf,0x3e,0xdf,0x3e,0xdf,
  0x3e,0xdf,0x3e,0xdf,0x3e,0xdf,0x3e,0xdf,0x3e,0xdf,0x3e,0xdf,0x3e,0xdf,0x3e,0xdf,0x3e,0xdf,0x3e,0xdf,0x3e,0xdf,0x3e,0xdf,
  0x3e,0xdf,0x3e,0xdf,0x3e,0xd7,0x3e,0xd7,0x1e,0xd7,0x1e,0xd7,0x1e,0xd7,0x1e,0xd7,0x1e,0xd7,0x1e,0xd7,0x1e,0xd7,0x1e,0xd7,
  0x1e,0xd7,0x1e,0xd7,0x1e,0xd7,0x1e,0xd7,0x1e,0xd7,0x1e,0xd7,0x1e,0xd7,0xfe,0xd6,0xfe,0xce,0xfe,0xce,0xfe,0xce,0xfe,0xce,
  0xfe,0xce,0xfe,0xce,0xfe,0xce,0xfe,0xce,0xfe,0xce,0xfe,0xce,0xfe,0xce,0xfe,0xce,0xfe,0xce,0xfe,0xce,0xfe,0xce,0xfe,0xce,
  0xfe,0xce,0xfe,0xce,0xfe,0xce,0xfe,0xce,0xfe,0xce,0xfe,0xce,0xfe,0xce,0xfe,0xce,0xfe,0xce,0xfe,0xce,0xfe,0xce,0xfe,0xce,
  0xfe,0xce,0xfe,0xce,0xfe,0xce,0xfe,0xce,0xfe,0xce,0xfe,0xce,0xfe,0xce,0xfe,0xce,0xfe,0xce,0xfe,0xce,0xfe,0xce,0xfe,0xce,
  0xfe,0xce,0xfe,0xce,0x1e,0xd7,0x1e,0xd7,0x1e,0xd7,0x1e,0xd7,0x1e,0xd7,0x1e,0xd7,0x1e,0xd7,0x1e,0xd7,0x1e,0xd7,0x1e,0xd7,
  0x1e,0xd7,0x1e,0xd7,0x1e,0xd7,0x1e,0xd7,0x1e,0xd7,0x3e,0xd7,0x3e,0xd7,0x3e,0xdf,0x1e,0xd7,0xfe,0xce,0xfe,0xce,0xfe,0xce,
  0xfe,0xce,0xfe,0xce,0xfe,0xce,0xfe,0xce,0xfe,0xce,0xfe,0xce,0xfe,0xce,0xfe,0xce,0xfe,0xce,0xfe,0xce,0xfe,0xce,0xfe,0xce,
  0x3d,0xdf,0x3d,0xdf,0x3d,0xdf,0x3d,0xdf,0x3d,0xdf,0x3d,0xdf,0x3d,0xdf,0x3d,0xdf,0x3d,0xdf,0x3e,0xdf,0x3e,0xdf,0x3e,0xdf,
  0x3d,0xdf,0x3d,0xdf,0x3e,0xdf,0x3e,0xdf,0x3e,0xdf,0x3e,0xdf,0x3d,0xdf,0x3e,0xdf,0x3e,0xdf,0x3e,0xdf,0x3e,0xdf,0x5e,0xe7,
  0x3e,0xe7,0x3e,0xe7,0x5e,0xe7,0x5e,0xe7,0x3e,0xdf,0x5e,0xdf,0x3e,0xe7,0x3d,0xdf,0x3e,0xdf,0x3e,0xdf,0x3e,0xdf,0x3e,0xdf,
  0x3e,0xe7,0x3e,0xdf,0x5e,0xdf,0x3e,0xe7,0x5e,0xe7,0x3e,0xe7,0x3e,0xdf,0x3e,0xdf,0x3e,0xdf,0x3e,0xdf,0x3e,0xdf,0x3e,0xdf,
  0x3e,0xdf,0x3e,0xdf,0x3e,0xdf,0x3e,0xdf,0x3e,0xdf,0x3e,0xdf,0x3e,0xdf,0x3e,0xdf,0x3e,0xdf,0x3e,0xdf,0x3e,0xdf,0x3e,0xdf,
  0x3e,0xdf,0x3e,0xdf,0x3e,0xdf,0x3e,0xdf,0x3e,0xdf,0x3e,0xdf,0x3e,0xdf,0x3e,0xdf,0x3e,0xdf,0x3e,0xdf,0x3e,0xdf,0x3e,0xdf,
  0x3e,0xdf,0x3e,0xdf,0x3e,0xdf,0x3e,0xdf,0x3d,0xdf,0x3d,0xdf,0x3e,0xdf,0x3e,0xdf,0x3e,0xdf,0x3e,0xdf,0x3e,0xdf,0x3e,0xdf,
  0x3e,0xdf,0x3e,0xdf,0x3e,0xdf,0x3e,0xdf,0x3e,0xdf,0x3e,0xdf,0x3e,0xdf,0x3e,0xdf,0x3e,0xdf,0x3e,0xdf,0x3e,0xdf,0x3e,0xdf,
  0x3e,0xdf,0x3e,0xdf,0x3e,0xdf,0x3e,0xdf,0x3e,0xdf,0x3e,0xdf,0x3e,0xdf,0x5e,0xdf,0x3e,0xdf,0x3e,0xdf,0x3e,0xdf,0x3e,0xdf,
  0x3e,0xdf,0x3e,0xdf,0x3e,0xdf,0x3e,0xdf,0x3e,0xdf,0x3e,0xdf,0x3e,0xdf,0x3e,0xdf,0x3e,0xdf,0x3e,0xdf,0x3e,0xdf,0x3e,0xdf,
  0x3e,0xdf,0x3e,0xe7,0x3e,0xe7,0x3e,0xdf,0x3e,0xdf,0x5e,0xe7,0x5e,0xe7,0x5e,0xe7,0x5e,0xe7,0x5e,0xe7,0x5e,0xe7,0x5e,0xe7,
  0x5e,0xe7,0x5e,0xe7,0x5e,0xe7,0x5e,0xe7,0x5e,0xe7,0x5e,0xe7,0x5e,0xe7,0x5e,0xe7,0x5e,0xe7,0x5e,0xe7,0x5e,0xe7,0x5e,0xe7,
  0x5e,0xe7,0x5e,0xe7,0x5e,0xe7,0x5e,0xe7,0x5e,0xe7,0x5e,0xe7,0x5e,0xe7,0x5e,0xe7,0x5e,0xe7,0x5e,0xe7,0x5e,0xe7,0x5e,0xe7,
  0x5e,0xe7,0x5e,0xe7,0x5e,0xe7,0x5e,0xe7,0x5e,0xe7,0x5e,0xe7,0x5e,0xe7,0x5e,0xe7,0x5e,0xe7,0x5e,0xe7,0x5e,0xe7,0x5e,0xe7,
  0x5e,0xe7,0x5e,0xe7,0x5e,0xe7,0x5e,0xe7,0x5e,0xe7,0x5e,0xe7,0x5e,0xe7,0x5e,0xe7,0x5e,0xe7,0x5e,0xe7,0x5e,0xe7,0x5e,0xe7,
  0x5e,0xe7,0x5e,0xe7,0x5e,0xe7,0x5e,0xe7,0x5e,0xe7,0x5e,0xe7,0x5e,0xe7,0x5e,0xe7,0x5e,0xe7,0x5e,0xe7,0x5e,0xe7,0x5e,0xe7,
  0x5e,0xe7,0x5e,0xe7,0x5e,0xe7,0x5e,0xe7,0x5e,0xe7,0x5e,0xe7,0x5e,0xe7,0x5e,0xe7,0x5e,0xe7,0x5e,0xdf,0x5e,0xdf,0x5e,0xe7,
  0x5e,0xdf,0x5e,0xdf,0x3e,0xdf,0x3e,0xdf,0x3e,0xdf,0x3e,0xdf,0x3e,0xdf,0x3e,0xdf,0x3e,0xdf,0x3e,0xdf,0x3e,0xdf,0x3e,0xdf,
  0x3e,0xdf,0x3e,0xdf,0x3e,0xdf,0x3e,0xdf,0x3e,0xdf,0x3e,0xdf,0x3e,0xdf,0x3e,0xdf,0x3e,0xdf,0x3e,0xdf,0x3e,0xd7,0x3e,0xd7,
  0x1e,0xd7,0x1e,0xd7,0x1e,0xd7,0x1e,0xd7,0x1e,0xd7,0x1e,0xd7,0x1e,0xd7,0x1e,0xd7,0x1e,0xd7,0x1e,0xd7,0x1e,0xd7,0x1e,0xd7,
  0x1e,0xd7,0x1e,0xd7,0x1e,0xd7,0x1e,0xd7,0xfe,0xce,0xfe,0xce,0xfe,0xce,0xfe,0xce,0xfe,0xce,0xfe,0xce,0xfe,0xce,0xfe,0xce,
  0xfe,0xce,0xfe,0xce,0xfe,0xce,0xfe,0xce,0xfe,0xce,0xfe,0xce,0xfe,0xce,0xfe,0xce,0xfe,0xce,0xfe,0xce,0xfe,0xce,0xfe,0xce,
  0xfe,0xce,0xfe,0xce,0xfe,0xce,0xfe,0xce,0xfe,0xce,0xfe,0xce,0xfe,0xce,0xfe,0xce,0xfe,0xce,0xfe,0xce,0xfe,0xce,0xfe,0xce,
  0xfe,0xce,0xfe,0xce,0xfe,0xce,0xfe,0xce,0xfe,0xce,0xfe,0xce,0xfe,0xce,0xfe,0xce,0xfe,0xce,0xfe,0xce,0xfe,0xd6,0x1e,0xd7,
  0x1e,0xd7,0x1e,0xd7,0x1e,0xd7,0x1e,0xd7,0x1e,0xd7,0x1e,0xd7,0x1e,0xd7,0x1e,0xd7,0x1e,0xd7,0x1e,0xd7,0x1e,0xd7,0x1e,0xd7,
  0x1e,0xd7,0x3e,0xd7,0x3e,0xd7,0x3e,0xdf,0xfe,0xd6,0xfe,0xce,0xfe,0xce,0xfe,0xce,0xfe,0xce,0xfe,0xce,0xfe,0xce,0xfe,0xce,
  0xfe,0xce,0xfe,0xce,0xfe,0xce,0xfe,0xce,0xfe,0xce,0xfe,0xce,0xfe,0xce,0x1d,0xd7,0x3d,0xdf,0x3d,0xdf,0x3d,0xdf,0x3d,0xdf,
  0x3d,0xdf,0x3d,0xdf,0x3d,0xdf,0x3d,0xdf,0x3d,0xdf,0x3d,0xdf,0x3d,0xdf,0x3e,0xdf,0x3d,0xdf,0x3e,0xdf,0x3e,0xdf,0x3e,0xdf,
  0x3e,0xdf,0x3d,0xdf,0x3e,0xdf,0x3d,0xdf,0x3e,0xdf,0x3d,0xdf,0x3e,0xe7,0x3e,0xdf,0x3e,0xe7,0x3e,0xe7,0x3e,0xe7,0x3e,0xe7,
  0x3e,0xe7,0x3e,0xdf,0x3e,0xdf,0x3e,0xdf,0x3e,0xdf,0x3e,0xdf,0x3e,0xdf,0x3e,0xdf,0x3e,0xdf,0x3e,0xdf,0x3e,0xdf,0x5e,0xdf,
  0x3e,0xdf,0x3e,0xdf,0x3e,0xdf,0x3e,0xdf,0x3e,0xdf,0x3e,0xdf,0x3e,0xdf,0x3e,0xdf,0x3e,0xdf,0x3e,0xdf,0x3e,0xdf,0x3e,0xdf,
  0x3e,0xdf,0x3e,0xdf,0x3e,0xdf,0x3e,0xdf,0x3e,0xdf,0x3e,0xdf,0x3e,0xdf,0x3e,0xdf,0x3e,0xdf,0x3e,0xdf,0x3e,0xdf,0x3e,0xdf,
  0x3e,0xdf,0x3e,0xdf,0x3e,0xdf,0x3e,0xdf,0x3e,0xdf,0x3e,0xdf,0x3e,0xdf,0x3e,0xdf,0x3e,0xdf,0x3e,0xdf,0x3e,0xdf,0x3e,0xdf,
  0x3e,0xdf,0x3e,0xdf,0x3e,0xdf,0x3e,0xdf,0x3e,0xdf,0x3e,0xdf,0x3e,0xdf,0x3e,0xdf,0x3e,0xdf,0x3e,0xdf,0x3e,0xdf,0x3e,0xdf,
  0x3e,0xdf,0x3e,0xdf,0x3e,0xdf,0x3e,0xdf,0x3e,0xdf,0x3e,0xdf,0x3e,0xdf,0x3e,0xdf,0x3e,0xdf,0x3e,0xdf,0x3e,0xdf,0x3e,0xdf,
  0x5e,0xdf,0x3e,0xdf,0x3e,0xdf,0x3e,0xdf,0x3e,0xdf,0x3e,0xdf,0x3e,0xdf,0x3e,0xdf,0x3e,0xdf,0x3e,0xdf,0x3e,0xdf,0x3e,0xdf,
  0x3e,0xdf,0x3e,0xdf,0x3e,0xdf,0x3e,0xdf,0x3e,0xdf,0x3e,0xdf,0x3e,0xdf,0x3e,0xdf,0x3e,0xdf,0x3e,0xdf,0x3e,0xdf,0x3e,0xe7,
  0x5e,0xdf,0x3e,0xe7,0x3e,0xe7,0x3e,0xdf,0x5e,0xe7,0x5e,0xe7,0x5e,0xe7,0x5e,0xe7,0x5e,0xe7,0x5e,0xe7,0x5e,0xe7,0x5e,0xe7,
  0x5e,0xe7,0x5e,0xe7,0x5e,0xe7,0x5e,0xe7,0x5e,0xe7,0x5e,0xe7,0x5e,0xe7,0x5e,0xe7,0x5e,0xe7,0x5e,0xe7,0x5e,0xe7,0x5e,0xe7,
  0x5e,0xe7,0x5e,0xe7,0x5e,0xe7,0x5e,0xe7,0x5e,0xe7,0x5e,0xe7,0x5e,0xe7,0x5e,0xe7,0x5e,0xe7,0x5e,0xe7,0x5e,0xe7,0x5e,0xe7,
  0x5e,0xe7,0x5e,0xe7,0x5e,0xe7,0x5e,0xe7,0x5e,0xe7,0x5e,0xe7,0x5e,0xe7,0x5e,0xe7,0x5e,0xe7,0x5e,0xe7,0x5e,0xe7,0x5e,0xe7,
  0x5e,0xe7,0x5e,0xe7,0x5e,0xe7,0x5e,0xe7,0x5e,0xe7,0x5e,0xe7,0x5e,0xe7,0x5e,0xe7,0x5e,0xe7,0x5e,0xe7,0x5e,0xe7,0x5e,0xe7,
  0x5e,0xe7,0x5e,0xe7,0x5e,0xe7,0x5e,0xe7,0x5e,0xe7,0x5e,0xe7,0x5e,0xe7,0x5e,0xe7,0x5e,0xe7,0x5e,0xe7,0x5e,0xe7,0x5e,0xe7,
  0x5e,0xe7,0x5e,0xe7,0x5e,0xdf,0x5e,0xdf,0x5e,0xdf,0x5e,0xdf,0x5e,0xdf,0x5e,0xdf,0x3e,0xdf,0x3e,0xdf,0x3e,0xdf,0x3e,0xdf,
  0x3e,0xdf,0x3e,0xdf,0x3e,0xdf,0x3e,0xdf,0x3e,0xdf,0x3e,0xdf,0x3e,0xdf,0x3e,0xdf,0x3e,0xdf,0x3e,0xdf,0x3e,0xdf,0x3e,0xdf,
  0x3e,0xdf,0x3e,0xdf,0x3e,0xdf,0x3e,0xdf,0x1e,0xd7,0x3e,0xd7,0x3e,0xd7,0x3e,0xd7,0x3e,0xd7,0x1e,0xd7,0x1e,0xd7,0x1e,0xd7,
  0x1e,0xd7,0x1e,0xd7,0x1e,0xd7,0x1e,0xd7,0x1e,0xd7,0x1e,0xd7,0x1e,0xd7,0x1e,0xd7,0x1e,0xd7,0x1e,0xd7,0x1e,0xd7,0x1e,0xd7,
  0xfe,0xce,0xfe,0xce,0xfe,0xce,0xfe,0xce,0xfe,0xce,0xfe,0xce,0xfe,0xce,0xfe,0xce,0xfe,0xce,0xfe,0xce,0xfe,0xce,0xfe,0xce,
  0xfe,0xce,0xfe,0xce,0xfe,0xce,0xfe,0xce,0xfe,0xce,0xfe,0xce,0xfe,0xce,0xfe,0xce,0xfe,0xce,0xfe,0xce,0xfe,0xce,0xfe,0xce,
  0xfe,0xce,0xfe,0xce,0xfe,0xce,0xfe,0xce,0xfe,0xce,0xfe,0xce,0xfe,0xce,0xfe,0xce,0xfe,0xce,0xfe,0xce,0xfe,0xce,0xfe,0xce,
  0xfe,0xce,0xfe,0xce,0xfe,0xce,0xfe,0xce,0xfe,0xce,0xfe,0xce,0xfe,0xce,0xfe,0xd6,0x1e,0xd7,0x1e,0xd7,0xfe,0xd6,0x1e,0xd7,
  0x1e,0xd7,0x1e,0xd7,0x1e,0xd7,0x1e,0xd7,0x1e,0xd7,0x1e,0xd7,0x1e,0xd7,0x1e,0xd7,0x1e,0xd7,0x1e,0xd7,0x3e,0xdf,0x1e,0xd7,
  0xfe,0xce,0xfe,0xce,0xfe,0xce,0xfe,0xce,0xfe,0xce,0xfe,0xce,0xfe,0xce,0xfe,0xce,0xfe,0xce,0xfe,0xce,0xfe,0xce,0xfe,0xce,
  0xfe,0xce,0xfe,0xce,0xfe,0xce,0x1d,0xd7,0x3d,0xdf,0x3d,0xdf,0x3d,0xdf,0x3d,0xdf,0x3d,0xdf,0x3d,0xdf,0x3d,0xdf,0x3d,0xdf,
  0x3e,0xdf,0x3e,0xdf,0x3e,0xdf,0x3e,0xdf,0x3d,0xdf,0x3d,0xdf,0x3e,0xdf,0x3d,0xdf,0x3d,0xdf,0x3d,0xdf,0x3d,0xdf,0x3d,0xdf,
  0x3d,0xdf,0x3d,0xdf,0x3d,0xdf,0x3e,0xdf,0x3e,0xe7,0x3e,0xe7,0x3e,0xe7,0x3e,0xe7,0x3e,0xe7,0x3e,0xdf,0x3e,0xdf,0x3e,0xdf,
  0x3e,0xdf,0x3e,0xdf,0x3e,0xdf,0x3e,0xdf,0x3e,0xdf,0x3e,0xdf,0x3e,0xdf,0x3e,0xdf,0x3e,0xdf,0x3e,0xdf,0x3e,0xdf,0x3e,0xdf,
  0x3e,0xdf,0x3e,0xdf,0x3e,0xdf,0x3e,0xdf,0x3e,0xdf,0x3e,0xdf,0x3e,0xdf,0x3e,0xdf,0x3e,0xdf,0x3e,0xdf,0x3e,0xdf,0x3e,0xdf,
  0x3e,0xdf,0x3e,0xdf,0x3e,0xdf,0x3e,0xdf,0x3e,0xdf,0x3e,0xdf,0x3e,0xdf,0x3e,0xdf,0x3e,0xdf,0x3e,0xdf,0x3e,0xdf,0x3e,0xdf,
  0x3e,0xdf,0x3e,0xdf,0x3e,0xdf,0x3e,0xdf,0x3e,0xdf,0x3d,0xdf,0x3e,0xdf,0x3e,0xdf,0x3e,0xdf,0x3d,0xdf,0x3d,0xdf,0x3e,0xdf,
  0x3e,0xdf,0x3e,0xdf,0x3e,0xdf,0x3e,0xdf,0x3e,0xdf,0x3e,0xdf,0x3e,0xdf,0x3e,0xdf,0x3e,0xdf,0x3e,0xdf,0x3e,0xdf,0x3e,0xdf,
  0x3e,0xdf,0x3e,0xdf,0x3e,0xdf,0x3e,0xdf,0x3e,0xdf,0x3e,0xdf,0x3e,0xdf,0x3e,0xdf,0x3e,0xdf,0x3e,0xdf,0x3e,0xdf,0x3e,0xdf,
  0x3e,0xdf,0x3e,0xdf,0x3e,0xdf,0x3e,0xdf,0x3e,0xdf,0x3e,0xdf,0x3e,0xdf,0x3e,0xdf,0x3e,0xdf,0x3e,0xdf,0x3e,0xdf,0x3e,0xdf,
  0x3e,0xdf,0x3e,0xdf,0x3e,0xdf,0x3e,0xdf,0x3e,0xdf,0x3e,0xdf,0x5e,0xe7,0x3e,0xe7,0x3e,0xe7,0x3e,0xe7,0x3e,0xdf,0x3e,0xdf,
  0x5e,0xe7,0x5e,0xe7,0x3e,0xe7,0x5e,0xe7,0x5e,0xe7,0x5e,0xe7,0x5e,0xe7,0x5e,0xe7,0x5e,0xe7,0x5e,0xe7,0x5e,0xe7,0x5e,0xe7,
  0x5e,0xe7,0x5e,0xe7,0x5e,0xe7,0x5e,0xe7,0x5e,0xe7,0x5e,0xe7,0x5e,0xe7,0x5e,0xe7,0x5e,0xe7,0x5e,0xe7,0x5e,0xe7,0x5e,0xe7,
  0x5e,0xe7,0x5e,0xe7,0x5e,0xe7,0x5e,0xe7,0x5e,0xe7,0x5e,0xe7,0x5e,0xe7,0x5e,0xe7,0x5e,0xe7,0x5e,0xe7,0x5e,0xe7,0x5e,0xe7,
  0x5e,0xe7,0x5e,0xe7,0x5e,0xe7,0x5e,0xe7,0x5e,0xe7,0x5e,0xe7,0x5e,0xe7,0x5e,0xe7,0x5e,0xe7,0x5e,0xe7,0x5e,0xe7,0x5e,0xe7,
  0x5e,0xe7,0x5e,0xe7,0x5e,0xe7,0x5e,0xe7,0x5e,0xe7,0x5e,0xe7,0x5e,0xe7,0x5e,0xe7,0x5e,0xe7,0x5e,0xe7,0x5e,0xe7,0x5e,0xe7,
  0x5e,0xe7,0x5e,0xe7,0x5e,0xe7,0x5e,0xe7,0x5e,0xe7,0x5e,0xe7,0x5e,0xe7,0x5e,0xe7,0x5e,0xe7,0x3e,0xdf,0x3e,0xdf,0x3e,0xdf,
  0x3e,0xdf,0x3e,0xdf,0x3e,0xdf,0x5e,0xdf,0x3e,0xdf,0x3e,0xdf,0x3e,0xdf,0x3e,0xdf,0x3e,0xdf,0x3e,0xdf,0x3e,0xdf,0x3e,0xdf,
  0x3e,0xdf,0x3e,0xdf,0x3e,0xdf,0x3e,0xdf,0x3e,0xdf,0x3e,0xdf,0x3e,0xdf,0x3e,0xdf,0x3e,0xdf,0x3e,0xdf,0x1e,0xdf,0x1e,0xd7,
  0x1e,0xd7,0x3e,0xd7,0x3e,0xd7,0x1e,0xd7,0x3e,0xd7,0x3e,0xd7,0x1e,0xd7,0x1e,0xd7,0x1e,0xd7,0x1e,0xd7,0x1e,0xd7,0x1e,0xd7,
  0x1e,0xd7,0x1e,0xd7,0x1e,0xd7,0x1e,0xd7,0x1e,0xd7,0x1e,0xd7,0x1e,0xd7,0x1e,0xd7,0xfe,0xce,0xfe,0xce,0xfe,0xce,0xfe,0xce,
  0xfe,0xce,0xfe,0xce,0xfe,0xce,0xfe,0xce,0xfe,0xce,0xfe,0xce,0xfe,0xce,0xfe,0xce,0xfe,0xce,0xfe,0xce,0xfe,0xce,0xfe,0xce,
  0xfe,0xce,0xfe,0xce,0xfe,0xce,0xfe,0xce,0xfe,0xce,0xfe,0xce,0xfe,0xce,0xfe,0xce,0xfe,0xce,0xfe,0xce,0xfe,0xce,0xfe,0xce,
};

const lv_img_dsc_t cynexis_wallpaper = {
  .header.always_zero = 0,
  .header.w = 320,
  .header.h = 240,
  .data_size = 320 * 240 * 2,
  .header.cf = LV_IMG_CF_TRUE_COLOR,
  .data = cynexis_wallpaper_map,
};
